text,label,multi_label,split,language,length,source,potential_noise
回复@沂蒙山区老母鸡:如何解决保鲜问题？ //@沂蒙山区老母鸡:我想办法给您快递好吗？[太开心] //@中青旅新疆公司郑穗:我明天就试，问题是哪里去找真正的 “老母鸡”？现在的鸡，差不多都是几个月出笼。  //@北京律师成义:,0,human,train,zh,5,weibo,0
幻想的吧，大中午的。 //@小树林s:这牛逼吹的有点大了。瑞银的老板都脸红。[哈哈],0,human,test,zh,2,weibo,0
#实时旅讯# 厦门鼓浪屿昨日出现海市蜃楼！[太开心] 海上升仙山，美哭了！新年刚开始就有奇观看，今年很值得期待呢~厦门你是越来越浪漫了咩[偷笑] http://t.cn/zYGMT1w （照片源自网络）,0,human,train,zh,5,weibo,0
电视里在公布通缉犯的画像，姐总感觉哪里不对啊[晕],0,human,train,zh,1,weibo,0
我想出去玩，好烦啊，天天都在这个楼里[怒]何日能见光明[悲伤],0,human,train,zh,1,weibo,0
好舒服。。。服了。。。//@猴子搬救兵也救不了你:最后那位骚年你这么淡定真的好吗哈哈哈哈！//@穿着马甲闯江湖: [伤心] 学妹是学长的。。。学弟必要的时候也是学长的。 //@臭流氓爱逛街: 3分18秒……笑尿了好么……,0,human,train,zh,5,weibo,0
对@kun小西 说：被你虐到了 【那年，张雨生还没死，王杰正红←kill me softly with his song】 [泪],0,human,train,zh,9,weibo,0
今天特别累[悲伤],0,human,train,zh,1,weibo,0
谢谢亲的支持～[爱你],0,human,test,zh,1,weibo,0
回复@闻闻是香的还是臭DI啊:欢迎下次再来！@金陵连锁酒店 //@闻闻是香的还是臭DI啊:总统套房真的很高端大气哦，遗憾没看到西式总套什么样[泪] //@宁杰Luck_Zhu:@知性宇纯 @业梅Candy //@圣卡洛琳: 真心给力的高清图！摄影技术了得！ //@苏州金陵观园国际酒店: 高清照片果然给力！@金陵连锁酒店,0,human,train,zh,8,weibo,0
每一个人都是知天使，如果您想成为知天使，欢迎致电4008-016-610报名咨询。[可爱],0,human,train,zh,1,weibo,0
原来是三叉神经痛[生病][泪]求安慰[可怜][悲伤],0,human,train,zh,1,weibo,0
我的主持梦啊，碎了一地![泪],0,human,train,zh,1,weibo,0
回复@跨界黑马_李明明:同样开心，多联系[嘻嘻] //@跨界黑马_李明明:[围观]~~~~很高兴认识你，多交流。 //@柳朝阳2012:人生路充满各式各样的风险,0,human,test,zh,3,weibo,0
头痛[失望][可怜]！就吃＂散利痛＂[生病][生病]，今天已经是联系第三天了[抓狂][抓狂]，奇怪的是每天头疼的时间比次日提早一小时左右[思考][思考]！这样的状况与几年前一样！难道真的是2012了吗！[黑线][黑线],0,human,test,zh,1,weibo,0
#探寻IHG酒店系列之旅#昨天店员好心告诉我客房内网络可能不是很快，于是我就直觉的认为房间内网不好了，选好Wifi以后竟然忘记需要打开一个页面点确认[晕]咱是动手族，自己找到了CMCC免费网络信号也没深究这个问题。今天老公告诉我其实酒店免费网络很好用[鼓掌]我在天津和平智选假日酒店@酷讯旅游体验师,0,human,train,zh,1,weibo,0
鸟儿[抓狂] 好大好棒的一只鸟儿。//@hello90国际影视文化传媒:@丛枫 @秀业田军 @张滨益 @夜千night @卉0109 @稻草田人 @袋猫儿 @导演罗雪 @班师回超 @Grace李琴 @吾酷小宝,0,human,train,zh,12,weibo,0
蛇年刚开始，急性肠胃炎、心绞痛、胃溃疡、扁桃体发炎、发烧感冒，继续吊水7天。[泪][泪][泪],0,human,train,zh,1,weibo,0
我也爱你，是亲，亲情你懂得。[爱你] //@菲式:至亲爱的?亲??@夏末_天天天有晴 @Yohoo_hedy,0,human,train,zh,3,weibo,0
"把社会化媒体上看到的翻译成一个人的全部, 这VC也挺傻的不是吗？还不被装B范儿们骗得一溜一溜的[哈哈]//@经纬张颖:我对户外运动等兴趣的追求是我生活必须的一部分…我决不会因此而改变自己生活与工作的平衡。至于这投资人的态度，我从来没把同行怎么看我当回事，他走他的，我活我的。",0,human,train,zh,2,weibo,0
回复@摄手唐:太冷了，还是上海好 //@摄手唐:真心喜欢北京的冬天[抓狂],0,human,test,zh,2,weibo,0
【求职③】 可以为想登天的老板架梯子； 可以为搞出口的老板骗鬼子。[晕][晕]同学们那你呢？就以“可以为......老板......” 表达下自己...[酷][酷][酷][酷][围观],0,human,test,zh,4,weibo,0
回复@永不停歇的牛牛:没有，还没买到[衰] //@永不停歇的牛牛:没有羊蛋蛋啊 //@马剑是谁:回复@美食重庆人:靠，没有。[衰][衰][衰]  //@美食重庆人:为何没有羊鞭[偷笑],0,human,train,zh,4,weibo,0
我再也不抱怨中外电影史和艺术概论了！再也不抱怨新闻史和马克思主义新闻观了[泪][泪][泪][泪]//@zuzuishere:运筹学…送奶路径…4学分吧？老厚一本吧？考试总共五题还让大家罢交卷吧 //@安静de萌:看完这图我就哭了，幸好毕业的早[泪] //@赵婕kiki:@董董爱疯疯:,0,human,train,zh,3,weibo,0
不，鸡肉凉米线! //@保山市旅游局官方微博:好想回保山甩碗浆米线！[泪],0,human,train,zh,2,weibo,0
回复@像库里一样投篮好不好V:嘻嘻，那会阳光特别舒服，特意拍的[哈哈]亲看的仔细[嘻嘻][嘻嘻] //@像库里一样投篮好不好V:第3张图暴露了你@简安然 [嘻嘻] //@新浪武汉汽车:这是哪里？太帅了[嘻嘻],0,human,train,zh,4,weibo,0
救命！！！我一辈子最害怕，最憎恶得东西！！！它是飞出场的！吓得我从沙发边上掉下来！！！[抓狂][抓狂][抓狂][泪][泪][泪] @斯诺克球手误入IT 你半小时内不回来，我不敢拍它，我拍你！,0,human,test,zh,3,weibo,0
桑心！震惊！刚才吃完饭带爸妈回家，打着火后怎么也挂不上档，我镇定的跟老爸说：看来车坏了，准备叫救援。老爸伸脑袋看我的脚，说：你干嘛踩着刹车。。。崩溃！彻底忘记今天开手档车出来的。。。丢银！懊恼！界原来就是传说中的孕傻。。。想起@小S 当时的心情，各种纠结，该补脑嘞[泪],0,human,train,zh,2,weibo,0
哈哈哈……[偷笑][偷笑] //@盛恩齐: 你一走我就变最胖的了郁闷中~~~//@相声演员张瀚文: 好咧姐姐……必须请你吃大餐 //@米迦勒Mai: 祝你有好的发展大弟[悲伤]有机会去首都请我吃饭[爱你],0,human,train,zh,6,weibo,0
我真是后悔以前写协作单没这么写啊 //@阿双的野望:继上次的呵呵之后又一神作[哈哈][哈哈][哈哈][哈哈]//@丹简单单:哈哈哈哈哈 //@无感官:哈哈哈哈~下次我也这么写~真实写照啊~！,0,human,train,zh,3,weibo,0
特棒的球幕电影，可惜太短了。 //@郭霞: @孟洁_北京天文馆 //@北京天文馆: 一定要来看哦[抱抱],0,human,train,zh,5,weibo,0
[泪][泪][泪]这四天三夜的感动。,0,human,train,zh,1,weibo,0
贾老师这是有闲有艺有情趣[花心]//@李败山:老贾勤快人~俺是耐不住这个烦滴[哈哈],0,human,train,zh,1,weibo,0
长那么大了，第一次看到真正的大草原。就是缺了悠悠青草。[哈哈]不过很开心啦。,0,human,train,zh,1,weibo,0
#在路上#不为公路添堵，坐上火车走起[嘻嘻] 我在#南京火车站# http://t.cn/zOgJOmv,0,human,test,zh,3,weibo,0
今天#我是歌手#第一个是谁唱，在车上好急[抓狂],0,human,train,zh,1,weibo,0
你俩合拍不[偷笑]//@Daniel风的来世:拉倒吧，我连自己还没推销出去呢，我先解决我自己的问题再说了[泪] //@蕊jojo是个小疯子:回复@Daniel风的来世:那你快点给我推销出去 小清新 //@Daniel风的来世:看来不靠谱一直没能把你推销出去啊[黑线] //@蕊jojo是个小疯子:请珍惜我。。，,0,human,train,zh,5,weibo,0
#旅行攻略# 给假期打算去青城山旅游的朋友！补充#青城后山徒步路线#：从泰安古镇沿着右路上山，走飞泉沟，到翠映湖，不去登顶，向左走，到又一村下行，走龙隐峡栈道，五龙沟，这样，青城后山的美景基本上都囊括了。上去4公里，下来6公里，还不错哦！[抱抱],0,human,test,zh,2,weibo,0
还好是实货，要是整点稀的。。[晕][晕] //@刘秃子:喝尿都不怕看一眼大便会死阿,0,human,train,zh,2,weibo,0
清迈大学姑娘[?]//@Albus: 榴莲饭 椰汁海鲜汤 猪脚饭[泪][泪] //@赫萝晓夫:[泪][泪]芒果糯米饭 冬阴功汤 炒面,0,human,train,zh,7,weibo,0
女39 大红 快来一双老板[嘻嘻],0,human,test,zh,3,weibo,0
在思餐厅，度过周日好时光！[鼓掌],0,human,train,zh,1,weibo,0
蜀，一天爆红！祝你早日破6 亿哦[爱你]//@断翅的魔鬼:是有多强大？仅今天一天浏览量就过10万了。爆红吗？[爱你]@豆果网 @小聪明,0,human,train,zh,3,weibo,0
"还有这一说啊，看书单时纳了几次闷，有的提了“伪军”，有的提都没提。但不管怎么说，大家名利均沾吧。//@漫游者粒子://@纪念萧红: [哈哈]//@上海陈子善:""伪军""得奖，＂皇军＂领奖。[偷笑][哈哈] //@布衣书局:转发微博",0,human,train,zh,3,weibo,0
欢迎光临我们@五洲皇冠自助餐大使 ~吃的真香哦~期待常来~[嘻嘻],0,human,train,zh,2,weibo,0
这年头都怎么啦？绿豆竟然熬不翻沙！[衰][衰][衰]嚼起来口感肉肉的，像薏米一样。请教高人：是品种还是生长期问题？再换品种试试。 我在:http://t.cn/zHFSD2j,0,human,train,zh,2,weibo,0
[哈哈][哈哈]很牛嘛还让某学府跟着你沾了大光啊哈哈哈,0,human,train,zh,1,weibo,0
#OK帮官方商城#[亲亲][亲亲][亲亲]二手92%新#LV黑棋盘格#双肩背包，尺寸45*26*17，9xxx【询价请扫微信二维码】[亲亲][亲亲][亲亲]【@OK帮奢侈品交易平台：全新、二手、寄卖、代购、鉴定、清洗、修复】,0,human,train,zh,1,weibo,0
[赞]//@老头夜话: 坚持做下来很不简单，值得称赞！//@张帆DORA: [嘻嘻] @王永 在我们回龙观社会是名人，无人不知无人不晓的~~~ 可惜他搬走了，我们很多邻居都很想念他的~~~,0,human,train,zh,6,weibo,0
@merlinsher [爱你][带着微博去旅行][嘻嘻]//@杨建国:转发微博。,0,human,train,zh,2,weibo,0
今儿陪某人去改车，本以为三小时就能搞定的事，竟然耗了我们8个小时！在那个又暗又冷又没得坐的地库，我被冻傻了[泪]回来洗个热水澡，点个精油香薰，舒服哉[打哈气],0,human,train,zh,1,weibo,0
回复@hiroto93:没有啊！而且举办音乐会的时候有可能需要做工作[泪] //@hiroto93:话说回来叔叔的演出会有视频吗？？[可爱],0,human,train,zh,2,weibo,0
?影「非常幸?」??海?耶[鼓掌]?//@电影非常幸运:#非常幸运#其实还能这样玩：身为电影小编，谁说不能公然卖萌！！！[xkl转圈],0,human,train,zh,1,weibo,0
送个艺龙旅行梦想吧！[哈哈],0,human,test,zh,1,weibo,0
我想说。。。。。。。。。。你呢？//@实用小百科: 你妹~[怒],0,human,train,zh,2,weibo,0
[嘻嘻][good] 很会点菜木~//@杨凌农林博览园: 欢迎您再来喔! //@faybeauty:哈哈，你这中午发这个馋人呢,0,human,train,zh,4,weibo,0
[汗] //@妮霓蜀杰酒:人家替身演的。//@清凉寺大鼻子张老道: 我找她专辑坚定一下[哈哈],0,human,train,zh,3,weibo,0
哈哈哈我经常干这个事情[哈哈],0,human,train,zh,1,weibo,0
OMG，太出乎我的预料了！[可爱]原来最适合@不要叫我晓姐 居住的城市竟然是这个！[偷笑]快来看看你最适合居住在哪个城市吧：http://t.cn/zONAPU7,0,human,train,zh,2,weibo,0
[爱你][爱你][爱你][爱你][爱你][爱你][爱你][爱你][爱你][爱你][爱你][爱你][爱你][爱你][汗][爱你],0,human,train,zh,1,weibo,0
15公里跑步？ 什么样的培训？爱你的咖啡豆57 先为你加油[亲亲],0,human,train,zh,3,weibo,0
“他在丛中笑！”[太开心][威武]  @五哥曹进 收图勒！[耶],0,human,train,zh,3,weibo,0
大家都听听吧[泪],0,human,train,zh,1,weibo,0
??有些不好，下了整整一天的大暴雨，?大雨大，打得房?外的芭蕉?着腰。打???不小心碰到蕉?，好嘛，整?汪了一天的水灌我一脖子[晕]接行李?一不小心又跌了一跤。[泪],0,human,train,zh,1,weibo,0
回复@明净的微博:[哈哈] //@明净的微博:相爱了……相爱……爱……我扶墙而出……心脏实在承受不住这群P的强烈刺激啊……[晕] //@广播人沈雷:[晕]还相亲了，相爱了？我一蹦，掉落一地芝麻,0,human,test,zh,3,weibo,0
@琪缘 兄弟送的小挂历，充满了励志的正能量！感谢，祝你和你的团队在浓烟滚滚的2013飞跃迷雾，为全天下吃货们的幸福继续努力！[嘻嘻]@美食,0,human,train,zh,2,weibo,0
永恒的主题[good]//@花花露166: [玫瑰]//@北大吕伟忠: 玉儿好//@美玉琪儿: [微风]//@阳明斋：//@美玉琪儿: 忠叔早上好！[兔子]//@北大吕伟忠：[可爱]//@美玉琪儿: [赞],0,human,train,zh,6,weibo,0
看什么看！[太开心],0,human,train,zh,1,weibo,0
老爸打来电话唠叨了近一个小时！我的妈呀~头都要炸了~彻彻底底地反过来了~从来不唠叨我的老爸光荣地接了曾经专属老妈的活，并且一山更比一山高啊~此刻想起陈小春的歌：神啊！救救我吧！[抓狂],0,human,train,zh,1,weibo,0
AUDI PR RP很高！[爱你][鼓掌][鼓掌] //@小鱼MM00:@董芳0000 @吴绍庆Jacky @RT罗宾糖 它走啦！热烈欢送！,0,human,train,zh,7,weibo,0
@刘春 离开二狗的日子...@孔二狗 你看看[泪],0,human,train,zh,3,weibo,0
他可以不用去乞讨了。//@范筱薇：//@盛大文学华文天下: 这样的字体完全可以用到封面设计上，哈哈，真是有才华的老人！[鼓掌],0,human,train,zh,2,weibo,0
假的，昨天辟谣了//@王赛赛:他将雪人群取名《我不愿意让你一个人生孩子》， [衰][吃惊][衰][吃惊][衰][吃惊]什么情况啊？？？//@博思笃行-徐彬:有才，不过感动不一定是爱情[嘻嘻]继续寻找吧~,0,human,train,zh,2,weibo,0
你能吃的完吗三哥//@碧玉貔貅:这才是过日子！[嘻嘻],0,human,train,zh,1,weibo,0
欢迎参与到未名四合院的文化活动中，留下墨宝，交流民乐，出借民族服装留影。]弘扬中国传统文化。[嘻嘻][爱你] 我在这里:http://t.cn/z8AcFD0,0,human,train,zh,2,weibo,0
[衰] //@cindy_琛琛://@Kevin的麦克疯: //@明蕉:@穆TF @仙女帮帮主 @何苗hemi @九-公主 @被猫奴役的日子 @范乙锌Vivian @Kevin的麦克疯,0,human,train,zh,9,weibo,0
他用才是最好使呢吧?[哈哈] //@郭燕娃:  @杨烁Niki 这招儿也只有你能想得出来[崩溃][崩溃][崩溃]你当谁用都好使呢[崩溃][崩溃][崩溃],0,human,train,zh,4,weibo,0
女人何苦为难女人，那些体重两位数的菇凉放三位数的妹纸一条生路吧~[泪][泪][泪]体重三位数的默默转走。。。[泪],0,human,train,zh,1,weibo,0
嘿嘿~ 这个贴很不错[抱抱],0,human,train,zh,2,weibo,0
//@丁小丁杰静:[泪]// @广告也疯狂 :赞！,0,human,train,zh,3,weibo,0
三石还没有吃到哦。[爱你],0,human,train,zh,1,weibo,0
[衰]//@王佳庆123: [衰] //@精品传媒_美彤:天哪！ //@絮子Grace:我的神仙奶奶呀，太立志啦啦啦，好吧，明天减肥[衰][馋嘴][哈哈] //@姚又琳Cloris:[爱你][爱你] //@夏天的素描:太励志了！！！,0,human,train,zh,6,weibo,0
还让女人肿么活啊。。。 //@醉眼:[晕] //@虾妞：这个真的，很难辨啊。。。而且还长的挺标致。。,0,human,train,zh,3,weibo,0
西单Style[嘻嘻],0,human,train,zh,1,weibo,0
不要跟缺德国家打成一片[抓狂]//@李正曦Sissi: 太特么坏了，把人带阴沟里他们爬起来走了。。。//@墨?: 俄罗斯居然这么惨！简直太他妈惨了！,0,human,train,zh,3,weibo,0
@将将2010 哎，我真是嫌操心//@文怡:回复@我喜欢倾听:机器上不是写着么[汗][泪] //@我喜欢倾听:这次真要问榨汁机是什么牌子的了，记得你说过用一个月以上才能知道性能，也说了要过一阵子宣布那款榨汁机好用，怎么一直没等到呢？是我错过了吗？没啊，记得你每天的微博我都看啊,0,human,train,zh,3,weibo,0
作为吃货没去过简直是耻辱啊~[抓狂]//@魔王1987: @霍VV [哈哈][哈哈][哈哈] //@大众点评网:据说，很多吃货都默默地浏览过这家店……,0,human,train,zh,4,weibo,0
[失望][失望]减肥是一辈子的功课[生病][生病],0,human,test,zh,1,weibo,0
三里屯，3.3，4楼，鸿雅依莲，美甲店，放着我一年前，最爱的各种歌曲[泪][泪][泪]@杨子伶 @亮svv 大爱漂亮的水晶[爱你][礼物][围观][威武]38快乐，习惯的，快来噢-@昆哥Q @左小强 @翟艳丽Angela,0,human,train,zh,5,weibo,0
我无语了！怎么过了一年大家都变坏了！世道变了[泪][衰],0,human,train,zh,1,weibo,0
回复@何琪CEC:幸灾乐祸[抓狂] //@何琪CEC:么有，还在奋斗中，不过吧，北京的堵貌似与我无关，远近没出亚运村[太开心],0,human,train,zh,2,weibo,0
连着看完了人体蜈蚣I、II 食欲都没了[衰] 还是赶紧想点单纯美好的事物吧：别看我只是一只羊~ 绿草原因为我变得更香 @米莎YOYO @时髦仙伊eleven 我昨晚唱得怎么样[嘻嘻],0,human,test,zh,7,weibo,0
蓝色兰陵王 //@冯绍峰官方影迷会:暂别电视圈的力作#兰陵王# 一定要看啊[泪] 虽然不舍，可是因为很爱很爱你，所以愿意，舍得让你，往更多幸福的方向飞去?[good][亲亲]#兰陵王冯绍峰# #冯绍峰#,0,human,train,zh,5,weibo,0
不想工作了。[泪]//@Joywu_ocean:写的真不错，没去悔啊！！ //@风间零式: 亚历山大帝~,0,human,train,zh,3,weibo,0
?????? //@付瑞亭:[帅][亲亲][偷笑],0,human,train,zh,2,weibo,0
怀孕以后一饿脾气特大[怒][怒],0,human,test,zh,1,weibo,0
很赞的活动[鼓掌][鼓掌][鼓掌],0,human,train,zh,1,weibo,0
[泪][泪][泪]?哀！,0,human,train,zh,1,weibo,0
#Nana酷游世界100天##悠游台湾个人游# 德利豆干，花莲80年老店，50台币以小份，小份哦！吃的我和童童撑死了！[晕]@北京有个老顽童 @台湾自由行 @海峡零距离 @酷讯旅游 @酷讯旅游体验师,0,human,test,zh,6,weibo,0
[good][good][good] //@不会武功的武功李云飞:PM2.5绿净技术：即使车外PM2.5指数在150以上（重度污染），启动后，能在几十秒内将车内空气指数保持在10以内。此技术预计在2013年年底实现车型搭载和应用。[鼓掌],0,human,train,zh,2,weibo,0
嗯，推次//@肚子13号：人品不行…… //@大先儿:想起来，上午洗的车…[晕],0,human,train,zh,2,weibo,0
这一对才是金童玉女啊！！！//@??小?_shine: @Senna小姒 认识他们嘛[爱你],0,human,train,zh,3,weibo,0
妹纸，你是喝高了吗？小脸红扑扑的[哈哈],0,human,train,zh,1,weibo,0
@京东 真不靠谱[抓狂]，昨晚一次网购，用快钱支付11次付款失败，然后换成银联支付，明明支付成功了，却依旧显示待付款。[衰]好不容易找到客服电话，并提供订单号，却说查不到这笔支付，需要等到19点才能知道财务查询具体信息，非常非常失败的网购，足足浪费了数小时和N多话费，对京东太失望了[失望],0,human,test,zh,2,weibo,0
这期@时尚旅游杂志 确实有点内个。坐办公室看，完全身未动，心已远。这班眼瞅没法上了。@雷达太多 你们是要闹哪样啊啊啊[抓狂][抓狂][抓狂]还有没收的同学么，这一期，你值得破费！,0,human,train,zh,3,weibo,0
回复 @骑猪撞树2008:建设六马路中环广场二楼“顶田料理”[嘻嘻] //@骑猪撞树2008:米高哥，成日得张相，边间餐厅又唔介绍，点样DIY又唔写，点得噶。,0,human,train,zh,3,weibo,0
希望这是真的，不是节目组的安排！ //@星座秘语:我又相信?情了~[泪],0,human,train,zh,2,weibo,0
我也有中奖的时候啊[泪][泪],0,human,train,zh,1,weibo,0
"Audi PR[威武],四环太有天缘了，Q3投放&奥迪俱乐部杯，什么也阻挡不了，大家快来吧 [鼓掌]//@关太家的关兜兜:[鼓掌][鼓掌] //@RT罗宾糖:长途，希望他再缩缩... //@小鱼MM00:台风大人终于要离开的意思吧[思考][鼓掌] @RT罗宾糖 @吴绍庆Jacky",0,human,train,zh,7,weibo,0
如果这条狗不是你杀的，那我也就当成一条垃圾微博来看。但是，如果真是你杀的，如果你想靠这种龌龊的行径火的话，我成全你！[怒][怒][怒],0,human,train,zh,1,weibo,0
微博过些日子会送50台烤箱[爱你]//@安娜胡:能不能在微博发[抓狂][抓狂],0,human,train,zh,1,weibo,0
转转转[鼓掌]想来乌鲁鲁的亲们，不要错过给力的返现活动哟！//@澳洲乌鲁鲁中文旅游:支持支持[给力],0,human,train,zh,1,weibo,0
呵呵，一起去@晋一Sunny @一坐一忘 @康乐 //@晋一Sunny: 能至少点两个么？我要吃虾饺和姜汁炖奶，看起来都是简单的东西，在北京找到一家真正好吃的不容易啊。。泪奔一个。。[泪] @毛笔哥哥 @夏柠儿56 @溪边小筑呀 那个小院子。。我们还可以吃完出来去楼上看个电影神马的！,0,human,test,zh,9,weibo,0
回复@野马的足迹:[耶][嘻嘻] //@野马的足迹:哦，也对 //@俺叫老鬼:那就对喽，理当也有！ //@声声入耳761:哈密早市上也有卖的[哈哈][耶] //@向上的力量2014:以前街上多 //@迎风也三尺:现在很少见到[馋嘴] //@向上的力量2014: 这么早？,0,human,train,zh,8,weibo,0
#高级定制# Cartier定制系列   love全钻戒指  很闪很美的一款...[爱你]有木有想送给你心中的那个TA呢...[哈哈][哈哈][哈哈],0,human,train,zh,4,weibo,0
你们这都是不让人活的节奏啊?[抓狂][抓狂][抓狂],0,human,train,zh,1,weibo,0
真想拜托坐我后面打牌的两位神仙般的漫画师，尼玛声音能小点么？[泪],0,human,train,zh,1,weibo,0
没吃饭看这个[泪]，给我留点吧,0,human,train,zh,1,weibo,0
@加菲猫九 [爱你]白哈巴的白桦林秋色斑斓啊[花心]话说新疆的明信片超级卡通小呦[偷笑]再话说@滴水成音长相忆 姐姐咋没一起签个名呢[哼],0,human,train,zh,3,weibo,0
[吃惊][悲伤],0,human,train,zh,1,weibo,0
小岳同学一定要我买这条领带，理由如下：＂爸爸，你戴上肯定好看；爸爸，这领带和律师很对称，觉得象律师戴的；爸爸，你戴上这条领带象老板；爸爸，别的律师看到你戴这么好的领带就会问谁给你选的，你就说是我给选的。＂好吧，买了。[哈哈][哈哈][哈哈],0,human,train,zh,1,weibo,0
耶，看到俺了，还有好盆友[呵呵][哈哈][爱你],0,human,test,zh,1,weibo,0
有的宏观调控用的部门 调控起来还不如不调控//@等待2013的日出:发改委说涨价就涨价，独断专行[怒],0,human,test,zh,2,weibo,0
没睡好[晕],0,human,train,zh,1,weibo,0
参观了香港美心餐饮集团的旗下品牌，真是大开眼界。。还有就是大饱口福了。[哈哈],0,human,train,zh,1,weibo,0
张生，你趴墙头的姿势好专业撒。 //@丁懿Emma:[哈哈]莺莺我来了//@永不磨灭的番号潜伏在黎明之前:满园春色关不住，一只猫儿墙头坐。,0,human,train,zh,2,weibo,0
妈蛋，赶得像个孙子一样[怒],0,human,train,zh,1,weibo,0
回复@靖添尧:童颜永驻！[太阳] //@靖添尧:很对这词噢[嘻嘻]?,0,human,train,zh,2,weibo,0
人作孽，不可活。 //@金韵蓉:气得没法评论了！[怒] //@李静:[怒] //@健康之友吕娜：都疯了吧！[怒],0,human,train,zh,4,weibo,0
长期两地分居，求咬！@小媛lennox//@油么腻LV:俺被咬过????[泪] // @Stray茱蒂 ：是幂幂么[衰],0,human,train,zh,4,weibo,0
我也敢露啊！问题是人家这脸多小啊！[抓狂],0,human,test,zh,1,weibo,0
玩儿吧玩儿吧，我看不见 //@丐帮帮主铁丐: 回复@水水大嘴:帮主出门怎么能没有美女呢 //@水水大嘴:你丫又钓到美女了～～～ //@丐帮帮主铁丐:回复@开心小黛:你马上就自由了  //@开心小黛:好爽的假期，羡慕哇！！悲催的加班ing [泪],0,human,train,zh,7,weibo,0
回复@Kenstephen:你自己都说准了 哈哈 //@Kenstephen:怎么这么准！！不带这么玩的！！[抓狂][抓狂][偷笑][偷笑] //@ggvses:@Kenstephen 没跑。。。[哈哈] //@吴琼_dmg:@硬件学堂 [挖鼻屎] //@ZZ郑重: @洪琦_汽车之家 ……,0,human,train,zh,10,weibo,0
//@G点网: 回复@Scorpio-andy:[嘻嘻] //@Scorpio-andy:这么说我是北方游牧民族的后代？//@G点网: 回复@爱打滚的熊2011:[偷笑] //@爱打滚的熊2011:俺是O型血，呵呵，O型是非常古老的最早血型，主要分布在中原，血缘来源是黄帝集团和东夷集团。你是什么血型，你来自哪里，对照下表看看吧。,0,human,train,zh,5,weibo,0
这几天心情很不好，大姨妈之前的更年期症状越来越突显，我决定明天要大吃一顿，好好开心一下[怒骂],0,human,test,zh,1,weibo,0
嘿，在方文山的店对面有家超平价的美妆店，名字是「小三美日」[哈哈][哈哈],0,human,train,zh,1,weibo,0
有道理…[偷笑] //@大老姣: 回复@leon张鹏:你失恋爱特我们几个干嘛~ //@leon张鹏:小学时候怎么没有女孩儿觉得我[可爱]啊，净失恋了[哈哈][悲伤][衰][偷笑]@??  @ElizabethIsSleeping @大老姣 。。好像几本上都去追马马了[奥特曼]，例如。。@?Fiona [偷笑],0,human,train,zh,8,weibo,0
其?最?是?母子?不是有??，只不?人?人就???始就click 唔中(?不到）[泪] //@??光:咩你??？唔?俾呢件事?生咪得口?！[怒] //@雪隐枫林: 好看~~~~如果有忆万份之一的机会生一个kevin，你会点？,0,human,train,zh,5,weibo,0
堵成介个脆性[怒][怒]直行左转都动弹不得@Niki王含羽,0,human,train,zh,1,weibo,0
今天的北京下雪了，看着最近要连着去的两个地方的温差，真是感慨人类在大自然面前的渺小。俩地方差了60多度！该穿什么呀[晕],0,human,train,zh,1,weibo,0
你们俩够了。。。[生病] //@-最?蜜蜜的孟孟-:回复@王慢慢_2014要努力:是不是想我想的睡不着觉了[哈哈][哈哈][哈哈]米修米修慢慢慢[泪][泪][泪] //@王慢慢_2014要努力:大孟孟、我想你~,0,human,train,zh,3,weibo,0
麻辣，戈壁[怒][怒][怒][怒][怒][怒],0,human,train,zh,1,weibo,0
[鼓掌][鼓掌] //@黄曦ing:看，彩色衣服很上镜噢,0,human,train,zh,2,weibo,0
[馋嘴]下午茶甜点的诱惑从来都很难抵挡，@北京饭店莱佛士 米其林2星厨师创意的特别下午茶，更加期待。[鼓掌],0,human,test,zh,2,weibo,0
//@阿拉蕾cici小美:[good] // @微博搞笑排行榜 :哈哈，太有才了！[哈哈],0,human,train,zh,4,weibo,0
老花？[晕],0,human,train,zh,1,weibo,0
这样糟蹋自己也不知道能得到什么？！//@bravevlang: 你还穿着干啥啊，不就是想露出来吗？这母女//@卉紫忧蓝: 身材真烂[抓狂] //@大河车城刘阳河:这种女人应该关进疯人院。同意的举手。,0,human,test,zh,4,weibo,0
小甜甜瘦了吗[抓狂][抓狂][哈哈][哈哈][思考][思考][偷笑][偷笑] //@蔡康永:?是我的?第一次被改成舞台剧，每次排?都看得我笑中??！《给未知恋人的爱情短信》，主演?容~ @李晟Su 、@李佳航JEAN 、@演?利晴天 、@小甜甜Riva 、@伊洋微博 。[太阳][太阳]我好期待你?在北京上海的正式演出啊！,0,human,train,zh,8,weibo,0
[害羞][可爱][嘻嘻][爱你]//@JR晓伊伊:@love映霓 @G树嘉 哇哇哇！我姐太拉了！有木有有木有？[花心][花心][花心],0,human,train,zh,3,weibo,0
哈，京东也有售啦[哈哈]昨天还有上海读者说，当当网上海地区暂时还没法下单，不知京东可否?没事儿，最多一周，就都有啦[ok],0,human,train,zh,1,weibo,0
你还没回来[抓狂][抓狂][抓狂],0,human,test,zh,1,weibo,0
现在有些人素质真TMD差！！我都不想说了，昨天逛公园，竟然有人趁着天黑，在公园里随地小便！！还TM尿我一头！！草泥马！！傻逼啊！！没看见我正在拉屎啊！！[怒],0,human,test,zh,1,weibo,0
丧尽天良的奸商都拉出去枪毙！！！！！[怒],0,human,test,zh,1,weibo,0
由于咨询的童鞋实在太多！这里统一回答一下...麻烦大家关注我一下，并且私信告知我不喜欢的款式，黑钻？白钻？大概指圈大小...谢谢...[围观][抓狂]??????...,0,human,train,zh,1,weibo,0
啥味捏？//@现代可汗:cool！ // @梧桐小余 :回复   @闻博_Jasper  :欢迎欢迎热烈欢迎[鼓掌] //  @闻博_Jasper  :求品尝！,0,human,train,zh,9,weibo,0
我是伟诗，我为自己代言！不做替代品！！！！！不做违心事，不说昧心言，享岁月蹉跎，品无悔人生！感世间冷暖，悟爱之真谛！我就是我！我爱[爱你]您[心],0,human,train,zh,1,weibo,0
就等你回这句呢，笑笑你个吕二啊[偷笑][偷笑][偷笑][抓狂][抓狂][抓狂][哈哈][哈哈][哈哈][哈哈] //@吕磨磨:回复@吕依一: 笑！笑！笑你妹！！！[泪] //@吕依一:回复@吕磨磨:[偷笑][偷笑],0,human,train,zh,4,weibo,0
一定少喝不了，少喝不就吃亏了吗？[馋嘴]//@嘻哈包袱铺陈曦:今天我拼了，爱咋咋地吧，我不会水[泪][泪][泪][泪],0,human,train,zh,1,weibo,0
你们排队排的好//@龙辉全:你黑我[衰]//@小弟治脚气:醒来发现脚痒痒[偷笑]//@龙辉全:美女给我盖上了蚕丝被，然后。。。我醒了//@中国好苹果:美女吃了一个苹果后，鼓起勇气……//@杨亚天:有情节了开始，下班路上不冷了吧//@泉城发:女人将男人的衣服全脱了，,0,human,train,zh,1,weibo,0
//@木尔: [话筒][话筒][怒]惨无人道、人神共愤。强烈呼吁广大媒体关注，严惩凶手、彻查幕后。@南方都市报 @新华社中国网事 @山西公安,0,human,train,zh,4,weibo,0
零下四十度！那是什么赶脚？[泪],0,human,test,zh,1,weibo,0
超级有食欲[哈哈][哈哈]@懒人业余餐厅 @北京美食导航 @大众点评网-北京美食 @到家美食汇 @美食爆料圈网-北京站,0,human,test,zh,5,weibo,0
狗耸@艾尼克斯丶 ，一算这五年跟你一块的时间比跟我爸我妈还多。。就这么走呀，你好意思把我们撇下啊。。尤其是@嘉宝小茉莉 。以后别来找我们@朱衡balancezhu @alphawalker ！妹的印北京，看我现在在哪[酷][哈哈] http://t.cn/zOeQzEF,0,human,train,zh,6,weibo,0
放山?、炖?、扣肉??有我最?的炖牛肉[花心]我家大?最可?[爱你]年?吃起?[哈哈][哈哈][心][心][干杯],0,human,train,zh,1,weibo,0
五点起床伤不起[泪][泪],0,human,train,zh,1,weibo,0
回复@大鼻涕将军:是啊[嘻嘻]，不过要是没有的话这个建筑可能就垮掉了 //@大鼻涕将军:卫城这张要是没有人工的那部分就完美了。@流浪的牛,0,human,train,zh,2,weibo,0
[衰]//@刘春: [吃惊] //@李开复:[吃惊],0,human,test,zh,3,weibo,0
祝福诗社红红火火，诗意人生！ //@书画家高莎莉:[握手] //@苦吟斋主:谢谢！愿联盟诗社越来越兴旺！佳作连连！//@书画家高莎莉:[威武][威武][赞][赞] //@澳洲置业Mark:给力！[鼓掌][鼓掌] //@苦吟斋主:北京诗友聚一堂，笑语欢歌喜气扬。献策出略谋大计，联盟诗社定兴旺。,0,human,train,zh,5,weibo,0
[抓狂][抓狂][抓狂][抓狂]某人三个月抽了我一个总统套房[泪][泪][泪][泪],0,human,train,zh,1,weibo,0
你够狠！看我等会儿发吃的全部at你！！！[怒],0,human,train,zh,1,weibo,0
[哈哈][哈哈] //@哇塞_睡不醒的粒粒:哈哈哈哈哈哈，笑疯了我要!!! //@白花花的妹纸:还有聚贤庄杯第一届也是最后一届掐架冠军,0,human,train,zh,3,weibo,0
是啊，它同样也是??????????????[猪头]的最爱[鼓掌],0,human,train,zh,1,weibo,0
坚决顶！身体棒棒！精神百倍！加油嗷[太阳]// @海棠之恋2011 : 请监督。[爱你] @美好家园杂志   @林中晓月   @闲花房   @offroader小刀   @寅土   @眼睫的毛   @瘦瘦   @兔毛儿快跑   @nancy医生   @郭颖谦   @梁媛Juliet   @MOSCHINO很低调,0,human,train,zh,16,weibo,0
你个喜欢2子的2子，不要影响我上班！！哈哈哈。22更健康[爱你] ！！中午吃是啥？,0,human,train,zh,2,weibo,0
直系亲属之间 不能输血 致死几率相当大 要感动更要科学//@最销魂的电影: 太感人了！[泪],0,human,train,zh,5,weibo,0
咋有眼眶湿润的赶脚？我又相信爱情了。[嘻嘻][爱你],0,human,train,zh,1,weibo,0
嗯，反过来如果是x5这样撞x1也好不到哪去。 //@吴刚:x1撞的x5的A柱。挺吃亏的，很多年前我用这样的方法撞过一辆违章调头的小面，也很吃亏，气囊都爆出来，崩的我满眼金星，手指头也给炸药熏黑了[泪],0,human,train,zh,2,weibo,0
错过了[泪],0,human,train,zh,1,weibo,0
我陪塞班走到了最后诶[哈哈],0,human,train,zh,1,weibo,0
[泪][泪][泪]//@肖锋:中国，最丑的风景也是人//@茗茶坊美妇:[吃惊]@michael-7716  //@佰合慧通-兴顺源茶坊:[晕] //@郭建欢:转发微博,0,human,train,zh,3,weibo,0
"This is funny. 不用喝咖啡,醒了！[哈哈][哈哈]",0,human,train,zh,4,weibo,0
#雪花一马当先让红包飞#嘿嘿，小编替你公开晒奖品会不会更激动？[嘻嘻],0,human,train,zh,1,weibo,0
定金付完，正式升级为房奴了[泪]@必胜-兔 @18号天空 @香芝1006 @天津爱包子 @Hanna欢欢,0,human,train,zh,5,weibo,0
毛毛跟爸爸妈妈处的比跟我好[晕]我不高兴！吃醋呢[哼],0,human,train,zh,1,weibo,0
美女有时间一定再来玩啊[爱你][鼓掌][鼓掌][鼓掌],0,human,train,zh,1,weibo,0
好漂亮的南瓜灯吖~[爱你],0,human,train,zh,1,weibo,0
[衰]三天走俩基层，写稿写得死去活来。好累，感觉不会再爱了,0,human,test,zh,1,weibo,0
买双鞋我容易吗我[抓狂],0,human,test,zh,1,weibo,0
[哈哈][哈哈][哈哈] 阿?陀佛。。。//@牧遥小C:相对比较官方的解读，1.5线哈哈哈~~@鲍荣君 @丁蔗霖candice 看来我的手机活该掉面里,0,human,train,zh,4,weibo,0
[哈哈] →_→//@舌尖上的HiroC: 我觉得我买的每一样东西都是必须要买的...会犹豫是因为穷！！,0,human,test,zh,3,weibo,0
最省钱的旅游就在龙之梦的缤纷昆士兰。[偷笑] //@GeminiInApril:人气好旺，好欢乐的场面[鼓掌] 要赶紧哦...[太开心] 错过今天，我们就在昆士兰恭候你喽[嘻嘻],0,human,train,zh,4,weibo,0
@照着小太阳的大太阳 好喜???种感觉 ?//@照着小太阳的大太阳:哇咔咔?喜欢伐啦？[嘻嘻][嘻嘻][嘻嘻][偷笑][偷笑][偷笑],0,human,train,zh,3,weibo,0
感谢《天才知道》这个栏目，让我重新认识到自己和弱智已经没什么区别了。。。[泪],0,human,train,zh,1,weibo,0
明天出发去看个究竟[晕][晕][晕]@浪迹四川 @四川旅游广播乐颜 @小金发布 //@阿坝微博:花开二度 惊恐,0,human,train,zh,5,weibo,0
#解冻性情#当你信心增强时，你会发现不再需要控制，事物将自行流动，而你会跟随着他们，找到你极大的喜悦及利益。转给伙伴们，早上好！让我们与爱的力量合而为一，不再试图自行掌控生命中的每一件事情。[爱你][给力][耶][心][鲜花],0,human,train,zh,1,weibo,0
对@桔皮儿 说：我突然发现你是我粉丝第一位，新年快乐  你是想兔年发财呢？还是想兔年解决个人问题呢？还是想兔年什么什么呢？你自己选吧~~~ 我的饭局……蘑菇……[鼓掌],0,human,train,zh,4,weibo,0
//@蒋锡培:看成是小潘炖蛋了[汗] //@任志强:这是小番茄炖蛋？没有炒的程序。 //@刘春:这道菜是对我大中华料理番茄炒鸡蛋的颠覆式抹黑，负分，滚大不列颠去！[怒] //@赵忠祥:这个菜是为了分餐公平而发明的，是大?饭的样板，是为平均理念放?了口感。倒也有趣，会做菜的知道这更费事。,0,human,train,zh,4,weibo,0
天津海河英迪格酒店[爱你]过往历史和现代时尚完美结合[爱你],0,human,test,zh,1,weibo,0
啊！好想念她们，当然还有美食，嘿嘿[嘻嘻]花子带我问好！[嘻嘻][嘻嘻],0,human,train,zh,1,weibo,0
雾失楼台，月迷津渡，桃源望断无寻处[泪],0,human,train,zh,1,weibo,0
刚看完NHK教做菜节目的蠕动而过 //@Adora_Qiu:回复@流浪缇子:我最近每晚看Food Network锻炼自己的耐受性[偷笑] //@流浪缇子:睡前发这样的微博真不厚道[泪],0,human,test,zh,4,weibo,0
@造型师子超 哈哈。嗯。要说句恭喜。你懂的！[哈哈][偷笑][做鬼脸][ok],0,human,test,zh,2,weibo,0
【孙俪获国际艾美奖最佳女主角提名】第41届国际艾美奖提名名单揭晓，中国演员孙俪@turbosun 凭借《甄?传》中的出色表现获得最佳女主角奖项提名。此前，何琳曾获得最佳女演员奖。[鼓掌]恭喜娘娘！[威武]获奖名单将于11月25公布，若能捧得大奖而归，那想必是极好的~~,0,human,test,zh,2,weibo,0
开会，今年的种植计划、品种等等[抓狂],0,human,train,zh,1,weibo,0
回复@草木子仁:电闪雷鸣 //@草木子仁:下雨很大呢。？ //@曾老师的生涯小厨:听雨[嘻嘻],0,human,train,zh,3,weibo,0
[赞]芒果台的创意无限啊~~[哈哈]哈哈哈，，看到了好多吃货最爱的零时啊[花心]果然是吃货！,0,human,test,zh,1,weibo,0
回复@泉州美好生活小酒馆:雪？上半截下了，下半截没下[嘻嘻] //@泉州美好生活小酒馆:你们那下雪了吗？[偷笑],0,human,test,zh,2,weibo,0
关我鸡鸡事，买不起这玩意[泪]还是留着肾自己用吧,0,human,test,zh,1,weibo,0
车模，离我就几米，但就是够不着。[抓狂],0,human,train,zh,1,weibo,0
盼亲归[伤心],0,human,train,zh,1,weibo,0
[晕][哈哈]//@西门吹沙子: 成功挂职 //@子柳:期权要给足啊大佬。 //@吕良伟Ray:好吧，我公司请你来做互联网思维顾问，我不用打劫了。@程滢Ain,0,human,train,zh,4,weibo,0
[吃惊] //@台?假期V:[怒] //@汪俊导演:[怒] //@海清:[怒][怒][怒]@侯小强 @美酒夜光杯alex @小导演刘进 @张译 @汪俊导演 @卜柯文 @阿蒙SAMA @陈朝华,0,human,train,zh,11,weibo,0
等你们回来，咱去[偷笑] //@桔子水晶袁超:你看看罗管，@桔子水晶焦磊 你觉得好意思吗？咱俩认识两年了，你都没带我去对面的大渔之观看看[泪]。做人的差距太大了，此处略去1亿字。,0,human,train,zh,3,weibo,0
回复@淡月星辰:必须有，这是GM的培训课程之一。。。[嘻嘻] //@淡月星辰:当年在HOTB应该也有过‘抗洪’经历吧？[偷笑] //@RK江少樵:我在到处巡逻，检查呢。。。[雨伞],0,human,train,zh,3,weibo,0
[哈哈]//@全球创意搜罗:笑而不语~[哈哈],0,human,train,zh,1,weibo,0
明儿，我改名恒海孙。[嘻嘻],0,human,train,zh,1,weibo,0
[哈哈][哈哈]以哥的体重哪敢狐疑…@懒人业余餐厅安贞店,0,human,test,zh,1,weibo,0
回复 @波西米?的太阳花:我们是真羡慕啊[哈哈] //@波西米?的太阳花:回复 @潘云龙kenny:[吃惊] //@波西米?的太阳花:回复 @张谦:hoho~今天晚上超级棒！俺还舞了一曲。[嘘]  //@张谦:?真羡慕,0,human,train,zh,7,weibo,0
我艹，睡个午觉起来就是一滩血。从今天开始只能在医院躺到邹蛮蛮破肚而出了。太他妈吓人了！！[泪] [怒] [伤心],0,human,train,zh,3,weibo,0
餐厅也还没有营业，得自己动手[晕]吃了吗？,0,human,test,zh,1,weibo,0
就让爱已成往事吧！我们一起走过[浮云]//@sintry:真心郁闷//@BOBO换个名:这回快没粮食了//@sintry: [吃惊]//@王旭de美食影像:难道 胶片时代真的要过去了吗？[汗][晕]//@王琛视界:天无绝人之路！ //@jolomo:[?][?][?][?][?][?][?][?][?][?][?][?],0,human,train,zh,4,weibo,0
我车上可没有监控录像。。。 //@太阳红彤彤666:应该告这缺德母子诽谤，做假证，道歉太便宜她们了[怒] //@太阳红彤彤666：如果没有这段录像可查，好人司机仍然被冤枉，这老太和儿子会反悔道歉吗？仍然为有这样缺乏基本道德的人，使见义勇为成为奢侈品而心痛[抓狂],0,human,train,zh,3,weibo,0
夏天活捉到蚊子该怎么办呢？ 1、当然要抚养他 2、送他上学 3、给他买房子 4、帮他娶媳妇 5、给他看孩子，不然你还能怎么办呢？ 毕竟它身上流的是你的血。。。[泪],0,human,train,zh,7,weibo,0
老板一听又立马端来一碗豆花，韦先生顿时无语了，他怀念的豆花面是面上有薄薄一层豆腐花及一大把酥黄豆，一入口麻辣脆香各种味觉感受，而这个小面加豆花。[哈哈][哈哈][哈哈]笑过后更饿了！[泪],0,human,train,zh,1,weibo,0
想知道真相，到底伤亡多少？ //@马志岩Jerry:// @张远 ：人间惨剧，FUCK高铁// @周鸿? ：什么也不说了// @刘炳海 ://  @李晓蕾同学  ：[泪] 不知道日子怎么过，一家人就剩一个,0,human,train,zh,11,weibo,0
我在这里：#徐汇区#哎...吃还是不吃呢？上海美食诱惑太多，谢谢亲爱的@Rebecca宣小鸿 盛情款待，只是@胡歌 Fount餐厅的巧克力慕斯和芒果冰淇淋太让人有食欲了！[抓狂]吃吧！ http://t.cn/zOuqmf6,0,human,test,zh,4,weibo,0
1、深圳刚开放时，进深圳也办证；2、北京亚运会时，不是北京户口的，没有证明，坐火车到保定，一律清下车，混进北京，连旅馆都不让住。这俩事我都经历过。@瀛海客 //@梁冬的微博:太君，俺可是良民啊！[抓狂],0,human,train,zh,2,weibo,0
铁道部还我D字头10小时的火车！干嘛高铁开了之后D字头就剩一趟还涨价了！G字头坐不起啊坐不起！[泪]这回真的要破产了！[泪],0,human,train,zh,1,weibo,0
”Jack，我怀孕了” 是这句吧[哈哈],0,human,train,zh,2,weibo,0
100斤[悲伤][悲伤][悲伤],0,human,test,zh,1,weibo,0
非常健康的一碗饭。野米与白米，五谷杂粮，红曲米一块蒸。粉红色卖相真漂亮[嘻嘻]#正版深夜发吃兴趣小组##零点与您聊炖肉#,0,human,test,zh,1,weibo,0
[怒]//@-_-阿绿: [ali惊]昨天的年会上喝了好多！！！//@行尸: 我说我怎么越来越二了呢，原来总喝这个喝的。//@时尚汇_Alvin: 我去！！！,0,human,train,zh,4,weibo,0
立春时（2月4日），春回大地、万物复苏、嫩葱先出，人们尝鲜，也就是“咬春”[馋嘴]吃春饼时讲究将肉和菜包起来，从头吃到尾，这就“有头有尾、大吉大利”啦！[福到啦]ps：青年餐厅#春饼#2月2日至5日，鲜香上市！北京、天津的众亲 记得“咬春”大吉大利哦！[太开心][鼓掌],0,human,train,zh,2,weibo,0
[泪][泪][泪][泪] //@纪苗苗mmki:靠自己吧还是 //@啊呸是条狗:[泪] //@七明多: //@路过的盒子: //@惊蛰zjd: //@韩良_独孤孤独: //@大Morris:太tm操蛋了！[弱]//@孙小玩儿: [弱] //@丶哈雷露亚:领导来啦！！表演开始！！[弱]//@王小聪_BubbLe: 转发微博,0,human,train,zh,11,weibo,0
这可以啊，走起！ //@哆啦z萌:税多少？[汗] // @LindaKwok :  @猫猫路     @么么安小妮     @幸福海陆空   瞧这个！！！//  @CuriousTT  : 怎么样？走起吗？[哈哈][馋嘴]  @BuBu和XiXi     @百无聊赖的马甲     @粉色夏天女王sUmMeR     @JR高天Q-精品购物指南     @大MO0MO0     @diane_wwq,0,human,train,zh,18,weibo,0
一位母亲把她四岁儿子的涂鸦做成长毛绒玩具。好有爱啊~[太开心],0,human,train,zh,1,weibo,0
河洛石刻，原来是个ipad，看那手法，还有投影呢[怒]。。。唉，好好的轩辕剑改的啊，没意思,0,human,train,zh,1,weibo,0
[泪] //@何平:[泪],0,human,train,zh,2,weibo,0
[呵呵] //@郑大涛://@李开复: 真是史上最全... [哈哈],0,human,train,zh,4,weibo,0
回复 @马上瘦:欢迎，还扔了很多日期不好滴呢，原来钱都是这么花滴[泪] //@马上瘦:是时候拿着小篮子去你家采购啦！,0,human,train,zh,3,weibo,0
快来 //@猴?猴?:还没去过呐、改天一定去捧海斌场！！[哈哈][哈哈][馋嘴][馋嘴] //@刘海斌强强:[哈哈][哈哈] //@张嗣彬://@刘海斌强强:欢迎准时收看！@北京老五四季涮肉  //@鼻涕V刘悦:@刘海斌强强 @北京阿龙_lis,0,human,train,zh,6,weibo,0
【柳岩超性感亮相红牛新能量音乐计划启动活动[亲亲]】10月18日，#2013红牛新能量音乐计划#在北京启动，#黄绮珊#、#杨宗纬#、#柳岩#作为唱将代表出席。其中，性感女神柳岩，以一袭露胸以及大露背的长裙惊艳全场，性感指数爆表！#这样会通风吧##女神，别冻着#[抱抱] http://t.cn/zRfbap2,0,human,test,zh,2,weibo,0
//@代堂飞-分众传媒-独立团://@刘峰-leo:拜金丧志 //@李小裙裙裙:无法直视，想到浙江就要建这样的项目，不禁一阵寒颤……灾难离我们并不遥远……////@优雅的Olivia: [泪][泪] //@徐大煲煲://@Feng欣://@生鱼片GG://@极北往北://@风之子:转发微博,0,human,train,zh,4,weibo,0
CK??????[泪] //@每天懂点儿经济学:专属12星座的奢侈品,0,human,train,zh,2,weibo,0
"//@李晓楼法国旅游发展署: 感谢参加活动的博主们,希望大家继续支持和关注我们。并感谢新浪的大力支持！[偷笑][亲亲] //@崔兰兰Lorraine:@法国布鲁斯 @法国旅游局齐勇 @李晓楼法国旅游发展署",0,human,train,zh,5,weibo,0
对我来说，最大的羞辱就，是：买！贵！了！[抓狂],0,human,train,zh,1,weibo,0
这三号线上还真是各种乞讨，刚走了自称80多岁的老太，又来了带着孩子卖唱女子！[衰][衰][衰],0,human,test,zh,1,weibo,0
@边城小憩 @在此等候126 @3生万物 @563公里和162平方米 @李萧然 @德宏王楠 @柯柯围脖189 @一曲柔魂 @修心则安 @BenzBP [衰],0,human,train,zh,11,weibo,0
W8没更新，不能交易美股，白花花的银子们在我眼前一一飘过[泪][愤怒],0,human,train,zh,1,weibo,0
@我是粼粼 @无意飞扬- @黄河故宫 [嘻嘻],0,human,train,zh,4,weibo,0
吃好喝好，养足精神好好听课[嘻嘻],0,human,train,zh,1,weibo,0
早上出发前，劳工很无辜的恳求我，憋再做麻婆豆腐了，我们就吃上海菜吧。[晕]这孩兹，。。。[懒得理你],0,human,train,zh,1,weibo,0
刘爽是我妹妹，和逝者是大学同学 //@听话的小弥陀: 这么年轻啊，什么病？还有右边的为什么@刘爽 ？//@章林-故地重游: 唉[泪] //@福宝和喃喃:天啊！我好喜欢她的[泪][蜡烛] //@小糊涂诸: 我记得她演的英雄无悔 //@鄢蔓:天啊！[蜡烛][泪]为什么？@刘爽,0,human,test,zh,9,weibo,0
做个足底能让摩托车给撞了[泪],0,human,test,zh,1,weibo,0
哇，完全震惊到了！[哈哈]//@高清电影院: 牛逼的折纸,0,human,train,zh,2,weibo,0
我半串儿都吃不完[哈哈]//@nico: 喷了。//@姚亚平说: 你能吃几串？,0,human,train,zh,3,weibo,0
帅呆啦阿！//@黄记煌-黄耕: 就两个字[装x][哈哈][哈哈][哈哈]//@权金城彭涌:想起了著名雕塑，这是中国版的“思想者”@黄记煌-黄耕 @陈玉霞博斐秀禾 //@北京召月:这就是船长，老大的范儿[酷],0,human,train,zh,4,weibo,0
小哥，大排档的季节了@刘炫SixerMiron @张八叉 [哈哈][围观][威武][威武][威武],0,human,train,zh,3,weibo,0
[抓狂][抓狂][抓狂]这是今晚的表情~~ 不玩儿了，今晚输惨了~~[泪],0,human,train,zh,2,weibo,0
杯具的一个下午~跑去后勤管理科，科长去三元里了，盖不了章，白跑；跑去医务室，没带医保卡没带钱，只带了病例；白跑~这人生除了杯具还有什么？[泪],0,human,train,zh,1,weibo,0
我得连续看一周《新闻联播》才能抚平人民群众对fucking kim的负面评论[晕],0,human,train,zh,2,weibo,0
【放假找乐】公交车上一年轻潮妈喂奶，宝宝吃得不老实、吃一口玩一会。妈妈生气了“吃不吃？不吃给旁边的叔叔吃了！”孩子老实了一会又调皮，妈妈连说了几次。坐旁边的叔叔终于忍不住了“我的小少爷，吃不吃给个准信！叔叔都坐超两站了!”[抓狂]――祝大家今天放假回家坐公交的都有奶吃哈哈[推荐]@赶叔,0,human,train,zh,1,weibo,0
虽然唱歌从来不怵，但是录棚确实紧张啊，音都颤了[泪][泪][泪]@楚荃 @黄毛晓鹏 @ZhaoZhao_ihiking @黑鹏Singgo,0,human,test,zh,4,weibo,0
这姑娘的老公可不是叫杨伟 么![哈哈]//@兰落下:我真见过一个人叫：魏生斤.//@雨枫书馆: 一辈子的记忆！/@公元图书: 20多年前，学校广播通知学生会干部开会每次都笑翻，真实的，现在还能找到这些可爱的童鞋呢：陈北跑、夏天良、余沟通、吴祖章.呵呵，这些哥们如见这微薄，知道我还记得你们，想你们啦。,0,human,train,zh,4,weibo,0
啧[怒],0,human,train,zh,1,weibo,0
想去呢//@??的徵博: 回复@Sunflower_Isa:小贝，一起吧！[哈哈] //@Sunflower_Isa:去吧去吧,0,human,train,zh,3,weibo,0
坚持就是胜利[哈哈]我估计要等到春季假期我的精神才能恢复正常啦[思考],0,human,train,zh,1,weibo,0
昨晚刷牙，一??，把上牙床刷?了。。。我是有多??[泪],0,human,train,zh,1,weibo,0
帮转，答应给我写的历史旅游文章，好像没着落啊！[晕] //@雪珥:【外企与官场】老外玩中国官场也十分娴熟！一家英国“皮包”公司，在严格限制外资进入矿业的大清国，居然获得了高达21000 平方英里的勘探开采权利，英国报纸因此欢呼拿到了人类有史以来最大的煤矿矿脉。谁在保驾护航？这是继第1讲《政治与,0,human,train,zh,3,weibo,0
我坚决拥护，赶快定时间呀，丸子同学[嘻嘻],0,human,test,zh,1,weibo,0
回复@过客酒吧小辫儿:呵呵，我那天在你家的露台上吹感冒了，去采访之前才退烧，回来有病了。我不敢喝酒了，看着你们喝酒，我就觉得好凉快[呵呵]。不过，你家露台的风景是绝好，下次去专程去赏风景哈@北青饭局 这是我们部门的微博请关注 //@过客酒吧小辫儿:原来这文是你写啊！找时间一起喝啊[嘻嘻],0,human,train,zh,3,weibo,0
#带着微博去西安# 中午在@春发生饭店 奋战，艾玛，早晨的肉夹馍还没消化呢，这一大桌子硬菜啊，吃了难受，光看不吃更难受[偷笑][偷笑] 大名鼎鼎的葫芦头，我终于吃上了，我掰的馍还阔以哇[哈哈]荞面??、角团、蒸四样，都是没听过的特色小吃?自制的鲜果酸奶，超爱的啊，上面是西瓜小粒粒[馋嘴][馋嘴],0,human,train,zh,4,weibo,0
晚上因为生病不停哭闹，还是爸爸有办法，抱了一会就慢慢睡着了，应该很舒服吧~[爱你][心],0,human,train,zh,1,weibo,0
喜感啊[鼓掌],0,human,train,zh,1,weibo,0
老板。。先来3个驴活儿和1碗驴杂汤。。风卷残云之后。。居然木有吃饱？[晕],0,human,train,zh,1,weibo,0
[给力][哈哈] @爱缘静 @安安-顾小夕-- @百里万花 @半半半熟咸鱼 @被遗忘的记忆海-shy,0,human,train,zh,6,weibo,0
各位父老乡亲，来投啦。//@ICS李思哲: 各位要投哦，谐星先多谢啦！[爱你][爱你],0,human,test,zh,2,weibo,0
自制奶茶[嘻嘻] 喜欢冬天可以胡折腾,0,human,train,zh,2,weibo,0
我也要去泰国！！小编自己也要去玩[抓狂][抓狂]，抽中了我，能放一个#带薪假期#吗？@七洲网游侠 [可怜],0,human,train,zh,2,weibo,0
马先生太幽默了，严重超时可我还没听够，脱口秀专家呀，估计放开讲可以讲上三天三夜[嘻嘻][赞],0,human,test,zh,1,weibo,0
可我舍不得送出去的糖果啊[泪],0,human,train,zh,1,weibo,0
忙里偷闲，看孟京辉的《恋爱的犀牛》去拉！@朱迪的朱 @JackyStory @郭旋Rita @小秦圈儿 [给力][威武][奥特曼][哈哈][钱][心],0,human,train,zh,5,weibo,0
期待曾侯甲和曾侯丁[抱抱]//@中国文物报: 大量精美青铜器自不必说，失蜡法证据更是引人注目，值得一提的是“曾侯丙”铭文可是最新的发现哦,0,human,train,zh,2,weibo,0
@ice小怪 @作妖儿 被追骂了[衰][衰][衰]#文章出轨##姚笛有错没错##容祖儿怒斥杜汶泽#,0,human,test,zh,3,weibo,0
内地麦当劳要出小黄人啦![鼓掌]@点子总动员,0,human,train,zh,1,weibo,0
回复@维他命羊: 还有百子湾附近的盆友们，就在金港国际北面， 易构、后现代城的西面，欢迎大家没事溜达过来[嘻嘻] //@维他命羊:转给大望路新光一带的盆友~,0,human,train,zh,4,weibo,0
Q快[哈哈][哈哈][哈哈],0,human,train,zh,1,weibo,0
//@田震：嗯嗯 有爱[抱抱] //@吾爱震：很有爱对不对啊[太开心],0,human,train,zh,3,weibo,0
男朋友的责任[怒] 中枪的转。。。。。。众男人，看了以后还想找女朋友吗[偷笑],0,human,test,zh,2,weibo,0
疯狂的出租车[泪][泪],0,human,train,zh,1,weibo,0
#早安#出租车司机在车上放舞曲，好欢乐[可爱],0,human,train,zh,1,weibo,0
奥利奥[爱你],0,human,train,zh,1,weibo,0
[嘻嘻] //@Paracutin：//@壹只?: 要用来做招聘广告语就太给力了 //@郭豆豆:我也有机会为这数据添砖加瓦吧。 // @齐云飞 :说有啊是黄埔，那真是一点不为过。//  @ZephyrLin  : 进入百度电子商务事业部，你会有十分之一的机会成为大型互联网企业的高管哦亲们,0,human,train,zh,10,weibo,0
【一个字】生活一个字.难；工作一个字.苦；收入一个字.低； 物价一个字.涨；交通一个字.堵；情感一个字.假； 金钱一个字.香；春晚一个字.困；砖家一个字.蒙； 城管一个字.狠；艺术一个字.裸；学者一个字.假； 机关一个字.闲；官话一个字.空；男人一个字.色； 二奶一个字.贱！[晕]@王智新@bshd@江湖阿伯,0,human,test,zh,6,weibo,0
研究深入，众望所归。[哈哈]@周洽强 @5三个6  //@广州大学张河清:@吴必虎 @武旭峰 @万庆涛 @中国生态旅游杂志 @周洽强 @广州大学地理科学学院 @李铭建 @水泊村夫 @广州旅游 @广州日报 @广州大学吴志峰 @广州大学团委 @广州大学GZHU @广州教育 @广州大学学生记者团 @广州大学旅游学院青协 @陈潭物语,0,human,train,zh,19,weibo,0
[哈哈]太欠了 //@悟空桃子: 哈哈,0,human,test,zh,3,weibo,0
回复@Winking-bling: 对 水屋在LIKULIKU岛 你可以去官网看看就知道了 呵呵 //@Winking-bling:一千美金[衰][衰]一晚？ //@没有蛀牙的LEO:回复@猫言喵语3: 斐济333个岛，100多个可以玩和住哦~另外水屋一般是一个晚上1000左右美金起跳 //@猫言喵语3:斐济外岛和内岛住哪里比较好？水上屋一般多少钱一晚呀,0,human,train,zh,9,weibo,0
"//@老曹-Sonic: 山东喝酒的讲究我可是领教过了[泪] //@朱铁平:以前在山东工作过,确实是这样的,定位好主副陪,主副宾以后,就不要分那么细了,特点是热菜来之前,主陪领三个酒,副陪领三个,主宾回三个,副宾回三个,三四一十二,外地人基本都晕了,那里还顾得上招呼主人客人,所以坐那里都一样",0,human,train,zh,3,weibo,0
嘿呦嘿呦拔萝卜[哈哈]居然还真有这首歌[吃惊],0,human,train,zh,1,weibo,0
回复@微笑的汤金艳: 这位跟我一样！//@微笑的汤金艳:超喜欢它俩嘴边两块肉的[爱你],0,human,train,zh,2,weibo,0
天气预报不是说今天晴天多云的么？次奥！！！[怒骂][怒骂][怒骂],0,human,train,zh,1,weibo,0
@猫行迹 [哈哈],0,human,train,zh,2,weibo,0
这个时候的雪糕肯定是去年剩在冰柜底的啊。//@独眼u: ……真是一对儿苦命鸳鸯雪糕啊。//@Azzurri: [衰],0,human,train,zh,3,weibo,0
真正是从早等到晚，一点都不夸张，碟等到了，还要更新补丁一个小时。[晕],0,human,train,zh,1,weibo,0
#随手拍#今天附近新开张一个攀岩馆，开张第一天免费，结果几乎所有附近爬墙的小气鬼，包括我，都闻到腥味过来了，门口就要等几乎半小时排队，而且估计很多人打算在里面泡一天，连餐车都扎堆进驻。估计了一把形势，只能杀鱼而归，贪便宜不成还白烧一把油，[可怜][泪]，杯具啊。,0,human,train,zh,1,weibo,0
这是要治疗自己还是改变环境？ //@潘石屹:回复@你终于放弃治疗了:喝。//@你终于放弃治疗了:用法？撒向空中还是泼在地上？[哈哈]@潘石屹,0,human,train,zh,2,weibo,0
向@杨凤岗 同志学素质[挖鼻屎]。我只想说：「我爱大连，我从未离开」[心][呵呵][微风][微风][微风][微风] 友情提示：杨先生 微博不是这么用的[失望],0,human,train,zh,4,weibo,0
@小张大帅 看看可爱的中北镇的孩子[嘻嘻],0,human,train,zh,2,weibo,0
就是个辣辣辣[哈哈],0,human,train,zh,1,weibo,0
//@刁东良:看起来很显眼 @895一路微微笑 @安徽苗同伟 @安徽李世兵 @江淮晨报刘丹丹 @1065雪晴 @董浩ing @安徽环球国旅 @安徽中青旅 @张伟爱中国 //@活海欢乐水世界: [嘻嘻]//@前前方: 都是为了你们@活海欢乐水世界 @中国活海 @巨石山风景区 //@前前方: 嗯 太阳大了 反光,0,human,train,zh,19,weibo,0
#悠游台湾个人游#哈哈哈，我的明信片全都到了哦[花心]。看来便宜无好货啊，印刷质量不是很高[泪]。。。4月30日开始，每天早上我都会发出一条明信片”绣花球”微博[酷]，头十名回复我就从台湾给你们寄一张明信片，持续到5月12日。哈哈哈，大家有兴趣参加吗？[太开心] http://t.cn/zOjryjV,0,human,train,zh,2,weibo,0
[酷]我们的专属可口可乐噢? @张暴暴 [鼓掌][鼓掌][鼓掌] via@南京中萃食品有限公司,0,human,train,zh,4,weibo,0
如此神奇，真平宜！[哈哈],0,human,train,zh,1,weibo,0
死丫头，找事儿呢吧？！昨晚唱歌的时候拿着手机傻笑就是整这个了吧，啊？！！[怒] //@宋晓苑：@王丹_Wendy 你看你看我早就看出来了！疯起来不是人哈哈哈！[哈哈],0,human,train,zh,3,weibo,0
请问天朝的护照有多少国家可以免签证？//@夏绿蒂要出走: 唉//@Lioue: //@王小山: 就不爱旅游。//@罗永浩可爱多: [good]//@宁财神: 我们不爱旅游！[泪],0,human,train,zh,6,weibo,0
请问是起亚哪一款车型？ //@易车网王勇:[泪],0,human,test,zh,2,weibo,0
[哈哈] [哈哈] [哈哈] //@全球创意搜罗：给力！宠物还能这样！[哈哈],0,human,train,zh,4,weibo,0
【#黄金100秒#微直播】今晚《黄金100秒》的黄金奖牌会花落谁家呢，期待李星星、梁迪、力量兄弟组合为我们带来第二轮的精彩表演！（[哈哈]夺宝游戏进行到最后一轮喽，您心目中的冠军是谁呢，快来扫描二维码参与竞猜吧~,0,human,test,zh,1,weibo,0
[泪]无心睡眠,0,human,train,zh,1,weibo,0
同时欢迎各公司年会都请你去听！//@科尔沁夫: 各公司歌王歌后们，年会上唱歌不时髦啦，要去给我唱才牛逼！[嘻嘻] //@勇敢的马:公司歌神大会战，看看谁能成为CBD办公室麦霸大明星! @优酷网 播出赛事，评委@科尔沁夫 @吴向飞 @贺冰新国际教学法 把关，12月-1月，欢迎去 @麦乐迪KTV朝外店 现场观战！,0,human,train,zh,10,weibo,0
[哈哈][哈哈][哈哈][哈哈]笑死劳资了,0,human,train,zh,1,weibo,0
昨儿天晴风太大，今儿没风天又霾了，想找个好天出去拍花咋这么难啊[晕],0,human,train,zh,1,weibo,0
家庭聚会走起来！[馋嘴][哈哈][偷笑][鼓掌],0,human,train,zh,1,weibo,0
popo占领了制高点，球球攻不上山头啊//@史小花同学: 球球有没有和popo“打”成一片啊[嘻嘻]//@史小花同学: 你跟它说左手右手，它分不清楚，但是知道换一只手[哈哈]//@我是徐峥: @史小花同学 球球真心的聪明啊,0,human,train,zh,5,weibo,0
拉登早知道剃了胡子就好了//@三在若水：[偷笑] [衰],0,human,train,zh,2,weibo,0
悲伤逆流成河，叮当、奶牛，彤彤，相继离我而去，叫我情何以堪？[心碎]从此，不在养宠物[抓狂] 我在这里:http://t.cn/zHrf3Zb,0,human,train,zh,2,weibo,0
又谈合同!要我11月1日交稿a![汗]真这样别说晚上了，姐白天都木有时间出台了，各位要求包场D爷断了念想吧![泪]还有版税，姐能多要10个点吗?[哈哈]我怎就这么不擅长谈合同呢!那么多人精呢?出来一个把姐经济了行不?[可怜],0,human,train,zh,1,weibo,0
Miu Miu Nite！想念我们的雨夜“Lang”馄饨！[爱你],0,human,train,zh,3,weibo,0
@刘健for彩虹? 您要加油呢//@阿达方: 穿衣显瘦，脱衣有肉，吃好喝好，又重又瘦。 //@夏雨:任何时候都可以练[嘻嘻]一组，两组，换个姿势再来一组[做鬼脸],0,human,train,zh,4,weibo,0
回复@夏昕999:先把签名的书备好[可爱],0,human,train,zh,1,weibo,0
店里剩下这唯一的三瓶千寿已经不属于我了...三号店你够狠！这是我唯一的存货啦[怒][怒][怒][怒] http://t.cn/zOeio1l,0,human,test,zh,2,weibo,0
哟吼！[花心][鼓掌][围观]我们是一家人！,0,human,train,zh,1,weibo,0
[哈哈]//@Vista看天下: 【今日最佳图片】守株待兔！,0,human,train,zh,2,weibo,0
回复@彼得兔与丑小鸭:眼神可真好![嘻嘻] //@彼得兔与丑小鸭:女人如花，每一朵花都如此美丽！好喜欢这句话..[玫瑰][玫瑰][玫瑰],0,human,train,zh,2,weibo,0
[抓狂] //@沈笑:这个必须转，我原来一直以为只是因为PM2.5里还有一些致癌物呢,0,human,train,zh,2,weibo,0
回复@玩转东京:主要是我在这听不懂，还犯困 //@玩转东京:恩 //@马剑是谁:再说吧，看你时间  //@玩转东京:都中学了[给力] 啥时候看电影啊[汗]这个月的事情又排满了 //@马剑是谁:[抓狂][抓狂][抓狂]  //@小咔2466305071:@马剑是谁 小妹妹越来越漂亮啦 恭喜啦[爱你] 好好享受吧,0,human,train,zh,10,weibo,0
17号下单，18号发货，都4天了。在外省买的宝贝都到了，这个同城快递竟然还在路上。@哈尔滨韵达快递 ，你是属蜗牛的吗？[怒]@哈尔滨微吧,0,human,train,zh,2,weibo,0
第一次微电影，匆忙策划，匆忙设计，在品牌推广上做的还有太多不足[可爱]不过下次一定会更好。,0,human,test,zh,1,weibo,0
回复@丹尼仔摄影:这话我爱听，仿佛是神话。 //@丹尼仔摄影:哈哥体质超人，不吃伟哥一样八面威风、金枪不倒[兔子][熊猫][熊猫][抓狂][哈哈] //@丹尼仔摄影:回复@哈戳戳:看来台湾酒厉害，绝不是假酒，哈锅今晚斗志昂扬，威武起的，同时开辟N个战场都屹立不倒[嘻嘻][哈哈],0,human,train,zh,3,weibo,0
这对于爱动物的人来说，无疑痛心。但社会上还有那么多吃不饱，穿不暖，生活在贫困地区的人他们是不是更需要帮助？对于我来说，这都是难题[失望]只能尽自己的所能了,0,human,train,zh,1,weibo,0
哈哈 这个造型凹的好！[嘻嘻],0,human,train,zh,2,weibo,0
阿哦，你的那位主持人男盆友荣不荣幸我不了解，反正对于你的到来，我是挺荣幸哒[哈哈] 欢迎你来到美丽的沙湖，祝你俩的西夏之旅开心！,0,human,train,zh,2,weibo,0
北京连着两天雾霾，要死的节奏[抓狂][抓狂][抓狂] 我在这里:http://t.cn/8kRR8nm,0,human,train,zh,2,weibo,0
[抓狂][抓狂][抓狂]//@龙道一: 祝~」」?）5：你们~」~?~晚安啊?：「？＂? //@杜鹏硕: 不要再@我啦！[抓狂]//@英杰拉姆: 祝你晚安~ //@杜鹏硕:大姐，做噩梦啊！！//@慢卷袖: 蓝夜蓝月伴女鬼,0,human,test,zh,7,weibo,0
喝了养胃茶，11点不到就开始饿了[晕],0,human,train,zh,1,weibo,0
4B青年欢乐多！[哈哈][哈哈] 干啥都特别有喜感！,0,human,test,zh,2,weibo,0
[衰] //@我们都爱重口味:[汗] 马里奥这是来中国了,0,human,train,zh,3,weibo,0
怕觉不爱[泪],0,human,train,zh,1,weibo,0
#新闺蜜时代# #cottonpink北京三里屯店# 新闺蜜时代特辑~100%纯棉纶荧光糖果色半透外搭，夏天绝对是亮眼的单品！内搭pink吊带和短裤本店均有售哦！有了它防晒服都弱爆了！[哈哈],0,human,train,zh,3,weibo,0
回复@JR?伊伊:亲爱的，你是最棒的！姐姐永远是你的粉丝[围观][赞]！ //@JR?伊伊:我也?姐姐！在唱歌上?要像姐姐多??！姐姐才是我的老? //@love映霓:亲，你总是那么优秀！姐姐爱你[爱你]！ //@JR?伊伊: @G树嘉 @love映霓 //@JR?伊伊: 哈哈！太感?你的支持，,0,human,train,zh,8,weibo,0
"旅行中少不了的环节就是购物,哪里买东西性价比高,怎样退税最方便快捷,下午5:00来和大家分享退税的乐趣~[心]//@城市服务管理广播: [鼓掌]//@DJ曙光: 关注@城市服务管理广播 @问城网 @手边巴黎urruolan",0,human,train,zh,5,weibo,0
给力的漳州气候.给力的漳州美景[嘻嘻],0,human,train,zh,1,weibo,0
回复@NikaZJ:。。。。。 猛男三人游，也要有钱才能猛呀，俺最近穷淫一个呀~！//@NikaZJ:回复 @acupofteathatsme:你也还没去啊？和@Eddyyyyy 还有Vincent来个猛男三人游吧。哈哈[哈哈],0,human,train,zh,4,weibo,0
早啊[太阳]今天的行动是不是不与这有关就out了？？？[嘻嘻][嘻嘻][嘻嘻]淘宝[威武]梦了一夜购物车[晕][晕][晕]我开工了，大家慢慢淘[嘻嘻]@阿里陈伟,0,human,train,zh,1,weibo,0
[笑哈哈]//@btv周颖: 有空捧场[哈哈] //@赵四微博:微博传了这么久，今天终于有真相了！5片薯片，真的能有十毫升脂肪吗？且看今晚21:32北京电视台科教频道《魅力科学――事事爱较真》@btv周颖 @徐德亮,0,human,train,zh,4,weibo,0
天使会两位美丽的天使[赞] //@peggy的开心一刻:@朱波 @广东天使会 @郑贵辉w 赵春雷@赵春雷BLOG @何巨-天使投资人 @孙政权_互联网_投资 @投资人老铁 @盈科股改律师刘全中 @主持人李博 。天使的情怀。[兔子][嘻嘻],0,human,train,zh,11,weibo,0
贱兔两枚 [哈哈][哈哈][哈哈]@梦游和逍遥,0,human,train,zh,2,weibo,0
清明时分，我来泉州拜访你们来了[哈哈]@叫我-2小姐 @senddy薇,0,human,train,zh,2,weibo,0
[赞][心]心和你们在一起呀在一起//@寒江做?: [威武][威武][威武] //@王媛媛舞蹈:感动，沿路的感谢和祝福！//@北京当代芭蕾舞团:你们真棒！[鼓掌][鼓掌][鼓掌],0,human,train,zh,3,weibo,0
拍摄完成  累劈了  [怒]   还好有鲜花陪伴侬   关注2.9的玩家惠吧   你和她的情人节洞房花烛夜[心],0,human,train,zh,6,weibo,0
#大黄鸭#引领了城市时尚风潮啊[酷]，各村都有各村的高招[偷笑]，腾讯亮了有木有？[哈哈][帅]北京烤鸭也很V5[威武][威武],0,human,train,zh,1,weibo,0
昨晚偶然转台看了一眼，总觉得有些别扭。现在看来，还真是没有最、只有更......[哈哈] //@snowerhyx:有了越南版垫底，新还珠终于能抬起点头了…… //@LiTong：那天报纸上说，方青卓饰演的是郭东临版容嬷嬷。。。播过去看了一眼我就乐喷了，太有喜感了,0,human,train,zh,3,weibo,0
回复@梦想照进现实706:[偷笑][偷笑][偷笑] //@梦想照进现实706:[抓狂][抓狂][抓狂]你系坏银 [泪][泪],0,human,train,zh,3,weibo,0
[哈哈][哈哈][哈哈][哈哈]认错的态度还挺好 //@陈耘康康:回复@张恋恋Emily:老婆??我爱你???so much?????[爱你]  //@张恋恋Emily:回复 @陈耘康康:那行吧！说你爱我，然后转发！我就forgive你,0,human,train,zh,5,weibo,0
[泪]//@兔纸nana_KV: 我每次都在想出这种衣服的妹纸都是牛人！→_→//@太没品了: →_→[哈哈]//@辛巴达在路上: →_→最右好有经验//@张飞爱讲笑话: →_→//@睡前笑话: →_→//@极品黑: →_→//@最牛整人专家:可以开个档啊,0,human,train,zh,7,weibo,0
#我的美食日记#@Style-Cafe 秀秀俺家屋顶的小菜园，最近已经吃上了小黄瓜，就是有的奇形怪状[衰]……不久就能吃上圣女果和丝瓜咯[鼓掌]@食尚小米 你家种了啥捏[偷笑] 我在这里:http://t.cn/zHeVfpI,0,human,train,zh,4,weibo,0
能不能别这么矫情！能不能！我容易吗我？[泪][泪],0,human,train,zh,1,weibo,0
这是鄙视狮子的人写的吧？为什么是吉利？[抓狂] //@BTV梁晨:射手座最牛[挖鼻屎],0,human,train,zh,2,weibo,0
#釜山火锅#  好多多彪悍的oba。。。@阿兹猫-AleX [馋嘴] 可惜偶目前是微胖界哒一员，哥都不踩偶[泪][泪][泪]   吃肉[酷] 我在:http://t.cn/zjU1jdI,0,human,train,zh,6,weibo,0
"老爸＂Angry Bird""水平比我牛啊！[怒]",0,human,train,zh,2,weibo,0
不是吧！貌似公关里水瓶女很多的呢？[晕][晕][晕],0,human,train,zh,1,weibo,0
[奥特曼]//@东田造型王靖:这。。。。。。 // @燕燕张 :?剩了很多化妆费啊！！！  // @应采儿 :没错！男人骂脏话也ok[哈哈] 我们要躲起来骂[泪],0,human,train,zh,8,weibo,0
[哈哈]翻案「?」！ //@宪阁微观:哈哈，妙解//@任志强: 没有门楼挡着，阴风早散了！零分[怒] //@王巍w:那背后的阴风呢？不懂政治啊，只能给你60分[哼] //@任志强:?正面来，遇门楼而分向左右 //@王巍w:[呵呵] //@雷颐:风吹得都左右各半！,0,human,train,zh,7,weibo,0
你们怎么能这样了[汗][泪] //@Faye_wei: 哈哈，又造就了一片经典[嘻嘻][嘻嘻][嘻嘻]//@精vi灵De顽美乐园:还有那谁谁谁不要总抓鬼了昂[偷笑][偷笑][偷笑] //@Alvin??路吃西瓜:哈哈，下回那???不要??了昂。[嘻嘻][嘻嘻][嘻嘻],0,human,train,zh,4,weibo,0
[??吻]?死你?了我?！//@败家爷们: [泪]一起一起……//@Me-咿晴?: 感?，不行?？[?流?面]//@败家爷们: 我去，哭毛啊，必须高兴啊//@Me-咿晴?: 可??：??~！[?],0,human,train,zh,5,weibo,0
财力证明简化了很多啊！我今年提交的材料就免财力证明了！//@台?自由行?人: [??][抓狂]@台?自由行?人: 新?定：20?以上凡?去三年?曾以自由行?台，?去提出的薪??明、存款?明、金卡皆等同??力?明、??再次提出#?力?明#。於2012／12修?，2013／1月起?施。,0,human,train,zh,3,weibo,0
被妈妈拉医院来验血，扎手指。挤半天费劲的挤一点出来。那护士姐姐无奈的.... 汗，素不素不爱喝水的原因？[泪][泪][泪][泪][抓狂][抓狂],0,human,train,zh,2,weibo,0
这是国情不同 国外大部分都以代步工具为主 安全舒适即可 国内大部分有面子显示身份 我身边朋友就宁愿贷款买奔驰 这是价值观点很难改变 //@灰锅L:等我有钱了，宾利买两辆，一辆拉着另一辆，哈哈哈， // @灰锅L : 声明！我很喜欢车啊，只是把想我看到的事儿说给大家，没别的意思，哈哈，误会伤人[泪],0,human,train,zh,11,weibo,0
睡得越来越晚，醒得越来越早。有时责任感旺盛也不是什么好事，整天的焦虑，我有自虐强迫症？[抓狂][浮云],0,human,test,zh,1,weibo,0
新年快乐，心想事成！[哈哈][嘻嘻][酷][爱心传递][干杯],0,human,test,zh,1,weibo,0
好想找个大喇叭把所有睡懒觉的都喊起来[哈哈],0,human,train,zh,1,weibo,0
我也后天出动[嘻嘻] //@TAMRON腾龙镜头:心动啊！小编我要等到后天了[兔子],0,human,train,zh,2,weibo,0
这个标题不严谨，难道还有一半男的报名女飞行员？[哈哈]@msn中文网,0,human,train,zh,1,weibo,0
回复@Fallingwater_Jane:当大哥的总是要吃点亏的[嘻嘻] //@Fallingwater_Jane:咱认为是亲的，人家从来不认为呀 //@画家刘勇:亲兄弟也翻脸了！[泪]  //@卢艳霞:要撕票？真的假的？ //@朝阳土豆皮:  //@DL-与时俱进: 朝鲜这种共产主义国家能有劫匪，值得怀疑,0,human,train,zh,7,weibo,0
#名厨新闻#【手机淘宝“请全国用户免费吃喝” 】为与微信争夺线下支付，阿里再出奇招。据悉3月8日“包下数城市的餐厅和正规娱乐场所，请全国人民免费吃喝一天。”用户参与此活动的唯一条件是使用手机淘宝。为此，阿里方面的投入将超过11.11 与12.12两大主题活动的总和。小伙伴们3月8号准备了么？[抓狂],0,human,test,zh,3,weibo,0
"#天天向上#：【边看边点评】用一张图片、一句话或一个段子，证明你有在看今晚22：00开年首播的天天向上之“年货”，[爱你]评论此微博或直接@天天向上官方微博 ,说出你此刻看节目的想法和感受吧！[抱抱][心][话筒]预备开始啦！[钟]",0,human,test,zh,2,weibo,0
[嘻嘻] //@同程网:宁海森林温泉让您远离城市喧嚣，尽享休憩之乐[心]周末一起“约泡”吧>>>http://t.cn/zjaBPvo,0,human,train,zh,2,weibo,0
现在很想一遍啃着烤肠一边码字写作业[抓狂],0,human,test,zh,1,weibo,0
两位这样欢乐有爱，酒店达人赠送情调套房一间，以贺同喜如何[偷笑] @iurp @Mars任鑫 //@Mars任鑫: 同喜[嘻嘻]，翻译一下：移花互动是@酒店达人官方微博 ，天海路是@今夜酒店特价 [嘻嘻]//@iurp: @Mars任鑫 北京见咯,0,human,train,zh,9,weibo,0
[吃惊] //@远景涵: @石上泉2012高峰攀 //@jia?:这才是TNND生活！[哈哈][赞],0,human,train,zh,4,weibo,0
[耶][耶][耶][衰][衰][衰]今天你2了吗,0,human,train,zh,1,weibo,0
我在与@米昂小当家 #影响力PK#中打成平手，差一点就可以获得【力挽狂澜】勋章啦[泪] 你也想得限量版勋章咩？[最右]http://t.cn/aKZEtF @长颈鹿梅子 @夏童小宝 @无聊小t @Ryan_Chiphell @古德猛安,0,human,test,zh,8,weibo,0
大家多多支持[嘻嘻],0,human,test,zh,1,weibo,0
甘蔗虾也是小亭的最爱之一喔～明天是五折最后一天啦啦啦啦[爱你][爱你][爱你],0,human,train,zh,1,weibo,0
小自然再次获胜，手臂怎么才能那么细呢？手臂上有鸡皮肤的童鞋们，要记得适当去角质并每天擦上身体乳哦。这方法已经救了我的不下10个朋友了，腿也一样，就这么简单，坚持下去。鸡皮肤除了毛周角化症要靠抹尿素霜减轻，其它多数情况都是因为角质过厚，并且不滋润造成的。[抱抱],0,human,train,zh,1,weibo,0
刚刚发现一个近期异军突起的淘宝港澳酒店卖家，背后是一个之前口口声声说不做B2C的传统批发商，相当令人失望啊[怒],0,human,train,zh,1,weibo,0
可怜的宝贝，居然喝出血来，牙龈仍然肿着，吃也吃不好，睡也睡不安！[泪][可怜]@番茄小牙,0,human,train,zh,1,weibo,0
大半夜的本来就饿了，一直忍着。。。看个电视剧吧，里边全是吃饭的情节。。。。忍不了了[怒][怒][怒] 我在:http://t.cn/z8JqMOC,0,human,test,zh,2,weibo,0
接着发故宫票啦！期待啊 //@东城郑芳:回复@国安国米:新一轮有奖互动马上就要启动啦，将送出50张故宫门票。请亲们继续关注哈[心] //@国安国米:我也答了，木有票[泪] //@东城旅游:回复@海smile-sea:赤裸裸地拉票呀，还有参与的同学么[偷笑] //@海smile-sea:我已经答题了。漂亮的主任,0,human,train,zh,5,weibo,0
谁有截图？快来点[嘻嘻]东南卫视这次背景非常漂亮,0,human,train,zh,1,weibo,0
何万圣！就是说到我手里啥都能留住呗[偷笑][偷笑] //@遇见老杨:张劳动[泪],0,human,test,zh,2,weibo,0
试想，当年如果把华生译成了屈臣氏，会是什么效果？今天若把屈臣氏译成了华生，谁会去那里买洗发水？Waston=华生=屈臣氏[哈哈] [哈哈] [哈哈],0,human,test,zh,3,weibo,0
[抱抱][抱抱][抱抱]//@XMAN_宗介:[给力]@西西天还远@小雷旅行@背包客暮雨@Luna熊猫爱旅行@李雅雅vivian@oohlei@翟猫猫@Jocelyn云,0,human,test,zh,1,weibo,0
在唐山，几个大的交通岗都有几个妇女各自背着一个孩子在乞讨，有时她们还聚在一起休息。开车路过，来不及拍下照片。但是，很怀疑这些孩子的身份，渴望唐山的警察救救这些孩子们！[泪],0,human,test,zh,1,weibo,0
一上微博则看到不幸~[泪] [蜡烛] //@吴卓翰andrew:不会吧，怎么会这样，很优秀的一个女孩子，难过 //@钢子视线:[蜡烛] //@海上朱爷： //@钱文忠：真的吗？[泪] [泪] [泪],0,human,train,zh,8,weibo,0
【城市之音四川台FM102.6】城市之音 #2013校园迎新#-明星音乐教室。@郭静Claire @Bii??? 在电子科技大学与热情的歌迷大合影送上！[哈哈][哈哈][哈哈]@郭?TW官方歌迷後援?@郭静意犹为静歌迷会 @Bii毕书尽内地后援会@Bii???全球??後援??,0,human,train,zh,5,weibo,0
@Lillian妮 @?麽孓 @小yanyan要减肥 @月々 @小清新要?胎?骨 [哈哈][哈哈][哈哈] //@水瓶座:4月爆好运秘方，瓶子高调转起！！,0,human,test,zh,7,weibo,0
要[泪] //@奶油的爹:要索取签名照吗//@水蓝拿铁:哈哈哈哈，居然点名我了都～[偷笑]他最近又胖了一斤啊，现在正在地上睡的可好了呢,0,human,train,zh,2,weibo,0
[泪] //@微博搞笑排行榜:为了成长，我们都失去了太多。[悲伤],0,human,train,zh,2,weibo,0
@姜磊-花蕾 你看着办吧 不行送丹麦吧[哈哈],0,human,train,zh,3,weibo,0
各位小主儿都在哪里看得甄环传的呀，偶打算假期追下热剧呢。最好推荐PAD能看的萨[可爱],0,human,train,zh,1,weibo,0
#?会所重获新生媒体宴#横菜来袅?谢谢@小四合院小姐 相邀[哈哈][哈哈][哈哈],0,human,train,zh,2,weibo,0
三无产品，无原则、无底线，无道德！[怒],0,human,train,zh,1,weibo,0
#下班# 安能借我三百程序员，敢叫游戏换新颜啊~~~ 看着产品开发的现阶段，着急 着急~~ 没有爱心的产品是没法领先的 [泪][泪],0,human,train,zh,6,weibo,0
@张会亭亭 导演最近有两件快乐的事[嘻嘻]一是他导演@汽车912 微电影《就要爱》在第九届“河南省五四文艺奖”评选中荣获金奖！[威武]二是喝到亲爱的@把日子过成镶钻段子 波波同学送来的@舒克舒克我是贝塔胡萝卜汁,0,human,train,zh,4,weibo,0
工资给高了还是给低了呢。。。。 //@苏小欣儿:[good][good][good] //@fionaneverland:[鼓掌] //@黄嘉骊: 我们的CTO是万能的[赞] //@邹蕾Lily:[鼓掌]晚上差点被保安当坏人了 //@沈佳音:我来帮你们@郝欣诚 //@周小?Jorya_baby23: 辛苦Jason了呀~~~你应该艾特一下老大哟。,0,human,train,zh,9,weibo,0
韩国过分了啊！！！ //@方寸星辉:中国媒体像吃了屎一样闭嘴了，又在下一盘大大的棋，日// @中国经贸出版社总编辑 : // @东方扬1976 : [怒]// @警察方明 : // @尼玛的奇迹 : // @独立检察官2011 : 被韩逮捕中国船长露面 脸部擦伤眼睛淤青。 http://t.cn/ScCgIQ  。 // @南国都市报韩潮光 : 转发微博,0,human,train,zh,24,weibo,0
[哈哈]//@青医附院李世宽医生:一天，面条被馒头欺负，找花卷替他报仇，花卷在路上遇见包子，误以为是馒头：不要以为烫发了就不认识你了，遂将其揍了一顿。回来面条问花卷：报仇了吗？花卷说：放心吧，屎都打出来了!,0,human,train,zh,1,weibo,0
#乐享红星#是不是第一口喝到红星二锅头的时候，都是这个样子的？[哈哈]@selena_shenyue  @国安国米,0,human,test,zh,2,weibo,0
第一个问题开奖啦！正确答案是：101套别墅及客房。感谢@来个包子把 @遇到了岁月神偷 关注我们、@三位好友 的同时还转发了微博，请私信我们您的联系电话和邮寄地址，奖品将于活动结束后统一寄出。没有中奖的朋友们不要灰心，请继续关注我们明早8点的新问题哦！[嘻嘻],0,human,train,zh,4,weibo,0
哈哈，什么官方不官方，咱家就是胡同里的平民百姓，想吃饭就回家[呵呵] 欢迎//@逯?夷: [嘻嘻]艾?，?有自己的官方微博呀。我想吃了，真心想。[害羞]//@菊儿小枣:赶上人少就回家哈 //@逯?夷: 擦，(⊙o⊙)，幸???上人多。好?念菊?人家的?肉?菊香奶噢。//@当时我就震惊了:人山人海[衰],0,human,train,zh,5,weibo,0
这歌开头真唱的忒恐怖了！！[衰][衰][衰],0,human,train,zh,1,weibo,0
@食色之徒波少  [抓狂] //@王者归来SW:这在哪个路段？,0,human,train,zh,3,weibo,0
妈的…吹傻了我了！[怒] //@许安patrick://@路微之倔强之驴:[吃惊],0,human,train,zh,2,weibo,0
#迅雷看看观影团#[哈哈]看电影了@青草原原 @迅雷看看专属观影团,0,human,train,zh,2,weibo,0
其实如果苹果能实现无线充电，那么推出一个内置核心，以后在一些合作的公共场所或消费场所就可以实现充电功能，而且这些商家不仅出电费钱也要给付苹果一定的钱。[哈哈]多爽。,0,human,train,zh,1,weibo,0
[鼓掌][鼓掌][鼓掌][鼓掌]好棒好棒！帮我刻个戳哈吧[害羞][害羞][害羞][害羞],0,human,train,zh,1,weibo,0
又是机票业务[衰] //@梦游_Echo_公主病:机票业务大获全胜[熊猫],0,human,train,zh,2,weibo,0
我们怎么可以安慰？！[泪]//@王利芬:[伤心] // @许文广 :最后两句歌词：“亲爱的母亲这是什么道理？亲爱的母亲这是什么真理？”,0,human,train,zh,4,weibo,0
//@江X帆:[失望] //@W小西瓜W:转发微博,0,human,train,zh,2,weibo,0
摇滚＋公益，很新颖的组合！让地球更多绿色！欢迎大家支持！[鼓掌],0,human,train,zh,1,weibo,0
当知道有的快餐店里的土豆泥其实是这么“拉”出来的时候，整个心情都有点复杂了！[衰],0,human,train,zh,1,weibo,0
"童鞋们，晚安[爱你][爱你]第一次玩""杀人游戏""到这么晚，人多好欢乐[嘻嘻]祈祷明天能看到@太姥山风景名胜区 的曙光吧，相信#奇迹会有的#对吧?@新鲜旅厦门",0,human,train,zh,2,weibo,0
没听说过李敏镐，[晕],0,human,train,zh,1,weibo,0
我都忘记我哪年开始用百度的了。。怎么也是02年之后的事情了[哈哈],0,human,train,zh,1,weibo,0
回复@小苏小东小鑫:没你这样的投机[衰] //@小苏小东小鑫:借机可以大赚一笔，养鱼^_^！快养鱼！[太阳][太阳][太阳],0,human,train,zh,2,weibo,0
TMD 半生英明，毁于此片[怒][怒][怒],0,human,train,zh,2,weibo,0
#首都航空“精忠岳飞号”#值此岳飞将军诞辰910周年之际，岳飞将军后裔现场赠送紫砂将军像与@黄晓明 教主。[爱你][爱你][爱你][爱你][鼓掌][鼓掌][鼓掌][鼓掌],0,human,test,zh,2,weibo,0
美女到北京，北京欢迎你 ~[嘻嘻][威武][围观],0,human,train,zh,2,weibo,0
因93号汽油上涨至8元一升，车流量下降，但行人流量增加，交通压力增大。为此，从5月1日起实行路人限行。单眼皮单日出行，双眼皮双日出行，一单一双夜间出行，戴墨镜出行者按故意遮挡号牌处理，对盲人出行者按无牌号处理，对割双眼皮出行者按套牌处理，请相互转告 [嘻嘻],0,human,train,zh,2,weibo,0
#汪汪心发现#上海卫视的百里挑一该换编导了，上一轮牵手成功的马伽伟，竟然在下一轮又出现了[衰][抓狂] 我在:http://t.cn/zlE2sYm,0,human,train,zh,2,weibo,0
[哈哈][哈哈]//@雷神BG7:[鼓掌] //@rarei6016:@雷神BG7@DJ路路通 @东京探索 @朱君平 @小全叁 [鼓掌],0,human,test,zh,6,weibo,0
哟，历届冠军都一个队啊[嘻嘻],0,human,train,zh,1,weibo,0
回复@陈敢:这一觉睡的够瓷实，刚醒[衰] //@陈敢:好片，真心不错。,0,human,train,zh,2,weibo,0
买单的已经发话啦[偷笑]//@ebeecake: 欢迎来享受美味~[笑哈哈]//@Jenny娟娟: 下次去一定要吃吃吃~~[嘻嘻]//@宫元书美食摄影: 哈哈[来]还有咖啡！//@Jenny娟娟: 回复@轶凡乐学成长空间:是啊是啊。。。我也好馋。。肿么办肿么办[抓狂][抓狂][抓狂] 也许去了北京宫大师会请我吃滴[馋嘴][馋嘴][哈哈][,0,human,train,zh,6,weibo,0
[哈哈] //@北美宠物快报:[偷笑]好想把狗盆顺走。//@文嘉洛洛:@北美宠物快报 [嘻嘻],0,human,train,zh,3,weibo,0
腾讯这么奔放啊！ //@我舅不是柱子:你们上班都穿什么啊？还都走光了???????[吃惊][抓狂],0,human,train,zh,2,weibo,0
我也想去听啊！[抓狂] //@新民说:1月5日，9:00―21:30：①【世界改变中国，还是中国改变世界？】许纪霖（主持）、秦晖、许章润、刘瑜、王利、施展；②【“国家”中的“国民性”】贺卫方（主持）、钱理群、王人博、何怀宏、熊培云；③【文艺与新民】欧阳江河（主持）、格非、戴锦华、柴春芽。,0,human,train,zh,2,weibo,0
好日子，应该好好庆祝下，再次祝福[鼓掌]//@风韵在憩: 回复@朱雷正兴:谢谢，此消息一发，记者节火了，我的结婚纪念日也有同时间的，还有这天生日的――祝所有与今天有关系的：喜怒哀乐，悲欢离合的人和事，一起嗨起来！呵呵呵 //@朱雷正兴:老哥节日快乐！,0,human,train,zh,3,weibo,0
慈祥滴老人！好亲切啊！构图，用光，一切摄影技术已不重要！温暖胜过一切！//@弟子广哲:神似姥姥 //@Mwendywu:不过而尔 //@唯美丶中国风:时光已匆匆流过，谁还记得我[失望],0,human,train,zh,3,weibo,0
和老朋友，老同事聊天真开心。美好的回忆。[哈哈],0,human,train,zh,1,weibo,0
@波波阿三头 你们公司抽烟的都被赶在马路对面了？[晕],0,human,train,zh,2,weibo,0
把杨五捐到日本吧 //@一号掌门:学生的心声![偷笑] //@nukgnay:他妹的 //@一号掌门: @拜仁铁狮21 @nukgnay [嘻嘻],0,human,test,zh,7,weibo,0
她不声不响偷偷出去治了无数回！//@刘镝:[衰]畜牲不如的东西[衰]//@摄影师王麒: 逆淘汰的结果都是王八蛋上位！,0,human,train,zh,2,weibo,0
一进洗手间全是饭味儿...瞬间饿了[衰],0,human,train,zh,1,weibo,0
这个人要不死！天理不容！//@李永林的微博:[蜡烛]好孩子，天堂再不会有恶人了，所有爱你的人，愿你变成最美丽的小天使，自由自在，快快乐乐的在天堂飞翔[蜡烛][蜡烛][蜡烛]。希望法院凌迟处死这畜生，有同感者转发[怒],0,human,test,zh,1,weibo,0
还有洗衣机[晕][鼓掌] //@携程团购: 离春熙路很近，美食真的很多，能吃到这么正宗的成都美食真是幸福，酒店虽然地处市中心，但环境不算吵，选择楼层高一点的房间就完全没问题了~~之前的担心完全是多余的，下次来成都还住这里，因为真的太值了,0,human,train,zh,3,weibo,0
【#超级笑星# 倒计时】祝贺《超级笑星》今晚继续抢占微博手机客户端头条[鼓掌]~节目马上就要开始啦[哈哈]~关注官博并参与#超级笑星#话题讨论~就有机会赢取Iphone5S哦[嘻嘻]！今晚将送出5台“土豪金”哟！快快行动起来！[太开心]~,0,human,train,zh,2,weibo,0
乐享宁波[哈哈][嘻嘻][呵呵],0,human,train,zh,1,weibo,0
//@清华尹鸿：朱自清宁愿饿死也不吃美国的救济粮……中国价值观骨气高于生命，政治更高于生命。 //@刘杰: //@薛晓路： //@周一民: //@环球资讯:// @yenangpa ：// @竹本02 : // @道士海江 ： // @长江直播 :[怒],0,human,test,zh,15,weibo,0
[嘻嘻][给力][给力],0,human,train,zh,1,weibo,0
[偷笑][鼓掌]//@勤劳的工作狂: 强烈要求先试再评！[偷笑]//@鹏的莹: 味道鲜甜有弹劲，做lobster carpaccio 绝对[鼓掌]@现代可汗 @勤劳的工作狂 @劲松侯老师 @光头陈庆 @三摩地帮主 真心不错，保证野生，@oysterking 我和老大试了，味道[赞],0,human,train,zh,11,weibo,0
想看到这一幕，我承认我是唯恐天下不乱，呵呵//@大仙: 希望莫言像萨特那样，拒绝领奖！//@静娅: [哈哈],0,human,train,zh,3,weibo,0
有谁跟?哥一样，一双人字拖，就可以一个夏天都不用买鞋了？[嘻嘻] 6pm 现有 havaianas 哈瓦那精选鞋子特卖，折扣高达58% OFF，免运费。夏天已经来鸟，小伙伴们速度点~戳http://t.cn/8sWV6Lz,0,human,test,zh,6,weibo,0
[威武]//@艳阳度假网: 谢谢亲对我们的关注，在艳阳度假网上也可以预定哦，点这个链接http://t.cn/zY3k1A9进去直接点击预订就可以啦~~[可爱]//@Quennie_yaya:不错 在哪里预定啊,0,human,train,zh,3,weibo,0
"“亲情”的确是臆想出来的。从来陌生人。//@yananana: ＂亲情＂是臆想出来的吧。从一开始到最后，其实""我""和""你""始终都是陌生人。[泪]",0,human,train,zh,2,weibo,0
伦敦奥运，狭隘的一届 //@金针:是的，继续上演傲慢和偏见 //@千里兵锋: 到底是谁违背奥林匹克精神？[怒] //@陈向平:伦敦让中国观众彻底失望！[弱][伤心][懒得理你] //@陈向平: 当评判不公，英国怎么来激励下一代？伦敦，我看不起你！英国也不咋地！ //@?SELF: 艹 //@忍花艹: 艹,0,human,test,zh,11,weibo,0
天一冷，我就食欲大增，怎么办[抓狂],0,human,train,zh,1,weibo,0
过得开心又充实！[鼓掌]//@饕餮yuki: [偷乐]这是个不安分的工作日//@繁星满天飞扬:又是扫街的节奏呀！[威武]//@晨光熹微_baka: 对折很给力~~,0,human,train,zh,3,weibo,0
微博嘛，就是一工具，发什么不重要，是谁发的更重要。看看人家 @苍井空 老师就知道了，人家也是每天坚持发啊，发的都是老三样:我吃饭了。我写字了。我拍片了。粉丝还不是哗哗的涨。//@hdtMobile简?:笑话，色图，八卦，僵尸，水军，大号5宝。[哈哈],0,human,test,zh,3,weibo,0
罚酒 //@杨云飞cloudyyang: 我看成胯下一美人，我错了，自己面壁去了[泪]//@黄四维: 白兄好情怀！//@钟表游: 是啊，铸客到手特别应现在的秋色。秋风吹秋叶飞，再有胯下一骑和怀中美人，夫复何求？@顾江兄，可记得？//@黄四维: 配秋叶真入境～,0,human,train,zh,6,weibo,0
么么哒准备回京啦~耳朵已经在自动屏蔽英语，只知道他们在讲话，完全不想去用脑子翻译过来[泪],0,human,train,zh,1,weibo,0
山东琴书，好多年没在舞台上见到了。[鼓掌]//@青岛曲艺社-唯嘉: [赞] //@闽清阁茶文化会所:赵倩老师的山东琴书《偷年糕》～～唱腔华丽丽~~,0,human,test,zh,3,weibo,0
一个一个跟你们死磕！哈哈[嘻嘻],0,human,train,zh,1,weibo,0
再次感?Dicky @barakalee 的?忙[鼓掌][鼓掌][鼓掌][鼓掌],0,human,test,zh,3,weibo,0
你不知道绝对是因为没关注人家！[哈哈][哈哈][哈哈],0,human,train,zh,1,weibo,0
爱金陵才会赢[哈哈]//@黄浩俊Howard: 低调奢华有内涵 [哈哈] //@无锡金陵大饭店:还有几天时间咯！亲们，要把握机会哦！转起来[给力][给力],0,human,train,zh,4,weibo,0
[鼓掌][鼓掌][鼓掌][心][心][心][鲜花][鲜花][鲜花],0,human,train,zh,1,weibo,0
3月不减肥，4月徒伤悲，5月路人雷，6月男友没，7月被晒黑……[衰]动起来吧！,0,human,train,zh,1,weibo,0
我媳妇可怜的SHUFFLE在今天学会游泳了[泪]据说游了40多分钟……[?],0,human,train,zh,1,weibo,0
胖娃儿胖嘟嘟，唱歌傻呼呼[嘻嘻],0,human,train,zh,1,weibo,0
#亲爱的书友#这是今天原本要到场分享的一位书友的读后感[鼓掌]欢迎各位亲爱的书友们，把自己的读后感写下来发给我们，可以发布在我们的官网“黑玛亚花园”里与更多的书友分享：）,0,human,train,zh,1,weibo,0
//@长天孤鹜女: //@GIF图库: 尽管我有时爱疯爱闹 也尽管有时不正经 但真的， 我承认我心酸了。。。 [泪],0,human,train,zh,7,weibo,0
你相信这是1988年的动画作品吗？这才中国的动画魂！！！这才是民族漫的根基！！！[赞]虽然88年的我还尚未出生，但我的童年绝对不是喜羊羊！！！[抓狂]http://t.cn/zlDUh6z,0,human,train,zh,1,weibo,0
真心佩服那些字幕组强人，每次外片出来没多久字幕就跟着出来了。希金斯和布莱尔这场《宗教是否有益于世界》辩论，光字幕制作就花了我不少时间，还没弄完[晕],0,human,test,zh,1,weibo,0
//@神笔记:把人快折腾残废了，1000多块就了事？[怒],0,human,train,zh,1,weibo,0
我晕，忘记@ 人了 @浅草恭子 @郑米饭 @阿拉蕾淼淼 @winegood //@申子超: 能给瓶正牌吗[哈哈],0,human,train,zh,8,weibo,0
挺好的~~要开始想装修了~ //@凯诺Juno://@D大D:哎，不奢求了。。。//@冷笑话精选：哇，这样的居室，爱疯了。。。[抓狂],0,human,train,zh,2,weibo,0
"回复@八月雪:刚才谁说打打打什么来着? //@八月雪:呵呵！！！我这还没媳妇呢！在家干活儿都找不到发泄的人！！ //@香草香草王岩伟:回复@八月雪:你在黄河滩,喝着啤酒吃着烧烤,还[泪]让我这个等老婆下班的乍整!  //@八月雪: [泪]",0,human,test,zh,5,weibo,0
Its never too late to learn[嘻嘻] 我在这里：http://t.cn/zlEWOo6,0,human,train,zh,7,weibo,0
[衰][衰][衰]南京这是肿么了 //@tttbee:南京挂了 //@NEYNEY小旎:[衰]我要戴口罩！,0,human,train,zh,3,weibo,0
[鼓掌]心动虽易，行动不易，且行且珍惜！//@黑米粒: 腾龙喊你去阳朔，还等什么？戳链接报名。[酷],0,human,train,zh,2,weibo,0
没赶上航班，我想问，闹钟上成这样儿都没闹醒我是要怎样！？[泪][泪][泪][泪] 还好已经改好了下午飞的票！#悲催空少背后血泪模糊成长记#,0,human,test,zh,2,weibo,0
你们这帮凑表年的 @?? @是以见放 @蝎十一 [怒],0,human,train,zh,5,weibo,0
红会是婊子养的吧！还是红会养了你们这群婊子，见风使舵，无情无义呀！ //@爱新觉罗载勋:回复@北平闲人V:秘书长说红会没有人要重查郭美美，红会社会监督委也没有作出决定重查。真实情况是监督委王永、刘姝威两位委员的个人提议。[偷笑][哈哈]  //@北平闲人V:MM一放话。次奥，木们不玩儿了。真TM幽默。,0,human,train,zh,3,weibo,0
//@行者梦野: 想要获得赠品DVD＜去你的巴布亚＞电视纪录片全套的童鞋看过来[哈哈],0,human,train,zh,2,weibo,0
和儿子刚才去路边草地溜兔子，本想让它跑跑。谁知道这个小吃货没完没了的享受起青草来！[晕],0,human,train,zh,1,weibo,0
熊~~ //@NNNNNN7:[泪]@雨娟儿   //@全球语录:可爱的克鲁特knut走了[泪] 真的去做天使了！,0,human,train,zh,4,weibo,0
//@沃伦的信徒17U:// @宋鸿兵 ：[酷] // @新民周刊 ：// @韩滨鸿 :太坏了，其实已经被暗杀 //  @南京周末  :[嘻嘻],0,human,train,zh,11,weibo,0
中国特色//@陶芩子:中国流水线生产方式[哈哈],0,human,train,zh,1,weibo,0
看来妹妹对甜品情有独钟！代我儿谢谢姑姑远道而来的甜品，满是情谊，好吃[爱你][鼓掌],0,human,train,zh,1,weibo,0
@Oliver郝焕  处女座耶！[哈哈][威武],0,human,train,zh,2,weibo,0
//@木鱼陈: [哈哈]//@五角海绵:*商大的果断转 //@五角海绵:这个有点意思,0,human,test,zh,3,weibo,0
欢迎回家！其实虎皮猪手也很好吃的！[可爱]亲，双节美食季开始了，9.18-10.7，两天一款特价菜，欢迎品尝！,0,human,train,zh,1,weibo,0
哇塞，强呀，这个好[good]  //@潘昕:有木有？有木有？？有木有？？？[哈哈],0,human,train,zh,2,weibo,0
【#超级笑星# 精彩剧照】[鼓掌]还有不到六个小时，《超级笑星》第一场半决赛就要拉开帷幕啦！[哈哈]爆笑开战火力升级！精彩不容错过~主评审王晶老师已经笑趴下啦~[偷笑]播出同时编辑短信A+最想说的话，发送到10660122688 参与节目短信互动~还有机会赢取千元现金大奖哦！#超级笑星#一笑值千金！,0,human,train,zh,3,weibo,0
这两天怎么了，这―辈老艺术家，，，，，，[泪][泪][泪] //@姚晨:这是一次集体的谢幕...[蜡烛],0,human,train,zh,2,weibo,0
还有六场戏...杀了我吧，淋雨戏还在后面[泪],0,human,train,zh,1,weibo,0
#龙门镖局#怎一美字了得~[花心][爱你] 璎珞妹纸一袭美艳的红色旗袍装，介是要穿越到“上海滩”么？[嘻嘻]@钱芳QF,0,human,test,zh,2,weibo,0
刚还想说以后不吃蘑菇了，按右右的说法是要吃，而且把它全家一起吃掉？[衰]//@鹦鹉史航: 植物好贱[奥特曼][江南style]//@玉阶春草: 根据动物沟通师绿蒂亚与动植物沟通的来的信息，植物是开心与被人类吃掉的，而动物则对被杀满怀委屈和悲愤//@鹦鹉史航:右边的这句貌似小清新，细想，真是残酷无人性啊啊,0,human,test,zh,3,weibo,0
看来我肝气不舒啊，是谁惹得我肝火不畅通的啊！[怒],0,human,test,zh,1,weibo,0
一大早打开微博，全国高速暴堵，放眼望去哪哪都是死寂的停车场[衰],0,human,train,zh,1,weibo,0
@橙色先生-王金瑞 手机坏了的感觉怎么样[哈哈],0,human,train,zh,2,weibo,0
[哈哈]开心一乐！ //@好妈妈VS好老师:话糙理不糙，文艺女青年都发现了色彩误区的典型案例。暖深色系女性朋友们把属于你们的酒红穿起来吧！,0,human,train,zh,2,weibo,0
水魔方？ //@久尚模特-蕾蕾:[哈哈]不知道妞玩嗨了还是被浪冲傻了?哈哈哈,0,human,train,zh,2,weibo,0
[哈哈]//@梁岚月摩羯: [哈哈]//@有福社长: [笑哈哈]九九表示也难淡定//@小密_地雷: 那就是雪上加霜了[泪] //@有福社长:可不能除了人还多颗地雷啊 [哈哈] //@小密_地雷: 这间屋除了人什么都没了[哈哈] //@李庶_: [哈哈] //@有福社长: 一声叹息，诸多思绪[笑哈哈] //@DJ文小雯: 跟我们这里小二@DJ阿森,0,human,train,zh,14,weibo,0
[哈哈][哈哈][哈哈]//@北方老编辑: 哈哈哈哈哈哈！,0,human,train,zh,2,weibo,0
呵呵！这个都可以有啦！大家开心就好哦！ //@星空下de-张筱搓:咳咳帮主我听到了哈哈有我的份没有[哈哈]// @三样菜帮主 : 呵呵！我可以送饮料！还可以打折啦！ // @彩虹吉吉 :怎么优惠？见者有份哦！//  @三样菜帮主  ：呵呵！下次过来！当然有优惠啦！很开心喜欢我们家的三样菜！,0,human,train,zh,10,weibo,0
这个海苔。。。//@贝贝周琴: [怒]晚饭只吃了鸡蛋水果和光头粉的我表示看到这张图瞬间就饿了...海苔！吾爱啊！,0,human,train,zh,2,weibo,0
呵呵把当初他花她身上的钱还人家就是了。。。至少他来骚扰的理由少一个啊。呵呵//@不加V:[哈哈],0,human,train,zh,1,weibo,0
一大早刚到公司，当头一棒喝！一个大学同学要结婚了！！按说这把年纪了我该祝福人家，可是偏偏我们三个剩女曾经打赌谁先结婚其他两个就要随3000大元的份子！！！这厮也就半年多没见居然偷偷的就领了证了，NND，必须讨伐！[怒],0,human,test,zh,1,weibo,0
[哈哈] [zongzi] //@郑建伟律师：[哈哈] //@达一般：[泪] //@大波猴V：[可怜],0,human,train,zh,5,weibo,0
//@王利群:这才是人性真实的一面。[鼓掌]//@新闻老兵://@郭洪钧: 在僵化的媒体管理层面前，再聪明的记者也变成死娃娃咧！其实高层领导谁也不愿意让老百姓耻笑，只是不晓得宣传部门的某些同志为啥总把经往歪处念？,0,human,train,zh,2,weibo,0
//@历史迷思://@这不是历史: 这是他的一生[泪],0,human,train,zh,2,weibo,0
//@老国光: [鼓掌]//@月桂树家: 摘草莓去 //@爱上昌平旅游:@筠子花树 @晴天暖日 @月桂树家 @苗苗小妞mm @任我行张斌 @贼爱玩儿 @刘小美_Anging @昌平延寿旅游服务 @枪炮玫瑰-小靴哥 @爱上昌平,0,human,test,zh,13,weibo,0
吃烤肉！吃起！我跟@coco萱萱 从7点多排队到八点半才吃上。[泪][泪][泪][汗] 我们也不想情人节出来凑这份子。[汗][汗][抓狂] 吃吧，化各种等待为食欲！[偷笑][偷笑][委屈][馋嘴][馋嘴],0,human,train,zh,4,weibo,0
[害羞]感谢同学们支持！//@何炅: 谢谢同学们。喜爱就行，不需要最。[可爱][爱你] //@何炅粉丝团:大学生最喜爱的综艺娱乐类节目是《快乐大本营》，最喜爱的电视节目主持人是何炅。[鼓掌],0,human,train,zh,3,weibo,0
艾玛…… //@花生智仙: 评论--这张图叫做《扯蛋》//@Gracie_Inter要好好学习: [晕]弱弱地问一句。。不疼么。。。//@微博搞笑排行榜:?爆了！[哈哈],0,human,train,zh,4,weibo,0
公司吃回家吃，白天吃晚上吃，睡觉躺下了还不忘摸黑爬起来吃！！尼玛，我应该买个几箱回来[泪][泪][泪][泪][泪][泪][泪],0,human,train,zh,1,weibo,0
花得完吗？ //@拔刀斋皇甫江:谢谢，哈哈，钱必须赚！不过移民不用！十年前就拒绝移民了，洒家要坚持在这片土地上，看天地翻覆，独裁者和罪人下地狱！//@幸福兔太太: 祝福先生今年财源滚滚[哈哈][哈哈][哈哈][发红包][发红包][发红包]然后移民[偷笑][偷笑][偷笑],0,human,train,zh,3,weibo,0
。。[黑线]//@hanul思思: 牧羊犬？！[哈哈]//@purple--大口妞: [挖鼻屎]哈哈表情那个欢快呀~,0,human,train,zh,3,weibo,0
我：热！他：到湖南就不热了。我：湖南15度呢！他：那到家里就不热了。[晕][晕]停车外带全聚德。[嘻嘻],0,human,train,zh,1,weibo,0
非常谢谢这位亲这么详细的描述噢[鼓掌][爱你][爱你]~佰草集的这款水水秉承一贯的草本作风噢~让亲在补水的同时没有过敏的后顾之忧，为国人带来更安全更健康的护肤体验噢~[嘻嘻],0,human,train,zh,1,weibo,0
亲爱的朋友们：圣诞快乐！！！[din癫当圣诞树][可爱][太开心],0,human,train,zh,1,weibo,0
@北京怡亨酒店 @阿尔弗雷德登喜路 @tracyliee特蕾西 [鼓掌],0,human,train,zh,4,weibo,0
我在这里: #朝阳区#我是有多敬业呀，边开车，边开着Q处理工作[怒] http://t.cn/zOnUBLg,0,human,train,zh,3,weibo,0
看图说话.....这个表情，我输了！[泪][泪][泪],0,human,train,zh,1,weibo,0
谢谢欧老师！ //@欧倩如: 帅的呢大家一起期待吧[花心][鼓掌]//@张乃天:终于播出了！真不易啊！拍这个戏那是相当的辛苦啊！！我在剧中出演了一个很有性格的狙击手！,0,human,train,zh,3,weibo,0
!!!!!!!!!太好听了!!!!!!![泪],0,human,train,zh,1,weibo,0
收到天晨送来的手书和松烟墨，顿时屋内墨香四溢，找到点文化人儿的赶脚，舍不得用啊，我那一手见不得天日的烂字，怎配[泪]！谢谢@高天晨 [爱你],0,human,train,zh,2,weibo,0
早晨来敲门 不可阻挡的客人 我一直瞪着眼睛在恭候 [泪][打哈气][怒骂][困][右哼哼][感冒],0,human,test,zh,4,weibo,0
是的！我家狗狗15岁了，依然天天二两肉的伺候着[衰],0,human,train,zh,1,weibo,0
我背着房子很重很重。。。他倒是有个房子呢[泪],0,human,train,zh,1,weibo,0
[衰]//@我们爱讲冷笑话:冷到爆。。。,0,human,train,zh,1,weibo,0
蔡老湿果然喜欢[哈哈][哈哈] //@蔡幼林:史上最猛敬酒方式！是两姑娘同坐腿上，三脸相靠，三嘴同饮吗？[花心] //@黄村:@蔡幼林 老湿一定喜欢这个 @胡大治 @偷蜜的大熊 @李峥嵘,0,human,train,zh,7,weibo,0
斗争失利的牺牲品，这点钱对公仆们来说很正常吧 //@环保老爸之:不贪污这点海好意思称自己是干部啊 //@黄健翔:真有钱啊！ //@周宁:没叛逃钱还在！秘书都这样，何况！！！//@曲东0708:为什么判死缓？ //@ARCTIC_CLOUD:死有余辜[怒]压榨人民的[猪头]国家的蛀虫 ?,0,human,train,zh,6,weibo,0
下午微博名字写错了，看获奖者自己的照片吧[哈哈],0,human,train,zh,1,weibo,0
这轮两个1:3…一个1:5…[失望],0,human,train,zh,1,weibo,0
你懂的[哈哈] //@老沉: 晓松你呀必须在下次喝酒的时候跟我对对谁是谁？,0,human,train,zh,3,weibo,0
！！！为嘛是这周[泪][泪][泪][泪][泪][泪][泪][泪] //@点评团_上海:就在本周啦~~那个一直在我婶婶的脑海里的曲婉婷，我来啦~~[偷笑] [偷笑] [偷笑],0,human,train,zh,4,weibo,0
这张图图不是我家的哟，不过你说的是大实话！呵呵，私信发些参考图片给你吧[可爱],0,human,test,zh,1,weibo,0
欢迎巴萨俱乐部，今年我们将与巴萨有更多合作！ //@苏宁:苏宁很荣幸去过巴萨主场，欢迎巴萨来到中国主场[鼓掌]//@苏宁易购: [嘻嘻]已粉，早上给大伙说你要来，他们不信。这个世界上没有不可能。,0,human,train,zh,3,weibo,0
回复@齐天悟空孙大圣:不许歧视。。。[织] //@齐天悟空孙大圣:转发此微博:角色无所谓，可这倒霉名字?????? //@开心韩峰:回复 @刘峥Jimmy :好 哈哈 // @刘峥Jimmy :下回咱俩一块儿去演 // @开心韩峰 :还是假，以后得努力演的真点儿 // @开心韩峰 :回复 @bonboncow :[可爱] 转。。。 // @bonboncow :ha.帅,0,human,train,zh,21,weibo,0
是悲？是福？[晕][晕],0,human,train,zh,1,weibo,0
纵然我学会了自拍半边脸，纵然我骑到华灯初上，但是最高速度还是到不了63KM，更到不了79KM[抓狂] 我在:http://t.cn/z849tti,0,human,train,zh,2,weibo,0
懂得快...[围观][抓狂][抓狂][抓狂],0,human,train,zh,1,weibo,0
会出太阳的 //@节目圈看门大庆:这回知道啥叫邪恶了吧，真真黑社会是谁，这回大家都清楚了！[怒][怒],0,human,test,zh,2,weibo,0
哈，熟悉的帅哥。。。还在想清明假期要不要去海南岛。貌似三四天不够//@刚峰看世界: 下次可跟上@行者谭迁 骑惠州绕大亚湾一圈[嘻嘻]@最美惠州,0,human,train,zh,3,weibo,0
买了双米奇的球鞋，同学非说是男款。可恶的是标签还没说明。。。[晕],0,human,train,zh,1,weibo,0
啊~我的歌还有这个效用啊？？？我要哭啦，单身汉的歌居然促成了他人的美好姻缘...羡慕嫉妒恨~[泪],0,human,train,zh,1,weibo,0
104、13 //@深夜走过长安街:106，107//@国安摩西BH:107 111 44 387 375[泪]都是小的时候奶奶带我坐的[泪]//@北京-瑗玉: 112，101，342，382，115，402 //@墨尔本大躲闪:2、5、106、109、112、110、115、403 //@张民----彼得张:24路110路103、104、111 //@墨尔本大躲闪:3路8路,0,human,train,zh,10,weibo,0
这场雪...冷死了...[泪]@只抽半支烟的小昕,0,human,train,zh,1,weibo,0
浮华的产业，看谁能笑到最后！[晕],0,human,test,zh,1,weibo,0
朵儿咖啡，我来了[爱你][带着微博去旅行]今天周五还吃到了手指泡芙，和电影中的场景一样哎。富锦街有有很多小店可以逛逛呢。很悠闲，小资风的一条街道。,0,human,test,zh,1,weibo,0
[给力]@_清粥小菜_:回复@1917微会所:走一个[爱你] //@1917微会所:@张晨初艺术空间 小鱼6364 @京城浩子哥 @京报刘洋 @天津郭佳杰 @台?假期V @京毅的地盘 @麦舒适大掌柜 @林恒毅 @暖乐佳张艳朝 @吉娜喵喵 @_清粥小菜_ @他们总说 @新东方王亦博 @金牌厨师磊磊 @@石小杰微博 @核,0,human,test,zh,18,weibo,0
粉粉们吃的开心满意，最重要哈！！[爱你],0,human,test,zh,1,weibo,0
[抓狂]打?信箱，?卒。。。,0,human,train,zh,1,weibo,0
必须是活埋 //@进城小农民: @周瑭  //@王东Money:[哈哈] //@仁达方略王吉鹏:[哈哈],0,human,train,zh,5,weibo,0
也没去。。。//@林萍果Sophiapple:@小--秦--秦  当年怎么没带我去[抓狂][抓狂][抓狂][抓狂][抓狂][抓狂] // @环球音乐榜 : 全世界最美的???――Stuttgart-City-Library,0,human,train,zh,6,weibo,0
[哈哈][泪][衰],0,human,train,zh,1,weibo,0
热烈欢迎四辈儿先生加入微薄。。[鼓掌]@甜硪滴?人,0,human,train,zh,1,weibo,0
靠！//@月之海: 只要你上班，这个钱不交都不行//@AA_蓓蓓: [哼][衰][衰][衰],0,human,train,zh,3,weibo,0
@忐忑叉烧包 妞，生日快乐啊！没来得及回北京给你过生日，但我的心一直在你身边！[偷笑][偷笑]祝新的一年顺顺利利，要啥来啥（亲，你懂的！）！我就快回去了，北京见?[爱你][爱你][爱你][蛋糕][蛋糕][蛋糕][蛋糕],0,human,train,zh,2,weibo,0
//@雷锋网: 连续58年不中500万大奖的概率≈99.95%。我一定要试试。[哈哈],0,human,train,zh,2,weibo,0
瑞典开始测试6小时工作制了！！ 他们表示。。希望6小时工作制可以减少员工的病假，提高他们的工作效率。。 最终起到缩减国家开支的效果。。。。北欧的福利啊[泪],0,human,train,zh,3,weibo,0
#汪汪寻美食#吃了两天港餐厅，终于吃上了正宗重庆火锅，还买着了最爱的小啤酒，太幸福了[亲亲] 我在:http://t.cn/8kIADC4,0,human,train,zh,2,weibo,0
[蜡烛] //@无敌土肥圆:[泪][泪][泪][泪][泪],0,human,train,zh,2,weibo,0
朋友竟然也能瞬间变成同路伙伴，看来有些事是会成为一种无形的运道，不断传染下去的。[嘻嘻],0,human,test,zh,1,weibo,0
[泪][泪][心],0,human,train,zh,1,weibo,0
@金陵周华 //@皇嘉冷艺: 回复@在路上寻找秘密:[哈哈][哈哈] //@在路上寻找秘密:虎皮鸡蛋有10来年没有吃过了，回想起那个味挺香，皮挺脆......,0,human,train,zh,4,weibo,0
[给力] [给力] @海棠秀官方微博:[鼓掌]万众瞩目~！,0,human,train,zh,3,weibo,0
参加活动前需要补充能量，好天气简易的午餐都觉得满足。加油，打不倒的小强[哈哈],0,human,train,zh,1,weibo,0
//@寂寞酷客单身攻略: //@许辰麟: //@今日上海热点:大家有钱的出钱，有力的转发！转发一下就1秒的时间，就有可能挽救一个原本幸福的上海家庭。@上海风水先生老崔 @小?音 @C2K-KGB机枪天使 这三位上海模子各出1000，现在悬赏奖金已经到了6000元，大家继续帮忙扩散！谢谢所有转发的兄弟姐妹！谢谢[泪],0,human,train,zh,6,weibo,0
[吃惊][怒][怒][鄙视] //@薯唛:应记，佛山人的痛[泪][泪] //@饮饮食食_iNeS:讲真，应记唔好食......而家仲要将人地食剩??回炉再处理，?孤寒就唔好系佛山开分店开到四围都系啦！佛山?食货注意啦！@尚豆小厨 @薯唛 @飞越迷雾者 @家俊邱,0,human,train,zh,6,weibo,0
【2013新娱乐上海草莓音乐节#免费拿好礼#】你来#上海沃画报#媒体展台看我们了吗？最后一天还剩下近百份大礼，我会告诉你中奖机率超高吗？不见不散咯！[爱你],0,human,train,zh,1,weibo,0
温润如玉[鼓掌][good]//@珠莉zhuli: //@九转灵山: 转发微博,0,human,train,zh,3,weibo,0
@张智富@徐饱饭XY @雨小小小小雨 求票[哈哈][哈哈][哈哈][哈哈],0,human,test,zh,3,weibo,0
早饭一个汉堡不够，还得吃一碗菜[嘻嘻],0,human,train,zh,1,weibo,0
very感动，一切没有什么大不了的~！彼此珍惜彼此尊重//@咩咩_meng：[泪] //@Wsx879：@小君君?,0,human,train,zh,2,weibo,0
回复@著名精神病:[泪]我收到后是该笑呢还是哭呢 //@著名精神病:尊好,0,human,train,zh,2,weibo,0
气死了！停个车受气！终于明白啥叫穷凶极恶[怒],0,human,train,zh,1,weibo,0
用mini改的 //@李开复:在北京敢坐，因为反正车子动不了~ [衰],0,human,train,zh,3,weibo,0
十四呀，还可以比“ 指腚2 ” ！ //@林更新:2到花儿也谢了[哈哈],0,human,test,zh,5,weibo,0
用心所写记忆里关于爱的味道，用心经营自己的生活，暖暖的话语，暖暖的食物，暖暖的慢慢回忆，适合安静的独自享用[心]@烤面包的gogo 的新书《记忆的味道》，带我走入她的回忆里，这样一本书也打动了我内心深处自己的念想。谢谢gogo给我带来的暖暖的感动。。亲爱的书写的真的很棒哦！！[爱你],0,human,train,zh,2,weibo,0
蒙奇奇的朋友[嘻嘻],0,human,train,zh,1,weibo,0
已?不知道第几?人?我是不是朝?族的了。?到台?腔跟朝?族的??口音那?像?[泪],0,human,train,zh,1,weibo,0
干嘛要[衰]黑我大国产混合油电。。,0,human,train,zh,1,weibo,0
同情同情[抱抱],0,human,train,zh,1,weibo,0
诶，难道这是总结版，代表自己觉得大众自动档、黄金、汽车材料都触底线，但dsg太老生常谈了吧也。别的见怪不怪了伐，无感 //@清幽雨巷:安卓版手机[泪]，没有职业道德……[怒],0,human,train,zh,2,weibo,0
分析比较全面，数据还是有很大的参考价值，就是写报告的童鞋们还需要在专业水平上加强噢，加油继续关注[嘻嘻],0,human,train,zh,1,weibo,0
#食在旅途 实在板扎#【来云南不得不吃的美食】1.青椒松茸:昆明名菜之一；2.凉拌米线:新鲜又美味; 3.云南米酒:天然醇香；4.红烧鸡枞：名贵野生食用菌；5.过桥米线：来此必吃；6.稀豆粉：带有天然松树清香的味道;7.汽锅鸡:独特风味的滋补名菜；8.黄焖鸡:香气扑鼻。想吃吗？[抓狂]via@云南旅游美图美博,0,human,test,zh,3,weibo,0
在西双板纳的市区住着，又听到的公鸡打鸣，中魔怔了。[晕]今天要回府了，我家大院都有啥动静？快忘了！,0,human,train,zh,1,weibo,0
这个确实大部分人都不会读、、、[哈哈][哈哈]//@襄阳高新区新闻:学习！,0,human,train,zh,1,weibo,0
"Mon dieu !!! Aidez - moi~ [抓狂] C`est pas difficile d`écrire 1 rapport. Mais, trop de choses à chercher...construire...penser...[泪] @巨ta @我是李三友",0,human,train,zh,21,weibo,0
我的长假很开心？[嘻嘻]我的长假不尽兴？[抓狂]不管你是哪样，周六来看大本营，让陈奕迅为你的长假收个好尾吧！[哈哈],0,human,train,zh,1,weibo,0
在南极还串了个门儿，滋润啊你们！[嘻嘻],0,human,train,zh,1,weibo,0
出差几天，衣服没洗，要没衣服换了[抓狂]，一会到家该半夜洗衣服了,0,human,train,zh,1,weibo,0
回复@雨晓薇:我代表晨曦的家属对你的慰问表示感谢[泪] ，铁扇黄连揭短团得团长都来了，感动呀[泪] [泪] //@雨晓薇:我是铁扇黄连揭短团的一员，我表示深切的祝贺,0,human,train,zh,4,weibo,0
哪里还有更 欢乐 的办公室，上图，把这些潮人比下去[哈哈]//@valen歪小伦: 必须要有对比！,0,human,test,zh,4,weibo,0
要让管钱的开心吗[亲亲]，点这个链接哦http://t.cn/zj6tnY7[话筒],0,human,train,zh,1,weibo,0
好有爱~给我们挪威三文鱼画个画吧~[太开心],0,human,train,zh,1,weibo,0
每次看见这种动物，都会不由自主的浑身颤抖[衰],0,human,train,zh,1,weibo,0
[吃惊]这个移民了，会被算重金属走私吗?//@六六: //@张欣: OMG[抓狂][抓狂] //@环保董良杰:不比不知道，一比吓一跳，原来我们体内的重金属确实很高！能移民到纽约的应该吃喝都不错的－－还如此之高，这让贫贱不能移的童鞋们情何以堪？,0,human,test,zh,4,weibo,0
这配图没看懂//@没有魔戒的咕噜:绩效不好做啊[泪]@黄晓靖XiaojingHuang@张希春Anthony @Alex_兴,0,human,train,zh,2,weibo,0
就晚了一个小时，嘛门票都没了[泪] 花一百块做点好事顺带听段相声的美梦就酱紫破碎了。,0,human,train,zh,2,weibo,0
?//@耳朵MM: 明天动工[哈哈],0,human,train,zh,2,weibo,0
这次是写哪个省阿[嘻嘻],0,human,train,zh,1,weibo,0
【#黄金100秒#微直播】[偷笑] 陕北姑娘崔苗把杨帆也打造成了陕北帅小伙，她能让杨帆也拥有一副陕北好嗓子吗？（变装秀详见图片[哈哈] @杨帆闪闪亮,0,human,train,zh,3,weibo,0
想出行的计划彻底落空了，下个月的事情安排的满满的，哎。。。计划总是赶不上变化啊。烟花三月下扬州。。。。明年的吧[泪],0,human,train,zh,1,weibo,0
#新鲜分享#直击美国农民的悲惨生活..........太悲惨鸟[泪] via农享网官方微博,0,human,train,zh,2,weibo,0
表弟时代！???????? //@王星餐饮品牌策划人:践行三个代表 //@日下客:表哥还没谢幕，表弟又登台了，转 //@箫_遥:表弟要火。 //@任志强: 好表。 //@蔡鸿岩:继续代表[哈哈],0,human,train,zh,7,weibo,0
曾经有一个免费环游世界三十天的机会摆在我的眼前，我没有做好充分的准备，如果上天再给我一次重来的机会，我会????????，错过了这次机会有些遗憾，提前祝福最终获胜的异国情侣，期待你们的精彩直播~也期待@港龙航空 下次的精彩活动！当然还是获得一个意外惊喜，一如既往支持@港龙航空 [爱你],0,human,train,zh,3,weibo,0
支持～[嘻嘻] //@小美ceo:Great..大家要??院支持！,0,human,train,zh,2,weibo,0
太暖和居然有蚊子了，夜里被咬醒了，胳膊一个大包[怒] //@老沉:转发微博,0,human,test,zh,2,weibo,0
贵族!还有一种解释，有一次我们在婚礼现场拦住一位挡在摄影机前张牙舞爪拍照的大婶，大婶对我们的行为灰常不满，咆哮：【你们知道吗，我是他们家请来的贵族】…//@麻辣隔壁七游唤嚼:骗人，不久前我还见你推着电车跟一群人奋勇过马路了！ //@江枫de渔火:我也快了[嘻嘻],0,human,train,zh,2,weibo,0
小编！你这么调皮，你妈知道吗？[哈哈]//@赢微博: //@杨伯溆://@徐泓xh:央视弱智到如此程度，可悲。i//@中青报曹林: 估计这条微博会被很多人举报发布虚假信息了：）[哈哈],0,human,train,zh,3,weibo,0
女同学为沙拉流口水，男同学都为美女流口水，鉴定完毕[抓狂]//@穷游网:#穷游美图# The Salad Concept 的美女店主Pye正忙着招呼着客人。在“辣”味当道的泰北菜中，炸食和肉类是主要食材，而Pye的沙拉店更是健康饮食方式的理念。―― 清迈图记。,0,human,train,zh,6,weibo,0
加班到8点，一个人饿着肚子打车回家[泪],0,human,test,zh,1,weibo,0
回复@徒步自行:面包是柴同学的！[嘻嘻] //@徒步自行:实话实说，当时真是太冷了，要不是老师不断鼓励，加上吃了@雪影07987 一块面包?，自己可能坚持不了。但是最后我们都坚持到了那个最美丽的动人瞬间！我们很自豪！@Riquelme_Gu @单姥爷 @karew @郎雪峰,0,human,train,zh,6,weibo,0
谁说财务木有幽默细胞 //@syt_doc: 哈哈哈//@马靖昊说会计: 笑抽了不能怪我，朋友们，晚安！//@远征的孤独者: [哈哈]再见工程，最后没忍住，彻底笑抽我了,0,human,train,zh,5,weibo,0
空?真好[嘻嘻],0,human,train,zh,1,weibo,0
热烈欢迎第三位吃客 @茄子加油 ，茄工现在做IC设计类工作，他曾是最早尝到俺美食的亲吧？在太中后面某地下室，酒精炉、方便面 ，还有咱娘的米汤！  O(∩_∩)O哈哈~  [鼓掌] 欢迎！欢迎！,0,human,train,zh,7,weibo,0
把你们丫的都拉黑[挖鼻屎] //@billie爱巧克力:嘿！不说不觉得，一说还真像诶！//@七妙:@羊小铮 这算是第几个了？[泪]//@梵尘之外: @七妙 我知道你Y肯定不爽，但是我还是想说，你跟王晶好像~?@Tiffany鹏鹏 @匆匆一瞥轻描淡写 @乔总，找不到你微博了~~,0,human,test,zh,7,weibo,0
[鼓掌]//@沈小点: 好爱王大仁,0,human,train,zh,2,weibo,0
搬个板凳看热闹 [哈哈][偷笑]//@RukMaiMeeWantay_K:[哈哈][哈哈] 吵起来吵起来//@Vampireprincekimi: 哼[怒]] //@Ciky的角落:再说了，你胃穿孔，这些食物不适合你，等下次有机会喝砂锅粥的话会叫上你来买单的//@Vampireprincekimi: 我还不去了 有撒了不起 //@屠大大-欠扁:哈哈//@Ciky的角落,0,human,train,zh,8,weibo,0
阿弥陀佛，乐哉乐哉！//@ctrip丁小亮: 你太牛X了，居然可以连续跟拍到凡人俗子的生活照。得给师傅瞧瞧[哈哈][哈哈] ＂山下的女人是老虎＂，千万不能往庙里带。,0,human,train,zh,3,weibo,0
我这是应景，回归天然嘛，哈哈，今天我就是@海吃海喝找海哥 的临时麻豆 //@菁制美食:大家都说如果说某某山泉有点甜的话，那这个水就是甘甜了。我看到猪猪们也是对着水龙头这么喝水的~[哈哈] @悠悠Daniela,0,human,train,zh,4,weibo,0
专业电商讨论微信很起劲，但一个无情的事实是：99%的企业不知道用哪个手机来做微信电商。一个看似不是问题的、很低能的问题[哈哈],0,human,train,zh,1,weibo,0
这天气你们都是战士 //@北京老五四季涮肉:[嘻嘻]又到了涮肉的好时机啦。。。,0,human,train,zh,2,weibo,0
言情还是惊悚？[晕] //@黄金家族微博:真事？小说？ //@wancongyun: 感动 //@以勤修为:转发微博,0,human,test,zh,5,weibo,0
[鼓掌][鼓掌][鼓掌] //@黑子张骏:今夜是一个充满爱的夜晚，每一位义捐、义买的艺术家、收藏家的行为都令人动容！,0,human,test,zh,2,weibo,0
两盒口服液要五十多，生病都生不起了[泪],0,human,test,zh,1,weibo,0
梁家辉难道不应该唱双飞燕么[晕],0,human,test,zh,1,weibo,0
sushi之后，塞好耳机找个安静的地方看书，体会Andy的历程，这样是不是很好@吕依一 [酷][太开心][鼓掌][咖啡],0,human,train,zh,2,weibo,0
BBQ 啥时候？ //@双鱼座的KIKI:恩 BBQ后安排个after party[鼓掌][鼓掌] //@CocoCheong:需求明确，批准了[哈哈][爱你] //@countrypig:特别想唱李代沫&郑虹的如果没有你！班委组织唱歌吧[鼓掌][怒骂][耶],0,human,train,zh,7,weibo,0
#新鲜旅人看海南# 【新年伊始海南度假 日出日落美景情】“守着这椰林、守着这湾――日落或者涛声的日子，定是不可以忘记的。那就记录点什么吧，快门优先！”――摄影by边走边画。主页君始终觉得美景与人心的结合都会反映在这镜头里，你们感受到了摄影师对海南浓浓的爱意吗？[爱你]http://t.cn/8Fulgsl,0,human,test,zh,3,weibo,0
#随手拍美食#小博女跟同学去吃过，跟主妇念叨之后就惦记上了，果然是有个性的煎饼呢！这回先从是原味的吃起，最正宗的煎饼果子要卷油条，油条是老板每天新炸的，好久没吃到好吃的煎饼果子啦，一口一口咬下去，吃到噎的那种感觉，[哈哈]的确很赞！地点在西四北大街214号@美食推  http://t.cn/zYdHalh,0,human,test,zh,2,weibo,0
[泪]好难过……要不大家给老人凑凑……//@猫扑:[泪],0,human,test,zh,1,weibo,0
给您拆门开窗，请出深山[笑哈哈][江南style]//@湘夫人: 回复@老聂:窗都被你们开坏了哈[笑哈哈] //@老聂:回覆@湘夫人:狂开窗 //@湘夫人:回复@有福社长:昨晚喝了点茶 莫非有尼古丁？[哈哈] //@有福社长:[笑哈哈]昨晚种么了这是，诗兴大发啊[赞],0,human,test,zh,6,weibo,0
我巨想哭啊，巨想草泥马啊，伤不起，伤不起，，，，，，，，，，，，，，，，，[泪],0,human,train,zh,1,weibo,0
[ppb鼓掌]走起，劳动最光荣了[哈哈]//@眯眼2010: @培培Lee @红色衬皮肤 要不要走起？？？,0,human,train,zh,4,weibo,0
[偷笑]//@微博Carl: 男生要会摄影[哈哈] //@SharonXUshaN:不用找摄影师！找一个懂摄影的男朋友就好！@flora小母鸡_ICS //@01eip:shenan的翻译水平了得啊！,0,human,train,zh,4,weibo,0
超市一哥们问我为什么中国小孩子那么能吃 父母每次买那么多箱奶粉。我说他们是邮回中国。他说邮费那么贵他们太不懂省钱了。我心里流着泪默默地说是你太不懂中国了。[泪],0,human,train,zh,2,weibo,0
天津的排水系统真厉害，这司机真勇敢[晕],0,human,train,zh,1,weibo,0
为什么大型车辆造成的事故那么多，就治理不了吗[怒],0,human,train,zh,1,weibo,0
吃货们一定不会这样，事先做点功课那还不是分分钟的事儿[酷]//@扭屁屁呀钮PP:@nico你抠抠 [怒][哼][睡觉][睡觉][睡觉],0,human,train,zh,2,weibo,0
也中标了。[怒骂]//@邹学勇-: 啊！！不喝啤酒，后来就经常喝果粒橙呀！！ //@云知不知道:果粒橙啊，悲惨，天天喝[泪][泪][泪],0,human,train,zh,3,weibo,0
@陆新之 @陆苏的落花流水 @曾子航 [哈哈][爱你]爱特三个好友即有中奖机会，从业十年从未中过自己出版的书。我这辈子看过的朋友，请为我祈祷吧,0,human,train,zh,4,weibo,0
//@王其明://@上海精一国学书院://@章森: //@竹子姐姐的微博: 人类俨然把自己当成了主宰者，自然的悲哀！//@陆亚明:问得好！[怒],0,human,train,zh,3,weibo,0
我们从小就被统一思想了[怒],0,human,test,zh,1,weibo,0
[哈哈][哈哈][哈哈]//@欧美二线品牌:下一句难道不是紧抓着我的手//@顾惜之: [哈哈]//@一汪空气: 哈猫吗 //@温家这货竭诚为您发神经:哈//@XIXI在看书不不很狂躁: 噗//@不知道换什么ID好:HHP //@14年还要看亚麻啊:233333//@盼钱盼帅哥盼时光穿越: hahahaw //@有问题就问樱井百事通:哈哈//@发财素包:2333,0,human,train,zh,8,weibo,0
@super博琪仔 儿童节无限2B各种文艺无辜奸诈~[兔子]我拒绝和美女照相[鄙视][衰][泪]~~,0,human,train,zh,2,weibo,0
哈哈，太搞笑了//@Gemini_NANA：再不填就有问题了[嘻嘻] //@卢小优:[衰],0,human,train,zh,2,weibo,0
[围观]形式主义//@甘利: 上次一女孩很蛮横，拒绝把包放进去，结婚那女保安话都没敢说，看她直接进站………这安检纯粹欺负老实人。 //@刘旭小同学:同右边，洗包还得花钱。[衰] //@沈亮-Leo:不是我不想安检，那传送带真心很脏！！,0,human,test,zh,4,weibo,0
【#非常了得#柳岩出写真？】[神马] @郭德纲 出了新书《过得刚好》，这不，本期节目一开始，便和@孟非 放下狠话，说要在年底出一套四位主持人的书籍套装[哈哈] 还现场吆喝起了@柳岩 ，争取出一本写真集，到时候再加上@姜振宇-微反应 ，一起回馈广大观众。http://t.cn/zQ6ZisX,0,human,train,zh,7,weibo,0
大号的运动裤，穿上象紧身裤，有点忧伤。昨天过完生日吃过最后一顿丰盛的，今天开始减肥吧[衰][衰][衰],0,human,train,zh,1,weibo,0
回复@杨十一女侠:我听着都[晕]了[哈哈]//@杨十一女侠:恩。另外再赠送两瓶地道的六年西凤酒//@广播人沈雷:留点[哈哈],0,human,train,zh,1,weibo,0
[good]//@山药哥赵作霖: [哈哈]可以考虑//@吴尚纹:下一步是否要出个山药2.山药3，山药4，山药4S[偷笑],0,human,train,zh,2,weibo,0
那些电梯里抽烟，在人堆里抽烟，在饭馆里抽烟，在公用厕所里抽烟的，不让别人吸你的二手烟，才是衡量绅士和淑女的标准！[怒]//@薛蛮子: 转发微博,0,human,train,zh,2,weibo,0
， //@天涯藤爬藤:[怒]//@言之不足:再转！//@左小祖咒:！,0,human,train,zh,2,weibo,0
六年了[泪],0,human,train,zh,1,weibo,0
晓荷今天被打晕了[泪],0,human,train,zh,1,weibo,0
#敢吃逗你玩#――这坨饭团神一样的存在着，你敢吃么[衰],0,human,train,zh,1,weibo,0
太残忍了。[怒]//@快疯的乐子:转！ //@戈非:看得老子胃痉挛//@greenwall://@唐蕾小酒馆: 不敢看，转！[伤心]//@愚公移山的狗子: //@蜜三刀雷骏: 应该做的！必须的！//@英腾网_Warren_Ching: 谢谢鼓手， 谢谢蜜三刀！！// //@丹---丹: //@拯救黑熊取缔熊胆: 2012最痛苦声音――归真堂黑熊惨叫,0,human,train,zh,10,weibo,0
想熬夜看开幕式但明天还得工作的我终于要睡觉了[泪],0,human,train,zh,1,weibo,0
回复@胡小薇的天空:教?你往前走。//@胡小薇的天空: @饭看看安:先生晚上好，心里总觉初恋时不谙世事，没有处理好感情，分开后才知当时人才是最适合自己，但斯人已离去，是否应该奋勇回头找寻？年轻人“但是”太多，无数但是请先生脑补[嘻嘻]（转自@蔡澜微博知己会）,0,human,train,zh,2,weibo,0
"我承认一段时间不吃这些个货,就手足无措,浑身头疼,非吃不可!在加拿大做船晕头转向我怎么就在这儿吃不上的时候想吃这口了呢![汗][哼][馋嘴][泪]",0,human,train,zh,1,weibo,0
这是态度问题[哈哈][哈哈][哈哈]//@柒弥是个记忆匣子: @三摩地帮主 今天吃的可积极了[嘻嘻],0,human,train,zh,3,weibo,0
回复@剑眉枉凝:[哈哈][给力],0,human,train,zh,1,weibo,0
参加#途秀超级达人泰国行#的亲们，有几点参赛注意事项：1、记得关注@途秀 ；2、投稿质量越高、数量越多，转发数越高，获奖几率越大；3、推荐他人记得转发原微博并@ TA，推荐者有机会获得8G优盘哦。付出总会有回报滴，奖品，快到碗里来！[嘻嘻],0,human,train,zh,3,weibo,0
回复@Steed的围脖:谢谢亲爱的科学文艺帅哥！[怒][爱你] //@Steed的围脖:生日快乐！ //@茜吉尔:低处起航，高出?望~[可爱][微风]  //@温暖的骨头:[蛋糕]生日快乐，继续飞翔。  //@茜吉尔:宝哥哥?你总有办法同戳泪点和笑点[汗],0,human,train,zh,5,weibo,0
那就＜＜小拜年＞＞吧[哈哈][哈哈][哈哈] //@编剧陈凯:兄弟，下次必须整个领衔主演，集集都有你，我上完厕所回来，电视上还是你，是你是你，还是你[抓狂] //@演员孙仲秋:我那么招人恨么！[汗] //@Kylin_D判小官:我隐约感觉…毛利…活不大长= =。 //@徐纪周的微博:@演员孙仲秋,0,human,test,zh,6,weibo,0
[嘻嘻]去哦无法推辞//@何?雄Simon: 可?的上海球迷！！！[晕][晕][晕]//@林本剑:中国足球剧情很雷人,0,human,train,zh,2,weibo,0
值得尊敬的VC[赞] //@童玮亮:和兄弟们一起在路上！[嘻嘻] //@林森70:戈壁的哥们都很好@徐晨 @童玮亮 @MayWang戈壁 //@王定标:敬礼！敢这么说，是营销（定位），是自信！,0,human,test,zh,6,weibo,0
感觉好久没有聚在一起了@2012级中国传媒大学文学院 或许有人也不稀罕。。哼哼[酷]小插曲让计划好久的见面匆匆进行，不过看到大家的近况就好。不用搜啦，没有意义。大家精神状态好最重要。欢迎大家以各种方式和我交流，但。。你们懂的[哈哈]一起加油！[呵呵][爱你]PS：有人带相机，忘记合影啦。。,0,human,train,zh,2,weibo,0
哈哈哈?光棍的圣诞节，都是笑中带泪啊?[哈哈],0,human,train,zh,1,weibo,0
青幽的古屋塘畔，带着一丝古朴[嘻嘻][嘻嘻][嘻嘻]@大嘴星级之旅 @文萱fion,0,human,test,zh,2,weibo,0
#瑞丽之星时尚之旅「台北行」#D3今天终于来体验高铁了，昨晚做梦都在想着痞子英雄的经典桥段，我还记得追剧的那年，仔仔，陈大发[偷笑]怀念一下哈 aaaa，台湾的高铁进隧道的时候是有信号的[晕][晕][抓狂],0,human,test,zh,2,weibo,0
“自救”这个词的体现 //@布什说逆咋才来捏:[哈哈],0,human,train,zh,2,weibo,0
谢谢@明天远航  ，期待好书[鼓掌]//@明天远航:公布9月4日《离家小兔》中奖名单啦 @幸福像实惠儿一样  @牛人甜甜的微笑 @美美1079 @一生好运呀 @妮子樱桃 @倪小姐IN_SHANGHAI @奔跑的马妮 @xuanbao520 烦请以上中奖者速速私信我们地址，我们免费快递哦(没中奖也不要灰心~每天都有哦）,0,human,train,zh,11,weibo,0
［8月14日湛庐kindle年中庆］大众投票第[5]天：不得了！参与大众投票的庐客已经快破300了！而且除了＜大数据时代＞＜需求＞蝉联前二，＜系统之美＞完美逆袭，冲到第三了！之前的＜全新思维＞＜无价＞怎么办？三票之差的＜大而不倒＞，五票之差的＜牛奶可乐经济学＞怎么办？[泪]大家加油投！,0,human,train,zh,1,weibo,0
@嘻哈包袱铺侯振鹏 @卢连德敬天爱人  //@金牌厨师--磊磊:  @侯宁 @于丹经典语录 求助@大班家政  //@神舟国际酒店:回复@减压快乐驿站:[泪] //@减压快乐驿站:[怒] //@神舟国际酒店:[怒] //@神舟国际酒店:[怒][怒][吃惊] //@神舟国际酒店: [围观]转告家人[围观],0,human,train,zh,12,weibo,0
@伤心铁丝-行者老谭 能打7折？给我也办一张啊[嘻嘻]//@冯雪cindy:回复 @刘志勇hunt:会员卡20元／张，随意买，很方便 //@刘志勇hunt: 7折会员卡?没听过他们家还有这么低的折扣呢，还真成你们家食堂了[嘻嘻],0,human,train,zh,5,weibo,0
@刘有凯 生日快乐！祝火穴嗨置[哈哈][蛋糕][蛋糕][蛋糕][蛋糕] 我在:http://t.cn/zTu6ZNP,0,human,train,zh,3,weibo,0
对人还是对钱啊[哈哈],0,human,train,zh,1,weibo,0
回复@HiHazel:被吵醒继续刷微博[晕] //@HiHazel:[衰][衰]又有票送啊... 下次有话剧票叫我呗... [害羞],0,human,train,zh,4,weibo,0
马刚杀完鸡，舒坦。。。俺的脚成香足啦～～[偷笑] @喜琳 你杀得如何？薄荷真8赖哈～～[哈哈] @宿务太平洋航空 http://t.cn/zOZqtLJ,0,human,train,zh,5,weibo,0
回复@一?瑜W:?你?得。//@一?瑜W:还是用啤酒盖割，哈哈，太有才了//@蔡?:回复@奥珠珠:哈哈。//@奥珠珠:蔡先生，每晚都在电视上看岳华先生的演出，想起你作品中写与他共分罗卜干[嘻嘻],0,human,train,zh,1,weibo,0
郁闷。。烦躁。。焦急。。无奈。。这是怎么了。[晕],0,human,test,zh,1,weibo,0
看来不用跑了，没准20楼变成2楼也不一定。 //@阿誉菜品设计总监:回复@博斐秀禾李正熙:如果有也跑不下去20楼啊！[泪][泪][泪][泪][泪][泪] //@博斐秀禾李正熙:准备闪,0,human,test,zh,3,weibo,0
哦！原来如此！//@脱不花妹妹: @方希-FANCY 我觉得这个释义倒是满厚道的//@牛秀元: 哦[嘻嘻],0,human,train,zh,4,weibo,0
今天天气太好了，心情无比舒畅[哈哈]???,0,human,train,zh,1,weibo,0
不是说要降油价吗？灯都亮了，但发改委还没动静。[抓狂][抓狂][抓狂],0,human,test,zh,1,weibo,0
转[怒][怒][怒] //@何熠023: [怒][怒][怒][怒][怒][怒][怒][怒][怒] //@脚板娃:[怒]//@神的孩子?混在一起: 十大酷刑[怒][怒][怒]//@朱小枪:大刀向鬼子们的头上砍去！ //@cici嗡嗡嗡嗡嗡嗡嗡嗡:我日 拖出去毙了//@当律师的陈刚://@戎戎日记:转发,0,human,train,zh,7,weibo,0
病来如山倒，不用上班反而卧床不起的节奏。幸好昨天打包了一堆吃的。[泪][泪][泪],0,human,train,zh,1,weibo,0
终于有本地人带我出来喝酒了！[泪] @北啡咖啡,0,human,train,zh,2,weibo,0
迷路的土豪吧。[嘻嘻],0,human,train,zh,1,weibo,0
【#我爱满堂彩#――相声大讲堂】昨天《相声大讲堂》没给大家讲课，大家有没有想念小编呢？[偷笑] [偷笑] [偷笑]今天相声大讲堂继续为大家讲课，今天讲的一种组织笑料的方法叫：强词夺理。没想到吧，强词夺理也能产生“包袱儿”。详情请看图[哈哈] [哈哈] [哈哈],0,human,train,zh,5,weibo,0
//@徐小平:真令人着急，假如这是真的，这些警察和日本鬼子、土匪强盗有什么区别？//@王巍w: //@李文的围脖: [怒],0,human,train,zh,3,weibo,0
[哈哈]小时候咱们都吊爆了 //@jerryh:[哈哈],0,human,test,zh,2,weibo,0
//@老花眼看天下: 又是城管！//@中国老陌: [怒],0,human,train,zh,3,weibo,0
说实话，我还挺喜欢星尚频道的《爱我生活》这首歌的...尤其是彦池的“我爱狗狗”和路易的“我爱读书”，顺带也喜欢这俩主持人了吧~[嘻嘻],0,human,train,zh,1,weibo,0
三石哥，么么哒[心]//@网易应用: 三石哥，么么哒[爱你]//@网易云音乐: 三石哥，么么哒[心]//@网易LOFTER: 三石哥，么么哒[亲亲] //@网易云课堂:三石哥，么么哒[亲亲]//@网易公开课: [good] 三石哥，么么哒,0,human,train,zh,7,weibo,0
送我！[哈哈],0,human,train,zh,1,weibo,0
[哈哈]不怕抄，要抄出特色//@赛赛身边王兴文:哈哈 //@新浪科技:2002年，盖茨手持微软平板电脑，无人问津；2010年，乔布斯推出iPad，风靡全球；2012年，鲍尔默发布Surface平板，人们说他抄袭了苹果。,0,human,train,zh,2,weibo,0
好想试试采摘桂花手工做成的桂花糖哦。哪里有呀~~呜呜~[泪]跪求呀，好想试试是咋样的，吃货的口水求包养~,0,human,train,zh,1,weibo,0
金莲清热颗粒真不是一般地难喝[泪][泪],0,human,train,zh,1,weibo,0
@wo水果多  准么 准么 我不是这样的对不 我是肿木了[泪],0,human,train,zh,5,weibo,0
[晕][抓狂][吃惊]真的吗？元芳，你死哪去了？,0,human,train,zh,1,weibo,0
@小邸电台 @我是王大磊  大磊慌慌张张跑进小花的酒吧里说：“我昨天吧雨伞落这了！” 小花问：“什么样的啊？” 大磊说：“什么样的都行，我这人不挑！”[嘻嘻],0,human,test,zh,5,weibo,0
公民私有财产还有没有保障了？专家的情人老婆两年不碰能不能充公？！！[怒],0,human,train,zh,1,weibo,0
就像我追剧的感觉~~忧伤！！大吼一声?更新的太慢了老子都不想看了！！！！！[失望]//@狮子座-心理学: 等待太久得来的东西，多半已经不是当初自己想要的样子了…[心] 推荐关注@触碰心灵的情书,0,human,train,zh,3,weibo,0
//@央视新闻: 【男孩醒来就吵着找妈妈[泪]】医生介绍，男孩的脸部、颈部和双手烧伤严重，右前臂骨折。每次醒来，就会吵着要找妈妈……由于事发出租车内乘客是拼车，相互不认识，带着男孩的女性身份尚无法确定。小男孩自己说，他叫周施宇（音）或周新宇（音）。转！帮男孩找到亲人！,0,human,train,zh,2,weibo,0
雾霾的日子，适合办公室喝茶干活儿，伴随工地无节奏的打击乐伴奏，明显觉得效率更低了[衰] 我在:http://t.cn/zYgbbWn,0,human,train,zh,2,weibo,0
回复@舌尖上的市集:这些知识大家都出来贡献一下吧…… //@舌尖上的市集:貌似切碎滚汤会造成营养物质流失及农残对菜品的二次污染[可爱][心] //@余地农庄:这个主意不错@舌尖上的市集,0,human,train,zh,3,weibo,0
哈哈 真的很神似哦 曹蛤?//@糖米果de: @Always作瓜 貌似是曹格力~[哈哈],0,human,test,zh,5,weibo,0
[泪]//@艺海张驰: 亲人，老人，我们爱的人，总是无以为报//@新浪重庆:【奶奶含输液管给孙女热药 戳中泪点…[泪]】“这药水太凉，我给她热热，要不打到血管里疼。”[泪流满面]爱，在细微处,0,human,train,zh,3,weibo,0
【跪问[互相膜拜]】鲍鱼、海蟹在家怎么做，做法[抓狂]做法[抓狂]做法[抓狂]做法[抓狂]做法[抓狂]做法[抓狂]做法[抓狂]做法[抓狂]做法[抓狂]做法[抓狂],0,human,train,zh,1,weibo,0
什么时候养小孩变得这个轻松啦，侄女从1岁开始放在我家里养，终于等到她上小学，国庆假期哥哥又将刘宝宝带回来啦，讲落一句帮我教宝宝功课啊，我就成为保姆及教师啦[衰] 什么世界啊......,0,human,train,zh,2,weibo,0
我想我父母当年就这个时候怀我的，然后下年蛇年8月把我给轰出来了，真不容易呀，估计当时我太大了肚子容不下我了。哎、我错过了我父母当年怀我的时间了，难道真不能给我条小懒蛇么！？[泪],0,human,test,zh,1,weibo,0
#Race around the world 幸福的小娇日记# @幸福的小娇日记 小组两朵美丽的绿花花[嘻嘻],0,human,train,zh,7,weibo,0
@西贝西北菜 @西贝白丽  西贝小莜面 ，快到我碗里来！我们滴包间号码很酷哟[嘻嘻][嘻嘻],0,human,train,zh,4,weibo,0
马老湿激动地说：这不是我想要的礼物[抓狂] //@烂泥南：去年没跟你们玩~今年我和@小丽贝尔 一人送了马老湿一个鸡蛋！// @普普子 :是呀！去年你们还给我了一个惊喜~带我去碎花布吹冷风~// @大琳宝 : 就这么着就过去一年啦！// @王富贵儿很销魂 :日乐~,0,human,train,zh,10,weibo,0
去年被罚1700米，今年被罚800米。。。。。。。欲哭无泪[衰],0,human,train,zh,1,weibo,0
[嘻嘻]//@全球电影收录:想想就觉得惭愧[哈哈],0,human,train,zh,1,weibo,0
给底座装上轮子就可以有房车了 //@辽报大咪: 就差个车了。。。[馋嘴] //@王乔-Styleweekly: 大咪也是青年大街金廊沿线有房的高帅富喵了！快，喵妹纸们赶紧来，这个是全款买的！[偷笑][偷笑][偷笑][偷笑]！//@辽报大咪:感恩节快乐，恩，没错！就是跟你说的！[爱你][爱你],0,human,train,zh,5,weibo,0
中关村鼎好，四百，Ipad原装屏，搞定！留个纪念，拜拜啦我的碎屏！[嘻嘻],0,human,train,zh,1,weibo,0
比电子书的开价好多了～//@出版人诗飞: [衰],0,human,train,zh,2,weibo,0
[哈哈]//@小侯子快递: 笑崩了[嘻嘻][嘻嘻][嘻嘻]//@蓝调口琴张晓松: 有个段子：说什么是主唱呢？就是经常跟几个搞音乐的人在一起的那个人。[偷笑] //@李琪Layla:主唱是怎么看待乐手的：伴奏.mp3[偷笑][偷笑][偷笑]@双重麻烦 @鼓手牧仁 //@蓝调口琴张晓松:啊哈哈哈哈哈哈,0,human,train,zh,6,weibo,0
回复@演员邢瑛瑛:我看过几个地方的刘老根大舞台，为啥那么红火？草根性加黄味精，贴近正常生活，百姓开心就好！[哈哈][呵呵]//@演员邢瑛瑛:回复@郭仁宪:是不是我过了？...反正我说对了...[浮云],0,human,train,zh,1,weibo,0
#尚雯婕1222生日快乐#，我们爱每一面的你！[爱你],0,human,train,zh,1,weibo,0
[话筒]开封将在10月18日?11月18日举办中国(开封)第 31届菊花文化节，今年菊花文化节已正式升格为国家级节会。[鼓掌]@郑州旅游局 @驻马店旅游局 @三门峡旅游微博 @洛阳市旅游局 @焦作市旅游局 @南阳_旅游 @信阳市旅游局 @新乡旅游微博 @商丘市旅游局 @平顶山旅游局 @秦时蝶衣 @云台野人 @开封过客酒吧,0,human,train,zh,14,weibo,0
卡酷频道的N多动画都比这货强！绝不会带孩子看，丢人！ //@陈砺志:充分证明动画是创意产业! //@崔斯坦:神作啊，这算当代行为艺术吗！ //@南都全娱乐:“上映一天也算上映过了，就可申请各种补贴，参加官方评奖”，[怒]~~,0,human,test,zh,4,weibo,0
之前是满三天才免费接，现在是住一天也免费接//@纤手人生张明:不是一直都有的吗[哈哈][哈哈],0,human,train,zh,1,weibo,0
"回复@邓?_Baritono:邓哥哥,你好!汪鑫老师这次8月18日的上海音乐会带我去上海表演呢,大概8月25日我会跟着汪洋老师去昆明呢,希望有机会见面! //@邓?_Baritono:我可以再次申请来上海吗！太棒了 太想去现场了！[泪][泪]",0,human,train,zh,3,weibo,0
连连看[嘻嘻]//@尤宪超:现在给连旭老师的儿子征集名字，大家接下去，我开头，连续剧…,0,human,train,zh,1,weibo,0
失联17天，终于M国总理出来说话了，事已至此，愿逝者安息，但我们不只需要一个结果，我们要真相！有154名同胞再也不会回来！[泪][泪][泪],0,human,train,zh,1,weibo,0
好喜欢Liberation这副墨镜啊啊啊！要忍住。要节俭[泪],0,human,test,zh,1,weibo,0
//@愿意彩云南://@三在若水TTXS:[哈哈][哈哈]//@tvxq_Y独孤靥_投票投票投票:我想我鬼迷日眼呢人生最精彩呢就是这个日不拢耸呢青春，还有那几个死眯羊眼呢人。,0,human,test,zh,1,weibo,0
[泪]@李-阿蒙 //@孟京辉戏剧工作室://@小润有声:句句说到我心坎里。我也认为戏剧版比电影版好。文学性更强，想象空间也更大。竟然排出了「活着」的精神气儿，老孟这一次赢得的，不仅是对他才华的肯定，更是对他格调的尊重。但我也很好奇，他的下一个戏，会是继续坚持，还是松懈放纵？@孟京辉,0,human,test,zh,2,weibo,0
[给力][威武][泪],0,human,train,zh,1,weibo,0
[太开心] 发薪水啦[汗] 还中信卡[衰] 还招行卡[害羞] 还小嫂子代购费[懒得理你] I.T置装[思考] 母亲节礼物和红包[生病] 中医诊治开药[酷] 办健身卡[疑问] 胶原蛋白？？还买么？！[委屈] 车险.......[泪] 趁兜里还有钱，晚上吃顿好哒。[可怜] 继续省吃俭用等着下月工资。,0,human,test,zh,13,weibo,0
真好，真美，真羡慕… //@揭秘震惊事件: 除了羡慕还是羡慕。。[泪],0,human,train,zh,3,weibo,0
祝师叔生日快乐~~~~年有今日岁岁有今朝//@爱笑的颜小色：这俩人离死不远了 //@董安娜娜娜_:你们俩背着我和 @爱笑的颜小色 幽会[泪] // @雨晓薇 ：[兔子]等你呢，快来！,0,human,train,zh,7,weibo,0
[怒]//@王小墨2012: //@印象合肥: 回复@小手牵好:[围观] //@小手牵好:给区间留票是应该的，但是车快到终点了，却只有3个人在坐，但外面有那么多人想买却买不到票，这说明肯定有不合理的地方需要改善。一方面资源紧张，一方面却资源浪费，应该反思探讨建立更灵活的机制，让有限的资源得到更充分的利用。,0,human,train,zh,4,weibo,0
我最爱的季节！也是最断肠的都会过去的！[伤心][微风][落叶][太阳],0,human,train,zh,1,weibo,0
大?不是[猪头]，他是[奥特曼]//@大?BiGgUY:人人?人人[抓狂][晕] // @??文 :[挖鼻屎]你?慢些，  @大?BiGgUY   不?用人人?，正在?你update 人人?的他，正在公司?神?。[猪头]是第一天?去人人[偷笑],0,human,train,zh,7,weibo,0
[鼓掌][good][good] //@岚姐e家:四时阳光映花红//@交警李岩: 上联：三月春风拂桃粉），下联:（[鲜花]阳春细雨润花红[鲜花]） //@日照明星:[江南style]//@岚警工会文体活动中心: 转发微博[围观],0,human,train,zh,5,weibo,0
Canadian 亲们，偶奏是喝不惯呢[失望][可怜]@大鲨白 @放手在转身之后 @你丫是我小窝头,0,human,train,zh,4,weibo,0
确实，12缸的。[酷] //@背相机的老猫: @alex_sudong  浅草寺里面碰上的那个老大不就是坐着这种车吗？[晕],0,human,train,zh,4,weibo,0
我可以证明，这角楼基本上姓黄了。。。[哈哈],0,human,train,zh,1,weibo,0
[哈哈]是北京三摩地的出品！ //@宏爱餐饮推广骆颖颖:图片是董大师@大董大懂 的炸酱面？,0,human,train,zh,3,weibo,0
[哈哈]在这个拼人品的时代＂  Congratulations! You have been selected to register for the 2013 Bank of America Chicago Marathon.＂,0,human,train,zh,16,weibo,0
有在首都机场附近的朋友吗？能说说你们那里的天气咋样不？现在还打雷下雨不？17：30分左右，我乘坐的飞机在北京上空盘旋一圈后，18：30把我们备降到石家庄了。说是因为北京天气原因，在乘客的追问下，机长才说是雷雨覆盖原因，可是备降后，我北京的朋友都说没下雨啊！我今天还能不能回北京了？[泪][泪],0,human,test,zh,1,weibo,0
#旅途中的那些事#之八[可爱]一个人去巴厘岛 在当地找了一辆车和一个导游 叫Ken 当地小伙 英文中文都Soso Ken很温柔 我们相处的很愉快 最后一天 他迟到了两个钟头 我气坏了 一路都不理他 我们就这样气鼓鼓滴分别了 不知几年后 一天我的微信上跳出一个陌生人  「Lu  I am sorry」 「I am Ken」,0,human,train,zh,21,weibo,0
先吃蝴蝶结//@ZNQ-左左: [可爱]先吃跟,0,human,train,zh,2,weibo,0
//@第一现场微播:被爆虐童至死幼儿园园长江慧珍狂言“你奈何不了我”，嚣张盖过“我爸是李刚”！http://t.cn/zYRE9f3[怒],0,human,test,zh,1,weibo,0
me more say cool[衰]不会是棉毛衫裤吧[汗],0,human,train,zh,4,weibo,0
[爱你] //@Victorou812:回复@黑米粒:速度马克去@RolLeica_Ann //@黑米粒:@新浪旅游@一图一世界@海鹏鹏@realchi@贵州省旅游局@梵净山景区@旅评网@Victorou812,0,human,train,zh,3,weibo,0
[哈哈]//@华尔街日报中文网: //@袁莉wsj: 【男性常常移情别恋：36%的受访男士表示他们每周都会找到新的令其迷恋的房子】[哈哈],0,human,test,zh,3,weibo,0
想文艺就不能带小盆友去！各种乱的说[泪],0,human,train,zh,1,weibo,0
熟视无睹 //@taohui:下个月要去一趟。 //@中国最美的乡村婺源:恩！真的太美。[哈哈][哈哈],0,human,train,zh,3,weibo,0
[可爱]加油！行走的正能量[心],0,human,train,zh,1,weibo,0
我是最不??人?心的一枚[泪],0,human,train,zh,1,weibo,0
#达人揪团带路 台湾自由行##深夜发吃报复醒着的人#大叔我在台北夜游神似的逛饿啦[泪]扑向大名鼎鼎的@林东芳牛肉? 大夜里还有许多人打车往这儿赶来吃地道的台湾牛肉面、我也排队候着！吃一大碗半牛半筋面我真格的舒坦啦！你们都睡啦？不来吃点儿？[馋嘴][偷笑]@个人游台湾  http://t.cn/zQEeKhU,0,human,train,zh,4,weibo,0
"唉！[泪] //@央视向龙:从此重新认识双刃剑的含义~ //@sayhello薛亮:""亮贱""呗~露出齐b来~好啊~//@Carl_Armen_凯_默吟: 转发微博。",0,human,test,zh,4,weibo,0
【过年你胖了几斤[偷笑]】 君子坦荡荡，老子胖三斤；商女不知亡国恨，过个肥年胖三斤；举头望明月，影子胖三斤；洛阳亲友如相问，就说老子胖三斤；垂死病中惊坐起，一看秤上重三斤；众人寻他千百度，蓦然回首，那人竟然胖三斤～我已经胖若两人了～[泪]你们呢？,0,human,test,zh,2,weibo,0
扮少女出门[嘻嘻],0,human,train,zh,1,weibo,0
[哈哈]  //@互联网才子：//@wanggump: 转发微博。,0,human,train,zh,3,weibo,0
//@祁昊天HQ:回复@裸奔在春天里:我们先有五代打铁，才有七代的铁球[嘻嘻] //@裸奔在春天里:回复@祁昊天HQ:普京是铁腕领导人，我们是铁球领导人 //@祁昊天HQ:七代核心揉铁球，国宴驴火配板肠，面酱就着春不老，问声外宾“你干sheng～磨去”//@头条新闻,0,human,test,zh,3,weibo,0
介个车主真心内行[嘻嘻] 看懂的冒个泡[偷笑][偷笑],0,human,train,zh,2,weibo,0
思凡券被刘臭猫给误扔了[泪]，太勤快也有坏处啊[汗],0,human,train,zh,1,weibo,0
[爱你][爱你][爱你] //@梁艺Lianna:很感动大家对一位＂新人＂的关注和包容，我会努力做到更好。也非常感谢@湖南公视 提供如此好平台让我再次回归主播岗位，一切从＂心＂开始@凌红江 @一姗小姐 @徐刚727 @麦麦兜B @鸟子同学 @雨婷了-烟烟 @偶尔瞎说 @AE的男朋友,0,human,train,zh,10,weibo,0
//@ichigoaiba: 我就没有烦恼过[挖鼻屎] //@橘子姐姐:你不知道考大学之前总要烦恼一下念清华还是北大的吗 //@ichigoaiba:右边不用烦恼穿起来怎样，反正买不起 //@老L-五:这是只有模特穿才好看系列吗//@抽搐汩: [爱你]//@透彩momo: 真有气场//@闪着银光的殷小嘉: 转发微博,0,human,train,zh,8,weibo,0
[心]爱，从来没有固定的模式，每一个细微举动都是表达“爱”最好的方式！花间堂，在许多微不足道的动作里，表达满满的爱意！[爱你],0,human,train,zh,1,weibo,0
[晕]大海捞针,0,human,train,zh,1,weibo,0
四点睡八点起，老人家了[抓狂]幸好天气不错,0,human,train,zh,1,weibo,0
你们真好[泪] 真热心的粉丝 //@老男孩张大帅:感谢 @北京华腾美居酒店 不断将惊喜带给大家，虔诚许愿，期待一份美好，希望微博人气越来越高！ @云de味道201231 @相信最初的感动 @暮啼-子规,0,human,train,zh,8,weibo,0
我是多么滴不靠谱啊[哈哈],0,human,train,zh,1,weibo,0
[哈哈][哈哈] @郭燕娃,0,human,train,zh,2,weibo,0
#沙巴潜行#今天下午灰常郁闷，本来想去Jalan Sulaman吃烧椰和椰子布丁。被攻略误导以为离1 Borneo很近，其实还相距十万八千里。转了几次车，每个司机都没在正确的地点让我们下车，貌似有两个地方都叫Sulaman，最后因时间关系还是没去成。回到水上清真寺看日落时已经有点晚了，没有足够时间找机位[抓狂],0,human,train,zh,3,weibo,0
[哈哈] //@宁财神:以后还是去拳击馆吧，体育竞技，按规则来，见血也不会被拘留，都是文化人，何必冒充黑社会呢？,0,human,test,zh,2,weibo,0
[嘻嘻] //@许彬-人像摄影企划://@黑蝶VS林岚: [赞],0,human,train,zh,3,weibo,0
[偷笑]  //@东嘎臭嘎子_nsq://@小迪迪的花花宇宙:哈哈 // @CCTV田苗 :[哈哈]  // @CCTV粒粒儿 :[太开心]  // @哈根达斯在CCTV的冰上 :[围观],0,human,train,zh,11,weibo,0
内什么。。打劫啊？[嘻嘻][嘻嘻] //@盛博:大家说呢？是在解决不了，给我！,0,human,test,zh,2,weibo,0
[晕]//@孔二狗:真牛叉。,0,human,test,zh,1,weibo,0
连续两天被“刺激”，看来真的该“行动”了……我决定了：……！你们懂的！希望这次的动力够大……伤了，伤了……[抓狂],0,human,train,zh,1,weibo,0
摩登家庭好看呀。各种欢乐和正能量。//@普罗旺斯的小神仙:这啥玩意啊，这么恶心人。好多美剧不愿意看，就是因为太恶心了受不了。 //@网易LOFTER:作者改名了...第一幅作品来自@丸BU丸 [可爱],0,human,test,zh,3,weibo,0
[哈哈][哈哈]//@JACKY-GOLF:[good]//@神回复吐槽鬼: 人一简单就快乐，一世故就变老。保持一颗年轻的心，做一个简单的人。,0,human,train,zh,2,weibo,0
[爱你]相信会有更多人爱上泉州的！//@维尼小熊：很高兴认识所有人，以后常联系，回去后会整理更多美的图片传到博客，期待与关注吧！到时应该会有更多人看到美的泉州//@新鲜旅厦门: #寻宝泉州#送全国微博达人去机场的路上，短短两天的欢乐时光，大家由陌生到成为朋友。爱上一座城，不舍一群人[心],0,human,train,zh,2,weibo,0
[鄙视]//@懒骆驼: 基情澎湃啊，可惜距离太远，只能撸了。 //@叁魂不见柒魄:一打?，居然是?情?，?屎我了。 //@风惹尘埃: 是够吵的，爱特来爱特去，好累的[哈哈][哈哈][哈哈][哈哈] //@87年柿子:?…私聊一边去[衰]欧洲杯将是中国队问鼎,0,human,test,zh,6,weibo,0
饱和度调太狠了！//@杨小娱:好美丽，有一种冬天冰冷又华丽，同想家...//@贤莹定中: 为什么看完了，有一种想家的感觉…住在东边儿望国贸的同学每天长途奔袭来中关村上班，思乡情切，恶哈哈[嘻嘻],0,human,train,zh,2,weibo,0
谢谢宝贝儿，好感动，还翻出去年的微薄，有你们这些朋友是我最幸福的事儿，爱你[爱你] //@季然小潘坤:我们的公主  @康小莉  ，这是我去年今天此时为你的生日发的微博，今日仍旧微博再次祝福：生日快乐！最紧要的，一定会遇到个好男人！健康平安~~~[爱你] 你肿么还是那么美！,0,human,train,zh,5,weibo,0
认领！情人节厨房大叔的心情格外好，好多肉肉，晚上肯定有约会！[哈哈],0,human,train,zh,1,weibo,0
没看见你左青龙右白虎，背后背着关二爷儿啊！你说说怎么混的？[哈哈]//@文盲编辑: 我也是在南郊混过四年的主儿，当年南郊还没欢乐谷，那时候翠城小区每平米才2000多，在垡头有让我魂牵梦绕的348超挤大公共！~~@西瓜小穗 //@杨灏-赤兔马: 缺卤煮啊！应该喝小二儿啊！//@文盲编辑: 酒后阅读小心扣分儿,0,human,test,zh,5,weibo,0
"蛮好看的，适合@北方的纳努克 //@大Da门: 好看实用//@糖果x猫猫:亲友们顺手顺角帮转一下噢[可爱] 谢谢//@糖果x猫猫:连接在这里噢^_^，规格是经过反复改良后修正的。会更适合配搭和男或女士佩戴。 //@soyabean毛豆:More about the details , please click : http://t.cn/zldIEaM",0,human,test,zh,13,weibo,0
??完小广告 就??大的? 几?意思啊啊啊[抓狂][抓狂][抓狂],0,human,train,zh,3,weibo,0
回复@RyanchenGG:说得好，绿色多了，没注意搭配，光想着牙口不好滴小白鲨喜欢吃了，下次注意[爱你] //@RyanchenGG:小建议。色彩上稍显单调了点。 //@Reneeinbj:回复@Wop_:都吃完了…[泪]  //@Wop_:很舌尖啊,0,human,train,zh,4,weibo,0
黄山毛豆腐，下面那盘窝窝头我喜欢吖！[哈哈][哈哈][哈哈] @五悦黄山店 @五悦景区连锁酒店,0,human,train,zh,3,weibo,0
唉，我是有多喜欢白百合啊[抓狂],0,human,train,zh,1,weibo,0
猫比人漂亮[哈哈],0,human,train,zh,1,weibo,0
[哈哈][哈哈]XX案本来就是熊孩子都能看懂的！！[黑线][黑线] //@冯唐: ＂我递给他二十多页繁杂的案情描述，他飞快翻完。我问他，谁杀了那个英国人。他肯定地说了一个我没想到的名字。我飞快离开先锋书店，拨通了手机。我没告诉他的是，那二十多页不是小说，是最新的呈堂证供。＂,0,human,train,zh,3,weibo,0
//@黄茜:[哈哈]//@新闻小兵曹文艺:我觉得用“李天一他妈逼的 律师不干了”，会更好。//@李开复: 这标题。。。[晕],0,human,train,zh,3,weibo,0
隔壁的妞儿，能尼玛不在大半夜唱歌吗?不知道爷那天天满房忙的连放屁拉屎都没空么。消停的[怒骂],0,human,train,zh,1,weibo,0
[哈哈][给力][围观],0,human,train,zh,1,weibo,0
明明是嫩妈[抓狂][抓狂][抓狂]//@爱猫猫的妈妈_抵制玉林狗肉节:[黑线][黑线]这个。。。@易富贤 老师肿么看？,0,human,test,zh,2,weibo,0
难怪我睡得这么晚，找到原因了[哈哈] //@最神奇的心理学:[嘻嘻],0,human,train,zh,2,weibo,0
[bm可爱]今天天不错！适合约会[衰],0,human,train,zh,1,weibo,0
谢谢，你支持的是咱妈吧[爱你] //@程程-程小佳:支持菊儿妈[可爱][鼓掌] //@菊儿小枣:感谢对咱家的报导，说得真好，来北京民居和老北京人一起用餐的赶脚[爱你]欢迎常来,0,human,train,zh,3,weibo,0
姐~，知道不是????????????就别@ 我了[泪] //@萌芽的小松子:大丽丽呗，肯定不是@卤煮鲍鱼 那家伙,0,human,train,zh,4,weibo,0
[晕] //@海?日?: @唐-tang @玩转东京  [衰]//@歌舞伎町案内人李小牧:看看这3分钟《中国新闻》吧！不少来到日本的中国厨师们，不加入国民健康保险，不定期做健康检查，有的甚至“带病”@caratmemo @同非ned @小肉鸡v,0,human,train,zh,7,weibo,0
#中国达人秀# 【微直播】I want you，I need you，I love you！美少女战士@SNH48 一曲《无尽旋转》有没有让你想起青春洋溢、无忧无虑的中学时代呢？有和小达一样看萌妹子看晕的吗，真真儿找不到焦点了！[晕]用萌妹子的话来说就是“SNH48，总有一款适合您”！[得意地笑]全网独播，尽在21:50@腾讯视频,0,human,test,zh,9,weibo,0
[围观] //@紫雾2008:[哈哈][哈哈][哈哈],0,human,train,zh,2,weibo,0
爸爸是这个世界上第一个无条件爱你的男人，伟大的父爱[泪]//@大叔枫言枫语:在深夜，看得自己泪流满面… // @全球热门搜罗 : 这个视频就两分钟，但是看到一半我就哭出来了...,0,human,train,zh,5,weibo,0
恭喜@kakuyy33 @王晓冒 @在路上_心飞翔 您已抽中青年餐厅【价值32元?石锅肥牛胖豆芽一份】[bm可爱] 希望我们为您呈现的美味 能为您增添一份幸福！[太开心] ps：菜品的验证码已经私信发给您 请您妥善保管 并确定好券的使用门店及时间！感谢您对青年餐厅的关注与支持[嘻嘻],0,human,train,zh,9,weibo,0
这雨下了一天一夜了[泪]天气预报一周下四天雨[抓狂]平安夜看是要泡汤啊[衰]@巴道,0,human,train,zh,1,weibo,0
[可怜][衰],0,human,train,zh,1,weibo,0
#高级定制# Vca定制系列...因为咨询16花的童鞋特别多...[酷][酷]现在把两个色彩的16花都展现给大家看看...有效果图  有上身图哦...[爱你][爱你]喜欢的赶快...???[鼓掌][鼓掌][鼓掌]...,0,human,train,zh,3,weibo,0
哈哈哈哈！//@晨阳real: 什么和什么嘛！大头宝玉和大眼黛玉[抓狂][抓狂]@老男人更温柔 @龙舒ls @吴大瑕 @水瓶王杨杨 @一弛,0,human,train,zh,6,weibo,0
这个季节，庐山“枫”景独好，温泉红叶共醉！[哈哈][哈哈]//@心灯1盏:很想去，这个季节去好吗？ //@m宛若清扬m:微相约！//@九江旅游杜少华:必须的！//@谭承军:到时跟老杜喝两盅！[嘻嘻] //@九江旅游杜少华:欢迎到九江实地来复习！,0,human,train,zh,3,weibo,0
下班回家，六烤盘的抹茶马卡龙最后组装就只有满满的一盘，还有一小盘报废掉的，确实感觉有点辛苦…不过开心的是第一次今天的营业额达到了2000元，虽然很难的，但还是要感谢各位一直默默的支持，我会再接再厉给大家提供更多的爱的味道！[悲伤][悲伤][悲伤],0,human,train,zh,1,weibo,0
又想涂指甲，又想弹吉他，请问这样的矛盾要怎么解决？[晕],0,human,test,zh,1,weibo,0
[哈哈] 太有柴！！！伤不起[汗],0,human,train,zh,2,weibo,0
湖中亭顶有小平同志生平连环画，看到没[哈哈],0,human,train,zh,1,weibo,0
各位叔叔阿姨爷爷奶奶们，伏天儿装修有意思吗？？你们装修能不能商量好了一起装？一家儿挨一家儿跟接力赛似的有意思嘛？？天天早上使电钻，把人吵起来了又不钻了，有意思嘛？？[抓狂],0,human,train,zh,1,weibo,0
#旅游资讯#【#威海直飞台北#】威海国际机场和台北桃园机场将于12月31日进行客机直航试飞。威海将成为山东第4个对台空中直航点，航班初步安排为起程台北至威海6：45至9：20，回程为威海至台北10：30至13：20。http://t.cn/8kbZEhH 话说，威海滴同学们去台湾旅游更方便啦！[鼓掌]@威海市旅游局官方微博,0,human,test,zh,2,weibo,0
林大侠加油，能叶落归根来国家队更好啦[鼓掌][鼓掌][鼓掌],0,human,train,zh,1,weibo,0
又冷又晕 又要病了[泪],0,human,train,zh,2,weibo,0
Brendan先生?不??了一袋premium crab回去呢...？[嘻嘻]//@架架??食??: 辛苦你了[可爱]??你的到?！希望不久的??去澳洲找你[爱你]@?底??胃,0,human,train,zh,3,weibo,0
现在过来，时间刚好啊！[嘻嘻] //@Jefflo_LetsBurger:周末愉快，就在今天，欢迎大家参与！[嘻嘻],0,human,train,zh,2,weibo,0
回复@love希希小少爷:不需要任何银行卡哦?只要在2014年2月28日之前，每周一和周二中午（不适用于平安夜、元旦前夜和春节假期），直接来咖啡厅享用自助午餐就可以拿这样优惠的价格！[嘻嘻] //@love希希小少爷:需要凭什么卡吗？,0,human,test,zh,2,weibo,0
杆法、观念和线路跟9球的区别很大，要把准度融入到实战当中还是需要一段时间的适应。加油[太开心],0,human,train,zh,1,weibo,0
回复@盛博:[抓狂][抓狂][抓狂][抓狂][抓狂]早知道，我爬也要爬去 //@盛博:熊丽同学，你给圆相机梦想的同学是个比我高一头的青涩小帅哥哦[偷笑]我特地在现场替你赞了一下他的帅气，他也对阿姨表示非常感谢[偷笑],0,human,train,zh,2,weibo,0
[泪] [哈哈] 得到夏娃同志肯定，我表示相当激动，那三国杀，你就值当是我送你的吧！,0,human,train,zh,3,weibo,0
[怒]从此以后不再推荐东山！半夜无任何服务也要门票！现在在码头买了门票和船票.竟然拒载！[鄙视]//@漳州东山风动石景区://@我是海边人:是否真的？求证@漳州东山风动石景区 @毅猛,0,human,train,zh,2,weibo,0
#带着微博去郴州#雾失楼台，月迷津渡，桃源望断无寻处~[嘻嘻],0,human,train,zh,1,weibo,0
羡慕嫉妒恨！[嘻嘻] //@大胖鱼鱼:来厦门旅游，在海边，漫步，戏浪，你也许会有如此幸运，旅游不花钱，还要给你钱，那条捡到的2万块的鱼，你值得来,0,human,train,zh,2,weibo,0
[赞]//@尚涛: 人这一辈子无非就是你笑笑别人，别人笑笑你。大多数人不会永垂不朽，很多时候很多事情一笑而过，反而快乐！早安[嘻嘻],0,human,train,zh,2,weibo,0
走过、路过的蟹粉注意了[话筒]，此节目里涉及到我们家和@黄记煌 哦，注意收听啦[嘻嘻]@李老爹-李德义  @花家怡园花雷 @权金城-叶瑞慈  @玉林餐饮--邹胜利   //@廖承军:也希望加深与支付宝的合作 //@金梅央:两岸咖啡全面推广手机点单、 //@廖承军:创新与电商的结合无处不在,0,human,train,zh,8,weibo,0
Mark，多配我纯白的地面+墙[嘻嘻] //@Daisy墨:会议室改成这个样子,0,human,train,zh,2,weibo,0
见小宽，重建三观！[哈哈]//@小宽胖: 见老董，长节操！同去。,0,human,train,zh,2,weibo,0
等你送呢！ //@尤宪超:送他一条烟就行 // @嘻哈包袱铺陈曦 :回复  @?蒙蒙 :别瞎花钱！啥都不要，有句生日快乐就够了[哈哈]  // @?蒙蒙 :我在逛商场，给你卖礼物。,0,human,train,zh,10,weibo,0
[哈哈][哈哈]//@杨粉帅: 转发微博,0,human,train,zh,2,weibo,0
刚录完节目，导演亲自给拍的，哈！[哈哈],0,human,train,zh,1,weibo,0
遵命啊胡总，默默睡去[哈哈] //@风华正胖:碎觉，把小鸟找回来。////@茉莉香片1982: [怒][怒] 坏人！//@风华正胖:你的青春小鸟一样不回来//@茉莉香片1982: [右哼哼][左哼哼] 怎么就妖媚了，明明很青春//@风华正胖:妖媚//@茉莉香片1982: 貌似又是[思考][思考] //@张晓蕊rry2:头像不错，又是我拍的吧//,0,human,test,zh,8,weibo,0
哈哈，普京玩铅笔，安倍也可以玩一玩电阻嘛。//@充满希望的等待: @老端 [嘻嘻],0,human,train,zh,3,weibo,0
明天年会，同事打电话叮嘱我别穿的太随便。忽想起本周胖妞让我帮她参考年会的礼服。嘿嘿，想起你那件抹胸的衣服，滑落到胃部的乌龙事件。温馨提示一下，做好安全措施很重要。@疾驰而过的风景 [哈哈][哈哈][哈哈],0,human,test,zh,2,weibo,0
曾经的最爱啊！致我们已经逝去的青春 //@自由行走的菡:[泪][泪]大学那会没啥钱，最爱去大棚淘衣服了，老说要拆，还是拆了 @兔子小曼//@赵凯-360:咱文艺青年以前去五道口，都是去买大口磁带和cd，十几年以前的事了，岁月就是把杀猪刀啊 //@EthanLi:没去过,0,human,train,zh,4,weibo,0
谁偷走了我的睡眠？今天给我准备的？[嘻嘻]没课偷懒补觉[睡觉],0,human,train,zh,1,weibo,0
同祝！//@夕言Louis:杜局，这才发现我们是同一天的生日。哈哈，生日快乐！[蛋糕][蛋糕]//@九江旅游杜少华:回复@毕笔笔:谢谢！祝大家儿童节快乐！童心永在！童颜永驻！ //@毕笔笔:杜局，生日快乐，顺便儿童节快乐 //@九江旅游杜少华:回复@___榇:[握手][握手][哈哈]  //@___榇:[蛋糕],0,human,train,zh,4,weibo,0
去年房东出国，说房子要卖，挂100万。就那破房子！觉得他好异想天开啊！今年回来说幸好没卖，不然卖赔了。[哼]接着通知房租每月涨壹佰。[泪]我悲愤的想，如果政府明文规定，房租每平米只能是20元。会不会租房市场和卖房价什么的就都正常了？？？？？,0,human,test,zh,1,weibo,0
奖品吸引，竞争激烈[抓狂],0,human,train,zh,1,weibo,0
难怪！[鄙视] //@微博位置:帝都的朋友，你的地图更新了吗？@高德地图 [嘻嘻],0,human,train,zh,3,weibo,0
风雨大作，动车不动了。驾驶室内进进出出。我们不要啤酒不要饮料，给点排风换气就好。唉~突然想起那段歌词：“无声的雨，轻轻把我打醒，让我的泪，象雨水一样冰...”莫名伤感~[泪],0,human,test,zh,1,weibo,0
这个！有钱没钱，回家过年！[抓狂][抓狂][抓狂],0,human,train,zh,1,weibo,0
20块钱抓了四个 爽歪歪了[哈哈],0,human,train,zh,2,weibo,0
千百年来，粥一直为人们喜爱并百吃不厌。粥可调节胃口，增进食欲，补充身体需要的水分。它味道鲜美、润喉易食，营养丰富又易于消化，实在是养生保健的佳品。粥的功效妙不可言。快来看看天津利顺德大饭店豪华精选酒店为您特别推荐的美味养生粥把![鼓掌],0,human,train,zh,1,weibo,0
睡的比在家香[嘻嘻],0,human,train,zh,1,weibo,0
想一个个扶起来来着[哈哈] //@王秋楠Novia：哈哈 凌乱了[哈哈],0,human,train,zh,3,weibo,0
睡眠少的人表示此观点很有水平[偷笑][偷笑] //@余耕:智商低的我为什么还睡得这么少？[泪]  //@RiveGauche的豆豆:聊以自慰！不用老是怀疑自己是甲亢了[酷],0,human,train,zh,3,weibo,0
又恢复正常了，今早迟到了[泪],0,human,test,zh,1,weibo,0
下次你就说：我想看看天安门，顺便吹吹风～ //@精精进入究极减肥阶段:金融街店！我每次都坐一进门靠玻璃这边从里往外数第二张桌子[馋嘴] 露台夏天一次没坐成[泪]冬天又没种跟老板说“给老娘放露台！”,0,human,test,zh,3,weibo,0
今晚上烤鸭吃多了…[泪]好撑啊…,0,human,train,zh,1,weibo,0
找一天独自走吴哥[哈哈],0,human,train,zh,1,weibo,0
困也困得山清水秀的地方 //@郭思郭思:畅饮？好吧~我还困在昆明的灰机上[泪]  //@韦韦来: 不得不说，今天的拍摄很开心！片子值得期待！更关键是，我们工作后还去畅饮了！如邓先森所说：你要懂得生活！ [哈哈] //@小潘坤期待小巴菲:???[爱你][爱你][爱你]@韦韦来 @金永明ontime,0,human,train,zh,7,weibo,0
香港珠宝大鳄莅临@天禄中??-TYLOO 蛇年好彩头[嘻嘻] 我在:http://t.cn/zYMJxXr,0,human,train,zh,3,weibo,0
纸质书与电子书的对决[哈哈],0,human,train,zh,1,weibo,0
欢迎珍妮乘坐海航的飞机，也欢迎其他的导盲犬乘坐海航飞机。[可爱],0,human,test,zh,1,weibo,0
[泪]这话题多么伤感，不要提了……,0,human,test,zh,1,weibo,0
回复@小新娘Alex:天天都如此么？ //@小新娘Alex:7点开会……[泪],0,human,train,zh,2,weibo,0
??文章?偶然??一?有趣的事，拍???封面的?影?阿?@CasliLao_卡士尼?影 和我同年同月同日生已??神奇，主角JOEY原?也和我?一?生於1030，南瓜?前夕哈哈[哈哈],0,human,test,zh,2,weibo,0
[泪] //@好狗好猫义工团上海站：这是今天网友求助的福州路的猫咪 已经由好心人送去医院了 病情很严重 让我们为小宝贝祈福！加油！,0,human,train,zh,5,weibo,0
@?津津  这个像你不?在#节目#里又被胖哥和我忽悠了[嘻嘻],0,human,train,zh,2,weibo,0
#空姐风采#[围观]#iPad#版《才情空姐》第三期已经上线，昆航空姐@__AnQi- 闪亮登场。[抱抱] 用户可以在APPstore里搜索下载免费应用程序《才情空姐》，#iPhone#版也已同步上线，欢迎广大粉丝下载收看。,0,human,test,zh,3,weibo,0
没有捏…不过我最近极度想要出逃[哈哈][偷笑]@张熙 哪天一起哈 //@武文喵: @Luna熊猫爱旅行 鉴定过咩？ //@阿伊兔儿公主:@zurhniierelt @别踹老猫的窝 //@北京生活杂志:今天去了很不错[可爱]有机会还得去,0,human,train,zh,8,weibo,0
书店无风景：光合作用书房倒闭 http://t.cn/Sh848f 下一个会是谁？[泪][泪][泪],0,human,train,zh,3,weibo,0
这么棒的条例是要吸引多少天国的旅游人士前去啊，太心动啦！可惜木有钱！[泪],0,human,train,zh,1,weibo,0
啃着鸭锁骨，一个人啃好没意思...[抓狂] 想起第一次吃到是@JQ张 拿来我们寝室，尝了点，然后我想起你们啃各种辣东西的场景了，比如泡椒凤爪...虽然我一般不吃，只在一边喋喋不休，哈哈...@米特小拧 @虾米匆匆 好久没艾特你们了吧！,0,human,train,zh,5,weibo,0
法雅版的Black Mirror呐[哈哈],0,human,train,zh,2,weibo,0
我在演播室的?限得色[嘻嘻],0,human,train,zh,1,weibo,0
[怒]这样的事情，国家必须重拳出击，让不法商家赔不起，牢底坐穿，甚至是该杀的就杀，否则 ，老百姓真的是没活路！,0,human,train,zh,2,weibo,0
#小米菜谱# 又到中午，我肿么那么想吃糖醋小排，你们呢想吃点啥，凉着热着都好吃的糖醋小排快到我碗里来，各位童鞋具体做法可以查看这个链接，内容更详细http://t.cn/zWZZzfl，当然更多好吃下饭菜收录在我的新书《私房下饭菜》里了，当当，亚马逊和京东都有啊[嘻嘻],0,human,test,zh,2,weibo,0
一个留住宝宝记忆的梦想，米格365来实现：）//@周晨说: 有梦想，去实现[鼓掌],0,human,train,zh,2,weibo,0
回复@张醒生:[握手]久久不散的爱情之猫！[泪][蜡烛] //@张醒生:深爱！ //@梁锦江: 好可怜！  //@Dj王平:难受！  //@王平-360:好可?……??是?撞死的…… //@梁锦江:好可怜！  //@Dj王平:难受！  //@王平-360:好可?……??是?撞死的……,0,human,train,zh,9,weibo,0
我要试试去 //@张小瓶儿:谁那这整我 就掰面儿[泪][吃惊][衰][抓狂],0,human,train,zh,3,weibo,0
好久没有回家帮忙了，今天回家主场，来了从南京来旅游的一家三口，聊着聊着就聊嗨了，三人临走还给我留了电话号码，说去南京一定带我好好玩，我高高兴兴送他们出门，一会儿突然男顾客跑回来说，我们已经给阿姨结过帐了，怕我不知道[偷笑]太可爱啦，咱家的客人总是给我这样的惊喜[哈哈]我真爱你们[爱你],0,human,train,zh,1,weibo,0
#一出梦的戏剧#“致青春版”。期待@任素汐 @李洋JoywayDrama  //@工人李普雷:[蛋糕]至乐汇三周年[鼓掌],0,human,test,zh,3,weibo,0
猫耳朵什么的最好吃了！[太开心],0,human,test,zh,1,weibo,0
//@未满十八周岁者禁止关注: 最简单的拍出烟雾效果照片的方法，喜欢摄影的童鞋转走~[鼓掌],0,human,train,zh,2,weibo,0
"[哼] Se?orita Luna, necesitamos hombres guapo y luego tenemos ni?os //@大酸莓:哈嗲呀[鼓掌] 可惜没娃",0,human,train,zh,12,weibo,0
有能力哎的女人，才周身有光，赞这句！//@画眉: 闺蜜、蓝颜两手都要抓[鼓掌]总之就是建立好自己的情感支持系统。而建立的唯一通衢，就是爱。有能力爱的女人，周身有光[可爱]//@耳尔: 可见闺蜜是多么地可贵啊,0,human,train,zh,3,weibo,0
大风把我吹跑了，[泪][泪][泪] 我在:http://t.cn/zYmX7or,0,human,train,zh,2,weibo,0
上海肿么这么冷啊？[泪],0,human,train,zh,1,weibo,0
整理抽屉，发现了这么多证…在天朝我们需要多少证才能打通关？[衰],0,human,train,zh,1,weibo,0
哈哈哈 我家孩儿的大姑姥姥给她留的 多好玩儿啊 据说还有很多 拣姐姐的剩 皮实 PS：我没BB 别误会[哈哈] http://t.cn/zWyCIZC,0,human,train,zh,9,weibo,0
//@1号海洛英:是不是广东根本就没有潮阳和普宁这两个市？暴雨垮堤水灾也可以当没事发生！//@Cherish麻醉谢贵彬:卧槽。。。我怒了。。。//@陈恩良:停电两天后上网却看到这样的消息，怒了[怒]//@-YELLOW小黄:转发微博,0,human,train,zh,1,weibo,0
摩羯在此[哈哈],0,human,train,zh,1,weibo,0
征婚帖吗？支持一下！厚重哥，可依靠，可信赖。//@中国之声_朝旭: 我估计就没人要了 哈哈//@visiontime:征婚帖吗 支持一下 哈哈//@中国之声_朝旭:呃 这张照片 俺快热晕了[晕] 还是第一场下雨天的闯关英雄凉快,0,human,train,zh,8,weibo,0
哈 好有诗意[哈哈],0,human,train,zh,2,weibo,0
[抓狂] //@慢卷袖:是这样吧[偷笑]@程? //@痞子jasense一休: //@ShanghaiAcat:[汗],0,human,train,zh,4,weibo,0
这就没了?真怀念[抱抱],0,human,train,zh,1,weibo,0
这孩子肯定是故意的！缘分展开的走向！[挖鼻屎] //@泸沽湖守望客栈老板娘:晕死。。。  CZ363丢失行李箱的姑娘请联系这位糊涂虫。。。[晕] //@PT的尘埃:如果没人联系我，我会全程带着这些行李，16号回曼谷后交还给南航，再次对失主表示歉意！,0,human,train,zh,4,weibo,0
新办公室，明亮宽敞，8错[鼓掌][鼓掌][鼓掌][心][心][心],0,human,train,zh,1,weibo,0
吓死人了！三更半夜，忽听得一男银在客斤与众猫你来我往亲切攀谈[晕]刹那间我还以为是自己幻听做梦了呢！[衰],0,human,test,zh,1,weibo,0
怀念曾经的京侨餐厅，这么多年来，我一直在默默的寻找他的踪迹，可惜，一直没有找到。。。西四的延吉冷面，秋云萍快餐，悦宾餐厅都在，唯独大爱的京侨餐厅找不到了，此生的遗憾哪！[泪],0,human,train,zh,1,weibo,0
好想小库，据老宗说我不在家的日子里，她天天趴在我的各种文件上睡呢??[泪][泪][泪][泪]今晚就能见到了！,0,human,train,zh,1,weibo,0
[衰]//@李清: 猪也会有禽流感？[疑问],0,human,train,zh,2,weibo,0
周一果然是迟到高峰期！[泪],0,human,train,zh,1,weibo,0
[good]可惜没看到//@二狗ta妈:下楼拿快递，正好碰见他进我那部电梯，立马我表情不能控制。很礼貌的对我摇手，啊啊啊，只可惜电梯只坐了一层楼啊！[抓狂][抓狂],0,human,train,zh,1,weibo,0
东三环北向南，彻底悲剧了！@北京交通广播 [泪][泪][泪],0,human,train,zh,2,weibo,0
@小迈2011 @史蒂夫郑 @RR凹小碗 @CrinaJing @猫咪家的小魔女 @张家小英蕾 @MAYA_炫 @天枰AlanQu @-王帅-Leonardo- 我们每天工作的地方真的很美哎 //@北京悠唐皇冠假日酒店:惊了，怎么能把我们的卢浮廊吊灯这么美！跪求原图[鼓掌],0,human,train,zh,11,weibo,0
得逆多久[抓狂][抓狂],0,human,train,zh,1,weibo,0
#Loli厨房出品#某人的晚饭，说加班忙的又忘了吃饭了。本来想结束买个东西吃吃的，就是很想念loli主厨做的饭菜，想回家吃！于是有了这道微煎馄饨配牛奶。某人很是惊喜，嚷着：好幸福阿！[哈哈]所以阿，男人嘴甜不吃亏，不说好话的不会哄的，就甭怪老婆不温柔阿[偷笑],0,human,train,zh,1,weibo,0
为“家人”服务！Mia//@最棒的eric日记: 好棒好温馨！家的感觉![给力][织][围观][嘻嘻] //@上海衡山北郊宾馆GuCunParkHotel://@金色宝格丽: 我们@马勒别墅 员工给客人的贴心服务！[威武],0,human,train,zh,5,weibo,0
期待着我的宝早日长大[可爱]这个节日最有爱的传递[心],0,human,train,zh,1,weibo,0
还说早起游个泳，结果……起一大早赶一晚集[泪],0,human,train,zh,1,weibo,0
[怒]混蛋,0,human,train,zh,1,weibo,0
收藏 //@俺叫老鬼:回复@墨守冥?:唉，真是烧钱哟！[晕] //@墨守冥?:回复@俺叫老鬼:?像本?就?.一百五?是入?的.要像真人出?在眼前.??更?.他是有?人?念他珍惜又消失的生命而?做的回?品.我看??次.一次是我朋友做的??奇?犬?像.一次是一位小朋友?像.因?年?小就猝死.所以父母去定做的,0,human,train,zh,3,weibo,0
回复@千稻学伟:聪明！找时间去你家吃拉面水果哈。拉面也在水里。 //@千稻学伟:回复@沣之道杨铁锋:烤鱼，当然算水果了，水里的能吃的都应该算水果[嘻嘻][嘻嘻][嘻嘻],0,human,test,zh,2,weibo,0
收拾衣柜，开心的不是兜里翻出钱钱！最开心的是01、02年最瘦时候的裤子、衣服又能轻松上身！那些年，斥巨资买的麻质地的衣服，现在看，依旧喜欢！赚到啦[阴险][阴险][阴险][鼓掌][鼓掌][鼓掌],0,human,test,zh,1,weibo,0
村书记都要笑掉大牙了！[哈哈],0,human,train,zh,1,weibo,0
真不好意思，让大家受泪了[偷笑]//@北京小样子:[偷笑][晕]人工呼吸 //@愚?人是?愚?主人:直接?倒！[哈哈]//@云游四海keke0606: [晕]//@愚?人是?愚?主人: [偷笑]看到都累了！//@云游四海keke0606: [偷笑]//@愚?人是?愚?主人: ?看就好了啊！?花?！[挖鼻屎]//@北京小样子: [钱]配个老花镜吧,0,human,train,zh,7,weibo,0
在路上[爱你],0,human,train,zh,1,weibo,0
拍广州，爱广府文化！//@沈敦文:限量版，必须去抢几套回来！[哈哈]@洋光摄客 @倒影中的微笑 @幸福AMBQ @杨山 //@陈志强摄影: 感谢大哥支持[偷笑]/@怪蜀黍大话红酒:改天去收几套！//@陈志强摄影: 转起来,0,human,train,zh,7,weibo,0
上次买一瓶一罐绝对是坑子，以后打算老老实实跟着你买Lisa的那个了 //@Always作瓜:买护乎品滴时候，被营业员说得天花乱坠，买回去又不好用又太大灌，[泪]@安拉安奇 @小柔大肉,0,human,train,zh,3,weibo,0
新10号线高峰期乘坐感想，人类已经被挤的毫无尊严可言了[衰]。,0,human,train,zh,1,weibo,0
#房山现状#【我们家都没有饭吃[吃惊] [抓狂]】@张丽达 房山灾民：“我们家都没有饭吃！” 去房山送捐助的衣物食品，灾情严重，一路所见颇多；所闻，只灾民一句“我们家都没有饭吃！” 让我大吃一惊。 2 http://t.cn/zWSlbK4 PS：推荐！这是北京志愿救助者的灾民亲历记录。请大家耐心读读。谢谢！！,0,human,train,zh,8,weibo,0
这犯规实在有点多啊！小动作实在多！赶上流氓足球队了！[怒],0,human,train,zh,1,weibo,0
[哈哈][赞] //@Cindy_wuyunyu:江南落雪了，那是天空写给苏州的情书。[哈哈][哈哈][哈哈]//@朱宁杰Luck_Zhu:@andy蘑菇? @奶油JERRYGU @Cindy_wuyunyu 今夜苏州要下大雪 将有3―5厘米的积雪！[雪][雪][雪]】,0,human,train,zh,6,weibo,0
[偷笑]//@愚人立明: @康小莉 达令[哈哈]//@小马奔腾夏梅:转发微博,0,human,train,zh,3,weibo,0
祝@李佳念Jonathan 弟弟和米粒儿帅哥@韩一宽 双赢成功！ //@韩一宽:米粒儿带给你的不只是美丽，还有幸福[爱你]//@?伊琳_Erin:最好的美肤网购在这里 ，真诚推荐给我所有好友[心]//@李佳念Jonathan:与@米粒儿 的合作基于我们共同的观念，希望为消费者带来最无负担的美丽，用您消费得起的价格得到适合,0,human,train,zh,6,weibo,0
我的周末就是晚上睡不着早上醒不来的折腾[抓狂],0,human,train,zh,1,weibo,0
[哈哈][哈哈] //@五月的下午茶: [衰],0,human,train,zh,3,weibo,0
16条线路啊！。。。保不准就误闯禁区[衰][衰]还是别乱跑了，到时候堵在那里进退无路就惨了[衰],0,human,train,zh,1,weibo,0
有命就可以创造一切[偷笑][偷笑]您说呢 //@全球奇事趣闻:你会选什么？[嘻嘻],0,human,train,zh,2,weibo,0
[泪] //@迷恋古诗词: 好有爱的爸爸[心]！,0,human,train,zh,3,weibo,0
回复@好人老周:[哈哈]昂着头，憋着气，继续摸石头[哈哈] //@好人老周:回复@有福社长: 信仰坚定，摸石头过河[笑哈哈],0,human,train,zh,3,weibo,0
我的半瓶子英文晃了几下~ //@猫大帆:闷头吃[抓狂],0,human,train,zh,2,weibo,0
一个伟大的民族的今天[泪]//@雷颐: 转发微博,0,human,train,zh,2,weibo,0
我在与@阿-日 #影响力PK#中落败，没有获得【力挽狂澜】勋章[泪] 我要再接再厉！你也想得限量版勋章咩？[最右]http://t.cn/aKZEtF @江佑泊客 @李小松先森 @驴游祺摄 @霞浦行摄生活 @太姥山风景名胜区,0,human,train,zh,8,weibo,0
同唉~[泪] //@-苑硕-:唉,0,human,train,zh,2,weibo,0
感谢崔老师做了这么多！从今天起坚决抵制转基因食品！[太阳][微风]//@崔永元:谢谢热心网友，不要捐款也不设“安保基金”，丢不起那人。[怒] //@崔永元:我的第二部纪录片开拍了，内容是中国转基因滥种真相，你们跟不上我的节奏。[马到成功][马到成功][马到成功] //@崔永元:科学机构能否要点脸？[围观],0,human,test,zh,3,weibo,0
今天朋友从马尔代夫回来，分发礼物～有件我好喜欢的衣服！小小包装拿水泡开就是一件衣服～可是没有我的号……[泪][泪]胖子又被华丽丽的忽视了～[晕][晕][熊猫],0,human,train,zh,1,weibo,0
[晕][哈哈] //@溪xo:[泪]臣妾必须做不到啊 //@ifeng-假期依旧很忙碌的梦捷同学:臣妾真真做不到啊[泪]//@梨子568:[哈哈][哈哈] //@洛水槿死等冯绍峰兰陵武王高肃:不看#兰陵王冯绍峰# 臣妾做不到啊[泪],0,human,train,zh,5,weibo,0
[鼓掌][鼓掌]//@玩泥巴的小2: 要去的！[爱你][爱你][爱你],0,human,test,zh,2,weibo,0
我的Mac Mini现在简直成了崩溃帝，Firefox崩得基本无法使用，其他应用每天也得崩几次，另外几天就围观一次五国。不知道是不是因为我未经乔帮主允许私自加了一条内存的缘故？[抓狂],0,human,test,zh,2,weibo,0
我们都各自离去，留下@herman_tang 一个人欣赏台妹的歌！[哈哈],0,human,test,zh,2,weibo,0
想想今年还没带猫小D赏花哎[泪] //@诺小娜nona:  @黑摄会被抢注,0,human,test,zh,3,weibo,0
收了[爱你],0,human,train,zh,1,weibo,0
收到了一年前的时光明信片，竟然巧合在这么个日子里，还好对自己的祝福已然实现。[嘻嘻][嘻嘻][嘻嘻],0,human,train,zh,1,weibo,0
#希尔顿逸林-鸟瞰海南#外地人对海南的看法：1、海南人只能坐飞机出岛，不知道火车能轮渡过琼州海峡[泪]   2、海南的省会是三亚[泪]   3、海南人比较穷，水果只有椰子和芒果 [泪]  4、海南人普遍又黑又瘦[泪],0,human,test,zh,5,weibo,0
这事告诉我们买车一定要带天窗的。[抓狂] //@车市老兵:途胜车主因为一场大雨被淹死在北京的大马路上！这算什么世道？[衰]@新浪浙江汽车 @车手阿B @杰夫评论,0,human,train,zh,4,weibo,0
陈总支持 事半功倍 哈哈//@陈业文新大都: [给力][哈哈][鼓掌] //@郭月晨:明确目标 坚定信念 前进 //@风光王健:近期为了企业的发展有些纠结，中午和千禧大酒店的高管探讨如何营销，晚上和@郭月晨 取经，晚间又和知己聊人生聊发展，受益非浅，在此深表感谢！,0,human,train,zh,9,weibo,0
好久没看到你了……[泪],0,human,train,zh,1,weibo,0
猛的醒来发现其实才睡了1个半小时。活生生的做了3个恶梦，好吓人[失望],0,human,train,zh,1,weibo,0
//@姚晨:这么多年来，每次只能念到巴巴波...[泪],0,human,train,zh,1,weibo,0
我会画哈哈[嘻嘻][哈哈][兔子],0,human,train,zh,1,weibo,0
分享终于做完，但走查刚开始[泪],0,human,train,zh,1,weibo,0
好强大的阵容。。。[鼓掌][鼓掌][鼓掌],0,human,train,zh,1,weibo,0
[蜡烛]//@社会与法频道阎肃: [吃惊] 又一个?//@荣海参行://@老烟鬼qq:[蜡烛]//@实名举报人张颖慧: //@要真相不要谎言9: //@山羊_廖文超: //@又有来来7:[泪][怒]//@藜焱焱: //@修行中的九猫:[吃惊]//@怒江在线--: //@哈喽涛声依旧2013:[吃惊]@怒江在线--:,0,human,train,zh,8,weibo,0
是啊//@匪类也柔情8866:[泪流满面]我也想吃，富平陶艺村的最好了！ //@无须豆蔻:回复@匪类也柔情8866:好、其实我这会儿馋面辣子了 //@匪类也柔情8866:[右哼哼][左哼哼]你先显摆着！！看我以后！ //@无须豆蔻:回复@匪类也柔情8866:[哈哈][哈哈] /:回复@匪类也柔情8866:积极啊,0,human,train,zh,5,weibo,0
?在懂甚?叫禽?不如了?於......... //@舒淇:感?ing~~~ //@veggieg:[泪] //@蛤蜊咖喱-BIG:这段视频永生难忘 //@学习焦裕禄: //@郭德纲:唉！我养狮子去。 //@李楠622 :看一次哭一次~~ //@吴鹤臣  :故友重逢,0,human,train,zh,10,weibo,0
发现周围的家人朋友明天都休息，只有我要！桑！班！[泪]无力感无力感无力感…如果还有人上班签个到吧，不然不平衡死了[抓狂][抓狂][抓狂]讨厌…,0,human,test,zh,1,weibo,0
这个周末车辆不限行，以往下班四十分钟就能到家，昨天、今天花了两个小时。堵车、腰疼、脚疼也就算了，偏偏还想上厕所，真是谁赶上了谁知道，谁难受谁知道。刹那间脑子里有了想在公司边上租个房子的冲动！也许还真可以好好考虑一下。[抓狂],0,human,train,zh,1,weibo,0
爱得比你深，比你久#钟汉良# 我的阿其[泪],0,human,train,zh,2,weibo,0
[话筒] 新家的首批八个孩子隆重登场！[鼓掌][心][耶] 个个长得水灵灵的，真的让人爱不释手。尤其是我们的文杰，她已经三岁了，会有点怕生，但是笑起来绝对倾国倾城！[可爱][爱你],0,human,test,zh,3,weibo,0
【#超级笑星#倒计时】距离3月6日晚21:30《超级笑星》全国总决赛~只有1天啦！[鼓掌]明晚~亲们就可以享受到最豪华的欢乐大餐，最爆笑的喜剧盛宴！锁定@安徽卫视 一起笑到嗨不停哦！[偷笑]现在转发指定微博~还能赢取Ipad mini呢~详情点击http://t.cn/8Feks1c,0,human,train,zh,3,weibo,0
@ICY宝儿 @BeckyV @幸福的海0319 @Calvin_Zhu的Style 都是活槽子//@拉脊山: @游走的胖纸 真的，这是我最喜爱听的我国方言，没有之一。。。当然，只是听而已[哈哈]//@小亨妈: 让我心情大好，南京人顶//@南京城市达人: 这个视频我看过多次，每次都笑的不行。[哈哈],0,human,train,zh,9,weibo,0
我错了，是箫鸣！箫鸣！箫鸣！！！ //@熊丽电台:《吃喝玩乐大搜索》周六直播马上开始，宁波都市生活广播《生活在宁波--绝对美食》美女主播肖鸣做客直播间，大谈特谈宁波美食，各种小海鲜、各种时令水果、各种好吃的枇杷…欢迎大家签到，踊跃的用各种家乡美食来迎接远道而来的好朋友[鼓掌][鼓掌][鼓掌],0,human,train,zh,2,weibo,0
"艺术就是看不懂。。。[吐]//@观音不管海如来不点灯: // @京城浩子哥 :这几个字俺怎么都不认识啊,语文老师都你的错[泪]//@韩光华Hanson: 霸气外露了！",0,human,train,zh,5,weibo,0
回复@Tomoki:谢谢[可爱]// ありがとう[可爱] //@Tomoki:支持！,0,human,train,zh,3,weibo,0
有意思。[哈哈],0,human,test,zh,1,weibo,0
快?玩吧//@爱鞅的叶子and可乐Xi: //@立威廉中文网:悄悄滴说，偶知道是哪个品牌[偷笑] //@vickiqlw蔚蓝的天空: [赞][给力]#立威廉#今年工作安排的很满啊！粉丝福利大大滴有~[爱你][good]【威廉古堡※挺立到底】@立威廉 @wukiki @立威廉中文网 @楚凡diana @百度立威廉吧 @立威,0,human,train,zh,9,weibo,0
@清澈了无痕 我是病的轻的好吧[晕],0,human,train,zh,2,weibo,0
jesus。。。//@浮云-福运-富蕴:seeing farther not means seeing better.[哈哈]what a pessimistic//@小苹果露: To go or not to go? This is a Q.//@浮云-福运-富蕴: when & where i can go? how far i can go? whom ii can go with?too many questions prevent me from taking even one more step.,0,human,train,zh,44,weibo,0
一不小心又帅了[给力][神马][浮云][围观][哈哈],0,human,train,zh,1,weibo,0
最爱狗狗[爱你][爱你][爱你][爱你],0,human,train,zh,1,weibo,0
次熬！差点出车祸。。。。。阎小兰儿你可千万不能这样！掌嘴[泪],0,human,train,zh,1,weibo,0
为什么首先想到的是遍地的呼噜声[晕],0,human,train,zh,1,weibo,0
//@淘宝岚姐姐: 这个好！[good]见多才会识广，博学方能多才，熟读唐诗三百首，不会作诗也会诌。[嘻嘻],0,human,train,zh,2,weibo,0
牙床子肿的我都受不了了。。。。啊啊啊啊啊啊啊啊啊啊啊[抓狂],0,human,train,zh,1,weibo,0
跟老妈用一天的时间把利群、百盛、中百商场逛了个遍，直逛得我头昏脑涨腰酸背痛腿抽筋！晚上回家在口袋里发现了一张忘记付款的小票，这可是我朝思暮想的衣服，一定得收！蹬上鞋子直奔利群商场而去，付款的时候悲摧了――小票是中百的！[黑线]看着收银员揶揄的笑真是死的心都有了，糗大了……[抓狂],0,human,train,zh,1,weibo,0
今天外面出奇的堵，地税门口的车全部胡停，想走都走不了，是不是昨天地铁闹的今天大家都开车出行了，哎呀[抓狂]早知道我坐地铁了,0,human,train,zh,1,weibo,0
下雪咯?[鼓掌][鼓掌][鼓掌]?今冬包头第一场雪[哈哈][哈哈][哈哈],0,human,train,zh,1,weibo,0
相当于中国的达懒吗？ //@越南阮海哲:‘桑兰西’臭名昭著，是柬埔寨最大的政治流氓，早在4年前，就因毁坏公物和传播不实信息罪被判刑，随后一直流亡东亚某大国，长期受专制政权洗脑，直到近期才被特赦回到金边。但此人不思悔改，胡言乱语。越南政府对此强烈关注，要求柬埔寨立即逮捕此人！！[怒],0,human,train,zh,2,weibo,0
[嘻嘻]//@王方怡的微博: 太壮烈了！ //@乐儿_newbee://@木子-婷儿://@赵路人:支持陆明同学义举！转起来！为了早日送冷气！走起！[哈哈][给力]@爱伶0826 @京华管奎 @青牛蝴蝶剑 @阿蒙2009 @王方怡的微博 @胡毅铭 @京华_小原儿 @京华-平原 @乐儿_newbee @2加2加5 @木子-婷儿 @飘飘香_ @邢邢飞 @桂瑰,0,human,test,zh,16,weibo,0
//@KAB低调做事and冷静思考的邬思美: 恭喜广商！！//@朝城要实现3个星期后月薪6000元: [赞]搞点中大啦！//@广东商学院团工委: 广商！[威武]//@羊城晚报金羊网:#赛果公布# 经评委商讨， 本场辩论赛的胜出者是作为反方的广东商学院，祝贺广东商学院顺利杀入决赛，恭喜！[鼓掌],0,human,train,zh,6,weibo,0
[?你][?你][?你]一起贴起来[嘻嘻],0,human,train,zh,1,weibo,0
去每一个地方，都是不同的感受。[嘻嘻],0,human,train,zh,1,weibo,0
撑不住了[泪],0,human,train,zh,1,weibo,0
啊哈哈 节目真是各种精彩啊！[鼓掌]@品冠家族,0,human,train,zh,2,weibo,0
不一定，可能是老年痴呆症，如今社会这种遗弃已经极少了，还有车，一报案准抓。 //@yiren1221025:良心都被狗吃了~~  //@一句心情签名: 太过分了！[怒],0,human,train,zh,4,weibo,0
已经在班上了[泪],0,human,train,zh,1,weibo,0
坐等澳网看李娜[围观][鼓掌][耶]?,0,human,train,zh,1,weibo,0
@辽宁卫视香瓜七兄弟 不知为啥，光看这个剧名，又是在蛇年让我总是想起那部动画片《金刚葫芦娃》来。不知道水果爆笑喜剧是啥概念，但是光看阵容就相当期待呀，开心麻花团队与爱笑工作室的强强组合，再加上宅男女神@柳岩 外加有可能加盟的赵本山，很是想看！[嘻嘻],0,human,train,zh,3,weibo,0
熏大啦。。。。[衰][衰][衰],0,human,train,zh,1,weibo,0
新项目，悲剧的是在集美中科院！每天是先做公交车再转BRT后再徒步两公里！难怪很多人说打死不住岛外！[抓狂],0,human,train,zh,1,weibo,0
不营业了吗？很多年没去过了！好怀念记忆中的那个板栗山公园啊！[泪] //@中国古铜都-铜陵:[泪] 小铜真的缺一座孩纸们无忧无虑玩耍的乐园，走了一座板栗山，还会再来吗？,0,human,train,zh,3,weibo,0
我与@夜明猪正版 的对话。。。重要声明：我说的有了，指的是年假！！忽然觉得我这是交了一个神马朋友！！！[悲伤],0,human,train,zh,2,weibo,0
#告诉你不知道的度假酒店#在南京秦淮河畔，有家很有泰式风情的酒店「南京御庭秦淮河店」。青砖小楼，仿古建筑，进门却是浓浓的东南亚风，到处都是泰国的壁画和装饰。一楼的庭院房，温泉是在独门庭院里的，很有马代的感觉。泡完温泉，穿上绸缎的拖鞋，懒懒的躺在贵妃榻上，惬意[太开心]@御庭酒店集团,0,human,train,zh,1,weibo,0
[哈哈]抽刀断水、逸肴布衣、磬鼓击钟、戊德图稷！ [泪]月舞狂歌、淑烨拘礼、狂啸长天、悲欢唔畀！ [抓狂]我辈不才、妄自悲觑、金蛇狂舞、再续天地！ [阴险]时值岁末、趣笔留迹、自语我心、世事入局！,0,human,train,zh,4,weibo,0
这么关键的一集你停播！？[抓狂][抓狂],0,human,train,zh,1,weibo,0
对女生说，只要转发，今年下面两样你都会有的。看看谁不转。[泪],0,human,test,zh,1,weibo,0
[哈哈]//@akihazcq: 嘴巴忘记合上了……噗,0,human,train,zh,2,weibo,0
看电视。#?索# 访谈 高圆圆[可爱],0,human,test,zh,3,weibo,0
我与蚊子有不共戴天之仇。见到，必杀。#一个已被蚊子咬疯的人的诛杀宣言#[怒][泪][生病],0,human,train,zh,1,weibo,0
可怕啊可怕。。。//@背湾的老毕: [泪]天朝帝都人民是世界上最顽强的生物！,0,human,test,zh,2,weibo,0
向@reqiao 学习“慎之又慎行李收拾法”的结果就是，临出门才抱佛脚去超市采买的成本比网购价格高出一倍以上。[泪][怒][抓狂],0,human,test,zh,2,weibo,0
回复@茶玫:恩恩，恨不能分出一只手来拍自己的肩膀：老赵，真有你的！[偷笑] //@茶玫:当年俺们是怎么活小来的哇，并且正好不会写财经，真佩服自己~~[泪] //@画眉:这个是财经类杂志标准。时尚文艺类就更寒酸了。好佩服时下胆敢卖文为生的童鞋吖[泪],0,human,train,zh,3,weibo,0
[哈哈]//@老moV: 我靠//@来小美: 这个不转都对不起自己@老moV @琦琦多多 @123的态度 @积木几木 《我心永红》~[泪] @当时我就泪奔了,0,human,train,zh,8,weibo,0
朋友帮我拍滴[嘻嘻][嘻嘻]@我爱吃柚子0-0 @谈小牛 @费奥娜ff,0,human,test,zh,3,weibo,0
哥在马靠不光顾星巴，因为太贵！哈哈！！！//@帕特丽莎小姐: @昆哥Q 马靠会不会好很多啊[哈哈],0,human,test,zh,3,weibo,0
晚上吃借个[兔子]我是小白兔[哈哈],0,human,train,zh,1,weibo,0
赵伯火勒！[哈哈][哈哈],0,human,train,zh,1,weibo,0
凹的[耶]//@二哈他妈是小忻: 我也觉得是突的[晕] //@崔小嘴:我怎么看这都是凸出来的,0,human,train,zh,3,weibo,0
回复 @胡搅蛮缠的庸人自扰_nina:是我们的文化，让员工胖起来，身材不重要，最主要是健康开心 //@胡搅蛮缠的庸人自扰_nina:女员工都?重了，您到时候还得急了。。。[哈哈][哈哈][哈哈],0,human,test,zh,3,weibo,0
我已没有脑子，行尸走肉[泪],0,human,train,zh,1,weibo,0
上午打扮得“花枝招展”的代团去水立方参观，在安检口偶遇一老太，闲聊第一句就问我“有没有45岁了”？当时汗的我只能顺坡回复“差不多有了”[泪][晕]。看来人民的眼睛雪亮，以后谁再跟我说我显得年轻我就跟谁急哈[怒][抓狂]。,0,human,train,zh,1,weibo,0
擦！可怕！必须买安全锤，必须不能去.......![泪]@老车豁子韩江 //@王东驰:出来了就好，雨季，西藏还是不去为好 。 //@阿玉_越玩越野: 借鉴 //@赵宏?: 太可怕了。人活下来就好。 //@正版一仔:太恐怖了！！！人没事就好！！！！,0,human,test,zh,8,weibo,0
[哈哈][哈哈]这孩子太搞了。,0,human,train,zh,1,weibo,0
@包子577 @馋嘴猫99 @CaoRF 我决定要学学马小玲的功夫，把九字真言练练.不能光会说不会练啊!!这关键时刻可以防身啊~~[鼓掌],0,human,train,zh,4,weibo,0
"好?人查的。 //@生鬼皇妃:回覆 @ET胃食妹 : 之前???前我都仲可以?, 而家要等一段??白番先得~[失望] // @ET胃食妹 :回复 @生鬼皇妃 : 你都白呀!!",0,human,train,zh,12,weibo,0
我还在纠结着吃饭角落那块许久没擦油腻的地板，和随时可以扫出鸡蛋壳和骨头，一次性筷子皮儿的暖气旮旯！擦自次脏一次，再擦再脏，再擦，终于我也放弃了，但是又觉得该收拾。。。纠结拧吧死算了！可这真的是我几乎每天要接触的公共环境！我梦想着是个图书角或者有腔调的小饭桌的地方！[泪]@全熊张老能,0,human,train,zh,1,weibo,0
我激动了！！！[鼓掌][爱你]热泪盈眶了！我一定努力！！,0,human,train,zh,1,weibo,0
我们唱了多少年的歌[泪] //@由某某:@山楂大个元宵  //@YouTube精选:人不能没有鸡的世界！！！[偷笑],0,human,train,zh,3,weibo,0
谢谢大家在冬至还??的来蜜斯甜心哦！蜜斯甜心的北京与南京的伙伴们，大家今天都辛苦了！今天晚上，大家都要好好的吃喝玩乐哦！[嘻嘻] 我在:http://t.cn/zjplk7F,0,human,train,zh,2,weibo,0
师太你太狠了[哈哈] //@雪凝花璨:哈哈哈！官还不够大，财富还不够多，让他们在加油！//@Jason-无名: 可气的是，现在他们已经是了啊！[抓狂][抓狂] //@雪凝花璨: 送给@整合营销传播推动者 @爱运动的道长 @中殷 @ophiya邢 那一天，你们当上了大富豪和大领导的时候，别忘了我们啊@Jason-无名 你说是不是？,0,human,train,zh,10,weibo,0
回复@高伟_重新开始:这个不强求，只要有伴侣就可以 //@高伟_重新开始:坑爹啊，要我去通天里面认识一个啊。 //@屈斌-冷漠:回复@高伟_重新开始:要带伴侣哦~~[嘻嘻] //@高伟_重新开始:回复@屈斌-冷漠:我投票了香格里拉啊，有送旅游吗？我不要钻戒，我要旅游啊，哈哈,0,human,train,zh,4,weibo,0
羡慕死我啦。 //@喻小2:昨晚我做了四道菜，小龙虾是大家用青蛙钓来的，煮出来的汤水竟然是淡虾黄色，@DJ臻臻小厨娘 @孙孙是吃货 知道上海的小龙虾我现场啤酒煮出来是黑色的。估计这个品种的小龙虾可以推广药膳两吃了。。[嘻嘻][嘻嘻]另外茄子，青椒，樱桃萝卜我都是用自然的方法烹饪。。,0,human,test,zh,4,weibo,0
太自卑了，我们。//@张鸿: 疯了 //@孙多菲:无语了，我们的国家都怎么了 //@阿紫姑娘2012:这是什么年代？简直无话可说，除了两个字母：SB。。。 [怒]//@宋燕不v: 一声叹息~MD我生活在一个什么国度啊？！ //@老猫的白日梦:心里越来越不舒服了。太过了。 //@北京精品美食:畜生都不许进入！,0,human,train,zh,8,weibo,0
发工资的日子的确是要小心了???[衰]//@Mr狐狸先森: 大家小心、、、@我爱切格瓦拉 @摩羯座大琪 @刘睿馨 @QiQi-奇迹 @挂了几丝 @王玲_sarahwang @肥南多 @张丽华larissa @孔侯氏 @barbie-zh @小娜娜1204 @王?_Phoebe @大家叫我老潘,0,human,train,zh,14,weibo,0
通里萨湖是亚洲最大的淡水湖，1500户水上居民在30年前红色高棉内战结束后陆续搬来这里。他们平均每家有4、5个孩子。以捕鱼为生。如今当成景点之一供游客参观，而我只看到心酸。中间那张照片里的小男孩和艾迪一般大，头颈里绕了条蟒蛇，在河中靠到我们的大船旁乞讨一些柬币。[泪][泪][泪],0,human,train,zh,1,weibo,0
[晕][晕][给力][给力][给力],0,human,train,zh,1,weibo,0
我想买HD25[泪],0,human,train,zh,1,weibo,0
是好大雪。妈呀，一分钟前好惊险啊啊。。terry好英勇好淡定，，，好技术啊啊。[鼓掌][鼓掌][鼓掌][鼓掌],0,human,test,zh,1,weibo,0
如果不是现下社会的那些黑心商家们，怎么会有如此的规定出台，各位家长也都是为了孩子的健康才如此，只能说“无奈”！[失望],0,human,test,zh,1,weibo,0
哈 亲们 一早喝完早茶 我要做海鲜大餐了[江南style] 一大早 馋死你们[哈哈] [哈哈][哈哈][馋嘴][馋嘴][太开心][太开心],0,human,train,zh,7,weibo,0
这照片里有谁？[哈哈],0,human,train,zh,1,weibo,0
可恶！得严查，村民肯定会知道蛛丝马迹的。公安局怎么不作为呢？[怒]//@边区汉子: 转@微博甘肃 @中国甘肃网 @中国天水网 ！,0,human,train,zh,5,weibo,0
Yes![太开心],0,human,train,zh,1,weibo,0
回复@黑胡椒肉蟹:这个名字其实就很浪漫，只是相对含蓄，不正符合张江人吗 //@黑胡椒肉蟹:回复@屈斌-冷漠:[伤心]能再浪漫点吗,0,human,train,zh,2,weibo,0
[泪] [抓狂] [可怜] @李霁2010  真的不希望你走，所以我期待着某一天你还会再回来！谢谢你的祝福[爱你] [抱抱] ，打球必须叫我啊，去不去就看情况啦[偷笑],0,human,test,zh,7,weibo,0
组委会的这个决定是慎重考虑的！@阿丁丫丫 拿到这个奖实至名归[哈哈] //@阿丁丫丫:感谢郑州故事广播 感谢FM1079的所有主持人 感谢家人的支持 最重要的感谢美美 感谢评委会给我的肯定 在这样的肯定与鼓励之下我会继续努力的 拿了这个奖我很开心 [哈哈] 爱你们@美美1079,0,human,train,zh,11,weibo,0
小刀刀张滴就像美少女战士！美死啦！[爱你],0,human,train,zh,1,weibo,0
姐妹儿给我打电话，说我跟她借钱，一头污水。原理qq号被盗，坏人还把我好友删掉了，烦请重新加我好友。[怒],0,human,train,zh,1,weibo,0
不知何时闹钟没有打开[衰]，不过生物钟还是把我叫醒了！[打哈气][微风][微风][太阳]早上好！,0,human,train,zh,1,weibo,0
火速给我地址！正好有一ID注销了。。。//@小迷糊的豆豆: 我都关注好久了，没有我的份吗？？？呜呜呜[泪]@须叔,0,human,test,zh,2,weibo,0
刚看到群里发的: 兔兔， 你快从树上下来。。 2013真是新年新气象！ [哈哈],0,human,train,zh,5,weibo,0
在青岛偶遇妈咪女士出门旅游青岛转机，哇哈哈便相约一起出门吃韩国料理。明儿这位女士就走了[泪][泪][泪],0,human,train,zh,1,weibo,0
不能在正常的时间做好该做的事，不是拖延症就是效率低..[泪]加油啦~,0,human,test,zh,1,weibo,0
虽然是大俗物…但我们期待它美丽的蜕变…[哈哈][哈哈][哈哈]…[酷][酷][话筒][话筒][话筒],0,human,test,zh,1,weibo,0
【D＆G不怕被围攻，出新背心~】欧洲为基地的网上时装购物网站yoox.com上，出现一件由D＆G设计丶上有洋紫荆花区徽及「HONG KONG」字眼的女装背心上衣，衣服上同时印有「最爱性交」（「爱」是简体书写），有侮辱香港女士之嫌。而今年1月闹得满城风雨的就是这家意大利名店！[怒],0,human,train,zh,2,weibo,0
这都能成太平歌词[哈哈] //@茶人冯建华:烧麦出征丧了残生，馅儿饼回营搬救兵！锅盔坐在中军帐，发出了火烧十万先锋。豆?儿糕就摆下了馓子麻花儿八宝儿油茶连环阵，专等那高丽棒子领着泡菜前来送死受刑！[哈哈][哈哈][哈哈] //@食全食美老倪:一去不回！ //@作业本:笼包带兵入韩[怒],0,human,train,zh,4,weibo,0
#御庭下午茶#网友晒各种奇葩手指，我和小伙伴们都惊呆了！！！（转）亲们，都来晒晒你们的奇葩手指吧~[嘻嘻],0,human,train,zh,1,weibo,0
今早站在双井桥下的寒风中准备打的，一辆辆小蹦蹦路过我身边时那期待的眼神啊，看的我揪心，心里在嘀咕：“大爷，我真不能打您的蹦蹦，让您开到亦庄，估计咱蹦蹦都不会蹦蹦了”[晕]原谅我吧~~,0,human,test,zh,1,weibo,0
[怒] 这怎么没有爱国青年冲出来？！//@陈佳梦Kris:还有来福士的保安！也是狗,0,human,train,zh,2,weibo,0
每年GQ MOTY都遇到老同学，去年遇到张媛伉俪，今年遇到伊倩。话说伊倩你怎么找到我的呀？[嘻嘻],0,human,train,zh,2,weibo,0
好能干的妈妈！可以考虑推荐@小白素食记录 的博客或书给妈妈哟，素食很健康！[太开心] http://t.cn/hr6GlW //@宗主mini: @弓长仙姑 其实吧，我妈要做的都是素食那我肯定就跟着吃素了，可我妈素菜就会炒个青菜，肉能翻180个花样，你叫我情何以堪呐[泪],0,human,train,zh,6,weibo,0
#海豚搁浅众人合影#【海豚终因失血过多死亡】被游客拖出水面合影的受伤海豚，最终由于得不到及时的救治，因失血过多而死。[泪]救助站工作人员表示，如遇发生海豚或其他哺乳类海洋生物搁浅，应给予一定的护理，等待专业救助人员到场。小海豚你放心，天堂没有照相机。[蜡烛]详情：http://t.cn/zHuCoSZ,0,human,train,zh,1,weibo,0
谢谢妹妹@手边巴黎urruolan  远道而来明信片，让我回忆起新西兰蓝天白云[太开心]精彩纷呈的风景，悠然自得心情。一路有你们，真好,0,human,train,zh,2,weibo,0
真心觉得这个可以是男人的好玩物啊！[哈哈],0,human,train,zh,1,weibo,0
哇哇?收到小王府新年礼盒了?固元糕养颜美味?巧克力曲奇味浓好吃?草莓味的花生牛轧糖也很好吃?多谢掌柜@王小猫V [爱你]PS：掌柜的休年假中，想吃的同学们年后请早下单?[嘻嘻],0,human,test,zh,2,weibo,0
[回家]北京，房山，京港澳高速，通了[鼓掌]，8天没回家[泪]，谢谢各位关心[握手]@讴阳北方 @美库原创黎冬 @淮河之玉 @胡加华 @薪宇同学 @喜悦蜘蛛侠组合 @章磊-新中国风王子 @安静凤凰 @迟永志 @李小艾V @阿斯顿马丁LOVE,0,human,train,zh,11,weibo,0
[赞] //@杨承平:[鼓掌][鼓掌]  //@伊能?: 当让座给人的时候，他会愣一下，你会害羞的傻笑。他若依然不动，你便补一句：「您坐。」声音洽好他听的到。然后他坐下。两人不再交集。但心里都漾起温暖。那时施和受都是正能量，因为他们心里都充满了爱。[爱你][爱心传递][鼓掌],0,human,train,zh,4,weibo,0
今天中午的家宴@余伟森 @梧桐小余 @小余家的小小余 @好文杰 @珠光宝气中 @nancy忘记 [鼓掌]好汤好喝[馋嘴][花心],0,human,train,zh,7,weibo,0
[国旗]//@东郭漫画: //@老徐时评:[哈哈],0,human,train,zh,2,weibo,0
#婚庆圣地 蜜月度假#@三亚海棠湾洲际度假酒店 开业之际，携手尔雅凤凰（北京）文化传媒公司推出“海洋馆”婚礼项目，双方联合推出国内首家酒店海洋馆婚礼项目，为国内外蜜月情侣量身打造极具热带浪漫情怀的海底婚礼。祝贺！[鼓掌]http://t.cn/8FUXG7f,0,human,test,zh,3,weibo,0
[赞]急就见功底。 //@张传维:刻得不好，沈老师玩玩就好[哈哈],0,human,train,zh,2,weibo,0
#Qunar度假频道-超值推荐# 1月25日上海出发，就后天-周五！！特价机票+特价房的完美组合。美佳航空直飞，住宿是别墅级的“泳池别墅+沙滩别墅”，还含5早餐+5晚餐。BTW 瑞喜敦岛说是有世界上最大的珊瑚岛，优美的环境被世界教科文组织高度赞誉。要去的真心别错过。[太开心]@亚洲廉航网 @自助游教室,0,human,train,zh,4,weibo,0
太突然了！[晕],0,human,train,zh,1,weibo,0
[鼓掌]  你的话总是引起我的共鸣，音乐不分难易，对于我们来说：要想打动别人，首先感动自己。[干杯],0,human,train,zh,2,weibo,0
还看的下去吗？ //@道器:// @闫昶 ：// @我是圆圆蛋 ：真看不下去。//  @Kevin狄凯文  : 不能再看下去了[泪],0,human,train,zh,9,weibo,0
要曝光 //@吴志强-众强国际餐饮联盟:广东居然有如此幼儿园! 做父母的当心哦![怒][怒][泪][泪] //@圣妙香先生: 建议胆小的妈妈不要点开视频[泪]//@苒苒老师: 可怕！是人吗 //@姚晨: 枉为人师！//@冯远征:畜生！必须严惩！ //@郑渊洁:有家长为将自己的孩子送进幼儿园而殚精竭虑。孩子进了,0,human,test,zh,9,weibo,0
hiahia~买好啦！[爱你][爱你] 佳能35mm f/1.4L。?????? 我在这里: #海淀区# http://t.cn/zOLVVtt,0,human,train,zh,6,weibo,0
有木有想去的。想去的举手！[哈哈],0,human,train,zh,1,weibo,0
麦咖、怪咖一家亲！[可爱][握手][干杯] //@baobaodu: @任素汐   @茜吉尔   @孙恒海   @至乐汇舞台剧,0,human,train,zh,6,weibo,0
5块钱买的手机壳比28的 38的 88的 都满意[晕],0,human,test,zh,4,weibo,0
任志强与司马南？ [嘻嘻]//@王永平商业地产:他们支持与见证了论坛十年：龙永图、厉以宁、辜胜阻、王健林、任志强、黄怒波、张宝全、汪小菲、陈淮、聂梅生、顾云昌、水皮、袁岳、司马南及成都、青岛等众多城市政府领导//@王永平商业地产: 欢迎业界人士共襄盛举。会后组织观赏樱花 ////@王永森johnson:,0,human,train,zh,4,weibo,0
Ladys night with my sisters![爱你],0,human,train,zh,5,weibo,0
就爱吃这个[嘻嘻] //@邱梦娇:可以让王总推推新菜了。 //@水韵吴江: @UTC老徐 @金子家的灯泡 @邱梦娇,0,human,train,zh,6,weibo,0
幸福是一种心态[围观]一堆人，一个苹果，人们开始算机；两个人，一个苹果，不是争抢伤和气，便是谦让出和谐；一个人，两个苹果，吃的欲望已消失；一个人，一堆苹果，你开始犯愁。幸福，不是因为拥有的多，而是计较的少。只要抱着“得之则喜，失之无忧”的心态，人生就会有满满的幸福[抓狂],0,human,train,zh,1,weibo,0
有海鲜吃[泪] 太受刺激了[抓狂],0,human,train,zh,2,weibo,0
米国二百年前确定的东西，我们还在争论要不好搞。只能说[失望]我们是和米帝国主义完全不同的国家//@徐昕: 收藏 //@海伦民://@仝宗锦://@汪庆华-: 转存//@维慈: //@李洪雷CASS://@叶海波1999: //@昕妞妈: 《美国宪法之旅》,0,human,train,zh,7,weibo,0
[good] //@hktraveller:[鼓掌],0,human,train,zh,2,weibo,0
我承认，我一不小心疯了，花掉了四个月的工资。[衰]我以后一定会省吃俭用、努力赚钱，以此励志，向钱进，向钱进......[兔子],0,human,train,zh,1,weibo,0
说的真好@郗老师 @得着您那2011 @火龙美食1968 @leon1300 [哈哈] //@安心博雅V://@茶画美术馆: //@李嘉诚Y: //@?事搜搜看: 转发微博//@晚秋80: //@李嘉诚Y:转发微博,0,human,test,zh,10,weibo,0
[泪]觉得好累。忙来忙去都不知道为啥这么瞎忙活。[泪],0,human,train,zh,1,weibo,0
去了那么多次曼谷、苏梅普吉就没买过那边的杯子，总想不起来。在北京呆了那么多年也没买过北京的[闭嘴]今天把北京的买了[泪]90！好贵！,0,human,train,zh,1,weibo,0
南京人民[衰][汗] //@图林老姜: [馋嘴]春游必备哦，哈哈[哈哈][哈哈]。 //@catwizard:俗称＂鼻头污＂好伐 //@图林老姜:[围观]上海叫盐金枣[馋嘴]哦，哈哈。[哈哈] //@每天学些电脑技术:南京人民碉堡了，老鼠屎，恋爱的味道，你有多怀恋啊 [哈哈],0,human,train,zh,7,weibo,0
回复 @KK_先生:[泪]唯有多??！ //@KK_先生:?超?份啊。。哈哈,0,human,train,zh,3,weibo,0
[晕]被礼宾部英国管家范儿的蜀黍称为妇女[泪][泪][泪]到底多老，我到底多老？？？？？[泪][泪][泪][泪][泪][抓狂][抓狂][悲伤][可怜] 我在#希尔顿逸林酒店# http://t.cn/zOgl75H,0,human,train,zh,3,weibo,0
都是老男人啦！[哈哈] //@盖莹Carry：额……我哥知道我喜欢介于两者之间的男银！[哈哈] //@谢非湖南:看到这番话倍受鼓舞。[呵呵] @叮叮miko  @盖莹Carry  @广州刘嵘  @王小禅  @王LENA  @邓小白Fiona  @余梁_  @何志国  @行佳精品酒店联盟伍韩  @刘颖婷  @梁贤康  @皇家驿栈刘少军  @金禅彼岸,0,human,train,zh,16,weibo,0
[威武][给力]//@冰雪飞舞化成水: 昨晚又梦见那片天堂了，@大漠飞鹰孤独侠 @愚?人是?愚?主人 好友们 [哈哈] 那么清澉的蓝天，伸手就能触到的云朵。[,0,human,train,zh,6,weibo,0
[嘻嘻]真好。让那些狩猎者去死吧。[怒],0,human,train,zh,1,weibo,0
突然翻到一张寒假返校前在外婆家吃得滚蛋饺子的照片～又想家了……[泪],0,human,test,zh,1,weibo,0
哈哈，和@侯宪利 侯总说说，这次都结束了，等到2014年的第一场雪，请您到哈尔滨坐坐2路公共汽车。[哈哈] //@杨孝文:这是整啥呢？让俺也幸福一回呗。 //@阿勒锦八戒: [给力] //@侯宪利:感谢@涛儿妈 ！[握手] //@涛儿妈:“增强社会责任感，传播网络正能量”[good],0,human,train,zh,8,weibo,0
报社编辑一早打来电话有篇不情之请的小文请我提笔，一问才知西城要搞“西城精神”征集活动。这哪是不情之请，作为西城长大而诸多文章又没离开过西城的老居民，很高兴担此一稿。半夜翻看妹妹送来的书，无意中发现自己的文章也囊括其中，洋洋洒洒小文作罢，闭目间想起了我的大乘巷12号早已物逝人非[泪],0,human,train,zh,1,weibo,0
用力过猛//@摩羯座大本营: 何弃治~[哈哈]这个博太逗了，笑惨我了~,0,human,train,zh,2,weibo,0
这个戏拍的，又要放假了！！大哥，您这戏什么时候拍完啊？[抓狂],0,human,train,zh,1,weibo,0
[鼓掌][鼓掌][鼓掌]//@鼓石堂张传维: 回复@此木正文-聚石散石刻石:我又不卖石头，自备印石最好，别劣石就行[握手] //@此木正文-聚石散石刻石:俺想订一枚 缄默无言 存念于心 “默存”[可怜] //@鼓石堂张传维:[打哈气][咖啡] //@李佬:[good],0,human,test,zh,8,weibo,0
……晕，今天晚上又有什么可抢的啊？一转眼就12.12了[围观][衰],0,human,train,zh,1,weibo,0
回复@李泽清:还是换了主板！回家发现手机mac换了。。。 //@李泽清:应该是SIM卡上面的透明膜没有弄掉，所以识别不了，我的也遇到过。师傅擦擦就好了。之前痛苦折磨我大半年，之后才知道是这个问题…… //@张帆DORA:回复@海-?:为啥不同店不同标准呢？[晕],0,human,train,zh,3,weibo,0
回复@演员陈春生:@微米 真适合做演员，假玛的一个活动，搞得那么多人空欢喜一场！[哈哈][哈哈] //@演员陈春生:[嘻嘻][哈哈] //@张帆DORA: @微米 信誉倒塌啊！[哈哈][哈哈],0,human,train,zh,6,weibo,0
回复@陈小斌先生:[泪]关键是分数啊，你看看我的分数，我想屎有木有哇[泪] //@陈小斌先生:回复@淘宝纯白:我看记录还行啊！你最近太谦虚了。。。,0,human,train,zh,2,weibo,0
回复@玎玲Cinkle:土豪，交个朋友吧。[泪] //@玎玲Cinkle:一天用一辆可以用大半年。围起来可以绕地球多少圈？？？？土豪，你真给力。,0,human,train,zh,2,weibo,0
[晕]//@白色爱疯4: 有鬼啊！//@老头夜话: [吃惊]美女要被吓死了[打针],0,human,train,zh,3,weibo,0
#UE巨星猜猜猜# Miranda Iambert[嘻嘻]@罗技中国 我在这里:http://t.cn/zlM9kWY,0,human,train,zh,4,weibo,0
很庆幸，因为我是女生，因为有人帮我撑住生活的种种压力，我可以这么没心没肺的过日子任性的做着我自己。我所交往的相处的朋友们，都是真心喜欢的[心]不需要应酬没有伪装[太阳]-想到这些，即使此刻我靠在不那么舒适的公交车上听着歌，都那么满足的在心里多谢老天爷，如此眷顾，让我人傻命好[太开心],0,human,train,zh,1,weibo,0
[泪][泪][泪] //@洪晃ilook:[吃惊][泪],0,human,train,zh,2,weibo,0
做起，不能再纵容自己，都2012了[睡觉]//@韩国潮流速递: 每天每个体式坚持一分钟。[抓狂] 要么瘦，要么死，想瘦就关注@90斤刚刚好呢 ~,0,human,train,zh,4,weibo,0
@贝儿美M1M16  //@莫西rui: 谢谢大家帮忙转发一下，我姐家的狗走失了！[泪][泪][泪][泪]@象象gal @-王小猫 @夏洛特_ @替替 @梁贺0219 @马鬃头 @妖妖邀明月 @bling-bling的岩 @brooke @美女郑 @贝儿ber @?井说唱孙旭,0,human,train,zh,14,weibo,0
漂亮！送给大家@舌尖上的市集 //@红咖啡的老赵:给大师跪了[泪],0,human,train,zh,2,weibo,0
席间update，家庭版海底捞，肉已吃完，抄送@陈敢 ，人间真美好[哈哈][哈哈][哈哈],0,human,test,zh,2,weibo,0
//@jpyy: @施志平2011: 上海一个没抓，抓的是没靠山，上海贪官不会少[衰][衰]//@wangronghua555: 少之又少！继续抓！！@施志平2011: [哈哈][江南style]//@wangronghua555: 么几个小虫@施志平2011: 回复@绿荫荷花:党国人才[good] //@绿荫荷花:[疑问]@施志平2011@wangronghua555 [猪头][猪头][猪头][猪头,0,human,test,zh,9,weibo,0
Windows live的工程师是不是跟比尔有仇啊？这东西做得唯一目的就是赶走用户吧？[怒],0,human,train,zh,2,weibo,0
欢迎来~[嘻嘻] //@深雪心是孤独的猫手:最近红墙花园套餐在你们那好火！听到你们说了N次了 @韩洽哩 @HY芝麻开门,0,human,train,zh,4,weibo,0
坑爹[晕] //@鄢雨的微博:真正的大力胶@吕一品718   //@大旗网: 这得给跪！！！,0,human,test,zh,4,weibo,0
嗯 你和陈总聊过了？//@?巴喇子: 我是打了鸡血的超人 //@球球V发胖: 你不是超人吗//@?巴喇子: 不行的，明天爬不起来的，后天订单日，明天我还要去下订单[泪] //@球球V发胖: 你可以不睡觉的,0,human,train,zh,8,weibo,0
我想收到情人节快乐的短信[泪][泪][泪][泪],0,human,train,zh,1,weibo,0
恒大主场3：0领先，赢硬啦！睇电视直播都能感受现场热烈气氛，最中意听到全场一起叫“?”，哈哈！简直气势磅礴、气吞山河！[哈哈][哈哈][哈哈],0,human,test,zh,1,weibo,0
名博们将在江西度过今年的圣诞节哦。#美丽庐山冬韵行#走起！[抱抱][圣诞树] 来自话题#美丽庐山冬韵行# http://t.cn/8kpDG5v,0,human,test,zh,3,weibo,0
[泪]假期快结束了，家里的日子虽然特别舒服，但是还是打起精神，该好好工作了，加油，拜拜家里的各位亲朋好友！～,0,human,train,zh,1,weibo,0
#整理录音之大师金句找到啦#“我要对自己和同行的伙伴们说：我们都要珍惜当下，珍惜现在这种看似残酷、看似毫无着落，却又那么满怀希望的一种环境。”――@樊冲Eric “好梦一日游”的产品经理兼导游们，继续幸福地辛苦下去八~看你们的啦[lt切克?][鼓掌],0,human,train,zh,2,weibo,0
回复@903邓宁:明天去李静家的私房菜馆，据说能见到你，不醉不归，改天我请你吃个够[嘻嘻] //@903邓宁:想去吃你的菜,0,human,train,zh,2,weibo,0
回复@参谋长茄海涛:我这普通话说得超不灵光，能不能允许我用粤语来辩论啊？[抓狂][抓狂] @梁国生 @不会武功的武功李云飞@比亚迪速锐@易-本正经@参谋长茄海涛@主播晓青@车伙伴网@画风topfm@交通1003晓春@山西交通广播哿喻@鲁捷@苏?_江苏交广爱车天天汇@财富广播陈博@1062安静@曹宁 //@参谋长茄海涛:现,0,human,train,zh,4,weibo,0
今晚学会一句话：“天空飘来五个字，那都不是事！”[嘻嘻],0,human,test,zh,1,weibo,0
[怒]保护你们个大头葫芦娃啊！！！！！！,0,human,test,zh,1,weibo,0
"坚持不输液,累病的,缺睡眠[泪][泪][泪]学生最苦,早六点半起晚12点睡. 我在:http://t.cn/8stSbEJ",0,human,train,zh,2,weibo,0
三亚半山半岛度假酒店客房设施齐全，您可以再旅途中享受自己烹调美食的乐趣！现在起，酒店推出了半成品菜单，你所需要的食材酒店都为您准备好了，足不出户，就可以轻松下厨啦！！[害羞][哈哈][哈哈],0,human,train,zh,1,weibo,0
"您  的 帐 号 已 成 为 今 日  幸 运 用 户 , 立 即 登 陆 http://t.cn/zYBKoK0 进 行 了 解[礼物]   @股阿四 @YF-Young[哈哈]fLf7VB5CF3",0,human,train,zh,25,weibo,0
少壮不努力，一生在内地；就该受到这样的“对待”[怒],0,human,train,zh,1,weibo,0
艳阳高照的六月，应该吃些什么呢？#北京亮餐厅#本周二，周三，为你带来中式特色菜，干烧仔鸡 [谗嘴]入口香味浓郁，配上四川辣椒，味蕾的冲击让人回味无穷！[鼓掌]~ 美食控的你约上好友一起来分享吧！[花心] @北京银泰中心,0,human,train,zh,4,weibo,0
//@Alan-迷幻:[哈哈]// @veggieg : 领导在台上念稿：雷锋 没有死~ 旁边秘书小声提醒：是精神 精神~ 领导立刻大手一挥慷慨道：还精神着呐[哈哈][偷笑][鼓掌],0,human,train,zh,8,weibo,0
中暑。坚持着熬了点绿豆汤，心慌近虚脱，赶紧卧倒休息。快过去三伏天了，孕妇夏天真难熬。[晕],0,human,test,zh,1,weibo,0
已经开了6年了//@呆洁_Angela: 新开的？改天去试试？@jiangtaifendui //@望京一号餐厅: [泪]谢谢,0,human,train,zh,4,weibo,0
西藏纳木措湖：红尘俗世一声叹息！[给力][鼓掌],0,human,train,zh,1,weibo,0
[赞]家庭的和睦，人生的平淡！//@假装是思想: 人的一生，到底在追求什么？[抓狂],0,human,train,zh,2,weibo,0
[晕] //@于雷傻鱼：转发微博。,0,human,test,zh,2,weibo,0
#用门牙吃东西#来自河南开封的张小姐自称曾为了瘦脸开发了用门牙吃东西的技能，不就之后，体重确实减了下来，不过牙撑不住了！[衰]果然兔子的吃法，还不适合人类！真真觉得健康的就是最美的，所以不要在意细节上的缺憾啦~[可爱],0,human,train,zh,1,weibo,0
东方卫视东方直播室在放虐猫事件[可怜][悲伤][悲伤][泪],0,human,train,zh,1,weibo,0
看到米粒了[哈哈]开化走一个@黑米粒 @荆紫@李忠海,0,human,train,zh,2,weibo,0
猜猜我要干嘛[哈哈] @内切圆85,0,human,train,zh,2,weibo,0
突然很怀念仙剑轩辕剑[泪],0,human,test,zh,1,weibo,0
"[怒],zf你不会这么脑残吧，求辟谣～～～//@普?尼特Planet: 尼玛狗日的，简直是断子绝孙。。。",0,human,test,zh,2,weibo,0
//@媒体微博头条:[衰]北大东门。小树林？。离小编好近。。。,0,human,test,zh,1,weibo,0
新的一周来啦！你们在的城市有变冷了吗？下雪了吗？天冷的早晨起床可真不容易呀，不过还是要努力爬起来哟！小E和大家说早安哦！新的一周 加油啦~~[亲亲],0,human,train,zh,2,weibo,0
道德无底线，部分人的麻木和残忍让人不寒而栗。//@小闷轰炸机本人的微博: 太可恶了[抓狂],0,human,train,zh,2,weibo,0
空闲来喝茶[嘻嘻],0,human,train,zh,1,weibo,0
动容...突然想要条金毛狗狗了 //@殷毓婷://@trailleo: //@tomoaka:T T想起小T了 = =[泪] 还有花…………花啊T T // @o洗具o :就是全世界都抛弃了我，我仍对你不离不弃。 // @1111XOXO :就算全世界抛弃了我，至少还有你。[泪],0,human,test,zh,14,weibo,0
[泪]//@方亮同学: [生病],0,human,train,zh,2,weibo,0
//@罗文倩CID:[嘻嘻],0,human,train,zh,1,weibo,0
明显你比美很多好不，[害羞][害羞] //@vivipoon:OMG，我的素颜大脸。。。敌不过新娘子啊[爱你][爱你][爱你],0,human,train,zh,2,weibo,0
"旅途第一夜,车厢内一位七个月的小萝莉在爸妈大声的唏闹中十二点才谢幕,那方五周岁的小灵童又开始因梦而大哭不止,小萝莉与小灵童一方唱罢一方登场,凌晨四点下车,于是我记住了一个大城市――准安[嘻嘻] 我在:http://t.cn/zR7H5t7",0,human,test,zh,2,weibo,0
赞的[爱你],0,human,train,zh,1,weibo,0
最爱的也是最珍贵的..更是最遥不可及的...[泪] ..什么时候还有这样的画面啊???.[抓狂] ....老子现在悲情了..[泪] .....,0,human,train,zh,4,weibo,0
@萧育文 谢谢肖大哥的精彩分享，受益良多[鼓掌][鼓掌],0,human,train,zh,2,weibo,0
是不是所有潘氏滴孩纸，都曾经，被称呼为小潘？[晕][晕],0,human,train,zh,1,weibo,0
#做一回重庆人#今天美食博主们牛逼了，四个都中奖了[阴险][阴险]@紫色透明 @金山茶 @Nicole的生活书 还有我[哈哈][哈哈]  @新浪美食 @新浪重庆,0,human,train,zh,6,weibo,0
兄弟，今年这奖是哥替你领伪，明年自己来领！ //@三摩地帮主:就剩我了[泪][泪],0,human,train,zh,2,weibo,0
拉筋?肥?肥膏是??年後的法?[哈哈][给力]，三天後我再上?我的照片，肯定瘦很多[嘻嘻],0,human,train,zh,1,weibo,0
会长大人可以写一本《毁三观卖身记》了。[哈哈],0,human,train,zh,1,weibo,0
//@SSCC-An迪y-: 呃...其实，我记得这个是以前梁朝伟在一部电影里的搞笑对白... //@电台梦晓:[怒][怒] //@虹虹在文睿: //@王大雷: 求人肉！[怒][怒][怒] //@NoNo_Bor:哪能这样禽兽啊[生病],0,human,test,zh,7,weibo,0
最近大家都发现了吗？[嘻嘻][嘻嘻],0,human,train,zh,1,weibo,0
此活动至2月28日，亲爱的花粉们赶紧走起哦~[鼓掌],0,human,train,zh,1,weibo,0
这算什么？@我是田昌宇 来北京三年，省吃俭用，不喝酒，不抽烟，不泡妞。存了六万，他爸给了他9995万，直接买了个四合院。//@鱼九爷: [哈哈]好励志呀，各位父母加油,0,human,train,zh,3,weibo,0
这个曲目也太华丽了吧//@小元三之助: 真是手贱看歌单!!![抓狂][抓狂][抓狂]//@LuttiRainbow:new soul!!!!!!!!!要?死?[抓狂]?死人啦,0,human,train,zh,3,weibo,0
好暖。 //@clover张三: //@匆JIA: //@寻找旅行家: 只要人人都献出一点爱，世界将变成美好的人间~[泪] //@陈晓卿:温暖。 //@卢健生: 暖在心头。,0,human,train,zh,8,weibo,0
只有你是神经病[汗]//@肥天小飞猪:都做过木有？[哈哈][哈哈]原来我们都是神经病。,0,human,train,zh,1,weibo,0
今天的工作有四个地方都做得很差劲~1、早上盖章没有仔细，明明图册有重复编号的图纸，确在章都盖好了已经送出去了后才发现。2、没有签字的图纸不该盖章的，我却手快拿来盖章了，又只有一份一份的刀刮。3、中午老总打电话来找同事，我却不懂迂回的说他不方便接电话，很直接的说了句他还在睡觉。[怒骂],0,human,train,zh,1,weibo,0
//@IOIQ:今儿天气真不错 //@希希粘糕:项链真不错！ //@??LY:这是卖项链？骗人 //@淘宝美食:好项链 衣服也搭配的不错黑底白蕾丝 嗯很漂亮 你们懂得[抓狂],0,human,train,zh,7,weibo,0
这个造型如何[嘻嘻] 我在:http://t.cn/zlPgkyZ,0,human,test,zh,2,weibo,0
家有喵星人滴看过来[熊猫] //@苜序:[哈哈],0,human,train,zh,2,weibo,0
文怡老师以自己个儿的身材为例形象的为大家???????????介绍汤煲[鼓掌] //@文怡:我的天，球型[泪][泪][泪],0,human,train,zh,2,weibo,0
那些不靠谱的父母，哈哈哈哈哈哈！[哈哈][哈哈],0,human,test,zh,1,weibo,0
[疑问] //@张荣奎:官薄造谣判5到15年吗？ //@观不语棋://@老徐时评:这个周末就指着这个笑话开心啦！[哈哈]//@琢磨先生: 2千多人干掉19万，你以为是横店军团吗？ //@徐昕: 官博梦游[哈哈]//@财经网:【夜问】这真的是汾阳公安局官方微博？,0,human,test,zh,6,weibo,0
这个神童，老爸是神父！[嘻嘻]//@玖食龙虾餐厅:[哈哈][哈哈][哈哈][哈哈][哈哈] //@作家-天佑: 14岁，童工啊,0,human,train,zh,3,weibo,0
一大早看到这个，马上心情大好！[嘻嘻],0,human,test,zh,1,weibo,0
//@管平潮: 追责！追责！//@沧月: [怒] //@六六: //@妙手仁医: 油画[蜡烛][蜡烛][蜡烛]家乡的海湾就这么再次受到破坏！,0,human,train,zh,6,weibo,0
恭喜恭喜！还不请哥儿几个喝一杯[哈哈]@小水一方 //@AliceLiu_?萌: @北京人不知道的北京事儿 @北京玩乐攻略fun @吃货都在这里勾搭 @红绿灯-官方微言 @湖南卫视 @HITFM @全球玩乐攻略 @荣雪斌 @三联生活周刊 @舌尖上的美食家 @头条新闻 @微吃货 @携程旅行网 @周立波,0,human,train,zh,16,weibo,0
回复@光之隐:我默默看了他十分钟，三道菜打包了十分钟，默默的，他必定是处女座，打包的罐子都要排列对齐，每打包完一盘，就要把空盘收掉，再开始下一盘[抓狂] //@光之隐:就吃个饭，你把人家服务员星座都搞到手了？,0,human,train,zh,2,weibo,0
"这么一比，Bimba的不算啥啊！ //@三个三个:受不了这个苦的属于15%的人飘过 //@端木妙子:Q:""Are u sleep only 5 hours everyday?"" A:"" well, if u are lucky....."" [衰][衰] 真的会死人的...",0,human,train,zh,17,weibo,0
[落叶]美好的时间总是特别的快！又到了说再见的时候。。。Bye? 深秋的北京！恋恋不舍ing[泪] 希望飞机可以准点[飞机][飞机][飞机] @老虎家的酸梅汤 @我叫罗小闹  我在这里:http://t.cn/zQvsrCc,0,human,train,zh,6,weibo,0
[嘻嘻]//@西西CC-如花似玉小姨妈: 张亮知道么,0,human,train,zh,2,weibo,0
哈哈游戏机 //@裴育:游戏机[怒],0,human,train,zh,2,weibo,0
扯蛋极了[怒] 免费的应该是公开的性教育课，再不济的应该是免费的避孕套，堕胎免费的逻辑，和不打招呼炸掀了大马路然后领导出来道歉一样[弱][弱],0,human,test,zh,2,weibo,0
#情人节# 玫瑰代表我的心[嘻嘻],0,human,train,zh,2,weibo,0
坐在2013年的大船上发回的报道[思考]//@徐忱-牺牲: [晕],0,human,train,zh,2,weibo,0
真不错！！//@刘佳琳Ichigo：精彩！@兔兔陈小姐 //@lynshos: 我靠，这个，真是重口味，有点HappyTree的风格@苏门答腊大肥猫 @陈浅浅 //@微博搞笑排行榜：《屎神来了》。。。重口味，未成年人不要看[衰],0,human,train,zh,5,weibo,0
周末朋友们都在做什么呢？小编在店里看?大家吃火锅[泪],0,human,train,zh,1,weibo,0
@Michael_MediaV 被我发现了吧 //@dancingsnoopy_MediaV:B总要红！[哈哈],0,human,train,zh,3,weibo,0
这麻麻到底给宝宝擦了多少痱子粉啊......放屁都冒白烟了！[哈哈] 这难道是传说中的喷气式飞机？小丸笑抽了~~~,0,human,train,zh,2,weibo,0
"就像煲汤要放火腿片入味一样[哈哈]//@翅膀的声音2011:二杆子无肉不欢，红菜苔都要＂着＂腊肉丁入味，可怜我这不吃肉的主，只能望""苔＂兴叹鸟。[伤心]",0,human,train,zh,1,weibo,0
宝宝开心，您放心[嘻嘻] //@嘉乐会月嫂:感谢您对阿姨和我们的认可，我们会继续努力的！[爱你],0,human,train,zh,2,weibo,0
还有他的好！[嘻嘻] //@我是聂导:// @英杰拉姆 :我想要这静静的，默默地，慢慢的渗透，融化，滋润。,0,human,train,zh,4,weibo,0
同问[哈哈] //@Lio李勇:余总，起床了吗？[呵呵],0,human,train,zh,2,weibo,0
movie maker搞不定啊！！！素材太多完全带不动啊！！！@嗨-黛西小姐 电脑一定是死机的~加一起有8G，还没剪就要死机[怒],0,human,train,zh,3,weibo,0
幸福象花一样[哈哈],0,human,train,zh,1,weibo,0
#蔡?逛微博?世界#有机会蔡澜老师还要来满福楼哦！小编有很多东西要和先生学习！也希望您以后经常在北京举办见面会呢[嘻嘻][给力] http://t.cn/zQ5tahp,0,human,test,zh,2,weibo,0
干活啦，6万字……[泪],0,human,train,zh,1,weibo,0
北京什么时候可以加这个活动呀！ //@彭涌_爱美食: @博斐秀禾 @于亚婷微博 @陈玉霞博斐秀禾 @崔洪峰的微博 @黄协秘书长胖子张悦  //@咪咪??:[cai开心]武汉权金城K11店二周年店庆开始啦![din推撞] [鼓掌]欢迎啊~   @牛牛好运气@护花使者9187@快乐小蓝鸟,0,human,train,zh,10,weibo,0
气死我了！老人声嘶力竭的叫着救命啊。这位媳妇，你也有母亲吧！你以后也会成为母亲吧。就不怕报应啊[抓狂][抓狂][抓狂],0,human,train,zh,1,weibo,0
[吃惊] 很强大//@徐云龙：什么人都有啊[晕],0,human,train,zh,2,weibo,0
广交会定于2013年4月15日至5月5日，看到这日期，我[抓狂]了。,0,human,train,zh,1,weibo,0
相信爱情吧！真爱是有的！风浪之后定会鉴证真正的爱情！[太开心],0,human,train,zh,1,weibo,0
@中国工商银行电子银行 你的客服真滴弱爆了[怒][挖鼻屎] 申请临时修改下对账单的邮寄地址竟然需要打3个电话 花了10几分钟才能搞掂 你们的客户体验是不是需要快快滴提升啊[泪],0,human,train,zh,5,weibo,0
"#旅游新闻#【骗子新伎俩"": 先带你商务一日游 后洗脑入传销】近日，许多外地人在广西南宁参加了""商务考察一日游"":导游不介绍景点，却对当地政治经济和发展前景侃侃而谈；只要你出资3800元参与项目，到完成600份任务时，可以获得360万的收入……传销""一日游""，小心上当哟[衰] (央视新闻)",0,human,test,zh,4,weibo,0
好感动[泪]祝2位永远幸福！,0,human,train,zh,1,weibo,0
[嘻嘻]//@芈氏春秋:围观~~揍他揍她~~//@作家陈岚:右边，知道什么是风味么？好像理科生肯定都是些毫无情趣的糙人，绝对不适合恋爱，但总有好这一口的MM把你们收回家去的。[嘻嘻] /@烧伤超人阿宝: 右边傻到什么程度才会相信这种小手工作坊生产的肥皂比现代化大企业好。 //@作家陈岚:来10块。,0,human,train,zh,4,weibo,0
洒家就是这样过的[哈哈]@研研郭 //@不加V: 80后,0,human,test,zh,3,weibo,0
足足250克，一块见饱的节奏！[可爱]//@Sundy删我贴的掉厕所: 不带这么诱惑人的/[抓狂]/@繁星满天飞扬: 爱吃牛排的看过来！@嘘嘘_阿奴 @RED已被注册 @吃货Dior纟 @flyleave开心小土豆 @建玲大姐 @综于缘味 @Sundy删我贴的掉厕所 @哥白天不是个随便的人 @小小织女星,0,human,train,zh,11,weibo,0
[嘻嘻][兔子]美女们[鼓掌][爱心传递]这款新款到货咯[花心][飞机]非常百搭！[太开心]喜欢的赶紧到店里噢[做鬼脸],0,human,train,zh,1,weibo,0
吴哥夜市的小吃要不要这么馋人[抓狂] @维尼小熊 @七月娃娃 @行走的强子 @郑东 @茶色姗姗 @周围freedom @俺是芜野 @V总在旅途 @飞鸟与鱼 @摄者生存 @杏子 @歪歪98 @柳絮同学 @J调de华丽 @刚子,0,human,train,zh,16,weibo,0
【#超级笑星# 开心一刻】老鹰们表示，天冷了，结冰了，走路比较尴尬……[哈哈]今天是中国传统二十四节气的“大寒”，也是蛇年的最后一个节气，天冷了大家也要注意保暖哦~,0,human,train,zh,2,weibo,0
富豪榜上在多几个。。估计人均都是六位数的了。。//@家有小丁:又一次被平均了。总有一天哟啊劫富济贫啊！！！！//@葱葱徐_:有四位数就很不错了！！！//@晓伐晓得: 同问[泪]//@我们爱讲冷笑话:不说了，满满的都是泪[泪],0,human,train,zh,2,weibo,0
#陪你?悦读会# 今儿，孩子们在自行热烈地讨论《骆驼祥子》后半部，爹妈们太罪恶、太不学好了，旁边开了一桌，打着让孩子们自立的旗子自行大吃大喝大聊！（在洋洋的内蒙藉同学家，一桌子地道内蒙美食）![嘻嘻][哈哈],0,human,test,zh,2,weibo,0
[哈哈][哈哈]//@大葱21: [哈哈]//@亚伦sun: 转发微博,0,human,train,zh,3,weibo,0
感冒，难受，唯独要做的就是坚持！反正这鬼天气也不是责怪它就能散的，潮湿的心情要用阳光的心态来治愈。[哈哈],0,human,train,zh,1,weibo,0
[偷笑][偷笑] //@斜阳下孤烟: @恒_玄 @damainlau @驭风翎 越来越喜欢脑袋了…… //@武侠603:[哈哈][哈哈][哈哈][哈哈]整场的一个小高潮?!这段儿大林那表情真是可爱极了！！优酷赶紧出视频吧！！[哈哈]当时真觉得郭老师要是走出来大脑袋就得跪地上?[哈哈][哈哈],0,human,train,zh,7,weibo,0
伤不起呀[怒] //@远影_:原本很好的食材，全让这题材恶心了! //@右哉:………… //@新浪上海:这是一个巧克力蛋糕~~~~[呵呵],0,human,train,zh,4,weibo,0
回复@冬木家:我错过了，关注人太多，老刷屏般错过些神马[泪][泪]//@冬木家:这组大片今天在穷游网围脖上见了，好漂亮！！！！你家男人真是高手！//@那年那月nina:这组大片好多第一次见呀[给力],0,human,train,zh,1,weibo,0
预算科目内还可以加上一条叫：自收自支[哈哈] //@鲁京晋:巨额广告收入呢？ //@好人老周: [哈哈]预算可立项了,0,human,train,zh,4,weibo,0
[泪] //@冰糖Candy:// @酒窝在眉梢 :[泪] // @台球裁判潘晓晔 : // @刘崧snooker  ：好难过，必须转发,0,human,train,zh,10,weibo,0
陈一冰和涅莫夫就是冠军！无论是技术还是品德！[奥运金牌]那些不要脸的裁判去死一万遍好么！[怒骂][怒][弱],0,human,train,zh,1,weibo,0
某人就会说，盖被，试表，喝水，你不听话我给susanna打电话啊！[晕],0,human,train,zh,1,weibo,0
这个比现在玩杀人三国杀上来先各种没收手机来的靠谱[嘻嘻]//@薛炜Edge:转发微博,0,human,train,zh,1,weibo,0
上床，睡觉。九月再见。一?醒来就是假期了。[哈哈][哈哈],0,human,train,zh,1,weibo,0
@李大7 这个姿势、这个角度，怎么那么像你拍照的常用姿势呢？//@酸奶油蓓蓓：哇塞！换造型了！[哈哈] 手指头终于从嘴里拿出来了！,0,human,train,zh,3,weibo,0
明信片粗发了?[太开心]@风无影  我在:http://t.cn/zQ6XKt0,0,human,train,zh,2,weibo,0
我还说两万呢[抓狂],0,human,test,zh,1,weibo,0
晚安各位，在happy的继续happy咯。等待[??老人]给大家[?物]Merry xmas[???][????][?鹿][???][????][?物][偷笑][害羞][抱抱],0,human,train,zh,2,weibo,0
如果心的深处不再有温暖；如果带了面具的你不再感到疲惫；你有没有想过从新开始？当高楼阻碍了蓝天，当岁月模糊了记忆，你会不会觉得这个世界有些不同？当你在繁华喧嚣的街头驻足你的身影，你会不会突然觉得有一种不能融入的尴尬？谁在乎窗外的绿缺少春意，谁不希望风起的时候路不再独走…[泪]还在独走,0,human,train,zh,1,weibo,0
我要吃//@Zyra2V2:快来尝尝吧[爱你]//@现代可汗: @矮胖子MCM @April_静静 @BTV梦遥 @BTV美食地图 @bpt19 @chefzhong @chef麻老五 @光头阿斌哥 @光头陈庆 @Silvia吱吱 @SAMSONG-PENINSULA @三摩地帮主 @撒大米 @pupu迷 @Seanyang_光_大洋 @大个子ray @Zyra2V2 @张牙舞爪的妖精 [鼓掌][鼓掌][鼓掌],0,human,test,zh,20,weibo,0
我看中的美妞和帅车[可爱],0,human,train,zh,1,weibo,0
瓦伦西亚话就是有点山东口音[挖鼻屎]//@西班牙瓦伦西亚海外交流中心: [话筒]翻译如下：#纳达尔#说：费雷尔这家伙在睡觉，我们拿舒缓泡沫去捉弄捉弄他[偷笑]。#费雷尔#醒了大叫：[抓狂]CABRON混球，你对俺干了啥？你个小兔崽子，你给俺这喷的是啥玩意儿[黑线]？,0,human,train,zh,2,weibo,0
"昨天俩学生聊天有一段特别有意思... [偷笑] 共大家参考... 能找到亮点吗？ ... 学生 A：""La camera viene 100 euro senza servizi speciali, 500 con i servizi speciali."" 学生 B：""Sei troppo nero!"" [哈哈]",0,human,train,zh,24,weibo,0
咱家红人啊，周六日在 //@菊儿小枣: 有一点伤感[失望],0,human,train,zh,3,weibo,0
回复@哗啦啦网:谢谢大家的支持！[爱你] //@哗啦啦网:[给力]@田源鸡,0,human,train,zh,2,weibo,0
我点开视频几秒钟就看不下去了那些工人又怎么可以如此冷酷的继续着他们的“工作”[泪]善待动物～,0,human,train,zh,1,weibo,0
@queen-for-a-day 姐姐 下次是这范儿嘛 [哈哈],0,human,test,zh,4,weibo,0
[亲亲]过桥排骨就是真的像一座桥才叫过桥排骨哟！,0,human,train,zh,1,weibo,0
好像和领导在weekly meeting@人生如梦5啊 [泪] //@葛小若_Yuki:??[汗] //@全球时尚:[围观],0,human,test,zh,5,weibo,0
金门湾大酒店荣获翔安区2012年度“平安企业”[太开心][给力]，翔安区共25家荣获#平安企业#称号，[鼓掌]，安全无小事，平安靠大家！2013年来了，让我们继续努力吧！@翔安区安全生产 @翔安卫生监督 @翔安网 @翔安-好厝边 @翔安大小事 @翔安门户网 @大嶝在线,0,human,train,zh,7,weibo,0
最美的愿望一定最疯狂，我就是我自己的神，在我活的地方[鼓掌],0,human,train,zh,1,weibo,0
有人以为中大在中山www//@踏云kumo:而且中大?用了所在?域以外的地名XDD// @577不纠结 : 于是中山大学改叫大山中学么// @思琴紫蓝 : 乃们中大也属于用人名命名的吧[哈哈],0,human,train,zh,7,weibo,0
风驰电掣呀，每小时3迈。。[抓狂][挖鼻屎],0,human,test,zh,1,weibo,0
//@史幂: 好爸爸 纯爷们 //@杰ninini: 太爷们了[泪][泪][泪][泪] //@感谢方便面://@GIF图精选:哎～～好父亲。。,0,human,train,zh,6,weibo,0
只有不思上进一心只为赚钱不与党中央保持高度统一的企业才不在今天这个伟大的历史时刻与全国人民共同学习十八大重要思想！这是从思想和行动上轻视十八大精神的做法，这是作为在党旗下成长起来的备受党关怀的企业忘恩负义狼心狗肺的倒行逆施！坚决鄙视阻止员工学习十八大精神的行为！[怒骂][怒骂][怒骂],0,human,test,zh,1,weibo,0
为嘛这个怪物蛋不能用窝啊？？？明明还有一个窝嘛[泪][泪]@保卫萝卜CarrotFantasy,0,human,test,zh,1,weibo,0
怎么联系？ //@Stella岚r:。。。。。怎么能这样！！！求帮助方式！！！// @山岚熊外婆 : 有最近去福州的同学吗？请一定抽空去看看她。。。好心疼！// @二饼天下无双 : 是真的么？具体地址和帮助方式呢？光转能帮到她么？ // @二爷粉丝团团长 :[泪],0,human,train,zh,11,weibo,0
有啊![爱你]@陈蕾蕾蕾 //@陈蕾蕾蕾:无,0,human,train,zh,2,weibo,0
[哈哈][哈哈][哈哈]Nice Family...Go go go思密达...,0,human,train,zh,4,weibo,0
@一夫食堂 你家胖肉被偷拍了吗？？？？[嘻嘻],0,human,train,zh,2,weibo,0
劳资还白刷了30年哦[泪]@肥天小飞猪 @daodaodeyu @拖米Moumoon //@经典丶微小说:我这20年牙白刷了！[泪],0,human,train,zh,4,weibo,0
"这下我知道了，林清峰原来是厦门人[哈哈]我在这里:#福建省,厦门市,思明区,蜂巢山路# 我在:http://t.cn/zW0M5lL",0,human,train,zh,2,weibo,0
傻逼[怒] //@SharonJin:畜牲！[愤怒] // @一月海岸-TONY ：[怒] 弄死丫的,0,human,test,zh,6,weibo,0
#冬季萌物#冬季卖萌利器，用这个来打脸也是很酥服的！[嘻嘻][嘻嘻][嘻嘻],0,human,train,zh,1,weibo,0
[爱你] u did both... Thanks for being there and loving me [猪头],0,human,test,zh,12,weibo,0
#食刻好心情#【水煮肉片】1．猪肉切片，加淀粉、料酒、盐腌制片刻；2．豆瓣酱与辣椒碎、花椒碎、辣椒油调成汁；3．油菜、豆芽放入锅中煮熟捞出；4．腌好的肉片放入锅中煮至八成熟捞出；5．将料汁倒入水中搅开，下肉片煮熟；6．煮好的肉和汤倒在蔬菜上，最后烧热油浇在肉片上。 [爱你],0,human,test,zh,2,weibo,0
@枫叶了 叔儿~七阿姨 @美了个丽的_MIA 说你很销魂~确实很销魂哈~[哈哈],0,human,train,zh,4,weibo,0
不吃饺子！[晕] //@李峥嵘:你们蘸啥？我的是酱油+醋+辣椒酱@偷蜜的大熊 @胡大治 @机甲 @沦陷物语 @蔡幼林 @书位 @liuyan_16 @董生生 @阿甘  @博股论金王建民 @彦凌 @西西,0,human,train,zh,13,weibo,0
回复@一生唯诺881216:身高不到1.2米应该可以的吧~[偷笑] //@一生唯诺881216:周末才回家，还能赶得上么？[泪]俺20了，能给儿童价不？ //@唐山国丰维景国际大酒店:回复@lu-杰521:有儿童价 //@lu-杰521:有没有学生价 //@唐山国丰维景国际大酒店:回复@?美美:感谢您的认可！欢迎常来,0,human,train,zh,5,weibo,0
我和我的女淫@爱朵宋翊菲 [哈哈][哈哈][噢耶][噢耶][噢耶][好爱哦][好爱哦][好爱哦],0,human,train,zh,2,weibo,0
说明他们工作很闲//@阳光老顾:脑子进水[衰],0,human,train,zh,1,weibo,0
hiahia，明天就要飞美国了，墨迹到这点才出门去银行换美元什么的... 晚上再整理行李吧?[汗][晕] 到了美国就去购物，带个大箱子还是小箱子呢？[思考][思考],0,human,train,zh,3,weibo,0
[泪]加班到凌晨三点多，到家都快四点了。眼看天就要亮了，我得赶紧睡觉了…,0,human,train,zh,1,weibo,0
//@灵异笔记:2012到来之前，姐高低得抢个长期饭票回来！ [抓狂],0,human,test,zh,2,weibo,0
一声叹息//@黄庆BG4EXP: //@游离现场:上海人啊……求人肉……//@冰城粉狐://@张醒生: 最可气的是车上还有孩子，这一幕发生在孩子眼前，对他的影响也许是一辈子！ //@可惜我是女流氓:[怒] 人在做天在看！,0,human,train,zh,5,weibo,0
对于这样的好天气，我真是后知后觉。在办公室一坐就是一天，没时间出门呀[泪]借用朋友圈的美图，纪录今天的校园。[太阳][微风][心][鲜花][可爱]真。的。好。美??天。气。好。温暖??@中国传媒大学校友会 @中国传媒大学微记忆 @途秀 @远方网 @CUC文法学生会 #欣爱生活##校园美景#,0,human,train,zh,6,weibo,0
"不能表白,就更要吃大餐啦,一切尽在不言中嘛[哈哈]",0,human,train,zh,1,weibo,0
在法国也一样的，万恶的资本主义啊！[泪] //@爆鳝面加猪肝:90年代一中国艺术家在意大利患病住院n多天，治愈出院也无人提钱//@干玮玮_ViVi: //@Sasa秦: //@假装在纽约://@陈一来:,0,human,train,zh,4,weibo,0
@陈不住气  这么一看，我家喵生活的太寒酸了[泪],0,human,train,zh,2,weibo,0
//@悦来汉蓉: 回复@蔚萱:是的----只是围观-----[偷笑] //@蔚萱:这不适合中国的国情。[偷笑] //@悦来汉蓉:回复@祝建民:[握手][太开心] //@祝建民:悦来想尝试[偷笑][偷笑][偷笑] //@悦来汉蓉:[围观],0,human,train,zh,6,weibo,0
很开放的招聘词[哈哈] ，欢迎加入。,0,human,test,zh,2,weibo,0
如果能把我的本子推销出去，再用卖本子的钱帮我出国移民，顺便国外买套房子……那就完美了……[哈哈]//@导演闫宇彤: [good] //@董学刚:[围观],0,human,train,zh,3,weibo,0
[怒]//@历史断片:[怒]//@杂谈五味:必须严惩打人的畜生！[怒]//@落雪博报: 如果你有人性，你必须转！被打的孩子，你们妈妈心疼啊！,0,human,train,zh,2,weibo,0
门框你妹儿啊 //@鱼来鱼往:门柱你妹啊//@兔兔bryant: 门柱你妹啊[怒]//@小可X60527: 门框你妹儿啊[黑线],0,human,train,zh,4,weibo,0
哈哈，独乐弄到众乐！ //@文怡:真心说一句，人民需要这样的领导。如果他能坚持每天这种高品质的围脖更新，就算工作上不作为，我们也乐意啊[鼓掌]。,0,human,train,zh,2,weibo,0
已患恐黄症//@胡紫微:同意右边。 //@陈业文新大都:[抓狂] 一帮脑残管理的国家。Fu_k！[鄙视][鄙视]//@晓雨闻铃:[衰]//@李察的李: 你瞧? //@袁扬: [怒],0,human,train,zh,6,weibo,0
回复@胖胖玉米: 仅仅是针对会议精神的传达和理解[可爱] //@胖胖玉米: 感觉冷亚姐你在播新闻诶[偷笑],0,human,train,zh,4,weibo,0
#国庆嘉年华#今天的音乐会非常精彩，Y乐队很棒[鼓掌]欢迎大家来露营公园听音乐会,0,human,train,zh,1,weibo,0
人无完人啊，留点悬念到最后[偷笑] //@韩玉hany:[失望]我老公差一点点@我是徐峥,0,human,train,zh,2,weibo,0
[泪] //@潘石屹:祈祷，祝这位伟大创造性灵魂一路走好。脱离痛苦。走向充满爱、光和美妙音乐世界。 // @张欣 : // @新浪美股 ：[蜡烛],0,human,test,zh,8,weibo,0
快到碗里来[威武][威武][威武]@AlwaysObsessed 你的战果如何？[兔子][兔子] //@SIZE鞋报网:#鞋报球鞋秀# 关键是另一半，你在哪？！[晕],0,human,train,zh,4,weibo,0
"蹊跷的""失误""[哈哈] 《大公报致歉刊发习近平假消息》 (来自 @头条新闻) http://t.cn/zTMrhiL",0,human,train,zh,5,weibo,0
//@没事就爱瞎激动: 哦艹//@果树breathing: 难怪每天一百个都没用！//@茶茶Captain: 自然是，节食啦！//@武力解决XXXL: 还好减肥前有做过功课……@煎锅上的咸鱼君 @Kimmmmmm_金 //@香蕉咩: [衰]//@蛰伏期的老王:那什么好呢？ //@倬修:就知道,0,human,test,zh,9,weibo,0
本年度首顿户外餐落实在了@一坐一忘餐厅 [哈哈]@一坐一忘 @一坐一忘景宏,0,human,train,zh,3,weibo,0
睡不着，2个月没去敬老院看可爱的老人们了，明天一定要去一趟。纠结带什么礼物去，[可爱]顺便把2013年的捐款带过去！[可爱]林琳笨要坚强努力哦，开心快乐多赚钱多捐款哦，别先把自己饿死哦！,0,human,train,zh,1,weibo,0
您好，我是马勒别墅的Mia，看来您是个专家，谢谢您对我们下午茶产品的赞赏，我们Chef Chen的手艺是越来越好了！[哈哈],0,human,test,zh,2,weibo,0
[怒骂]//@有酒无欢: [吃惊] //@沃在黄河口:人们都不怕死，继续吃！//@优优的狮子妈咪: [怒],0,human,train,zh,4,weibo,0
[给力]outlet打折村直播[给力][爱你]#dolce&gabbana杜嘉班纳#这些全部是38码的鞋子。欢迎微信hyccc903,0,human,train,zh,1,weibo,0
@YolandaLL66 @wandy 新婚快乐[鼓掌][照相机][干杯][心][话筒][电影][音乐],0,human,test,zh,3,weibo,0
@东-blog 你是第四个，好萌阿[偷笑] //@几米漫画集: [你@ 她了吗？哈哈哈[哈哈] [哈哈],0,human,train,zh,6,weibo,0
央广对农广播中心招聘报名截止倒计时：第五天。如果您知农业、爱农村、愿意服务农民，请通过网络尽快报名。国家台的对农广播频率，将掀起关注三农、关心三农、支持三农的浪潮，希望您是浪花一朵。[鼓掌],0,human,train,zh,1,weibo,0
[怒]丧尽天良//@孟庆德: //@朱又可: //@薛蛮子:可耻啊,0,human,train,zh,3,weibo,0
[抓狂][抓狂][抓狂] @Emily想旅行,0,human,train,zh,2,weibo,0
我们的同事劳动中也不忘快乐为本[哈哈][哈哈],0,human,train,zh,1,weibo,0
~(???)/~啦啦啦 青年餐厅银河店 扇贝很好吃的干活！嘿 欢迎光临！[江南style][可爱],0,human,test,zh,4,weibo,0
"后面两位可以裁去了[嘻嘻]//@翌-0_0: 哈哈哈哈哈@萧普贤女 //@牵机?苏璃漠:顾公子高瞻远瞩!!!!!且不说时时处处都有串错了剧组的各色熟人,就这看谁谁姓顾的本事也得心悦诚服的跪一个233333",0,human,train,zh,3,weibo,0
买了两盒豆腐，转眼就找不到第二盒了。。奇怪了。。难道我有老年痴呆症？[抓狂][抓狂],0,human,train,zh,1,weibo,0
你是外星人 什?都有效~~~~~[嘻嘻]//@小?JPM_J: ?真的很有效！阿?！,0,human,train,zh,3,weibo,0
转了两条。。。被删的无影无踪了。。。不带走一片云彩啊[衰],0,human,train,zh,1,weibo,0
[哈哈] //@精彩OK:霸气！《OK！精彩》五月一号上市哦！,0,human,train,zh,2,weibo,0
铜雀台，刘亦菲。今夜将因?而难忘，我无法掩饰对?的迷恋…感谢造物主把?恩赐给这个世界 。做一个花痴般的菲迷挺好！[可爱][害羞] 我在#美亚大光明国际影城# http://t.cn/zOglcR6,0,human,train,zh,4,weibo,0
三缺一！[哈哈][哈哈][哈哈],0,human,train,zh,1,weibo,0
鲨鱼艇火了@Vivien老杨-骏豪游艇 @骏豪游艇_BLUE  //@骏豪游艇:欲看型男正面，关注@湖南卫视锋尚之王 [哈哈][哈哈]今天#海天盛筵#最后一天，还没一睹#鲨鱼艇#风采的快来现场噢！,0,human,train,zh,4,weibo,0
[鼓掌]支持//@海毅dorange: 期待节目的录制！@星光耀东方 //@莲芯儿: 调皮~~~[挤眼],0,human,train,zh,4,weibo,0
[泪]//@图书策划人向雷: 希望老两口早日团聚，//@左影右虹: [衰]多痴情的大爷啊，这年头上哪儿找这么专一的人。。,0,human,train,zh,3,weibo,0
@叨叨叨导 给偶带的这本书，被永远地留在T3了[泪] //@香港中文大学出版社:小平明日?展?!,0,human,train,zh,3,weibo,0
上元灯璀璨――还记得昨晨的降雨么？让人直担心“雨打上元灯”，所幸天公作美雨水渐止[给力] ，到了晚上更是守得云开见月明，带给泉州人民一个美好元宵夜。图为在夜景工程和数百盏花灯的映照下，市区百源川池夜色撩人，赏灯的市民络绎不绝。这夜色简直如画啊！[爱你] （陈起拓/摄）,0,human,train,zh,3,weibo,0
"真正的原生态!!!所以呢,人不要试图去改变自然,而需要去适应自然!!![哈哈]",0,human,train,zh,1,weibo,0
[怒]我靠的。。想起@张晓蕊rry2 今天办的事儿就知道什么叫2！！！！！就差报警了我们,0,human,train,zh,2,weibo,0
这华裔女友实在是有些粗旷//@创业邦杂志: 库克在北京，小扎在上海，难倒都来登船了？.....也许哪一天一抬头，旁边就有个亿万富翁在压马路呢，准备好你的相机吧[嘻嘻] （部分图片由网友@天空音乐盒 拍摄）,0,human,test,zh,4,weibo,0
[泪]最近怎么这么艰难???说好的木星呢???[泪]//@桃妈努力下一百: @霍小驰 互相拥抱吧 //@Alex是大叔:补充：太阳下周进入狮子座，不过与土星逐渐形成刑克相位，太阳、上升狮子座的人要多留意健康以及合作方面的问题，如果你身边有狮子座的好友（太阳、上升）且最近不顺，拥抱一下他们吧：）,0,human,train,zh,4,weibo,0
陶总也试用过啦？我开始后悔换了，双卡双待功能远不如三星[怒骂] //@陶然:明明有实体键，那个功能键确实浪费屏幕,0,human,train,zh,2,weibo,0
[偷笑]//@毒药小远er妞的随遇而安: 靠谱儿//@国安冰块:我要一??的媳??行?？//@毒药小远er妞的随遇而安: 你也要一个？//@国安冰块:[哈哈]//@毒药小远er妞的随遇而安: 赶快发我一个这样的男朋友吧[嘻嘻],0,human,train,zh,4,weibo,0
你在早稻田还记得我的电影，谢谢！//@喜欢胡思乱想的云: 当年老米的《玩主》《带轱辘的摇篮》，费明的《离婚了别来找我》那样的深厚的新现实主义的影片没了[衰]//@米家那个山: 转发微博,0,human,train,zh,3,weibo,0
回复@山时水尚:@crystal紫伊 亲，私信我们您的姓名+手机号码+身份证号，即可获得山水VIP贵宾卡，电子卡号哦，记住手机号码就能使用，无卡也优惠。[抱抱] //@山时水尚:回复@crystal紫伊:邮寄地址和联系方式私信我！ //@山时水尚:回覆@化春光:再跪80块钱的！ //@化春光:跪了……臣妾猜不出啊,0,human,train,zh,5,weibo,0
我的27.....已经远去了。。。。。[泪] 我的18岁即将开始～～～[鼓掌] //@邱咔咔：第一次听说哎 等两年看看,0,human,test,zh,4,weibo,0
还是香港户口洋气点//@?浚?:[晕]//@哈以奔:@?浚? 四哥，你的北京户口终于办下来了！,0,human,train,zh,2,weibo,0
抓紧写影评哦，奖品有[我们的]代金券！[鼓掌]//@星美汇: @星美汇 @星美国际影城官方微博 @我们的日式烧肉屋 //@新浪娱乐: 【围脖写影评N0.11】全国范围召集：写《桃姐》影评有奖活动开始啦！,0,human,train,zh,6,weibo,0
这么大的疯狂小鸟，哈哈[哈哈] 和ipad放一起就知道有多大啦[哈哈],0,human,train,zh,2,weibo,0
史无前例、史无前例啊[抓狂],0,human,train,zh,1,weibo,0
包包很能装，但是在太沉了。[晕]biangbiang面里，休息吃饭。[汗][汗][汗] http://t.cn/zWM19yI,0,human,test,zh,2,weibo,0
等等等[晕],0,human,train,zh,1,weibo,0
这俩个大家伙我该怎么处理？？刚才拿起一只来，它过分的活蹦乱跳我一不小心掰折一条腿...[挖鼻屎]还是条大腿！[汗][汗][晕] 这该怎么吃呢？[思考][思考],0,human,train,zh,2,weibo,0
飞成都，明天为四川省委党校讲《新媒体背景下的营销创新》。再飞广州，奔深圳……[嘻嘻] 我在这里:http://t.cn/zQVKRZy,0,human,train,zh,2,weibo,0
茶、摄影、缝纫、烹饪、阅读....一个梦寐以求的空间几个有梦想的姑娘！//@雅债: 昨晚，查查的厨房第一餐。@?恩禾 姆们天使辛苦啦~[亲亲]原本说好要好好做一顿给三哥吃@懒人业余餐厅 ，没有他哪有我们几个梦想的空间。结果被他密谋了，在我们的厨房，他请朋友以及我们，启动了厨房正式的第一餐。,0,human,train,zh,4,weibo,0
以我的性格，回到三国的话，应该是小乔。@王上嘉伤卡 @安国寺的一休 和@神仙爱小妖 发微博的风格像曹操，@维多儿 和@章琳-- 像小乔。[哈哈]测试网址http://t.cn/zO8zpyX,0,human,test,zh,6,weibo,0
继续乖乖的打针吧，快快还我健健康康的迪迪[可怜]刚才医生拿听诊器占我便宜，吃了哑巴亏，可恶[抓狂],0,human,train,zh,1,weibo,0
[爱你] //@瑞丽网美妆蜜友会:现在公布最后一波获奖名单！奖品为【洗颜专科柔澈泡沫洁面乳正装1支】，获奖观众为：@袅袅地盘 @浅暖微凉_CQ @水晶乖宝 @汤媛媛Mini @天歌的天空 @酴?飞舞 @我叫孙大黑 @我是漂零 @小妖怪南瓜 @丫子哦 @紫凌儿1223 。最后的iphone5大奖得主有请@洗颜专科官方微博 发布。,0,human,train,zh,14,weibo,0
八星记忆，永在我心。[泪][泪],0,human,train,zh,1,weibo,0
[心] /好帅哦[哈哈]/@玲?心:回复@Lianne-凌凌7:[心] //@Lianne-凌凌7:??,0,human,train,zh,3,weibo,0
[怒] 亲们，别上当了//@友立焱娘:假滴[泪][泪] //@黄珏JJ:试试  //@友立焱娘: @杜?2011 @杜小哥很帅,0,human,train,zh,6,weibo,0
好想踢球[抱抱]可惜周末不在北京[委屈]//@PerryPu: 好的！@戴周颖 //@陶行逸:同去同去@PerryPu @北方小黑 @fenris朱楠 @峰峰CKFMBA @美国的海龟 @王_懿,0,human,train,zh,8,weibo,0
【#我不是明星#决赛之夜】今晚22：00是本季我不是明星的巅峰对决战，决赛播出前一个小时我们将安排两位明星子女和她们的明星母亲回答网友提问，微访谈嘉宾及时间：21：00~21：30@郝洛钒 @戴春荣 ，21：30~22：00@张楚楚 @演员宋佳 。机不可失~小伙伴们有问题的赶紧去提问吧[爱你]http://t.cn/8sMPQRJ,0,human,train,zh,5,weibo,0
[蜡烛][蜡烛][蜡烛][蜡烛]曾采访过[泪],0,human,train,zh,1,weibo,0
#上视讯中国，看伦敦奥运#@视讯中国 【英伦行】这一次我们的前方记者带大家来到了伊丽莎白女王的住处--白金汉宫，恰巧赶上女王今儿个在家看奥运，到底是怎么回事呢，一起来看一下吧~[嘻嘻]http://t.cn/zWWvpa3  更多精彩尽在视讯中国，客户端下载：http://t.cn/heAU6y,0,human,train,zh,3,weibo,0
今日影讯~更多影讯尽在官网 http://t.cn/zj8IZkD[抱抱],0,human,train,zh,2,weibo,0
[抓狂][抓狂] //@小芳_: @godflowr,0,human,train,zh,3,weibo,0
#早安西江#【北京高考期间天气】7日白天阴转多云，夜间转阴有阵雨，28到21℃；8日阴有雨，28到20℃。气温适宜，雨天影响出行，小西提醒亲们请提前做好安排。[爱你],0,human,test,zh,1,weibo,0
师傅@我有三徒弟 //@Oo骑行侠oO:大师兄……[泪],0,human,train,zh,2,weibo,0
长久给我们带来幸福感的是体验、经历和相互滋养的关系--适用于婚姻、爱情、工作、学习与友情[鼓掌][鼓掌]//@Guojun的空间://@伤不起的经济学:文章写得很透彻，值得大家仔细品读！！,0,human,train,zh,1,weibo,0
你不删呀，我不删，谁还会删？粉粉粉起来！给力质量粉呢！秒回哦！[给力][给力][哈哈][哈哈][哈哈][哈哈][给力][给力][给力][给力][给力][给力],0,human,train,zh,1,weibo,0
你们的亲人就如同我们的亲人一样，我们任何一个人都不会放弃，你们一定要保重身体~为你们所有人祈祷[爱心传递]，直到马方@马来西亚航空 给出真相与说法！！！！[怒]我们会一直站在你们身边！！毫不畏惧！！！@马航MH370家属委员会,0,human,train,zh,2,weibo,0
这哪是一张幸福的脸啊！整个一个喜庆的脸！//@畅春园食街: [嘻嘻]吃货都有一张幸福的脸蛋！,0,human,test,zh,2,weibo,0
谁家小箩丽呀[哈哈],0,human,train,zh,1,weibo,0
//@秋之落叶and冬之雪:漂亮的姑娘//@图书策划人红嵋: 介闺女真俊呐！//@老败: 天赋啊！//@慕古chen钟:妹纸好棒，哦耶//@浓甜亲: [嘻嘻]太棒了，起来看得太值了。叶诗文好样的！！！！！！,0,human,train,zh,4,weibo,0
回复@广州成隆行:[鼓掌][鼓掌] //@广州成隆行:[话筒]各位亲们，我很高兴能宣布，广州成隆行第一个#品蟹员#是@hugo的一些事一些情 ，期待他的光临和指点。[鼓掌],0,human,train,zh,3,weibo,0
生活天天这样多好好好好啊！！！ //@娃娃虎:?我?落一把吧。。。 //@April大摇摇:这一场资本主义娱乐盛宴太让人心醉了[泪],0,human,train,zh,3,weibo,0
蜗牛面前，车车平等[哈哈] //@逆风蝴蝶:英国奇葩呀！ //@陈甲妮: 轻松一下[嘻嘻],0,human,train,zh,4,weibo,0
睡了四个小时就被物业敲起来挪车！已经第N次了。看来真得搬家了。每次都只有我一个人乖乖下去挪，我是有多实在啊…[泪][可怜][伤心],0,human,train,zh,1,weibo,0
还真是、、、[哈哈] //@兔力大仙:@zhibubu刘治治 [阴险],0,human,train,zh,3,weibo,0
哈哈，好有爱[太开心] //@博斐秀禾尹闪闪Fly:[太开心] //@博斐秀禾tina肖: 哈，大嘴猴[花心] //@博斐秀禾_张丽: 可爱，漂亮，买给叮当吧[抱抱]@陈玉霞博斐秀禾 @博斐秀禾尹闪闪Fly @博斐秀禾王丹 @博斐秀禾OL琦 @博斐秀禾_Little娇 @博斐秀禾tina肖 @博斐秀禾梁佩红  //@你好英伦风: 转发原文,0,human,train,zh,14,weibo,0
#浪漫七夕 路灯摄影送大礼#这美事我都不敢转，你说我要中了一等奖，你们跟谁说理去！[哈哈][爱你]感谢大家的支持，继续为庄里人民服务！[照相机],0,human,test,zh,2,weibo,0
//@咖啡王子7号店: 回复@?丸?:必须的，现在还推出下午茶套餐，加个小吃很超值划算哟！[偷笑] //@?丸?:美味健康又不怕胖呐~下次试一下[可爱],0,human,train,zh,3,weibo,0
[花心]//@Ellen良家女子: [亲亲],0,human,train,zh,2,weibo,0
[偷笑]哈哈小家伙真可爱[爱你][鼓掌][鼓掌][鼓掌],0,human,train,zh,1,weibo,0
高铁太方便了，聊会天眯一小觉就到了[哈哈]高考日，替广大考生拜孔子去！ 我在这里:http://t.cn/zjtVUz7,0,human,test,zh,2,weibo,0
回复@张舟_zz:你这速度，太快了… //@张舟_zz:我也要[爱你][爱你][飞机][花心],0,human,train,zh,2,weibo,0
不说没关系，世人都知道！[哈哈] [哈哈] [哈哈] [哈哈] //@女妖的头发：就不说你们安排的细致，就不说你们的团队热情好客，就不说你们使我们不虚此行，打死也不说[酷] [偷笑] [偷笑] [偷笑] //@西行驿站VISION：武哥[威武]没我的事吗？[泪]//@女妖的头发:武哥[威武]美好的回忆是一辈子的财富[委屈],0,human,test,zh,9,weibo,0
又忙了一年啦，来CJW犒劳下自己吧~~男人也要对自己好一点~~~[嘻嘻][鲜花],0,human,train,zh,1,weibo,0
近日同#折友#@黄晓明 师哥交流骨折心得，原本想同去拔针可以互咬胳膊互相鼓励，可算来算去时间不合适，只能兵分两路...谈到拔针是否麻醉，最终成为了核心问题！起初蕾决定麻，可晓明湿锅说大部分情况不麻...蕾纠结了麻还是不麻？究竟疼不疼啊？妈，我怕怕[泪],0,human,test,zh,2,weibo,0
有男版的么[哼] //@一毛不拔大师:同举报[怒]（我比右边还多了愤怒的表情）//@和菜头: 涉嫌侮辱和物化女性，已举报。 //@性感的钻石老爷爷:[哈哈][哈哈][哈哈][哈哈][哈哈][哈哈],0,human,test,zh,4,weibo,0
[泪] //@耿嘉晨：还真是,0,human,train,zh,2,weibo,0
//@张楠w: 我要报名。[抓狂] //@众信sunhong:支持！需要细节。  //@韩维屏: @张小晰子 @张晓鹏jonathan @众信sunhong @张楠w @张打打 @张小北没烟斗儿 @中国汽车画报齐宇 @尹鸿振Kevin @杨晨 @小段公子 @小邸电台 @香榭尔咖,0,human,train,zh,16,weibo,0
【浙江东阳：奔驰宝马重奖纳税大户】http://sinaurl.cn/h5L3Ob 赶紧去我老家办企业吧 [嘻嘻],0,human,train,zh,3,weibo,0
//@青年参考://@凤凰周刊: //@新周刊: 一位匿名的北京网友说：我是北京人，我捡了你的3000元钱，账号发过来！一名来自江西南昌的男子说：“是我捡到了，希望记者你帮个忙，我把钱打过来你给送去。”//@中国之声:【数百名网友“撒谎”：那3000元他们捡到了 要还回来[泪]】 http://t.cn/8sA6WX0,0,human,train,zh,5,weibo,0
本命年，本命星座，开始啦！[哈哈] 我在:http://t.cn/zWCDITO,0,human,train,zh,2,weibo,0
开什么玩笑。。。 //@冷笑话精选:美呆了！这居然是陈道明蜀黍……[衰],0,human,train,zh,2,weibo,0
楼道里一只流浪猫！冻的发抖，不知它怎么上的六楼！好可怜！只是家里没法留养，只好把它抱走送到温暖的地方了！送走后心里还是有点想念！但愿好猫一生平安！[泪],0,human,train,zh,1,weibo,0
上完课，回家练琴。艾玛，这比烧饭难多啦，挑战神经阿[抓狂],0,human,train,zh,1,weibo,0
我们第三世界社会主义国家的底层劳动人民要求绝对的共产主义啊！麻烦扫描整本传出来吧[嘻嘻]！,0,human,train,zh,1,weibo,0
之前没留意，今天细看单据，上海排水也收钱？真是一进一出都要钱啊[泪][晕],0,human,test,zh,1,weibo,0
[抓狂] 听说，小安的男朋友为了知道那个叫菜菜的人是谁 偷偷用她的手机给我打来无数电话，却他妈的一句话不说！！我鄙视这样的男人，不相信她干嘛还和她在一起。。。,0,human,train,zh,3,weibo,0
友情提示：大部分的博物馆纪念馆都是周一闭馆哦。[可爱]我馆规定是，如果赶上节假日，周一也开馆的。,0,human,train,zh,1,weibo,0
呵呵，情理之中意料之外[可爱] //@海阳:他就是右边的这个男人[飞机] //@胡淑芬:众人皆在嘲笑他时，一艘飞船翩然而至。,0,human,train,zh,3,weibo,0
剧组开工被偷拍了！[泪][泪][泪],0,human,train,zh,1,weibo,0
//@涂书网: 朱总[威武][鼓掌],0,human,train,zh,2,weibo,0
最近食欲超好，这不，今天又想吃肉了[挖鼻屎]脸都圆啦，肿么办[泪],0,human,test,zh,1,weibo,0
我们买下来吧？！@思无邪行未央 @小尾粉 @0小尾寒羊0杨雅雯 //@安娜121:@Kevin-Bass   // @可爱美鹿 :包转户口不？//  @Yoanna  ：160万，这么大一house，要哭了…[泪]//  @顾晨曦Echo  : [嘻嘻] //  @曾焱冰  :以潘为单位的房子。 //   @天天同学   : 严重激动严重想行动 mark下来一会儿google map去,0,human,train,zh,21,weibo,0
我能猜到这是什么样的父母了......我觉得赔偿款但凡够挖孩子的也不该就地掩埋！可怜的娃！[泪][蜡烛] //@吴鑫:[蜡烛]//,0,human,test,zh,2,weibo,0
其实就是想破罐子破摔了[失望]//@付鹏的财经世界: 高度赞同。。,0,human,train,zh,2,weibo,0
@李凤茂 [哈哈],0,human,train,zh,2,weibo,0
可恶的强迫症！[抓狂],0,human,train,zh,1,weibo,0
换成硬币…… //@胡同印的胡爷:她说的是砸死[汗] //@游局网杨小贱:请砸我[哈哈]//@胡同印的胡爷:猫要用钱砸人???[酷][电影] //@阿严-舒服的季节:是说“钱”吗？//@游局网shapple:2013海里游地上走天上飞 [偷笑]//@胡同印的胡爷:回复@阿严-舒服的季节:星期六从无锡回京，今早直飞包头，飞人???,0,human,train,zh,5,weibo,0
[哈哈][哈哈][哈哈]今天是绿色系主题！心情也是绿色哒！[爱你][爱你][爱你][爱你],0,human,train,zh,1,weibo,0
不是吧！！！我狂晕！！！ //@Yeah子健:瀑布汗！！！//@温瑾---karen:一觉醒来，就这样了？！//@北京厨子:[泪] //@懒鱼不惑://@刘旭小同学: 在哪个方向！！？？天呐！,0,human,test,zh,4,weibo,0
准备接下去#灵异的那些事#系列?咋样咩？ //@Emmanuel_Rossignol:[衰]王老师，你真是灵异体质啊 //@王路王大高:#旅途中的那些事#@Emmanuel_Rossignol @新民晚报新民网 @水瓶之光在唱歌 @失落的秋刀鱼 @乐游上海 @拉黑中国史第2季 @王小妹鑫 @TomBaiHaiLei @善意开花,0,human,test,zh,11,weibo,0
妈妈，我爱你。要永远年轻漂亮。[爱你],0,human,test,zh,1,weibo,0
如此纠结的姿势你也能睡着么？不会是骗我的吧[抓狂]脖子拧着，胳膊拗着，好像被打断了再拼起来一样。。。。。[吃惊],0,human,train,zh,1,weibo,0
资源瞬间抢完，导致系统崩溃，我哪有办法去弄淘宝资源哇[抓狂],0,human,test,zh,1,weibo,0
用心对待！及时回复！现场处理！ //@陆宏宇Daniel:有骂街的微博怎么处理？ //@雅座白昱: @三样菜 @三样菜帮主 一个成功的餐饮微博案例，值得学习[鼓掌] @泛舟泛海 @白秀峰 @经典微博达人爆料,0,human,train,zh,9,weibo,0
#月# 今儿心情极好，大清早的把琴给练了[爱你]因为有阳光，因为开放日，更因为裙子...,0,human,train,zh,2,weibo,0
转起来吧。。。//@黄巨荣KEN: //@Mikobabyz:好可?好懂事的小盆友[泪][泪][泪]// @小龙女KITTY :好懂事的小盆友啊。。。[泪] [泪] [泪],0,human,train,zh,6,weibo,0
[哈哈]分享,0,human,train,zh,1,weibo,0
对@广州出入境 说：用手机拔打贵单位的咨询电话，要另外扣取已缴套餐之外的每分钟1元的业务费，不仅如此，96897这个双重收费的热线电话，似乎永远也打不通，请问这个电话是专门用来收业务费的吗？[衰],0,human,train,zh,2,weibo,0
[衰]这日子。。。咋过啊。。。,0,human,train,zh,1,weibo,0
清新属于豆瓣，华丽属于多看，这个定位我头一次看到，也蛮有趣的，不过《悬疑世界》是一本好杂志，理应在电子书世界展现不同的精彩。[嘻嘻]//@九苍: 清新文字版《悬疑世界》7月号已在豆瓣上架！若喜欢华丽版，请期待7月6日多看阅读的《悬疑世界》7月号！,0,human,train,zh,2,weibo,0
[鼓掌][鼓掌] //@白大省:太赞了！//@公一兵: NB V5//@吴绍庆Jacky: WOW！入选拜仁博物馆哦！@宋兆桓 @公一兵 @郭小晓,0,human,test,zh,7,weibo,0
半夜睡不着，看电视，正好发现BTV美食地图在播―@心灵彼岸私聚会-印象丝路餐饮 介绍，馋死我了，饿[馋嘴][嘻嘻],0,human,test,zh,2,weibo,0
真心没有！PS：要不要试试给马喝了您再骑？ //@姚冠呈:喝了这酒再去骑马，你们干过吗？[哈哈]  //@鲍东奇-优品：家乡不敢喝的酒！你们敢吗？ @摄影师王锐   @ONE里公益之行_武康,0,human,test,zh,5,weibo,0
[怒][怒][怒] //@刘春:怒！//@潘采夫: 老母亲.......诅咒这个丧失一切执政伦理的统治者。@韩浩月:经电话确认，被拆迁户确为越战老兵家庭，名为张兆富，强拆者已被公安抓获一人，但尚未查明幕后指使，经同意公布张兆富弟弟张兆友电话:13053911123 。,0,human,test,zh,4,weibo,0
回复@染香姐姐:我送@鸡排哥哥 的第1佳鸡排给你[嘻嘻][耶] //@染香姐姐:[爱你][爱你]要送饭哦 //@染香姐姐:怕的是你也进去了，咱们被一锅端。[哈哈]  //@隋牧青律师:三位无论哪位进去，在下一定尽力帮助请中国最优秀的律师来辩护，让你们感受到俺的守望相助情义 //@染香姐姐: 有我吗？,0,human,train,zh,7,weibo,0
一场突然而来的太阳雨，打乱了我和@李萧然 同学约好的黄昏骑，为了表示今天不能骑车的残酷现实不满，我决定来条三峡烤鱼解恨[怒骂][怒骂]，哼！ 我在:http://t.cn/zHNV8rD,0,human,test,zh,3,weibo,0
甄齐师娘呢？@甄齐-珍奇 //@-王琮-:这不怯讲演吗！我说看着王先生有点阎锡山的意思呢！[哈哈],0,human,train,zh,2,weibo,0
你太桑我心了，少图。555555555555。 //@漂流在闽粤之间:@闻香识包子 又少了个“子”字[嘻嘻]@夏花的world 这个可以参加哦！,0,human,test,zh,4,weibo,0
老子最后[晕]  //@飞茉儿:老子打头[太开心]  //@宋潇儿:老子倒数,0,human,train,zh,3,weibo,0
今天在强光下照了个镜子。是要被这黑眼圈和土黄色的脸吓死[生病]，简直就像中了邪。。。今晚一定要早睡啊。。5555555555[泪],0,human,train,zh,1,weibo,0
[嘻嘻]有住劲松一带的糖葫芦爱好者么？告诉你们一个妙宗儿，晚上9点半左右，赶在劲松十字路口西南京客隆打烊前去买门口摊位的糖葫芦，清仓半价2元一串。山药的很赞啊！那些觉得晚上吃甜食太罪过的同学，自觉绕行。,0,human,train,zh,1,weibo,0
//@相声演员刘兰亭://@孙其智: [嘻嘻][嘻嘻][嘻嘻]//@周?-小尖果儿:大家来帮转[围观][围观]@史清元 @蒋松鹤 @顺其自然SUN @天津肉肉 @王帅--小帅帅 @北方网奕柯 @杨长在 @陈树桐说相声的 @相声演员刘兰亭 @富室红楼 @花间一茶壶 @天津江米小枣 @小七石磊 @孙其智 @天津豹豹,0,human,train,zh,16,weibo,0
收到这么多以前同事和朋友祝福很开心，谢谢你们...在这里不一一回复了[嘻嘻] //@唐小?:[蛋糕]// @张亮hy : [蛋糕]// @小米粒儿HY : [蛋糕]确实是个好脾气。。。 // @周杰0724 :生快生快哦！！好脾气先生！[蛋糕][蛋糕] //  @先生聂心?  :同祝永远爱笑爱脸红爱牛仔裤爱絮叨的好大哥生快！[蛋糕][干杯],0,human,train,zh,14,weibo,0
手掌上的微缩沙盘，可爱吧！厦门翔安洋塘居住区---这可是我们好几个人这几个月来的辛苦成果~~[抱抱],0,human,train,zh,1,weibo,0
吃饱先[嘻嘻][嘻嘻],0,human,train,zh,1,weibo,0
"好一首藏头诗。。。[嘻嘻]//@嘻哈包袱铺冯凤禹:我[呵呵]的名字冯凤禹, 在[嘻嘻]此为您嚎一曲? 饭[酷]后跨年寻欢乐, 丢[太开心]去悲愁换作喜!@张伯鑫  //@嘻哈当家主持小宝:哈哈哈 冯某人！",0,human,train,zh,6,weibo,0
//@迷途小老虎_yiyi: //@安_若无惜: 各种求[抓狂][抓狂][抓狂],0,human,train,zh,3,weibo,0
抓住碎片化的时间，尽可能发挥多媒体互动时代的精彩，@中国电信 七彩来显对整个手机来电显示的确算是革命性的突破。//@七彩来显: 走进七彩来显，畅玩七彩来显，让您的通话屏幕炫起来，一起来跟素颜说bye bye。感谢应用汇的推荐[抱抱],0,human,train,zh,4,weibo,0
别有深意的企鹅[哈哈][哈哈],0,human,test,zh,1,weibo,0
#行摄的灵魂#你觉得我需要向@英国驻华大使馆，抗议吗？这个英国婆把我的姓wu改成了Oooooooooooo[抓狂]我的姓有那么难发音嘛？！[哼]#重返战地#中东之旅约旦Jarash 我在:http://t.cn/8sGA3C6,0,human,train,zh,2,weibo,0
[鼓掌][鼓掌][鼓掌]大朋友有礼品吗？[嘻嘻],0,human,train,zh,1,weibo,0
一条鲈鱼两吃，清蒸+炖汤，吃的老饱了[偷笑]，我是勤俭持家的贤惠羊[太开心][太开心],0,human,train,zh,1,weibo,0
回复@不赖丫:谢谢[可爱][可爱] //@不赖丫:梅花香至苦寒来…… 预祝亚室赛能好事成双……两个洲际冠军， 现在可以把“鸭梨”放冰箱去了……加油！挺婷！ //@潘晓婷:擦球杆的小毛巾[偷笑]  //@新_浪里的一朵小浪花:支持！ ps： 右手拿的啥啊,0,human,test,zh,8,weibo,0
想要在享受中享瘦的姑娘看过来，超苏糊的温泉减肥法哦[嘻嘻],0,human,train,zh,1,weibo,0
我进微博，新加的粉丝全是广告粉，僵尸粉；我进豆瓣，关注我的姑娘留言说喜欢我写的小短文，小组的僵尸粉被豆娘大力清理了。知道什么是好的生态吗，知道什么是有节操吗，尼玛，小伙伴们，我越来越烦微博了，你们要找我换地方吧，扣扣与豆瓣都可以。[泪][月亮],0,human,train,zh,1,weibo,0
[bm可爱]//@雕爷牛腩: [可爱]这份对美食的眷恋…真实又温暖。,0,human,train,zh,2,weibo,0
appstore竟然没有精灵宝钻！严重影响了今夜的yy进程！[泪][泪],0,human,test,zh,1,weibo,0
"俺已不是光棍,但今天粉丝数目突然增加的很快,高兴之余不免心生诧异?介是咋回事呢?莫不是俺说了句""祝光棍们今晚十二点后都能抱得美人归,逃往欢乐自由的地方""?看来光棍们很愿意听啊!!![嘻嘻] //@兔哥63:光有光的便利,不光有不光的好处!!!",0,human,train,zh,2,weibo,0
@姗姗1126ss 虽然我迟到了，你也不许生我气[嘻嘻][嘻嘻][嘻嘻]你忍心吗！我真心7点多起的[泪][泪][泪],0,human,train,zh,2,weibo,0
//@楠心: //@BTV悦悦: 姥姥，快回家吧。。。[泪],0,human,test,zh,3,weibo,0
[抓狂]对！,0,human,test,zh,1,weibo,0
@牙买加大叔 我也得到赠饮了哦，但是没有黑森林了，好失望[泪][泪],0,human,test,zh,2,weibo,0
册那，这个真相有点雷//@我是林海:存疑 @曹雄   // @后花园之范范而谈 :真相总是令人无语//  @美?蒂?小姐  ：[哈哈],0,human,train,zh,7,weibo,0
新年快乐！[哈哈][哈哈] 和migas一起迎接2014的到来[爱你][爱你][爱你],0,human,train,zh,2,weibo,0
不忧伤，不幽怨，不偏激，不悔恨，沉静、从容、淡定、成熟的情感体现 ，不错！[鼓掌]//@小猪格格:好听~ // @林心如 :[?][偷笑][?你] // @赵薇 :谁呢？[偷笑][哈哈] // @林心如 :?著?首歌，突然??了我心?那＂微小的一部分＂...只剩我想念你的心在忍~~ // @赵薇 :[可爱][心],0,human,train,zh,14,weibo,0
回复@1036dj小白:你都觉得有呢？小白！[嘻嘻][嘻嘻][嘻嘻] //@1036dj小白:好有兄弟FEEL[偷笑] //@大嘴米高:遇上好兄弟，一定食住上啦！[哈哈][哈哈][哈哈][给力][给力],0,human,test,zh,3,weibo,0
快快号召亲朋好友关注我们的微博吧。我们将于近期举行有奖转发活动哦，奖品十分诱人哦~ @乌鸦嘴-李 @马战栋 @小布BreNdax @小猪依人245 @CandyZong @KEEN卫华 @cathy张小倩的争渡志 @安娜水的表哥 @Effie-Gao @Vince_Yu [哈哈][给力],0,human,train,zh,12,weibo,0
回复@小关鉴:你跟我有一拼，日子糊涂着过，饭局永不错过啊。[哈哈][哈哈] //@小关鉴:哈哈，我把今天当周二啦[泪],0,human,test,zh,2,weibo,0
@三石而砺 [哈哈]//@harley-wu: @海鹏鹏 //@HOMERcc: //@蒯人:骑上去就有那种自由的感觉，而且在广州的道路上基本开汽车是难以体会到的。//@铁女萝莉: 春天来啦，这种感觉快来了[哈哈] //@Cowboy--Cafe:这种舒适的生活，这种美丽的风景！！也只有骑上机车才能感觉得到,0,human,train,zh,7,weibo,0
昨天大姐@sofia 在博客留言里说，又到长周末了。今晚她打算以我俩认识两周年的名义炖一锅羊肉庆祝一下[嘻嘻]看看一起走的路，我很严肃的说：大姐，咱俩合影真是少得可怜啊[泪]！2009.12葡萄牙里斯本2010.05意大利科莫2010.10瑞士女魔头冰川2010.11巴塞罗那2011.06斯洛文尼亚2011.08北海涠洲岛,0,human,train,zh,2,weibo,0
平安夜的怀北滑雪场～不会滑雪的我浪费了这张票[衰]#年度照片# #我的北京#  http://t.cn/8k8XeNS,0,human,train,zh,3,weibo,0
国足????！ //@樊德安:我觉得你这种说法对不起太监，必须道歉！[怒] //@王为-霸王大猫:问中国男足几多愁，恰似一群太监上青楼。[嘻嘻],0,human,train,zh,3,weibo,0
自古英雄出襄阳，牛杂面辣的那个故事长~~[哈哈],0,human,train,zh,1,weibo,0
感动[爱心传递] //@董芳0000: [泪][泪] //@小鱼MM00:[泪]幸福！ @董芳0000 @puff @马马蓝 @懒羊羊逮到了灰太狼 @QQkiyo @米小嘉佳 @Minnie她娘 @端绵//@狮子曼陀罗-TSUBOMI呛:眼泪要掉下来了,0,human,test,zh,12,weibo,0
非常高兴有机会写这个微电影的脚本，看着文字变成图像是件非常奇妙的事。关于时装与艺术有太多可以谈，相信这只是个开始。多谢@Jin朱荔靖 [爱你],0,human,train,zh,2,weibo,0
女儿是爸爸的小情人啊[偷笑] //@apple爱自己:真的很微妙。。一岁半的娃二十多天没见爸爸。。。那种有点害羞。[偷笑]激动。。语无伦次。。。找不到北。。。[偷笑]。。。吃饭一个劲的把菜抓给爸爸。。。看来生女儿一辈子做菜不用买醋了[抓狂],0,human,train,zh,2,weibo,0
#iPad 3即将发布# http://t.cn/zOci2HW 本周2012日内瓦车展最大亮点――路虎揽胜极光敞篷概念车正式首发亮相。@路虎中国 大爱！全新目标！[鼓掌][鼓掌][鼓掌],0,human,train,zh,5,weibo,0
回复@雷神孩儿他妈:你口头或者书面同意就行了，我们协会经常有交流会活动：扮靓、家庭等等话题都可以谈，丰富多彩 //@雷神孩儿他妈:回复@海棠-Jessica:怎么加入？我一直离时尚很远，希望加入后能靠近些！[嘻嘻],0,human,train,zh,2,weibo,0
即便是断壁残垣，也美得惊心动魄。[爱你]//德国海德堡遗址景观_指尖上的火焰_新浪博客 http://t.cn/zjDHV6m,0,human,train,zh,2,weibo,0
@得着您那2011 @食全食美路小路 @挡不住的美食个性 [嘻嘻] //@热点红姨:@金牌厨师磊磊  @谭育君77,0,human,train,zh,6,weibo,0
//@临清市先锋司法所: #工作简报#【今日工作】经过一天半的核查，总算把医患纠纷上访当事人修某某提供的医疗及各类花费单据计算清楚（当事人，把有些单据打乱重复复印，造成累计计算。 ps:同志哥:我们真心帮助你，你别这样糊弄我们，给我们增加难题啊！实事求是为好 [晕]）。 [话筒],0,human,train,zh,5,weibo,0
这年头不传几张自己孩子照片都不好意思说自己80后 去哪哪满满的各种秀孩子。?[哈哈],0,human,test,zh,2,weibo,0
//@食品伙伴网:回复@博爱-MatteLiu:cant agree more~~[嘻嘻] //@博爱-MatteLiu:有，不能用报纸包直接接触食品，当然，除非那是个报纸创意的食品包装纸。,0,human,train,zh,4,weibo,0
按常理是越改越好，唯独这新浪微博简直无语了[失望]同一张图片在18日前上传为71KB大小，在18日起上传被压缩至19KB。光看小图就透着那个虚啊！肖像的睫毛眼皮都糊一块了，已完全丧失了作为图片所能接受的基本最低要求。真不知那班做此决策的管理层在干吗，估计是被腾讯收买了吧，另外温馨提示慎用新改版,0,human,train,zh,1,weibo,0
腐败！[怒],0,human,test,zh,1,weibo,0
没有这一碗四川担担面的夜晚，最难将息[鼓掌]。@沈宏非,0,human,train,zh,1,weibo,0
?然一直很努力在??～但是我真的不???！很沮?～[失望],0,human,train,zh,1,weibo,0
早上老爸给我煎鸡蛋，我随口强调了一下煎蛋蛋黄我要全熟的。没想到换作老爸诧异的说：你不是一向爱吃生的吗！[衰][衰]我二十多年都只爱吃熟的啊！不知我爸哪来的这个错误认知[哼]难怪从小到大老爸给我弄的煎蛋十次有九次都是生蛋黄的[泪],0,human,train,zh,1,weibo,0
雾霾天气[衰]看不见了? 我在:http://t.cn/zRLc5GL,0,human,train,zh,2,weibo,0
虾米菜了！机票21日的签证20日到期！早干嘛呢！只好留着在我的mother city 吸毒加中毒了！MF！能特么至少出一天太阳晒晒 么？[怒],0,human,train,zh,4,weibo,0
猫猫现身！！！//@恋月儿Linda: [可爱][亲亲]支持,0,human,train,zh,2,weibo,0
回复@有明无明:好孩子，三摩地的小代言人！[威武] //@有明无明:昨晚带儿子去三摩地吃饭，他挺喜欢的，回来还给他爸宣传吃素的好处呢[呵呵] //@唐香香的香:赏菊、品香、听琴、饮茶、食素，过中国人高贵典雅的自在生活！[鼓掌],0,human,train,zh,3,weibo,0
嘿 就是这么给力！[嘻嘻],0,human,train,zh,2,weibo,0
节目马上开始啦，小开已经洗香香搬好小板凳了！小伙伴们准备好了吗？小开喊你看《开讲啦》~！[话筒][太开心],0,human,train,zh,1,weibo,0
[赞][鼓掌] //@第N樵夫: //@淳于墨墨 @有福社长 @中岛 @禄兴明 @阳光保险我要上春晚,0,human,train,zh,7,weibo,0
[围观]实物造句～～[嘻嘻] //@任大猛:明年农历年，是马年，看到不少地方已迫不及待，用“马上有Ｘ“造句了”//@国家博物馆: 马年就要到了，为大家而转过分不？[偷笑],0,human,train,zh,3,weibo,0
怎么睡不着涅？怎么睡不着涅[泪][泪]不断地重复tomorrow is another day[吃惊],0,human,train,zh,4,weibo,0
回复@新疆兵团老王:咳，可怜哟！[吃惊][偷笑] //@新疆兵团老王:回复@阿依不爱吃汤饭:被你们害惨了，决心下方便面充充饥。[悲伤] //@俺叫老鬼:回复@新疆兵团老王:[偷笑][嘻嘻][哈哈] //@新疆兵团老王:没错啊，你说好好的干嘛半夜发美食啊，肚子开始咕咕叫了。[委屈] //@俺叫老鬼:羡慕嫉妒……啦？[阴险],0,human,train,zh,5,weibo,0
这么早在单位写总结的人很悲催[悲伤],0,human,train,zh,1,weibo,0
孩子的世界最有爱[爱你] //@李承鹏:7、18、21是我很喜欢的。转发优质心灵鸡汤。,0,human,train,zh,2,weibo,0
果然。。你和他们太不一样了 //@张译:只看眼睛，就知道……其实，我不是亲生的…… //@张译官网官方资讯: @张译 《温州一家人》大结局，忍不住好奇先看了的人表示[疑问][可怜][泪][闭嘴],0,human,test,zh,5,weibo,0
大家来找茬儿！[哈哈][哈哈][哈哈]@志超没遛儿 @任素汐 @张圣岳,0,human,test,zh,3,weibo,0
宁浩不容易，等了这么多年，终于上映了，必须支持+10010[鼓掌] @奶油巧克力DP,0,human,train,zh,2,weibo,0
一只绵羊，两只绵羊，三只绵羊，四只绵羊??????一百只绵羊[睡觉][睡觉][睡觉][抓狂][抓狂],0,human,train,zh,1,weibo,0
难得一见，好美[抱抱],0,human,test,zh,1,weibo,0
[泪] //@EDISON_s:家? //@单身小无赖:[泪]想回家了,0,human,train,zh,3,weibo,0
多数鱼都死了[抓狂]//@老金来也: 转发微博,0,human,test,zh,2,weibo,0
听不到了听不到了听不到了[泪],0,human,test,zh,1,weibo,0
宜春校园里充满友谊的春季！ //@美国关岛旅行网://@正经事日记: //@迟暮英雄: //@八脉神剑:[泪]//@醉金刚: //@??有笙: [心]//@艺术工作者梁克刚: 这是今天看到的最温暖的消息！ //@舒阳的微博://@水流沙坝烹河蟹5世: 转发微博,0,human,train,zh,9,weibo,0
太可爱啦[抓狂][抓狂][抓狂][抓狂][抓狂][抓狂]@史俊Robert @浮萍-兰色叶子 //@血型VS星座:微笑天使！[爱你],0,human,train,zh,3,weibo,0
瞧?新娘新郎穿的！[抓狂],0,human,train,zh,1,weibo,0
明天，#末伏#+#立秋#。头伏饺子二伏面三伏烙饼摊鸡蛋，立秋还得把秋膘给贴上。胃要忙叨死了[晕],0,human,train,zh,1,weibo,0
天堂？日，太扯了吧[泪] //@不想再和世界争辩了:经常去啊，怎么没碰到？？？干！！！,0,human,train,zh,2,weibo,0
骚年，放开那老板娘！[抓狂]让我来！哈哈！[嘻嘻],0,human,train,zh,1,weibo,0
要累shi了！[抓狂],0,human,train,zh,1,weibo,0
苏哥大结局了  红雷药不能停[嘻嘻],0,human,train,zh,2,weibo,0
回复@曲炯:谢谢[心]，小编又粗心了[衰] //@曲炯:是1150【万】光年。,0,human,train,zh,2,weibo,0
"#上海雅居乐万豪酒店#烟雨蒙胧，茶烟枭枭，细品陈年，醇香厚重，绵柔中带着悠然的奶油味，都市人熟习而欢喜的滋味...[爱你]大红袍五年陈挡不住的诱惑！ 上海红骏茶业TEA,http://t.cn/8FAWoyV 我点评了http://t.cn/z8ASrM9",0,human,test,zh,3,weibo,0
#沃阁朋友#感谢亲把我们巴厘原墅沃阁温泉酒店拍的那么漂亮哦！期待您的再次光临！[嘻嘻][嘻嘻][嘻嘻],0,human,test,zh,1,weibo,0
有精力的女人最有魅力。。。。 //@王悠:回复 @久哥赶潮:这几张照片分别拍摄在07、08、09和10年，哈，刚发现的！也是个成长的过程！ //@久哥赶潮:回复@王悠:哦~ 三年完成了一次蜕变啊！07年的还略带一点点青涩，到了10年就升华了。[爱你] 呵呵呵 //@王悠:转发微博,0,human,train,zh,7,weibo,0
加油加油加油！据说球衣正中靠下位置就是里皮的签名[哈哈],0,human,train,zh,1,weibo,0
#这是一个关于王祖蓝的故事#“用生命在模仿”的@王祖? ，再度带来惊喜，挑战“默片搞笑大师”卓别林！“为了你一个微笑，我怎样都值得！”回顾王祖蓝@百变大咖秀 的所有经典造型，感谢百变大咖们带给我们的欢笑~ [爱你][爱你]http://t.cn/zTzwRVv,0,human,test,zh,4,weibo,0
恭喜恭喜[鼓掌][鼓掌],0,human,test,zh,1,weibo,0
找到发汗的良方，效果确实不错~[鼓掌]接着睡！,0,human,train,zh,1,weibo,0
IPad落在妈妈家了 每天手机到中午就没电了[衰],0,human,train,zh,2,weibo,0
这个。。上次就错过了[泪]。。下次一定得补上[馋嘴],0,human,train,zh,1,weibo,0
[鼓掌] //@无影刀6255: 亲们马上到武夷山了，推荐一下好地方吧，准备买点茶叶 //@山中一仙:[鼓掌],0,human,train,zh,4,weibo,0
厚道点行吗？[泪][泪][泪]，爱特我干嘛[抓狂]我想去西藏 //@种桃得桃:@--IAmWhatIAm,0,human,train,zh,2,weibo,0
@付洋Kenny 精神！人好、菜好、酒更好！哈哈 //@LeQuai有?阁:常和好朋友欢聚有?阁！//@查可欣:有美食美酒好朋友的夜晚就是幸福啊[可爱]恩~~~@李孟夏 @fanfanfantastic  //@现代传播陈佳颖:好友相见，不亦乐乎?有?阁的创新菜式，色、香、味、形俱佳，创意无极限！,0,human,train,zh,5,weibo,0
对@shangsoluck-Queenie 说：[怒],0,human,train,zh,2,weibo,0
回复@??麟Paul:[可爱] //@??麟Paul:丹妹妹！ //@大董陈丹:眼神真犀利，你这是要秒杀谁呀？ //@大董陈丹:眼神真犀利，你这是要秒杀谁呀？,0,human,test,zh,4,weibo,0
?代人生活?力?大！注意平衡自己情?！?人不利己！修心！修心！ //@dandelion666:[怒骂]偷狗抢狗毒狗伤人害人的案例还少吗？？？再不引起重视，还会害死更多人的．吃猫狗就是纵容犯罪！贩卖猫狗肉本身也违法的，所谓的狗肉节也就是这些来源不明的狗肉@齐秦@曹菡艾@首善广东志愿者中心@反对虐杀@海口,0,human,train,zh,2,weibo,0
全懂了！明儿你就把你的Birkin给我，我给你一个菜篮子！[哈哈] //@梁静isabella:人家八十年代就这么玩了@桑桑Sansan 咱也都换成菜篮子吧[偷笑][偷笑][偷笑] //@小清新呀小美好: 菜篮子要火！,0,human,train,zh,5,weibo,0
"回复@夏果果:我7：30到的医院门囗，现还在门囗进不去，也走不了，堵死了，拍片排队到下午了[泪] //@夏果果:我支持！ //@朱武平-:[嘻嘻]下辈子一定当贪官！  //@王笑东-新华先锋:呵呵,这容易,当大领导啊",0,human,train,zh,4,weibo,0
首先恭喜@舒学勤小盆友 被随机抽选为1月25日【还有四天】晒票根的中奖观众！[鼓掌]赢得大本营门票两张和电影礼物一份，以及《快乐你懂的》签名专辑一张！[太开心]和爸爸一起到现场来感受一下吧！其实他超厉害“几个人和一个啥的故事”是一种体，可以把所有电影放进去[哈哈]不信大家也来总结一下[偷笑],0,human,train,zh,2,weibo,0
天黑黑[泪][泪][泪]爬起来，上班。[委屈][委屈][委屈][委屈],0,human,test,zh,1,weibo,0
我最没福气[悲伤][泪],0,human,train,zh,1,weibo,0
我[泪] 勒个去~！她这是上哪的~~！！！,0,human,test,zh,2,weibo,0
@带皮儿的栗子Li_z  //@伦敦购物专家:这就对了嘛[鼓掌]谢谢提供信息//@Miss??_立志减肥:送的是正价商品 Balenciaga mini first 带有拉链可作为零钱袋或是挂在包包上装饰品or paper tiny A4 不带拉链 纯粹钥匙链或是挂包的装饰,0,human,train,zh,11,weibo,0
lucky就是这样，让人对她彻底无语！只要出门去玩，就不会主动回家，任凭你吼破喉咙，跑断腿，她总会停在离你百米的距离看着你！你敢前进我就敢跑！我想冰雪的世界可能真的适合你！[晕],0,human,train,zh,1,weibo,0
多浪漫啊[嘻嘻],0,human,train,zh,1,weibo,0
哈哈，还真有发了红包~18元的新票子加彩票[哈哈] //@现场直拍:呵呵赶场发红包。[偷笑] //@简安然: 神圣甜蜜时刻见证新人的幸福，分享快乐@糖醋小排骨honey @现场直拍 @湖北之声记者田天,0,human,train,zh,6,weibo,0
哎，明天早上要进行节日大扫除。。。想想都胃口好[泪][泪][泪],0,human,test,zh,1,weibo,0
昨天吃多了[哈哈],0,human,train,zh,1,weibo,0
怎么不是微信[汗] //@西门爱宝V:回复@秒针_KevinHu:短信来啦！10086！[衰] //@秒针_KevinHu:主动出击啊！,0,human,test,zh,3,weibo,0
上了床不知道??有?。[哈哈][哈哈] //@lqong99:赞[哈哈] //@蔡?: 回复@胡小薇的天空:那就别管那么多，又不是你的。笨。 //@胡小薇的天空: @丢不了的钱包：求教蔡?先生。女友?常?我管太多，缺少空间，常提分手，我?不得，请问我该如何？（转自@蔡澜微博知己会） //@蔡?:??微博,0,human,train,zh,7,weibo,0
逆袭[哈哈][哈哈][哈哈][哈哈]//@浮云-福运-富蕴:一脉相承啊[哈哈][哈哈][哈哈][哈哈],0,human,train,zh,1,weibo,0
Twins？[嘻嘻],0,human,train,zh,1,weibo,0
奖一本朝华社的书 //@成美: 有奖品么[偷笑]//@王三石王三石: [鼓掌]整理好了@ 我，秀秀朝华社的书[干杯],0,human,train,zh,5,weibo,0
过去扶一个跌倒的老人是件很正常的事儿，现在塌桥死人也不是件奇怪的事儿，所谓见多不怪[衰],0,human,test,zh,1,weibo,0
Oh No！[抓狂] 下一家被曝光的是哪家企业？我猜 生命不止 可曝的商家也不止！,0,human,test,zh,5,weibo,0
逗笑都有问题？！[抓狂],0,human,test,zh,1,weibo,0
[鼓掌]Perfect！！不过，第一次就遇到这么高难度的酒。。。是不是很紧张！[许愿]//@红酒品鉴师Shan与Anthony: 波尔多1975，瓶塞启了3次，差点毁了的一瓶美酒。。。,0,human,train,zh,2,weibo,0
原来萨摩耶的通病是爱咬东西 两副眼镜 一个摇控器 一块大披肩 四双袜子。。。天天都有骨头磨牙了 还那么折腾[衰] 今天听朋友说 还把手机屏幕咬裂了。,0,human,train,zh,8,weibo,0
等着重新活儿呗[嘻嘻],0,human,train,zh,1,weibo,0
[泪]不能说啊。,0,human,test,zh,1,weibo,0
#约惠海航 圆梦飞翔#【“团”圆梦同行】周日晚上的，该放松的放松了，该收心了[嘻嘻] 但是为了近期的一个重要的计划，先团一下先，不是吃货团，而是出行团http://t.cn/zRU5qKI 顺便转给周围的粉粉们，需要的走起[偷笑],0,human,test,zh,4,weibo,0
充当人生导师，并载入别人人生史册的事儿，我最爱啦！[偷笑] //@IAM浩熙:不是说好了我自己发的吗[衰],0,human,train,zh,2,weibo,0
@marriottcareers 在这春暖花开，万物复苏的季节里，北京紫檀万豪行政公寓体贴地为宾客制作了“浓情蜜意”尚自然蜂蜜早茶，让我们的宾客在排毒润燥的同时，加深了对万豪国际「尚自然，饮水思源」有机蜜蜂养殖项目的了解，也号召我们的宾客加入到保护淡水资源，支持可持续发展的队伍中来[鼓掌],0,human,train,zh,2,weibo,0
#早安新元素#胖纸站在体重秤上拼命吸肚子，朋友见状说：你再吸也不会变轻呀。胖纸说：不吸我看不到秤上的数字了[泪],0,human,train,zh,1,weibo,0
@坚挺先生 家的安久才叫二好不好[哈哈] //@言之海也:[哈哈]我对哈士奇本来良好的印象全被微博毁了。。其实没有这么夸张好吧,0,human,train,zh,3,weibo,0
哎~想淘淘了，明天就能见到它了[可爱],0,human,train,zh,1,weibo,0
就这么定了吧 //@杨新宇LION:?你?吃好的 ?手做//@宅女高珊: 说得好[赞] //@歌手含笑:?心?大小，只要把??的小??聚在一起，才能形成大?！[爱心传递] //@我叫王小辫儿:微不足道……关注那些需要帮助的孩子们吧！大家一起努力、一起加油！[太开心][太开心],0,human,train,zh,6,weibo,0
1号线国贸的广播是肿么了。。再说神马[晕] 我在这里:http://t.cn/8kRnUIL,0,human,train,zh,2,weibo,0
“一回吃 但觉正 二回吃 但觉好 三回吃 但觉停不了 越吃越好吃 后劲十足” 这种夸法太严重了[可爱]真心受用不起[哈哈][哈哈] 但求继续努力让大家更满意[ok],0,human,train,zh,10,weibo,0
回复@邹杰来了:唉，我们当年那些小创意啊……现在想起来都觉得挺牛B的。 //@邹杰来了:回复@死胖子小B:那是，当年的台柱啊！[哈哈],0,human,train,zh,2,weibo,0
千刀万剐[怒] //@JZ阿姨:畜生！[怒] //@陈坤:人肉这个畜生！[抓狂] //@贺永强:禽兽不如！//@半岛都市报封肖丽: 啥时未成年人能真正得到保护？//@湘潭小武哥: 畜生啊,0,human,train,zh,6,weibo,0
[爱你哦] //@紫燕雅然:回复@龟兹仙子:多谢仙子妹妹赞美鼓励！多指导哦…［茶］开心周末！ //@龟兹仙子:不错，赞～[给力][鼓掌] //@紫燕雅然: 周末快乐！［咖啡］［握手］ //@梅花喜迎漫天雪: //@紫燕雅然:谢谢你赞美！周末快乐…［茶］ //@一成china:[给力] //@郡南紫荆:赞。,0,human,train,zh,9,weibo,0
25日我想摇滚，微信去报名～[鼓掌][耶],0,human,train,zh,1,weibo,0
[衰] //@montluo:[泪]//@北京小帆: 我朝V5!!//@钰珩爸爸: 我朝V5!!,0,human,train,zh,4,weibo,0
肚子痛。。。。。好想回家啊。。。[泪],0,human,train,zh,1,weibo,0
[哈哈] //@杨佩昌:[哈哈],0,human,train,zh,2,weibo,0
责编选图选了很久呢 //@Tiramisu-chan:喜欢上方的图片[可爱],0,human,train,zh,2,weibo,0
我这是在乐什么呢[嘻嘻]//@我是爱新觉罗-媚:沙发～,0,human,train,zh,1,weibo,0
谢谢你们@LL_小朋友 @吃着火锅唱着歌劫麻匪 很感动啊很感动@追着耗子的猫 @linda牛 @洪叶的美好生活 [爱你][爱你][爱你],0,human,train,zh,6,weibo,0
今天两个场子都high炸了！和姐妹们K歌太开心！[哈哈],0,human,train,zh,1,weibo,0
#感动北京#@加州阿凤：在地铁目睹了真实一幕，现在想想心里还暖暖的。年轻母亲抱着个一岁半的孩子，身上竟然插着输液管。小小年纪患了癌症，家里砸锅卖铁带孩子进京看病刚做完化疗。问清情况后一位阿姨当时掏出600元硬要塞给孩子外婆。在她带动下其他乘客也纷纷解囊，顿时车厢里哭成一片，充满爱[泪],0,human,train,zh,1,weibo,0
警察叔叔好欢乐 // @平安北京 : 当假道士遇到真便衣[衰],0,human,train,zh,5,weibo,0
每次父母吵架小孩都是个尴尬的角色，要不你俩躲出去，要不我出去。听人吵架最烦闷了[衰],0,human,train,zh,1,weibo,0
NO.ONE[耶]，感谢宜家，感谢偶滴司机@紫羽翼飞扬 ，去领美美的创意相机咯[鼓掌],0,human,train,zh,2,weibo,0
网络鱼龙混杂我轻易不敢转。但反过来，余姚淹成那样几天没车过听到车声跑到阳台看到军车说成“听到军车经过”，六天没法补充食品老人最近两天没什么吃的肠胃不好饮水就拉说成“两天没吃东西现在腹泻”这都没问题啊。认定别人造谣在哪抖机灵的真让人呵呵[怒骂],0,human,train,zh,1,weibo,0
把各种红色穿上身，不但光彩照人，运势也跟着旺了呢，这么多节日等待着，快留下慢慢学习吧~[爱你]【私享穿衣顾问微信：FashionTalent33 】,0,human,train,zh,2,weibo,0
"为毛!!!姐的高中同学都开始分享关于生孩纸坐月纸要注意的事了啊??我是有落后别人多少挖挖挖!深深的受了刺激,默默的反省一下…[泪]",0,human,train,zh,1,weibo,0
刘大星星你这是要疯 敢发我的独家小丸子照片[抓狂],0,human,train,zh,2,weibo,0
漂亮 //@剑-阁闻铃:@龙游少爷又叫串儿龙 感觉你脖子上的那串，瞬间被这个秒杀了。。。好就是好啊，不懂行的都看得出来好[悲伤] “蓬蓬乳”。。。为神马我在评论里看到了个这么恶习的词[抓狂],0,human,train,zh,4,weibo,0
好想你来[泪] //@逐渐吃素:好想吃[泪],0,human,train,zh,2,weibo,0
是生产粽子那些厂家的[怒],0,human,train,zh,1,weibo,0
1.悟性很重要是俺朋友@陈彦铭lc 说的，学习中……2.一直在强调整理规范文档，是不想被后来人骂，前面那个混蛋什么都没留下。3.全盘统筹，需求排定优先级再去执行，若总在救火，事情推进会出问题的。4.商麦做的真是挺好。@韩军星 抽时间得请教下。@就是胡子杨 事情做不好，砸招牌，还得请你指教呀[失望],0,human,train,zh,4,weibo,0
粽子好吃难消化[泪],0,human,train,zh,1,weibo,0
[晕]有悖佛门教义!,0,human,train,zh,1,weibo,0
粉丝儿要福利来了，常去张一元，但未见真面目，@Lambo_大人 期待下[哈哈][花心][花心][鼓掌][鼓掌][爱你][爱你],0,human,train,zh,2,weibo,0
我爱三毛！[鼓掌][鼓掌][鼓掌],0,human,train,zh,1,weibo,0
人马进入摩羯[哈哈]即为末日？ //@coffeecutie:转发微博@avonyuan,0,human,test,zh,2,weibo,0
鸡东啊鸡东！[泪][泪] //@portiia:哈哈哈！ // @NikaZJ : 包子 得瑟吧！ // @portiia :我想shi你了！想shi你了想shi你了！,0,human,train,zh,10,weibo,0
吃起来！//@__木景紫__: //@郝?京华时报: 吃过4家[哈哈],0,human,train,zh,3,weibo,0
加拿大邮政员工轮换罢工已经好几天了。邮局宣布应急措施，改每周只为居民送三次信，我并没感觉影响到日常生活。如今多数信件不是广告就是用来留底存档的凭据，其实每周收一次信足矣。可是今天加航的工会也威胁要罢工了。这一下麻烦了。我可以一个月不收信件但不可以一个月不上飞机呀！[抓狂],0,human,train,zh,1,weibo,0
#月子里吃什么# 17：30晚餐：双米饭、圆白菜、白果虾仁、老鸡汤，还有一大碗疏通胃肠胀气的萝卜水。[泪] 为了下奶，为了大便通顺，我喝我喝我喝[生病],0,human,train,zh,3,weibo,0
回复@杨继军北京:不好看！食物可以很美，女人可以很美，但这样搭配，女人会被人鄙视，食物令人发呕！[抓狂][抓狂][抓狂] //@杨继军北京:这不是挺好吗？ //@嗜吃慧:行为艺术？恶心！没有任何美感！鄙视不能善待食物的任何行为！,0,human,train,zh,3,weibo,0
重要节日！祝快乐！过节的童鞋请对号入座~[嘻嘻][鼓掌][爱心传递],0,human,train,zh,1,weibo,0
[泪][泪][泪][感冒][感冒][感冒][打哈气][打哈气][打哈气] //@黑猫Amytely:[吃惊],0,human,test,zh,2,weibo,0
很多事情一定是有预感的。你预计什么事情成功，预计什么事情不靠谱……这种情况经常发生，准确率越来越高。不过这件事，我觉得很靠谱，能成！[哈哈],0,human,train,zh,1,weibo,0
微吧兄，其实小伙内心的台词是：那个帅哥是我的[泪][泪]我的[泪][泪][哈哈][哈哈][哈哈],0,human,test,zh,1,weibo,0
想吃水煮鱼想了好几天了，被拍死在桌上好几次??????[泪][抓狂],0,human,train,zh,1,weibo,0
卧槽！壮哉大明！[衰]//@烁妹纸是一条响当当的好汉: 转发微博,0,human,train,zh,2,weibo,0
实力派，还是听现场的好！[鼓掌],0,human,train,zh,1,weibo,0
"实习告一段落,千般不舍[泪] [泪] [泪] [泪] [泪] [泪] 感谢期间同事们对我的照顾,我很愉快!@小瓜vanessa @波波Mao @王桢智 @Standinrai @火焰神wjy @创投周响东 @脑忒头@灰狼狼@随时随地随意的风@张彬Neal@荷清圆[爱你] [爱你] [爱你]",0,human,train,zh,15,weibo,0
#双12秒杀#【抢先关注】“携程双12秒杀”22:00最后一场倒计时15分钟！今天大家各种疯狂和开心，每场都是分分钟被秒掉[哈哈]最后的机会抓紧了哟~12元抢泰国签证、西溪湿地一日游，还有各种国内5日自由行仅1200元开抢，夏威夷、加拿大、巴厘岛12000/双人秒杀，最后一场，动起来！>>http://t.cn/8ktsc2b,0,human,test,zh,1,weibo,0
呜呜呜我喜欢[爱你] //@张程惠blog:真真真的有矮脚猫咪了呀~~~！[吃惊][失望][鼓掌][失望],0,human,test,zh,2,weibo,0
#微游山东##两湖达人山东行#会当凌绝顶，一览众山小。泰山的巍峨和绝美的风景，绝对值得小伙伴们来哦！[哈哈] @小虎同学tiger @83小钟 @易粉寒易粉寒 @贾先兵 @江涛视觉 @阿萨斯卡特 @老茂摄绘 @?秋原 @momo的松弛熊 @贰楼后座在路上 @泰山风景区 @湖南旅游 @湖北旅游,0,human,train,zh,14,weibo,0
联通的手机信号是世界上最棒的。宽带也是宇宙中最棒的！每天打电话接起来就是喂，喂，操！上网速度卡乐逼！低端低档！[怒],0,human,train,zh,1,weibo,0
//@皮皮猎:今年感触尤其深[泪][泪]//@黑棉:好伤感，好感动?[泪] //@幽怪怪:泪崩~,0,human,train,zh,2,weibo,0
[哈哈]//@海外美食家: 女孩一定要待自己如公主。,0,human,test,zh,2,weibo,0
有孩子的人看了都会感动吧[泪],0,human,test,zh,1,weibo,0
坚决抵制！！！[怒],0,human,train,zh,1,weibo,0
还是给中学数学老师打个电话吧~[泪] //@Mobius靖羽: 你们考虑过文科生万一落几集以后还怎么能接的上么！！！= 、=丧！心！病！狂！ //@电视剧龙门镖局:理科生门，这是赤裸裸的挑衅！挑衅啊！！！→ →//@宁财神: #龙门镖局# 后面会有微积分…………………… 详情:http://t.cn/zHIyPq6,0,human,train,zh,9,weibo,0
我希望我每天没有早餐，这样我可以每天改成中午起床了。[泪]//@作家崔成浩:今天因为没有早餐，所以改成中午起床。,0,human,train,zh,1,weibo,0
胡叔 @胡元骏 我太感动了！[泪],0,human,train,zh,3,weibo,0
《世界再大 也要回家》（Trixy）>>>>[泪],0,human,test,zh,2,weibo,0
@蕾蕾Ira @小远躺枪中 @greentea11 //@世图张跃明: @周铁东本人 @阿绛85 @文坛 //@陶然万柳世界:[礼物][太开心]//,0,human,train,zh,8,weibo,0
陈志远、李泰祥他们几位是华语乐坛当之无愧的巨匠，是上天馈赠给华语音乐的宝藏 //@北京思佳:[泪][泪][泪][泪][泪][泪]//@李文枫LIER:流泪，晚饭时候看到消息。爱李老师。走好。。。继续流泪 //@?世芳: 祝?李泰祥老?不要?受太多折磨，平安、平?走完?一段路。,0,human,test,zh,4,weibo,0
#出差#到了首都就首堵[抓狂] 我在#北京南站(南进口)# http://t.cn/zj5jOWb,0,human,test,zh,3,weibo,0
#名厨创意#周四快下班的节奏，回家可以试试做个披萨[嘻嘻]主页君也想尝试一下，雾霾天回家做菜神马的最有爱了[笑哈哈][馋嘴],0,human,train,zh,1,weibo,0
可怜的我，可能是因为太累了，又上火，牙龈肿了，左脸肥了一圈，只要一张嘴，就痛得要命，吃啥都没胃口，以至于到现在都没吃晚饭！[泪][泪][泪][泪]还是先工作吧……我在这里：#杭州市-下城区#,0,human,train,zh,1,weibo,0
是的，那天[泪][泪][泪][泪][泪] //@禽兽之变诈几何哉:那天我们全都[泪][泪][泪][泪][泪] //@李维敏127: 再转一次。,0,human,train,zh,4,weibo,0
追求卓越！ //@懿???:精益求精[鼓掌][鼓掌][鼓掌],0,human,train,zh,2,weibo,0
@费晓东-徐汇区嘉登道大饭店 @JAMES老虎 @夏子帆-酒店职业人 @酒店人崔国峰 //@闻闻是香的还是臭DI啊:总统套房真的很高端大气哦，遗憾没看到西式总套什么样[泪],0,human,test,zh,5,weibo,0
4角恋的节奏[哈哈],0,human,train,zh,1,weibo,0
//@伤不起的经济学:[泪]真心伤不起啊！！！,0,human,train,zh,1,weibo,0
小日本真变态[怒] //@杜桥主播：[抓狂]万恶的小日本[怒骂][鄙视] //@王敬刮痧: //@LoveRocio:欧洲科研人员观测到，日本福岛核事故中，释放到大气中的放射性物质的释放量，将近日本原子能安全委员会估算的3倍，是切尔诺贝利核电站事故的4倍多，大约20%的放射性沉降物落在日本，其余的则落在太平洋上。,0,human,train,zh,4,weibo,0
Its not April Fool[可爱] http://t.cn/zWu72uW //@健敏--: [吃惊][吃惊][吃惊]原作者回复……今天真的是愚人节啊把……真是哭笑不得[委屈][委屈][委屈][委屈]//@大村敦志:谢谢您关注我的书?细小?，感谢你对《细小》给予的好评。 http://t.cn/zWu72uW [爱你],0,human,train,zh,9,weibo,0
我觉得此报道的英国媒体没有真正“走转改”[哈哈],0,human,train,zh,1,weibo,0
回复@反反复复遇见又错过:[嘻嘻][赞]//@反反复复遇见又错过:回复@黄玺赫:那时只是取景而已，没注意这些,0,human,train,zh,1,weibo,0
很多人误认为中国人的主食是：电池。[晕] //@商界杂志: 咱们中国人，站着是钢铁侠，躺下就是元素周期表！[泪],0,human,train,zh,3,weibo,0
我：要一起出去看月亮吗？他：不能。牛夫人。[怒][怒][怒][怒],0,human,train,zh,1,weibo,0
#带着微博去圆梦#上一次听到蓝嘴唇组合唱了一首《梦想清单》，梦想君不禁想提个问，小伙伴们有没有人列了自己这辈子的梦想清单呢？想要做的事情，想要去的地方……快来分享分享吧~[抱抱]http://t.cn/zRz4beP,0,human,train,zh,1,weibo,0
[泪] 没吃到五仁的！//@筱古:[可怜]连吃带拿 //@iamdearpig:四黄月饼那真是满足感超群，太赞了！此刻捧着装满海鲜和甜点的肚子看相声消食来了[嘻嘻],0,human,train,zh,3,weibo,0
这楼肿么盖起来的?//@刘彦平:据说现在还没有土地产权证，大家来挖一挖他们的老大们吧！ //@刘彦平:我也总去，好在我没有遇见过！ //@简红明: 电梯不敢坐[泪]。 //@邓继民:东亿传媒管理混乱的很，就是个贼窝啊……,0,human,train,zh,5,weibo,0
拉出来枪毙五分钟吧……[怒],0,human,train,zh,1,weibo,0
聚会很开心[嘻嘻]下次继续，//@蓝精灵LEI:我才注意，原来咱俩穿的还很协调啊哈哈//@毛乐乐AI得瑟: 呵呵！ //@蓝精灵LEI:对，哥你咋么没电话啊？ //@原东:[给力]//@蓝精灵LEI: [哈哈],0,human,train,zh,5,weibo,0
#诗之印记#北京欢迎我[兔子]愉快假期很快结束了[泪]明天开始努力工作赚米米[萌]才能再出游玩咩[偷笑]下一站去哪里呢[阴险]@Abby45 @阮导 你们两位童鞋还在哇[飞机]上哇[做鬼脸]我已经平安到达嘞[太开心] #乐翻婆罗洲# 我在这里:http://t.cn/zlIO7eX,0,human,train,zh,5,weibo,0
跟咱们幻文的运营总监，技术总监一起坐了一年，期间学到很多技术，运营上的知识。现在他们要搬到楼上去了。[衰]图是之前七楼装修时的图。 我在这里:http://t.cn/8k8EEga,0,human,train,zh,2,weibo,0
[哈哈]//@喀喀兔: 原来大家都是一样的[偷笑],0,human,train,zh,2,weibo,0
大多数电梯是在轿厢内按楼层按钮，而这栋高档商务楼是在电梯间墙面按楼层按钮，进入电梯后才发现，没办法，只能中途下来转乘。[抓狂],0,human,train,zh,1,weibo,0
#带着微博去广西#因为出不了境而森森受伤的心需要美食的安慰。[泪][伤心] 我在:http://t.cn/z8ekrJy,0,human,train,zh,2,weibo,0
2014 Tokyo Auto Salon ―― VeilSide4509 TOYOTA ALPHARD(埃尔法)+Rolls-Royce前脸！ [衰],0,human,train,zh,9,weibo,0
[衰][衰]//@我是一个烦人的橙子: 还傻美呢，愚民啊，是因为前段时间星巴克用胭脂虫作添加剂被查出来曝光了，现在为了促销量才半价的[哈哈][哈哈][哈哈],0,human,train,zh,2,weibo,0
改变坏习性从吃早餐开始！[鼓掌]@霍茹rudy //@犹太人智慧启示录:你知道男人女人最关注的问题么？？必备知识,0,human,train,zh,2,weibo,0
[泪][泪][泪] //@西班牙国家旅游局:三毛与荷西[蜡烛],0,human,train,zh,2,weibo,0
【#超级笑星#微直播】这货不是包拯这货不是包拯！我勒个去！这货真的是――“蒸包大人”。[哈哈]不过大人~你的回音和上周四的“回音哥”@于明波-小演矿 还真是各具特色哦！就是听着有点晕~看，@相声演员张解 都灰常无奈了~[衰],0,human,test,zh,3,weibo,0
早上好啊，天气真不错[太开心],0,human,train,zh,1,weibo,0
你凑合活着就比我们活得好看多了[晕],0,human,train,zh,1,weibo,0
[嘻嘻]亲，楠哥的店品质有保证，希望亲多支持哦~,0,human,train,zh,1,weibo,0
[晕][爱你] //@刘忻:哇，太酷了！用这种方式记录一生真棒啊，好多我自己都不记得了@最爱刘忻 我们家孩子可真好！灰常光荣的说，谁敢把我微博里的内容都加进去！不许贴不美的，嘿嘿 //@最爱刘忻:好光荣！是示范用户了诶[可爱][可爱]！@刘忻 大美妞，嗯哼~~，求爱抚！http://t.cn/zOJFzlG[兔子][兔子],0,human,train,zh,5,weibo,0
哇，带上我[爱你] //@申浅浅Fiona:免费机票还行...?有没有一起去的？,0,human,test,zh,2,weibo,0
//@星座爱情001:下月大片云集！《马达加斯加3》！《饥饿游戏》！ 可能还有《特种部队2》！ [抓狂],0,human,train,zh,3,weibo,0
[哈哈]分享+1 更多热门微博：http://t.cn/zWFrXPi,0,human,test,zh,2,weibo,0
[晕] //@老苏的地盘：//@徐亮Roger：我要申请床位，留守公司[嘻嘻] @遨游网99gg @遨游网工会主席,0,human,test,zh,4,weibo,0
[威武][good][赞]//@sheng_in_ny: //@MonotoneID夏星宇: [泪]//@锐禅: 这个图一眼催泪啊！故事完全可以拍电影了！ //@isa-xuan:[鼓掌][鼓掌][鼓掌],0,human,train,zh,5,weibo,0
????的乳牙，爸爸????心?？[嘻嘻]??掉牙之前，??可以先做首?盒用[ok],0,human,test,zh,1,weibo,0
我是一个多么可怜的中国剩女[泪]爱情，我不知道你是神马？二狗，你不懂人类的优雅...//@孔二狗:黄小蕾是有点。。。[哈哈] //@刘春:二二得四,0,human,train,zh,2,weibo,0
钓鱼式收费！――新名词出来：先不发展公交逼大家买车，使劲卖车收税并发展汽车制造业及配套相关产业，然后汽油、停车费等均张起来，最后是拥堵费。这盘棋不小，是个好项目！//@风云beijing: [怒][怒][怒],0,human,test,zh,2,weibo,0
只要临近前 累着 作息不好 大姨妈必然给脸色[泪][泪]。,0,human,train,zh,4,weibo,0
少女蜕变淑女熟女必读[嘻嘻],0,human,train,zh,1,weibo,0
[嘻嘻]//@远走高挥:[蛋糕],0,human,train,zh,1,weibo,0
今天要怎么过呢？犹犹豫豫滴心情。[抓狂],0,human,train,zh,1,weibo,0
[泪][泪]谁家的娃丢了！,0,human,test,zh,1,weibo,0
我不是一个温和的人，所以不敢看胡编的微博，除非你们转。偶尔看到一条，也忍不住怒发冲冠。时常想不明白这个人一路走来到底受的什么教育[怒]//@刘胜军改革: 我是一个温和的人。可看了胡编的微博，时常有约架的冲动,0,human,train,zh,2,weibo,0
这些人是连狗都不如的动物[衰] //@中国海外投资商会:转发微博,0,human,train,zh,2,weibo,0
辛苦，女神！偶也在录制中。。。[晕],0,human,train,zh,1,weibo,0
[鼓掌]//@日出东方768: 转发微博,0,human,train,zh,2,weibo,0
[晕]看来快递能到就行，天数还是别要求了,0,human,test,zh,1,weibo,0
看着大新浪总部馒头姐的评价感动哭了[泪]//@馒头贝贝俳句之女: 我是见证小朋克奇迹唯一的人咩！认识小朋克他是高中生，92年对我来说shocking啊！蓝后，小胖子默默转身变成了潮男鼓手+清华法律硕士！我早就说看到那个暑假他在街头帮我们发传单的汗流雨下的身影就知道这孩子会成功的对吗！,0,human,train,zh,2,weibo,0
比熊猫都少了[泪]『适合做回锅肉的猪种濒临灭绝』http://t.cn/zHIM06d,0,human,train,zh,1,weibo,0
什么叫剪不断理还乱[围观] //@阿宽兄:内部组织结构很缜密。 // @赵振-zhen : 就来回处呗！[哈哈],0,human,train,zh,6,weibo,0
【心理变态的虐猫者 不怕报应吗？】一寄养在车棚的野猫生的四只小猫被人虐待而死，并且放在母猫面前。小猫身上布满弹孔，浑身是血。其中一只小猫脖子被绳子拉长，胸被剖开，心脏外露，另外两三只小猫头被踩扁，估计小猫身上的弹孔为金属玩具枪所致，虐死并放在母猫身边，猫妈妈看着尸体悲呜流泪！ [泪],0,human,train,zh,3,weibo,0
哈哈 //@Harmonee: @侯爵William @嘻哈包袱铺李宇达 编个新报菜名吧 //@Excel技巧网_官方微博: 满毒全席[衰],0,human,train,zh,7,weibo,0
土菜好吃来 [哈哈][哈哈][哈哈],0,human,train,zh,2,weibo,0
不错不错[鼓掌]@凡由心生,0,human,test,zh,1,weibo,0
对@低碳先行者陈耕 说：玩v博不耽误你爬山，运动，可以随时随地微博。欢迎喜欢运动的陈董开V[爱你],0,human,train,zh,2,weibo,0
它不让我摸[泪],0,human,train,zh,1,weibo,0
= =：认真写长微博的时候被瓜皮姐姐一个饼干投掷术爆头，现在脑子好痛，如果不能按时交稿，请各位拿她试问……[悲伤],0,human,train,zh,2,weibo,0
//@幸福的小灵仙：瞧不起别人的人终究会别人瞧不起//@红色警戒GPF：人就是欠的//@半岛摄影: 鄙视这种人[怒骂],0,human,train,zh,2,weibo,0
一个小时了，还你妈没有开出南三环呢！[抓狂][抓狂][抓狂][抓狂][抓狂][抓狂][抓狂],0,human,train,zh,1,weibo,0
大帽子肿么都掉不下来！------论脸大的好处！[哈哈] （net）,0,human,test,zh,2,weibo,0
晚上的时间怎么能变长点呢。。感觉一会儿又该睡觉了……唉……[抓狂] 什么都没时间干。。,0,human,train,zh,2,weibo,0
//@Chris小煜煜: 好可怜 //@33是文艺男青年:拿妈额错比要么，碰到这种人全部枪毙特// @潘潘就是Dido也是Nicky : // @cici卡比兽_我是小怪兽 : // @范妍婷_Rosa : [怒]// @郭允健 : 娘则老比啊 脑子到底了想点撒啦？畜生那娘额老,0,human,test,zh,16,weibo,0
啊我们这边末日已经安全渡过一半了，美?的末日还没开始？[哈哈][哈哈][哈哈][哈哈][哈哈]@徐钢 老师的舞跳得好！[赞]祝大家圣诞节快乐！[雪][雪人][手套],0,human,train,zh,2,weibo,0
今天很幸运，赶在大雨?来之前把寄养在朋友那儿的小乖[兔子]带回了家。[太开心]?,0,human,train,zh,1,weibo,0
#开饭早安# 坏消息，今天上班[衰] 好消息，后天又放假了[嘻嘻] 各位早啊~,0,human,train,zh,4,weibo,0
"作为#凤飞飞#姐姐的粉丝，某人近来天天在车里放：""雁儿在林梢啊，眼前白云飘……那雁儿不想飞，白云深处多寂寥……月儿在林中照，喜鹊与黄莺啊都已睡着了。那雁儿睡不着，睡不着……""自从房价暴涨后，这种罗曼蒂克就木有咧[泪]为配合该人老土情怀，本人是日，特向70年代致敬了一把……[挤眼]",0,human,train,zh,1,weibo,0
@陶勇James-BJ-RT [衰]陶老师你被拍了~[顶],0,human,train,zh,2,weibo,0
不断攀升的房价，是多少北漂人心中难以抹掉的痛[泪],0,human,train,zh,1,weibo,0
#诺基亚Lumia800#Lumia800夜色拍摄测试，拍照效果还是很给力的嘛[哈哈]@诺基亚,0,human,train,zh,1,weibo,0
又是震完才发[抓狂],0,human,train,zh,1,weibo,0
//@真我是风:[怒] //@我是风1277:[怒] //@老金钩V1://@楚天舒--: [话筒/@华夏-军团:抗议【呼吁爱党爱国者支持并扩散】:[话筒]@1王威智 @般若观 @白露映秋枫 @北方北大营 @Braveheart雨辰 @carlvinson金牛 @楚天舒-- @程炫 @董枚-若 @红色军团赵泽琪 @赫云仙 @华夏-屠倭灭美 @风波亭外小沙弥 @龚金稳,0,human,train,zh,17,weibo,0
我也想吃甜不辣和蚵仔煎[抓狂],0,human,train,zh,1,weibo,0
【因为她中奖了~我叫她去买彩票，一定中头奖~哈哈哈】~不过大连中雾导致航班取消，可怜的我的大脸猫~[失望],0,human,train,zh,1,weibo,0
对面木有银，吉己咯没意思[怒]，我有点头疼脑热了！,0,human,train,zh,1,weibo,0
咪霸来了。趁着哥哥姐姐们没来到，唱了个够。[哈哈][哈哈],0,human,train,zh,1,weibo,0
没领 //@糖坦坦:蓝领  //@辛歆_屁屁Fiona:我好像使全才  //@VWFASHION-裤裆老爷:小姐之后的 //@BIG宋开元 ：我起的比小姐还晚 //@韩威_xbass ：我是小姐。我自动转发[泪]  //@麦子腐烂了 ：妈的 我今天成白领了~,0,human,train,zh,11,weibo,0
我们愿做北京文化的传承人！[威武][可爱]//@红星二锅头800年传承:感谢大家对红星二锅头的厚爱，同时希望大家能够积极参与红星二锅头的活动哦~ //@红星苏扁二锅头: #发现红星#的获奖者们已经陆续收到奖品啦！非常开心大家都喜欢！也感谢大家对红星的支持！,0,human,test,zh,3,weibo,0
走你。。。[鼓掌]好玩儿的工作！！//@小苹果倪:童鞋们，近期内麻烦帮俺物色个靠谱的助理人选。擅长完美沟通、顶尖设计、撩人文案、微博营销、创意无限者，皆可。特立此为招聘帖。帮转起，感恩！,0,human,train,zh,1,weibo,0
回复@??王:是啊，她就瞎捣乱[衰] //@??王:@海航文化陈伟 杨总说的是这个活动 。我们的是元月份啊！,0,human,train,zh,4,weibo,0
话唠 你判断一下 我是重口味还是小清新？ //@松鼠死磕CPA_造巧克力工厂:[可怜][可怜] 话唠//@琢磨先生:[泪] //@曹小样Kendy:  @琢磨先生  出来中枪……//@假装在纽约:10个字以上的都是话唠。,0,human,test,zh,8,weibo,0
[鼓掌][鼓掌][鼓掌]@那年那月nina,0,human,train,zh,1,weibo,0
消灭了两盘，又上第三盘了!照这个吃法，姐的体重要一夜回到解放前了![泪][泪],0,human,test,zh,1,weibo,0
你发烧了 //@wanglin_若水: 我也要去颐和园吹风[泪],0,human,train,zh,3,weibo,0
微胖是多微？肉肉的，好可爱，我喜欢！[哈哈],0,human,test,zh,1,weibo,0
最近吃的太多，要喝茶去去油脂了[哈哈],0,human,train,zh,1,weibo,0
【#超级笑星#微直播】东北小夫妻@超级笑星_刘亮 @笑星白鸽 舞台上稀里糊涂韩语对话~大家听懂了么？[哈哈]现场选美女搭档、重温倩女幽魂哦！[挤眼]这最后一组选手的节目笑果如何？大家觉得呢？,0,human,test,zh,3,weibo,0
太开心了，期待下次见到 @元元溪 。//@心慈明灵: 这茶桌够热闹的//@中国禅茶协会: 老聂又去喝茶了！//@茗茶坊美妇: 回复@元元溪:没出息，[偷笑] //@元元溪:靠，再也不去了。哼[怒],0,human,train,zh,7,weibo,0
纯属玩笑，当真就败了，不是所有鸡蛋都能孵小鸡的，市场上绝大部分鸡蛋是搁被窝里也孵不出的那种 //@现代杞人不忧天: //@升龙又一城:回复@好房网陈丽:今天我试了试  //@好房网陈丽:经典[哈哈],0,human,train,zh,4,weibo,0
Happy Halloween!!![抓狂] [晕] [嘻嘻]  at Ciao,0,human,train,zh,6,weibo,0
转需//@江宁公安在线: 回复@秣陵夏:[泪]我恨错别字。。。 //@秣陵夏:“很多老实单元楼”……要是单元楼很狡猾怎么办呢…………,0,human,train,zh,3,weibo,0
变态啊[怒][抓狂][鄙视][怒骂],0,human,test,zh,1,weibo,0
早上再次打电话确认，惊闻这是真的，忍不住流泪，往日聚会音容笑貌仿佛就在眼前，健康，乐观，随和，好交朋友，仗义，就这样走了，就这样走了，悲痛万分。 //@林广杰-青蛙王子:我的好哥哥，前些天还在一起吃串[泪][泪],0,human,train,zh,2,weibo,0
啊???我真来不了 //@啊啦蕾_Wong:回复@嘻哈包袱铺王惟:惟子锅锅谦虚了噻~哪天演绎一下吧，还没亲眼看过性感的你呢[嘻嘻]  //@嘻哈包袱铺王惟:回复@啊啦蕾_Wong:哈哈，别性感了，我这块性感不到哪去，哈哈  //@嘻哈包袱铺王惟:没啊  //@颜小色-Nora小围脖:我感觉王老师露点了,0,human,train,zh,5,weibo,0
纠结的没玩没了~~ //@冷笑话精选:震惊鸟，太让人纠结了。。。[哈哈] [哈哈],0,human,test,zh,3,weibo,0
方便面。。。。。。[泪],0,human,train,zh,1,weibo,0
哄抢当然是犯罪，什么叫抢？而且妨碍交通、违反交规，活该 //@老丿:好倒霉的司机，这下要为别人的犯罪行为赔钱了[怒] //@midiya:[蜡烛],0,human,train,zh,3,weibo,0
回复@小雪雪雪雪儿:很漂亮！[嘻嘻] //@小雪雪雪雪儿:小妹妹送我的小熊相册[兔子],0,human,test,zh,2,weibo,0
她不是第一个红的，可是之前红的都在顶部有疤痕没有办法食用，她是真正意义上第一个红了的可以食用滴果实，今早真开心呀！看到了我的芭拉鲨们游的很开心，又看到了这第一颗红果实，吼吼[爱你][爱你][爱你][手套][手套][手套][照相机][照相机][照相机],0,human,train,zh,1,weibo,0
在家吃披萨[晕],0,human,test,zh,1,weibo,0
台湾人民好惨哦！[泪] //@刘春:早日回到祖国怀抱吧亲//@?凰???珊玲:台?人民?流?面...[泪]//@孤??小?: 香港人民含???......//@作家天佑-: 深圳人民要不吃不喝多少年才能买上房？,0,human,train,zh,4,weibo,0
"是啊,提前半小时哈! //@双月映雪:改点儿了 //@1039志梅:回复@子辰木南:谢谢你的爱~~~[嘻嘻][给力] //@子辰木南:果断收听！最爱旅途了 //@1039志梅:告知哈：明年《旅途》11:00――11:30啦，一起在路上哈~~~",0,human,test,zh,5,weibo,0
不成功就成鬼！近两个月日日夜夜的煎熬值了[鼓掌] 一个悲催的富贵儿！//@黄渤:[嘻嘻][嘻嘻]?活着?国家大剧院首演成功！,0,human,train,zh,2,weibo,0
”且行且珍惜”之保护环境篇[嘻嘻],0,human,test,zh,1,weibo,0
回复@好基友-田钦焕:[哈哈] //@好基友-田钦焕:真心无语。老太太老爷爷也能做评审。,0,human,test,zh,2,weibo,0
新一届董事会成立了[鼓掌]希望给股民更快、更强的小康社会！,0,human,train,zh,1,weibo,0
天，流浪着还去西藏玩了一趟。拼了！//@江红_liu: 生活得堪比牲口啊，微笑歌独步江湖[衰]//@五岳散人:瞬间无语。。。。那我这种带着笔记本与上网卡就能写字养家糊口的人，为啥还要。。。。比起人家的人生态度，咱们就是一群LV啊。。。。,0,human,test,zh,2,weibo,0
榴莲芝士[哈哈] 开吃 [哈哈][哈哈][哈哈],0,human,train,zh,3,weibo,0
回复@张帆DORA:我可知道这种痛苦，前段时间刚煎熬过来，没事，一切都会好的，我先帮你把好吃的吃了，你就当我抢吃掉了，你减肥，哈哈哈 //@张帆DORA:亲爱的，我今天补牙的，补了六颗，均在不同位置，所以牙齿不得力，只能喝！[泪],0,human,train,zh,2,weibo,0
全了//@photomatch: [哈哈][哈哈][哈哈] //@吕景天:这个版本好全。。。 //@低调的二少: 太欢乐了[嘻嘻],0,human,train,zh,5,weibo,0
装13或者250的人才太多了！[哈哈],0,human,train,zh,1,weibo,0
[嘻嘻]师哥你又结婚了//@曹云金官网-金生金世: 矮马[花心],0,human,test,zh,2,weibo,0
每个周末飞机都晚点[泪],0,human,train,zh,1,weibo,0
那你不看看第四个，你二哥暗恋师太呢[哈哈] //@托尼滴漂亮妈咪:[抓狂][抓狂][抓狂]怎么我是第二个啊？[抓狂][抓狂][抓狂][泪][泪][泪] //@月落寒霄:俺也娱乐一下。[嘻嘻][嘻嘻][嘻嘻]@宝玲姐姐 @托尼滴漂亮妈咪 @孙_伟光 @爱运动的道长 @整合营销传播推动者,0,human,test,zh,7,weibo,0
一点儿都不好笑[怒],0,human,test,zh,1,weibo,0
//@英语围脖: [嘻嘻],0,human,train,zh,2,weibo,0
[泪][吃惊][蜡烛]求证！@夜里困的齐海 @吴2013刚,0,human,train,zh,2,weibo,0
高级黑，朝鲜艺术家太黑啦[衰] //@楚砚:是天上人间  //@Jofun:第四张是知青主题KTV？  //@深度chris: 这是法国人拍的《人民解放军解放巴黎》的后现代风格吗？  //@变态辣椒:第四张是在慰安所吗？[晕],0,human,train,zh,6,weibo,0
打败你的不是天真  是“无鞋”[哈哈][偷笑],0,human,train,zh,2,weibo,0
碟上没有剩下油需要很高的技巧[哈哈],0,human,train,zh,1,weibo,0
天灵开地灵开 下句是[哈哈][哈哈],0,human,train,zh,2,weibo,0
[马到成功][马到成功][马到成功]//@刘展耘:[泪],0,human,test,zh,1,weibo,0
贺瑞丽女王@文姬kiki 寿比南山，福如东海。早日把战场打到南方小渔村来。[嘻嘻][嘻嘻][嘻嘻],0,human,train,zh,2,weibo,0
//@冷笑话精选: 神器！[哈哈],0,human,test,zh,2,weibo,0
【#超级笑星#微直播】第一印象环节里~最终由不怕得罪人的@大山 老师选择了2号选手黄牌先罚出场外~[可怜]“牺牲你一个，幸福四个人。”[哈哈],0,human,test,zh,2,weibo,0
@懒人业余餐厅厦门店 [哈哈] //@achilles116:@懒人业余餐厅 厦门店,0,human,train,zh,4,weibo,0
我发现只要是用李锦记产品的企业总是越玩越大 这都把店开进首都T2了 能承受这地租的买卖 厉害厉害[爱你][爱你][爱你][爱你][爱你][爱你][爱你][爱你][爱你][晕] 我在这里:http://t.cn/zlj7yXb,0,human,train,zh,5,weibo,0
节假日又有好去处了喔~[太开心],0,human,train,zh,1,weibo,0
[哈哈]//@老家阁楼: 好兄弟。//@豆c子：//@这有意思:好兄弟，哈哈[哈哈],0,human,train,zh,2,weibo,0
跟着我家张老师@张暴暴 有饭吃?继小眼镜蒸饭之后，芳婆家的长队霸气的有木有？ 全套桂林香粽+油条+卤蛋[鼓掌][鼓掌]  #Weico+#,0,human,train,zh,4,weibo,0
//@连鹏: 昨天另外一条新闻是，美籍华人在上海机场摔一跤受伤获赔70余万，不该刻意对比，但仍然感觉心里跟扎根刺一样。//@CQ找不着北:还能说什么呢！哪件事不是这样解决的。或者说，这个解决办法还是比较好的结果。想想那些上访的家庭。还没要求你对天朝的恩德叩首谢恩呢。[失望][失望][怒],0,human,train,zh,2,weibo,0
【运动员穿“清朝官服”领奖 网友：像僵尸片】第四届环鄱阳湖国际自行车赛24日在江西景德镇进行，组织方“别出心裁”，将颁奖台设在古县衙，让夺得本赛段前三名的车手身着清朝官服坐上花轿，在唢呐声中登台领奖。网友：“很惊悚”，“穿越了”，“有一种港台僵尸片的感脚”。[衰]http://t.cn/8kLVhzX,0,human,train,zh,2,weibo,0
[哈哈]好恐怖。。。,0,human,test,zh,1,weibo,0
直播结束，两场直播国殇墓园都是第一家亮相[鼓掌][鼓掌] //@腾冲南门外southerngate:@NaXiAlian @3加2读书荟 @三水荒蛮 @樊建川,0,human,train,zh,5,weibo,0
回复@潘昶永:现在到了没？ //@潘昶永:我们快到了！堵堵了[抓狂] //@新浪图片博客活动花絮: //@阿瑞摄影: 回复@鸢尾:我们负责现场直播。 //@鸢尾:回复@新浪图片博客活动花絮:我是场外热心观众,0,human,train,zh,6,weibo,0
今天才有点开心[泪],0,human,train,zh,1,weibo,0
//@蒋艳君vikiJ：店主威武。。//@财经网：【午休一乐】这该算是史上最牛的翻译了吧[哈哈],0,human,train,zh,1,weibo,0
期待最后一期~//@潘阳sonyapan: 最后一期了。。。[泪][泪][泪],0,human,train,zh,2,weibo,0
JPP 去丁先腌后卤再炸（有讲究的上麦芽糖如叉烧制法，炸后外脆里嫩）， 金光十色 ，胖乎乎的，卖相逗人。见过却不知味。//@张雪崴: 没有屁股味[嘻嘻][哈哈][爱你] //@豚王河豚:南京专门有吃盐水鸭屁股的，就是好那一个味道的人才吃，而且会上瘾。不知道鸡屁屁是什么味道？,0,human,train,zh,6,weibo,0
"//@乐静老师:我们宁波人只知农历正月瑞香,二月兰花,三月桃花.四月蔷薇.五月石榴,六月荷花七月凤仙.八月桂花,九月菊花.十月芙蓉.十一月水仙,十二月腊梅.你这兰花开的也太迟了吧?[晕][哈哈]",0,human,train,zh,1,weibo,0
员工服务中心说以后不给开冷气了。。过段日子该供暖了。。可是实在是太热了。。肿么办？！[泪],0,human,train,zh,1,weibo,0
@不败不行的candy KK到了瘦啊[泪][泪][泪],0,human,train,zh,2,weibo,0
[哈哈][哈哈][哈哈]，现在它是我的手机铃声！,0,human,train,zh,1,weibo,0
//@主播李湘:哈哈...村长小燕子[哈哈][哈哈][哈哈]@李锐hntv @爸爸去哪儿  //@李湘纪念册:#王诗龄你是最棒的#老佛爷千岁千岁千千岁[哈哈]，啧啧，真的被玩坏了。。。,0,human,train,zh,3,weibo,0
回到西安，数月未归，家中无电、无电话、无网络！[泪],0,human,train,zh,1,weibo,0
安婷咱俩抱头痛[泪]吧现在……@安婷Tanz,0,human,train,zh,1,weibo,0
#爱情悠悠药草香# 编剧们还能再技穷一点儿吗：从正太太到六姨太，恨不得每个人都和别人有私情，还都去同一个院子＂废苑＂，还就是同一张床，一旦身处险境就会发现已怀有身孕，当然孩子不是正牌老公的，结果当事人男女就各种纠结。。。编剧们能稍微动点脑子吗，别一个剧情六个角色都来一遍行吗[抓狂],0,human,train,zh,2,weibo,0
呵呵，周六上课了。二个多小时做出来的漂亮蛋糕还好吃健康！一点防腐剂都没有哦[花心][鼓掌][玫瑰]亲手操作下来乐趣多多！原来蛋糕是这样做成的呀！,0,human,test,zh,1,weibo,0
亲爱的妹妹，永远爱你噢![爱你],0,human,train,zh,1,weibo,0
大海啊大海，东山岛！[太开心],0,human,test,zh,1,weibo,0
给拼就不错了 这个已经给银行的服务做宣传了！！//@侯宁: [泪] //@谭世平:回复@山丘望月:[good] //@山丘望月:在确认无假币纸情况下，用秤称称，换等重整币，人民银行不为人民着想 //@谭世平: //@美景集团官博: [吃惊],0,human,test,zh,8,weibo,0
舒服[嘻嘻],0,human,train,zh,1,weibo,0
谢石山曾经是我的领导，刚刚这张照片瘦的我几乎都快认不出来了，应该是病后照的，一路走好！[泪] //@吕宏:悼念！这几个月已经转了多少这样的消息？悲从心来。// @傻人阿普 ：你会加班？// @小陆童靴 ：我是否该拒绝加班了？[蜡烛] // @云南信息报 :[蜡烛],0,human,test,zh,9,weibo,0
会员的孩子们来我们这里都会玩儿high，无一例外，回城的路上全呼呼大睡，无一例外[哈哈],0,human,train,zh,1,weibo,0
喉咙痛，感冒，发烧…三部曲![泪][可怜][委屈]病魔快快远离我!,0,human,train,zh,1,weibo,0
叫板！批萨 母亲节特别活动！ [太开心] 这个母亲节，我们将特别推出草莓蛋挞（和其他蛋挞同等价位），并把草莓蛋挞的利润捐献给@爱百福济慈之家，好奇我们为什么这么做吗？看看这个爱的故事吧 [爱你] http://t.cn/zT8qRVG @brandnu @创可贴T恤 @自然大学 @自然之友 @WeImpact绿色冲击,0,human,train,zh,11,weibo,0
Amazing[鼓掌],0,human,test,zh,1,weibo,0
我会武术的[威武] 哈哈//@冯雪cindy: 王总，总是那么俗气，总喝酒。为我们跳之舞吧[哈哈][哈哈][哈哈] ，等待中//@王星餐饮品牌策划人: 其实此刻我们和会长的内心都是活力四射！来，我代表年轻人敬大家一杯，哈哈//@冯雪cindy:年轻人，活力无限。会长，我们也曾年轻过 //@胡滨微博:,0,human,test,zh,6,weibo,0
谢谢美女?[爱你],0,human,train,zh,1,weibo,0
难得入春，各种太阳控户外控都出马了，下回还是得早点哦~[抱抱],0,human,train,zh,1,weibo,0
#开讲啦#“等你爱~爱~爱我！”音乐响起！你还记得那个青葱时代的李亚鹏吗？[可怜]李亚鹏正在开讲！//@小Q_Jocelyn: 李亚鹏都不哭，小开业忍住吧。//@CCTV1开讲啦: #开讲啦# 小开也感动得想哭呢[泪]，曾经的《将爱情进行到底》，一代人的青春回忆！李亚鹏即将开讲！在看CCTV1的童鞋举个手！,0,human,train,zh,4,weibo,0
真的高兴祝贺啊祝贺啊[鼓掌] //@TB卓卓玛：恭喜啦！呵呵//@阿佳组合娜姆:呀[太开心][太开心]酷！[酷]小子终于扛过来了！！！！ // @嘎代才让 :[赞] // @祝棠-冈漾巴姆 ：白玛弟弟出院了!!!!! [心] [心] [心] [哈哈],0,human,test,zh,12,weibo,0
//@711早餐可乐:// @挥洒心情blog ：不多见，更难求！ // @叶哒哒T :这样的一生好幸福~ [泪]有点伤感,0,human,train,zh,7,weibo,0
[吃惊] //@莫子睿:人人都要学表演 // @珊?宅 :[泪]坐车去咯！。。。[嘻嘻]//  @peng书亭  : [泪]?都得！//  @neena  : ??。。。?一笑了???？[哈哈]//  @草莓原子  :[嘻嘻]嚎啕大哭,0,human,train,zh,13,weibo,0
终究会实现的[爱你],0,human,train,zh,1,weibo,0
怀念我的“长发”......oh......[失望],0,human,train,zh,1,weibo,0
快烧绿了，明天还出差呢，退烧退烧退烧哦...[晕][晕][晕],0,human,train,zh,1,weibo,0
哇~喝酒了吧[嘻嘻],0,human,test,zh,1,weibo,0
[鼓掌] //@Steven仔软饭硬吃:mark！,0,human,train,zh,2,weibo,0
[爱你]在行政酒廊的图书馆里看书，赏湖景，真是最佳的选择了！,0,human,test,zh,1,weibo,0
@rebecca鱼 我又不争气的失眠了。你说我们这么善良单纯的孩纸怎么总被抛进命运的漩涡里去思考那些个残酷的命题。真是要好人不长命祸害活千年么[泪][泪]摇个号也屡不中啊，幸亏我还没把精神寄托到买彩票[衰][衰]你啥时候有空求饭局啊！,0,human,train,zh,2,weibo,0
捐了校车将带动产业链的发展[good] //@L_逐箭:捐校车 //@-水上漂-://@北京厨子: //@叶匡政: [泪] //@说书者一枚:中国最该保卫的到底是什么？？！！一个不重视未来的国家，能有未来吗？,0,human,test,zh,6,weibo,0
拆吧，反正北京已不再是北京[泪]//@九夜茴: 哎，拆呐。,0,human,test,zh,2,weibo,0
回复@JJ_Aaron琪:没有，看着点，够吃就得了[嘻嘻] //@JJ_Aaron琪:回复@乐儿餐厅:谢谢，看起来很赞！有最低消费吗？,0,human,train,zh,2,weibo,0
好啊，老鬼没白写！[嘻嘻]//@自由鸟zxh: 回复@俺叫老鬼:慢慢的对吐鲁番有了新的认识。,0,human,train,zh,2,weibo,0
哈哈，有人爆料了！我们把这个庙口夜市的漂亮老板娘炒红吧！@?在???? @台湾自由行 @台?自由行?人//@?阿楠: 真的有美女，那章?小丸子的老?娘超正的，但?婚了[泪],0,human,test,zh,4,weibo,0
[笑哈哈][哈哈]淘宝上什么人都有,0,human,train,zh,1,weibo,0
有试过这样看电影吗？[哈哈],0,human,train,zh,1,weibo,0
//@微群小助手:瞬间凌乱了。。。[衰],0,human,test,zh,1,weibo,0
[哈哈]@蹭茶闲人: 要的@miniG-欣 @Fiona白玉 @白丁公子@夏大叔 @冰人儿,0,human,train,zh,5,weibo,0
@朱星海 这个就是上次跟你提到的珠海文化创意艺术中心。跟维斯比艺术空间是海尔兄弟吗？[嘻嘻][嘻嘻]厉害的是维斯比已经有线下家居品牌了~~@导演下的蛋 //@媛媛达人: 乌托邦！恭喜！ 一期完工，期待整体~！,0,human,train,zh,5,weibo,0
谁教我几句骂人的话？[怒骂] //@新浪视频：关心下可怜的孩子吧,0,human,train,zh,2,weibo,0
[哈哈]又是土豆@北京兵人,0,human,train,zh,1,weibo,0
新郎是你亲戚呀[泪][泪][泪]命不是自己的是吧？,0,human,train,zh,1,weibo,0
#你有一张来自海底的明信片# 你想收到来自全球唯一的水下邮局――瓦努阿图海底邮局的明信片吗？！[太开心] 已走过六大洲89个国家的百度旅游达人@千阳游走世界中 正在那里，并打算为大家免费寄出10张明信片！只要转发本微博，并@ 3位好友，就有可能收到这张超有纪念意义的明信片哦~ 活动截止9月4日。,0,human,train,zh,6,weibo,0
#race around the world#艾睿斯沈，第四种颜色的花[嘻嘻],0,human,train,zh,4,weibo,0
[鼓掌][鼓掌][爱你],0,human,train,zh,1,weibo,0
[哈哈]//@台湾老街: 哦哦 连零食都要成双成对！知道了 为了不让人说偏心 小p以后买张君雅小妹妹的时候也会记得张君宝小弟弟的,0,human,train,zh,5,weibo,0
"我不是大师，好甜食而已，一顿吃三四十枚不在话下 //@初见官方微博:此物只因天上来,人间难得几回有！请美食大师@全曼午 来帮忙鉴定下正宗否？[哈哈] http://t.cn/zWxfoNJ",0,human,train,zh,4,weibo,0
送书的快递人员由于害怕下雨，所以没有将书及时送到，估计要等周一了，到时再快递吧。希望拿到现金卷的同学珍惜机会。//@QJ907:居然不发书，拿代金券糊弄人[怒骂]@ltguo //@gnawux: 谢谢啊，呵呵，是我不会做商业宣传 :P//@TDTX:讲的相当好，很负责，一改我以为这样的讲座就纯是商业宣传的印象,0,human,train,zh,4,weibo,0
黄花耳子粑粑肉  菜单叫法 //@懒人业余餐厅:自贡九大碗之首、春节大菜----粑粑肉，江湖人称自贡午餐肉[哈哈] //@十月霜子: 我的最爱，我老汉儿已经教会我做了，哈哈哈，想吃随时都可以,0,human,train,zh,5,weibo,0
开放式厨房，让您能够近距离见证美食的诞生[害羞]//@微美食上海: 下次去吃饭能见着不能[嘻嘻],0,human,test,zh,2,weibo,0
这招忒狠[怒],0,human,train,zh,1,weibo,0
我们干着急的事情最后都是在等待中解决了…所以，耐心等待是解决之道啊，当然没有大薇姐的无敌连环call也是不行的，今天我们真是快把电话打爆了[晕][汗],0,human,train,zh,1,weibo,0
想她了！[爱你],0,human,test,zh,1,weibo,0
#雕粉年终答谢会#[花心]我们帅气大厨正在使用现场采摘的“活体蔬菜”烹制沙拉！[偷笑]妹纸们已经看的痴迷啦！味道据说…让人迷醉…[抓狂]牛腩君忍不了啦，赶紧去吃两口去！ 我在这里:http://t.cn/z8ABSGH,0,human,test,zh,2,weibo,0
想把丹霞山那块石头带走，韶关人民不答应~[哈哈] //@珠比特:[耶]我也是//@泡鱼儿:石头~[酷],0,human,train,zh,2,weibo,0
森巴、恰恰让你火辣一夏~[嘻嘻] [给力],0,human,train,zh,2,weibo,0
我们四人看见胖子组几字，相视大笑[哈哈][嘻嘻]这还是在一人牙疼一人拉肚子的情况下呢哈，无怨无悔[花心]//@央广雅萍:回复@新疆搜索:我们的赴台旅游达人，都非常出色呢！ //@新疆搜索:[晕]看着看着饿了 //@央广雅萍:这一组，最有可能在回来的时候成为胖子组了！[偷笑]但相信你们，一定也无怨无悔！[赞],0,human,train,zh,3,weibo,0
???，我估??著衫[哈哈] //@MookBeauty:吃了?的被??不?冷?？[偷笑] //@食?M:小??[嘘]?吵醒?[做鬼脸],0,human,train,zh,3,weibo,0
#爱情睡醒了@三亚维景国际度假酒店#  明天是周五，会有什么样的福利呢？ 敬请期待哦 [太开心] [太开心],0,human,train,zh,5,weibo,0
刚出去试拍了下。阿姨妈妈们只要我给拍照的，都说相机好[嘻嘻]叔叔伯伯们都知道单反的，觉得GF3卡片式的，不入他们眼了[黑线] 阿拉是微单好伐啦微单[奥特曼]比我原先的卡片机强多啦[花心],0,human,train,zh,2,weibo,0
不行收拾收拾回家当村长去[哈哈] 很有前途[酷],0,human,train,zh,2,weibo,0
偶与大爱建筑大师扎哈-哈迪德 ZAHA HADID 滴合影~~不容易啊！！感谢@神马_敬军 [鼓掌] @米小米_,0,human,train,zh,6,weibo,0
接连几天的医院已经快要把我内心整垮了！这个点还抱着个肚子痛得卷缩成团[泪],0,human,train,zh,1,weibo,0
#优质食品需要靠谱食客来品鉴#酸奶土豆球好猎奇！[花心]看的口水都流下来了！很认真的食评给5[星]满分~[鼓掌],0,human,test,zh,1,weibo,0
童年的回忆！[鼓掌]大拇指哥哥和两位“金龟子”姐姐邀你周六一起来玩[哈哈],0,human,train,zh,1,weibo,0
雷雨天，去哪儿？跑步！[嘻嘻],0,human,test,zh,1,weibo,0
[挖鼻屎]原来有个国家语委会耶，干的事可真大！！！//@庄菁Eleven:[衰]脑子哇特了,0,human,train,zh,1,weibo,0
心寒，离婚就是这么越来越轻易。信董洁 //@浅小花://@周凯莉:分手最能反?品质。看到这样，好心寒，感觉不会再爱了。。。[衰],0,human,train,zh,2,weibo,0
站在窗边看日出[太开心]厦门早安,0,human,test,zh,1,weibo,0
大连，我的故乡[爱你],0,human,train,zh,1,weibo,0
我家仪涵输了[泪][泪][泪][泪][泪],0,human,train,zh,1,weibo,0
擦。。。[怒] //@童大焕:这个倒像是在训练。但即使是在训练，也毫无疑问是在训练人成为魔鬼。,0,human,train,zh,2,weibo,0
[泪][泪]就是没有我的份 你够狠,0,human,train,zh,2,weibo,0
回复@?哩:[汗][汗][汗][汗] //@?哩:赶紧添水，然后把黄色的叶子都掰掉。。绿萝的生命力这么顽强你都能给我养死，小心我揍你啊！！[怒骂],0,human,train,zh,2,weibo,0
原来我是皇后啊？看来只能配皇帝了！必须的！[哈哈][哈哈][哈哈] //@快活林阿甘: 你离不开我了 //@美说-ZJM:女皇，YY一下[嘻嘻]//@快活林阿甘:没事，甭怕，我是太监。 //@赵云侠:他妈的，我居然是名妓[抓狂],0,human,train,zh,5,weibo,0
[馋嘴][馋嘴] //@枝枝吱吱吱zzz:我想回去[泪][泪][泪]吃汽糕[馋嘴][馋嘴][馋嘴]//@水墨婺源:这就是我的梦里老家---婺源！[心],0,human,train,zh,2,weibo,0
新车下地，恭喜恭喜！@一汽-大众 @战舰_汽车评论员 @财富广播陈博 @参谋长茄海涛  。几位北方的兄弟，看得懂粤语的微博麽？[嘻嘻][嘻嘻],0,human,train,zh,5,weibo,0
做人要厚道 ，别馋我嘛...[抓狂],0,human,train,zh,2,weibo,0
春城无处不飞沙[衰][衰] 我在这里:http://t.cn/zj53jqO,0,human,train,zh,2,weibo,0
伴娘啥时候回京？//@Cyndiii喵: 这赶报表的日子口 真心的是找那树么啊 就跟我们那个we will never rest似的[泪]//@花雕小美猪: @Cyndiii喵 @Ami_Ding // @明超那些事儿 :求证 @ballcat // @亨利范 :哪天去德勤看看// @苍月烈风 :牛逼！// @六十六号公路 : 牛逼！,0,human,test,zh,21,weibo,0
回复@V老徐:[嘻嘻] //@V老徐:那你呼吁 //@张帆DORA:[思考] 建议增加思想品德的分数， 而且要等同于数理化相同的待遇。中国人什么都不缺，就是缺德。 //@高考快讯: #高考改革#您是否支持高考不再考外语？投上你神圣的一票 http://t.cn/8kfDRWd,0,human,test,zh,8,weibo,0
#西江推荐#小西今天给大家推荐一道西江特色菜――井冈山老?笋[馋嘴]，原料为深山老林中尚未出土的冬笋，经农家篝火熏制而成，故又名烟笋。经赣味农家传统方式精细烹制后，其味道香脆鲜美，笋味绵长！ 浓厚的赣乡风情瞬间就包围了你！那味道，唇齿留香，小西[抱抱]忍不住作诗一首，亲们喜欢吗？[亲亲],0,human,train,zh,2,weibo,0
我想去吃，带埋我啦美女姐姐//@依稀以西：满口都是肉~~[嘻嘻] 牛肉丸还可以再正一点哟,0,human,train,zh,2,weibo,0
回家里拼命让我们吃 回来还大包小裹拿一堆吃的 一周了才消灭一点点 然后刚分开就发信息说你不能再胖了。。。这就是亲妈啊[泪],0,human,train,zh,4,weibo,0
[泪][蜡烛]//@中国图书网黄平:[蜡烛],0,human,train,zh,1,weibo,0
[鼓掌]哇哇..中奖了开心啊..要将节能环保进行到底..吼吼..//@佳能影像公益: 感谢网友积极参与#一份关灯的承诺#活动，以下是获奖的10名幸运者@小可疼 恭喜你们将获得精致节能灯一个。3月31日晚20:30，熄灯一小时，生活更明亮，和佳能一起行动吧~！,0,human,train,zh,3,weibo,0
说得好，要的就是这种气魄！加油，我不关注你的出身，我只在乎你的行动！[鼓掌],0,human,train,zh,1,weibo,0
看到一句话：听说那些提前买好了第二天早餐的人中，有95%都把早餐当夜宵吃了。。。[哈哈] [哈哈] （转）,0,human,train,zh,3,weibo,0
今天你分晒年味了吗？还有5天就是大年三十，快来分享你吃到的极品年味，图文并茂有加分凹[嘻嘻]~婶婶已经准备好20份惊喜礼品了[阴险]想要的要把握时机！[话筒] 我在这儿等你回来~等着你回来~把那极品晒~,0,human,train,zh,2,weibo,0
[哈哈][哈哈][哈哈] //@民航壹周刊网:儿童节睡了14个钟头~晚上估计是失眠的节奏，大礼包一个[哼][哼][哼],0,human,train,zh,2,weibo,0
为什么我看不到《Ted》呢[抓狂],0,human,train,zh,1,weibo,0
五点要起床，小眯一觉。哥们结婚，虽然是帮忙，却很兴奋！很高兴！[哈哈][哈哈][哈哈]晚安,0,human,train,zh,1,weibo,0
"Power love one ?? //@黄庆:Love, Win,tell...tell? //@DR杜然:我看到的是LOVE/LUST/FUN[衰] //@flypig: YOU TELL ME... 我瞎了",0,human,test,zh,12,weibo,0
补图（昨日）:没看到什么大咖，也没吃到传说中很NB但很难吃的国宴。手机不敢随便拍，怕被打。。。。门口的警卫很像狗，还没靠近，耳朵已经立起来，牙已经呲出来了。。。[抓狂],0,human,test,zh,1,weibo,0
你?到香港?了！？//@何炅:你也是！远远就看到你啦！好久不见！ //@?家?:做慈善的人特??！今天看?你容光??[哈哈],0,human,train,zh,2,weibo,0
这地方真不赖[哈哈],0,human,train,zh,1,weibo,0
临睡前又看了眼北京GA展的微博，只希望明天不会因为服装不合格被展会踢出来，另外目测一定会错过很多有趣的无料了！没有东西和人交换真是忧桑啊！和自己说好1月发工资前要冷静消费的，展会一定是个无底洞！！[抓狂]2014的开头，不会太差，自然会有好的延续，嗯嗯~,0,human,test,zh,1,weibo,0
//@围脖心情心语:太美了~~[鼓掌] @就爱英伦风,0,human,train,zh,2,weibo,0
射手真的很重情//@星座爱情001：【分手后，心最痛的星座】:冠军: 射手座；【恋爱后，最专一的星座】:冠军:射手座;【结婚后，最顾家的星座】:冠军:射手座;【爱人死后，跟着死的星座】:冠军:射手座;（不要轻易的和射手座分开）[抓狂],0,human,test,zh,2,weibo,0
【曝#全智贤#现无戏约欲收山回归家庭 或准备生富四代[嘻嘻]】有消息指出，她目前手上共有11项代言，但其中完全没有戏约，加上闪婚2年期间都没有传出怀孕喜讯，被外界揣测可能会像韩星#李英爱#当年获得青龙奖影后之后一样，在登上演艺事业颠峰后急流勇退结婚生子，回归家庭生活。 http://t.cn/8FrKumT,0,human,test,zh,3,weibo,0
漂亮地?一?！[嘻嘻]拜?了！艾艾@88la @蔡志松 @陈履生 @程昕明 @策展人顾振清 @包益民 @国际博物馆杂志 @顶层杂志 @程昕东 @今日美术馆 @简木风 @xuuxoo甘鹏 @艺术国际网 @水果严虹 @叶宇轩Yehidea @志愿者李星陆 @祁崧SPEED-ONE @王柏君 @张思永 @物质狂 @吕澎 @小枫vivi @付晓东 @小石头在纽约,0,human,test,zh,24,weibo,0
阿北北，下关这个点有点难打出租车嘛[悲伤] 我在:http://t.cn/zYn8aCt,0,human,train,zh,2,weibo,0
"//@北京香格里拉饭店: 回复@矛矛予:7点后咖啡茶美味店半价，速速行动！[偷笑] //@矛矛予:什么、什么？还有半价的？[吃惊] //@北京香格里拉饭店:回复@贵州媳妇:右下的是舒芙蕾，超级赞！delicious dessert, especially nice soufflé made by our dessert chef @Floriancouteau [馋嘴][鼓掌]",0,human,test,zh,15,weibo,0
错过跟男/女神表白滴机会，也不能错过这个机会！[嘻嘻],0,human,train,zh,1,weibo,0
谁说iphone不禁摔。一星期摔了20多次了。[抓狂][抓狂][抓狂][抓狂],0,human,train,zh,1,weibo,0
文字恰当，表情丰富，可当范文 //@黄?膊:嘿嘿，谦虚呐，这语言用得老练呢！  //@怀旧岁月w:[泪]感动啊！泪旧呐！笨人不给力，缘于文字功底太差，还木有幽默感[汗]黄老师，这厢有礼了[害羞]以后还请多多提携[握手],0,human,test,zh,3,weibo,0
//@北京5号线:竹竿胡同有早市儿//@古墓丽影judy:儿时住在朝内大街，周边有南、北竹竿胡同，老君堂胡同，新鲜胡同，拐棒胡同，印象中竹竿胡同特别窄，只能一人通行[呵呵]//@黄玺赫:[太开心] //@北京5号线: @黄玺赫 胡同里的故事,0,human,train,zh,4,weibo,0
今晚陪米国美女美眉吃川菜！[哈哈][馋嘴][馋嘴] 我在这里:http://t.cn/zHeVg3p,0,human,train,zh,2,weibo,0
九襄今年因为雨水的关系，对车厘子的味道似乎有影响，但临走前还是要多买点，毕竟很新鲜。当然，临走前，清溪的牛肉汤锅也要试试的，煮到最后加一把干面进去，就是汤汁浓郁的牛肉面了噻[嘻嘻][爱你]顺便提一句，雅西高速风景真的是太美啦！！！！,0,human,test,zh,1,weibo,0
#花 碎碎念#我是热衷三角梅的，故而见到红砖墙上的一丛又用手机拍了下来。奇怪的是，直接有了lomo的效果[爱你] 图片无后期，只加了水印[浮云],0,human,train,zh,3,weibo,0
[鼓掌] 太棒了！谢谢老师和同学们！,0,human,train,zh,2,weibo,0
[泪]狗狗，好喜爱秋田//@早安丶晚安丶心语: 忠诚的田园犬最普通，却是人们吃肉的品种，看了之后你们忍心吗？[泪],0,human,train,zh,2,weibo,0
萧敬腾，你真能折腾，去哪哪变天! //@宁财神:[泪],0,human,train,zh,2,weibo,0
#爸爸去哪#五位小朋友和考拉君聊天。天天：考 考 考拉君，我爱你太爱你了爱死你了！ 森蝶：考拉君睡觉前也喜欢抠脚么？ 石头：我的天！我终于等到蜘蛛侠主题房了！王诗龄：考拉君以后你要好好的！ kimi：考拉酒店好酷！爸比，我要喝奶奶 [泪],0,human,train,zh,7,weibo,0
[偷笑] //@小雅式采薇:紫灯，请起飞！ //@雍小宝x:[哈哈][哈哈][哈哈],0,human,train,zh,3,weibo,0
重生2012[鼓掌]//@2012末日恐惧症丽雅://@爱穿平底鞋的女人: [挤眼]起泡酒我的最爱，红酒她的最爱，你的最爱呢,0,human,train,zh,2,weibo,0
QQ上来了个陌生人，让我送他QQ会员，我问：为什么？他说：不为什么！我说：不送。他说：为什么？我说：不为什么！ 脑残敢更多点么[怒骂],0,human,train,zh,2,weibo,0
#中国好声音#。。最遗憾！最可惜！最心痛！没有被选上的歌手非她莫属了。[泪],0,human,train,zh,1,weibo,0
鄙视 有钱无德又有什么了不起？[怒],0,human,train,zh,2,weibo,0
整理旧杂志，女儿赶紧告诉我，千万别把她新买的《昕薇》杂志处理了，不敢相信自己的耳朵，又问了一遍杂志名称，说这也不适合你看哪。答：妈妈，我都多大了，必须得多关注时尚动向了！[抓狂]这让压根儿就不知时尚为何物的我，她的母亲，情何以堪？,0,human,test,zh,1,weibo,0
有点热伤风，喝水休息[晕][晕],0,human,test,zh,1,weibo,0
想免费吃重庆江湖馆和红油火锅的美女们看过来[钱] //@丹妮小豆豆:优秀的男生女生都快来参加节目！！有几万块的大奖可以拿！而且过一关送一关哦！免费重庆游哦！私信我吧[哈哈]@潘瓶子 @好妹妹乐队-浪客秦昊 @好妹妹乐队-张小厚 @极光光,0,human,train,zh,5,weibo,0
19本，那兄弟都走开十几米了，又回来买[泪] //@我:18本，凤凰周刊的友情支持 //@我:13本 //@我:12本啦 //@我:又卖了一本 //@我:卖了一本[嘻嘻],0,human,train,zh,6,weibo,0
原来月饼可以如此煽情，中秋节一定要和家人好好团聚，吃着月饼，赏月~~~[可爱],0,human,train,zh,1,weibo,0
真的耶，我也是打小儿看你的节目????????????吓大的[鼓掌] //@文怡:回复@Wsunny灬:我就。。。。。。怒摔[怒][怒][怒][怒] //@Wsunny灬:关注那么久，看了这张图才知道你就是我小时候看做菜的主持人，我了个去，小时候就想吃你做的菜,0,human,train,zh,3,weibo,0
一部好电影。//@费明微博:// @郝思嘉 :    // @pettyMM : [鼓掌]好看，满足了所有的好奇心。。。// @孙孟晋 : 恭喜这部真正的好电影，今天击败《金陵13钗》赢得金球奖最佳外语片奖！,0,human,train,zh,10,weibo,0
陆师傅[给力] //@尹亲林:陆总节目。。。1[good] //@东哥粤潮:凤哥节目，节节上升！收视长红！[哈哈][哈哈] //@南京陆少凤: //@南京陆少凤: 前些日子和湖南卫视的何炅老师做的一档美食节目开播了，在http://t.cn/zTGCOKQ可以搜到 //@陈意星@杨顺S @老爷们布衣隐士 @东哥粤潮 @瞬即是永恒 @尹亲林,0,human,train,zh,11,weibo,0
慢跑在去健身房的路上，马上能看见大粗胳臂儿们@崔岳_晶欣喜铺 @谁动了我的杠铃 @Mr_Jeremychen ，心情很愉快！！！超级组，我来了[哈哈][哈哈][哈哈][哈哈]#美图秀秀Android版#,0,human,test,zh,4,weibo,0
才不是[抓狂]我的形象全完啦[泪]//@嘻哈包袱铺官方微博:@嘻哈包袱铺陈曦 本色出镜[鼓掌]真心的他就长这样[偷笑]//@嘻哈包袱铺陈曦: 这是谁选的照片[哼][抓狂][抓狂][抓狂][抓狂][抓狂][抓狂][抓狂][抓狂],0,human,train,zh,3,weibo,0
FB啊！后悔木有去青岛啊。[泪][泪][泪],0,human,train,zh,1,weibo,0
纠结阿[抓狂],0,human,train,zh,1,weibo,0
[偷乐]//@聂委光: 感激涕零[哈哈]//@radella的世界: 终于听到了我内心的呼唤，感激涕零…[泪]//@大地风景旅游咨询:#旅游型城镇化高峰论坛#赠书活动第二季，公布第十六位幸运儿，送给渴望学习的孩纸~恭喜@radella的世界 获得@吴必虎 教授编著《多途径城市化》图书一本，快快私信小编详细收件地址,0,human,train,zh,5,weibo,0
谢谢大家再次给我惊喜又过了一次生日，真的很感动[泪]，我想说的是一路走来有大家陪伴，我！很幸福！,0,human,train,zh,1,weibo,0
[疑问]早啊//@红日星工场:[汗]2017......[晕]//@洛阳交通广播李导:转发微博。,0,human,train,zh,1,weibo,0
我在两个天桥走了四趟?终于知道要坐啥车了！！[泪][泪]迷路了啦！木有510?木来618?来了一辆881?还被我看成了331?[泪][泪][泪]@我是张微微,0,human,test,zh,1,weibo,0
[哈哈]//@Royalmile刘瑾: [哈哈]//@桃桃林林小淘淘: 乔治?鲁尼亚教授。虫草人参海狗丸研制者。国际性生殖学会名誉主席。,0,human,train,zh,3,weibo,0
恭喜！//@Cindy_Xue: 回复@詹朝军: 谢谢詹总 //@詹朝军:恭喜！//@Cindy_Xue: @Japie @Eleven大叔 @Mac-Wei 微博管家获年度最佳技术奖！[抱抱] //@Cindy_Xue:@Japie @Eleven大叔 @Mac-Wei 微博管家获年度最佳技术奖！,0,human,train,zh,12,weibo,0
[鼓掌]是我是我~[带感],0,human,test,zh,1,weibo,0
#西贝莜面村# 我喜欢那杯子上面的小老虎.[嘻嘻],0,human,train,zh,2,weibo,0
冬天就到啦！又可以裹的跟熊一样啦！哈哈。。。明明街拍有没有，有个没睡醒的同学说我是理发店服务生。[泪][泪][泪]周末带儿子们看医生。[泪],0,human,test,zh,1,weibo,0
【后假期时代 我们一起免费粗去踏春啦】不管你的清明小长期在家在外还是在期待，看看小美给你的后假期旅程吧――4月7-8日，咱们一起摘草莓、泡温泉、吃自助、观博览会、还有更多神秘大礼，这个农业嘉年华的热闹咱是凑定啦，赶紧转发@ 你最想一起去的ta，我们一起#观农业盛典 享花样年华#吧[爱你],0,human,train,zh,4,weibo,0
新浪微博网页版会遗漏部分微博信息啊，手机客户端反而信息更全[怒],0,human,train,zh,1,weibo,0
一分钟有多长？这要看你是蹲在厕所里面，还是等在厕所外面了[嘻嘻] 哥们，不赖你，是因为地球引力出了问题[怒],0,human,test,zh,2,weibo,0
认识香港另一面，从龙脊生态游开始~[嘻嘻]老板亲自带团哦![威武],0,human,test,zh,1,weibo,0
[鼓掌]//@银河宁锡明: [鼓掌],0,human,train,zh,2,weibo,0
对@tjtv马钊 说：还不粉我，等到什么时候。。[晕],0,human,test,zh,2,weibo,0
就是说呀！说我厨艺堪忧一刚，一刚，一刚！！！毛爷爷也有眼睛瞎掉的时候的[哈哈]。在搜索框打“Loli厨房出品”，看看我的作品，让你再说我厨艺堪忧[右哼哼] @Michaelia在祈祷 他应该跪PCB！对伐对伐？,0,human,train,zh,3,weibo,0
太有想象力了！大爱！真爱是无可阻挡的！[噢耶][好棒][好爱哦]//@麻瓜小豆: [哈哈][抓狂][心]超友有爱的小片~我爱纸飞机！！！@走入时间 @桐语-虫虫的晴朗 ... //@杞肆:姑娘的表情真可爱~ //@?表市场: 马 //@猪蹄le: 超棒！！激动得眼泪水都要彪出来了…… //@擦什么名字啊啊啊啊: [good],0,human,test,zh,11,weibo,0
那个恐怖的年代！//@王若皓：[哈哈],0,human,test,zh,1,weibo,0
昨天晚上回家，老妈居然给我买了一整套养生堂！！长这么大第一次这么关心我的皮肤啊啊啊啊啊啊啊！！！！！[泪],0,human,train,zh,1,weibo,0
有一个好消息和一个坏消息：[思考] 好消息是，未来三个半小时还是周末时光[嘻嘻] 坏消息是，明天周一啦[抓狂] [可怜] [泪],0,human,train,zh,5,weibo,0
我看到的是MEN，跟你境界不一样吧//@美喵喵一只：我一眼看到了MAN[伤心],0,human,test,zh,1,weibo,0
@3W咖啡 加油，互联网人的家！期待相聚新店。酒很棒！人也很棒，全是帅哥美女！我和@许单单-互联网分析师 有机会合影了[哈哈][哈哈][哈哈]@夏强Allen @马?龙,0,human,test,zh,4,weibo,0
[落叶][雪][伤心],0,human,train,zh,1,weibo,0
哇，―年―度喔[嘻嘻] //@DJ雄标:回复@糖哥-咖啡大佬老冯:下次约你[馋嘴]  //@糖哥-咖啡大佬老冯:我没吃到哦！[嘻嘻]  //@DJ雄标:喜欢就好。,0,human,train,zh,4,weibo,0
孩子心灵上的锁链是一生的 //@给力村长:[怒][?]//@沙门氏v: /@神往桃园://@香色儿: //@妍兮兮:第一是现在私立幼儿园的学费堪比大学学费，且良莠不齐，屡发事故。第二是社会保障体系不健全，公立幼儿园太少，福利性质的托管所几乎没有 //@龙隆至诚: 悲哀的政府，可怜的百姓！,0,human,train,zh,6,weibo,0
男主角有霸气 //@内裤都笑湿了:[哈哈]太搞笑了吧！,0,human,test,zh,2,weibo,0
再看@厦门不见咖啡馆 的花花世界[嘻嘻]   #WeicoPintu#,0,human,test,zh,3,weibo,0
回复@李美慧snow:太可以了亲！http://t.cn/zTTQKbJ 感谢支持啊 //@李美慧snow:[吃惊]网店能发个连接看看不[太开心] //@餐饮人-吴楠:回复@商业聚焦:是的，真的辞职了，全心投入了这个小店当中，哈哈哈！很多人都不能理解我????? //@商业聚焦:小店还挺漂亮？真的辞职啦？全身心投入到小店？,0,human,test,zh,5,weibo,0
我果断转了[嘻嘻][嘻嘻][嘻嘻] //@周?-小尖果儿:这条微博必须通知@王善勇-火龙果儿 [嘻嘻] //@许健铁刨花儿:不是天津人！都不知道是什么！跟天书一样！[嘻嘻] //@红?淘宝城-??:@海河栈 @周?-小尖果儿 @许健铁刨花儿 @初天岚 @必弄,0,human,train,zh,9,weibo,0
唯一看了一次什么直通春晚就看到金池被淘汰，简直无语[怒][怒]我只能用我微薄的力量发泄一下我的不满！连我爸妈都一直在为金池愤愤不平，说太黑太假！如果有金池，春晚我还勉强看一下，如果没有，我只有对春晚说：拜拜就是再见！！,0,human,train,zh,1,weibo,0
天，现在都早上3 点了[抓狂] 。。。。真后悔落地前喝了咖啡。,0,human,train,zh,3,weibo,0
回复 @程诗然:据说是不可以 //@程诗然:后悔可以当饭吃么[嘻嘻] //@墙根网-蜗牛:没去后悔了[泪]  //@程诗然:收了，她们一直在发微博，我都吃过一轮了[猪头],0,human,train,zh,5,weibo,0
是啊是啊，真的越来越美了[亲亲]//@家政观察员: @艾美李亚 瞧瞧……//@阿姨来了官网:张阿姨是越来越漂亮了呢[花心]@家政观察员 //@嘉乐会家政: 亲人回来咯，杀鸡宰羊招待咯[bm可爱],0,human,test,zh,5,weibo,0
[哈哈] 可奈的小女孩,0,human,train,zh,2,weibo,0
可怜的乞丐又在为郭美美捐汽油钱???[泪] [衰] [失望] [可怜] [哼] //@Lucien_Wong：//@yanalex：转发微博。,0,human,train,zh,6,weibo,0
[衰]穷途末路,0,human,train,zh,1,weibo,0
//@百合网: 最后半个小时！路由器谁想要？[太开心] 整点来一次@百合网,0,human,train,zh,3,weibo,0
回复@EStella遥: [哈哈]喝不趴的，就是卧倒~~~~~~~~!//@EStella遥:回复@好书吧-老板的娘: @贰小?   阿姨自己酿的酒，肯定喝不趴你。。,0,human,train,zh,4,weibo,0
公共设施的安全应该每天都检查的吧~~//@张泉灵: 26岁，刚结婚。[泪]今天办公室里气氛格外凝重。扼腕叹息之余，想想儿子以前总爱摸各种喷水池的水。无比后怕。,0,human,train,zh,2,weibo,0
我发现现在更新的微博十有九九讲刚才那场羽毛球，包括我[嘻嘻],0,human,train,zh,1,weibo,0
@境小迁 @乖囡吉吉 @QQCandy-盖头 最喜欢牛舌和牛五花啦~~~（其实还有生拌牛肉。。。。）[哈哈],0,human,train,zh,4,weibo,0
世界上最遥远的距离，是钥匙在车里面，我在车外面，而且还离家巨远。这是什么先进功能啊，不一会的功夫，车怎么自己锁上了[泪][泪][怒][怒]@上海大众斯柯达,0,human,test,zh,1,weibo,0
要乖噢[爱你],0,human,train,zh,1,weibo,0
#开讲啦#【同桌是一种很奇妙的生物】[抓狂]TA喜欢反驳你说的话，喜欢和你划清界限，喜欢看你出糗……[可怜]但多年之后TA不会和你紧紧的坐在一起度过每一节课，和你一起发神经……[泪]现在想起TA，会有一些淡淡的忧桑。只想问一句，同桌，你现在过得好吗？[心],0,human,train,zh,1,weibo,0
@八脚鱼的这片海 感谢你在这么冷的天来陪伴我[心]祝福你在新的一年幸福快乐！一切都在祝福里[心][心][爱你][爱你],0,human,train,zh,2,weibo,0
这周很环保，一直在穿这件针织衫。。。[嘻嘻]真相其实是 换季没衣服穿啊，急需shopping补仓！！！#今天的样子#,0,human,train,zh,2,weibo,0
[泪][泪]放了孩子[怒]//@龙当当: 拖出去，挂马蜂窝上[衰][抓狂] //@笨熊winnie:我的神呀 //@P先生的后院:最近幼儿园坏阿姨特别多，你们这些当爹当妈的，唉，多留心！@忙碌的66 @icelee要淡定V @莉莉家的猫 @RoyHANABI @Eric_Zhao_醉舞下山去 如果老子娃儿遭愣个整老子儿不弄死她狗日的！,0,human,train,zh,9,weibo,0
[衰] 早看早打算。。。,0,human,train,zh,2,weibo,0
真是天生的一对啊，愿你们的爱情，比美洒更美，比阳光更明媚，祝你们永远幸福[爱你] http://t.cn/zO6DbIN,0,human,train,zh,2,weibo,0
磊哥雅正！ //@北京首钢陈磊:重温下快乐的啧啧平@Nov28th [哈哈][哈哈][哈哈],0,human,train,zh,3,weibo,0
俺地娘啊，想早睡一晚，这炮声响不断怎么睡啊！听老爸说是因为今晚和明早需放炮接财神，这炮声烟花的，可是一直响啊。。 明早我也要放！[抓狂],0,human,train,zh,2,weibo,0
回复@项羽BJ:所以~sina的校友们都视而不见吗？[嘻嘻] @viewer613 @金某某 //@项羽BJ:哈哈哈哈 刁钻在哪儿啊……都是事实啊 确实没带V，但又确实承认算是官方……哈哈。 //@youyoujill:外交官真刁钻 //@项羽BJ:哎呀，转发一下不带V的官方……,0,human,test,zh,8,weibo,0
可我极少用烤箱呀，妹子！这是把谁的帐记我头上啦？?//@颜小馨Datura:就是因?你老得瑟做?，我都?了烤箱了。[泪],0,human,train,zh,1,weibo,0
明天一大早去玉龙雪山，晚上竟然感冒了，鼻水不断，这可是当初在西藏都没出现过的状况，虽说海拔不高，但还是有点小紧张[抓狂],0,human,train,zh,1,weibo,0
#每日一惊蕾#如果我的记忆还没老化，我确认自己买了两双阿拉伯拖鞋，可是它们真的不翼而飞了？[抓狂][抓狂][抓狂]听导游说宰羊节后，羊皮满广场，街上血流成河[泪]好血腥的场面[汗]最后，这些羊皮都变成了各种皮具。 http://t.cn/zWZJaww,0,human,test,zh,2,weibo,0
完全被颠覆了?太豁得出去了 //@被白羊附身的Jessie:无语！[衰],0,human,train,zh,2,weibo,0
[哈哈] 还没有哦！~不过可以反映上去叫公司进货看看哦！[馋嘴][馋嘴][馋嘴],0,human,train,zh,2,weibo,0
[爱你]//@杨建国:转发微博,0,human,train,zh,1,weibo,0
法律出版社因违法被封？！这个太幽默讽刺了。 //@叶匡政:这是现代文明的笑话！[哈哈] //@黎学文的微博: 简直是流氓！ //@土家野夫: 可见没有法律……呵呵 //@何兵: 情何以堪？ //@法律图书馆:转发微博,0,human,train,zh,9,weibo,0
大家来找茬！[抱抱],0,human,train,zh,1,weibo,0
爱你[爱你],0,human,train,zh,1,weibo,0
嘿嘿嘿[爱你],0,human,train,zh,1,weibo,0
不怕不识货//@于月婷: 汽车、房产媒体真好，求收留！//@陈业文新大都: 几家欢乐几家愁啊。媒体的朋友看过来吧。[偷笑]//@快乐江湖-杨清波: [哈哈] //@阿泽人生进行式:亮了。//@阿柳子鼓: //@且往昔: //@新闻晚报: 实习生怨念很重啊......,0,human,train,zh,8,weibo,0
选车很重要[哈哈],0,human,train,zh,1,weibo,0
各位 潮汕晚宴开始 vip服务  错过了什么@Mocha童  @勤劳的工作狂   @陈冠丹  @伊比利亚火腿 @梦游和逍遥   排骨竹荪香菇汤 蒜茸开背虾 清蒸鲈鱼 开吃[哈哈][哈哈][哈哈],0,human,train,zh,12,weibo,0
偶遇一只小白兔[兔子][爱你] 我在:http://t.cn/zYr0uLe,0,human,train,zh,2,weibo,0
又有新刊了，过来拿[嘻嘻] //@劳毅波广州大波波：@达文东西,0,human,train,zh,2,weibo,0
[泪]最看不得这种画面,0,human,train,zh,1,weibo,0
都没有吃过吧！//@250廖永鑫:发现你卖好多产品//@李会革:每次吃黑金刚莲雾，吃完都要洗手，汁太多，流在手上。[泪]@新张利 @子夏爸 @海南洪诺,0,human,test,zh,3,weibo,0
[衰] //@佳伦:我靠，搞了这么多,0,human,train,zh,2,weibo,0
【中国当前四害】天涯微博@素心随缘 民间有四害：吸毒.赌博.传销.富二代；政坛四害：会所.二奶.朋党.有裙带；食品四害：地沟油.皮革奶.毒大米.农药菜； 学术四害：作假多.署名滥.抄袭猛.剽窃快；地球四害：狂风.暴雨.地震.海啸； 社会四害：贪官.污吏.奸商.砖家[抓狂]@夏友胜@咪咕音乐@亟兮般若@习习之,0,human,train,zh,4,weibo,0
[偷笑]今天给大家带来的是来自新西兰安佳的芝士和法国法芙娜巧克力。@甘小喵Candy 有你最爱的芝士//@小小的南瓜丁:现场人手一个吧？[嘻嘻]黑和白都什么口味的啊？求分享@Qinglanlele,0,human,train,zh,2,weibo,0
回复@尼维尔的lucky:随时欢迎 //@尼维尔的lucky:我也想吃玉米奶酪[泪] //@权金城-阿哲-韩美食达人:晚上不吃东西就可以达到愿望了[偷笑],0,human,train,zh,3,weibo,0
新的一周开始了！加油，锦江人！[爱你],0,human,train,zh,1,weibo,0
必须投，支持！[嘻嘻][嘻嘻][嘻嘻]//@玖食龙虾餐厅:回复 @我是贝蒂:谢谢！谢谢大家滴支持！我们会更加努力滴[可爱][可爱][可爱][可爱] //@我是贝蒂: 投了！毫不犹豫！,0,human,test,zh,4,weibo,0
由此我相信了人都是鬼变的… //@美国客:德国警察给力。[赞]可惜加拿大早在1976年就废除了死刑，这种恶魔留在监狱里还得单独拘押，否则同囚室的犯人说不定哪天被吃了也未可知。[衰] //@姜汉超Sax:我一?始就不?得他?在巴黎行? //@笛子小妖:法国警察太逊了！德国警察效率太高了啊,0,human,train,zh,4,weibo,0
回复@绚绚家-天然护肤品:[嘻嘻]//@绚绚家-天然护肤品:这是啥好好吃的样子[馋嘴],0,human,train,zh,1,weibo,0
国庆烟火秀，真心赞！[花心][鼓掌]@法国旅游发展署,0,human,test,zh,1,weibo,0
@黄煌Heddy @琪琪liu776 啊！你们重庆老便宜啊，99元去曼谷，你们多去多去吧！ //@猴儿亚亚:说实话重庆人民这两年的生活好了不是一点半点！你见过这么底的票价飞国际的吗？只有重庆有！只有重庆！ //@阿加汐: 要疯了，我要回重庆！ //@土豆头m:我疯了~[哈哈][哈哈][哈哈][耶],0,human,test,zh,7,weibo,0
我终于发现了我的最爱，原来是个辣妹子？[亲亲] －－萝卜白菜各有所爱！[哈哈],0,human,train,zh,2,weibo,0
[泪] //@mm-瑞:回来玩、就差你了? //@田耀儿:[委屈]我也想摔！,0,human,train,zh,3,weibo,0
哇[赞] //@陆地食色：古老师[抓狂],0,human,train,zh,2,weibo,0
晚饭后，坐沙发歇着。发现自己的这双手呀，好苍老；怎么变的这样粗糙，想到十年后会是啥样？[挖鼻屎][失望][委屈],0,human,train,zh,1,weibo,0
好有文字气息的地界[嘻嘻]@黄小小钰 我在这里:http://t.cn/zHecEW5,0,human,train,zh,2,weibo,0
//@张丁鹏:这不就是典型“房地产崛起” 的套路么？空手套白狼，而且套的是狼群，而而且狼群还不报案[衰],0,human,train,zh,2,weibo,0
T_________T无语哽咽.. //@博Bo儿:我泪奔！ //@hiheechul://@Moran是YoonJae邪教饭:[泪] 金在中[泪] 沈昌珉 //@不是左左丫://@浮云在哪里_Yoonjae:[泪],0,human,train,zh,6,weibo,0
再次欢迎回来！！[鼓掌]//@中殷: 人美心更美！//@TORE烟语: [飞机]飞越红尘心开怀，一枝[鲜花]辣梅出墙来！欢迎和谐回归！,0,human,train,zh,3,weibo,0
哈哈哈哈！笑醒了[哈哈],0,human,train,zh,1,weibo,0
#我不是明星#整一个劲爆的[偷笑]//@霍尊:你说这可咋zeng捏[嘻嘻][哈哈],0,human,train,zh,1,weibo,0
原来我们有奖啊~是他们不想给~[泪]//@??:十亿？原来乐蜂是个十亿都不但不给员工奖金而且还不给13薪的企业啊！真棒 @光头老薛  //@我本白丁: 真的好能扯… //@lady嘎呗儿: 哪十亿了？十亿就有年终奖了！ //@明月几时有yy: @我本白丁 @lady嘎呗儿 @刘沛溢 @妖小情 @yvonne520,0,human,train,zh,12,weibo,0
水真清澈，好想下去畅游。[抓狂][抓狂][抓狂][抓狂][抓狂],0,human,train,zh,1,weibo,0
[衰]能疯了...,0,human,train,zh,1,weibo,0
张教授不知感觉如何 @张济海 //@艺术部落-闻正: [good]老坑、金星、金晕、水波纹、眉纹等集于一身，大体量绝无仅有啦。 //@有福社长:[给力] //@艺术部落-闻正: 【歙砚王】寻有缘藏家。竞价中...私信联系。 //@艺术部落-闻正:有福社长帮我叫卖2声[嘻嘻] //@有福社长:瞧瞧人家闻正玩的东东！ @公社小哥,0,human,train,zh,10,weibo,0
[鼓掌]//@边边小猫: @小予CAT,0,human,test,zh,2,weibo,0
没查到，补上了，43岁。不代表官方啊，我看无论文联、还是曲协，官网上都没说这事儿，又觉得这事儿挺大，就破裤子先伸腿，帮着预报一下。 //@聂芒种:这盛小云是不方便透露年龄啊怎么的？ //@曲艺杂志半农: 回复@安竹茶餐厅:让大家久等了！ //@安竹茶餐厅:别走老路，别走邪路。[嘻嘻],0,human,train,zh,5,weibo,0
#风格无界##ELLE25周年艺术展#，尚雯婕现场首场英文版《小星星》，谢谢博主的视频！[爱你],0,human,train,zh,1,weibo,0
回复 @田小雪sue:没错。每天看非诚勿扰。现在看1210的一集。马上跟得上。[哈哈] //@田小雪sue:阿松最近看非诚勿扰很多啊！,0,human,test,zh,3,weibo,0
[鼓掌][鼓掌][鼓掌][鼓掌][鼓掌][鼓掌][鼓掌][鼓掌][鼓掌][鼓掌][鼓掌][鼓掌][悲伤][鼓掌]谢谢谢谢亲滴光临。。。,0,human,train,zh,1,weibo,0
//@厦门软二网：工作疏忽？不管你信不信！反正我们是不信的。//@darlingJay:[怒],0,human,train,zh,1,weibo,0
太有意思了，只有东北人能听懂。好久没有听到这么正宗的东北话了。//@可乐好: [鼓掌]//@旷小勇的微博://@鲁健:[嘻嘻][哈哈][哈哈]哎呀妈呀，二人转版滴，我笑点咋这低尼 ，钳子，别整犊子[哈哈]//@宋飞: [哈哈]//@Littlesongfei: [晕] //@巨蟹座蜜语:杰克一开腔姐就喷了.,0,human,train,zh,6,weibo,0
"小伙伴们，只知道吃不知道水果君们长啥样的请主动面壁！[嘻嘻]//@诗人安歌: 出答案啦,答案如下：1.榴裢;2.3.可可;4.莲雾;5.小果咖啡;6.杨桃;7.树波萝（菠萝蜜）;8.莽吉柿(山竹子);9.波萝(凤梨)。",0,human,train,zh,2,weibo,0
野菜没农药，建议大家吃野菜吧！[嘻嘻][嘻嘻][嘻嘻] //@有机农人张和平:回复@野菜煮妇: //@野菜煮妇:素菜也有农药啊 //@有机农人张和平:更多的人看到这些开始吃素了 //@江水依城:吃素吃素。 //@有机农人张和平: 回复@Miablueapple:勤能补拙，我喜欢这种精神,0,human,train,zh,7,weibo,0
回复@JoliePan:原来是这样。。。。都是魔都惹的祸。。 //@JoliePan:回复@kobeyu8:很早就起了，路况不好，一直堵着嘛[泪] //@JoliePan:me 2[汗] //@萝卜fiona:我也是[汗],0,human,train,zh,5,weibo,0
感谢CCTV，感谢沃登卡，感谢2002//@鸢尾: 哇，笑得好开心哦[可爱],0,human,train,zh,2,weibo,0
快点抢咯@博斐秀禾王丹 //@彭涌_爱美食:点评，美团，拉手，糯米同时上线啦 //@博斐秀禾_杨文娟:是真的吗？[鼓掌][馋嘴] //@彭涌_爱美食: 马上抢一份 //@北京缩影:#北京美食#权金城~韩式烤肉，4人套餐~~,0,human,train,zh,6,weibo,0
#ClubVac趣味摄影大赛#又有大批新作品上传啊[偷笑]大家快去投票吧[good][good][good]猛击http://t.cn/zQQj7qY[爱你]让你喜欢的作品无路可逃[心][心][心][心][心][心],0,human,train,zh,1,weibo,0
[嘻嘻]看明白了,0,human,train,zh,1,weibo,0
→_→//@征满: 你爸去东莞了//@改车志:神抓拍！[哈哈],0,human,train,zh,2,weibo,0
[哈哈]//@王赛赛: 真耀眼~！//@刘新征: //@宋燕不v: [哈哈]//@柳剑诏: [哈哈]//@吴鑫: [偷笑]这也太搞了吧,0,human,test,zh,6,weibo,0
[嘻嘻]@北京秦门 的肉夹馍，下午上班饿的时候，我们都会去买几个垫肚子呢！,0,human,train,zh,2,weibo,0
你也知道了[泪],0,human,train,zh,1,weibo,0
记匈牙利一位幽默的公交车司机。[哈哈],0,human,train,zh,1,weibo,0
"赶紧[哈哈][哈哈]//@中国好气色:期待期待[爱你][爱你] //@岑思源: 期待[抓狂] //@KIMSUNMEE: 我也期待[嘻嘻] //@KIMSUNMEE: 回复@爱的分贝-HQQ:不是8点么，就看那莫愁师抬在那耍讨厌，等着看正常节目[汗]//@爱的分贝-HQQ:等,我早早就坐电视机前了.不知道到长沙队的时候,播放的爱的分贝宣传片",0,human,train,zh,7,weibo,0
[鼓掌]于总有感而发啦[哈哈],0,human,train,zh,1,weibo,0
收工啦！收工啦！[鼓掌][鼓掌][鼓掌]今天爬了一天的山，还没消肿的膝盖一直在抗议[泪][泪]我只能说对不起了，回北京一定让你们好好休息休息[委屈][委屈] http://t.cn/zWfoTQ7,0,human,train,zh,2,weibo,0
沙发管家[抓狂],0,human,train,zh,1,weibo,0
[泪]烧得都是我们自己的，一群蠢货。//@e鱼阿鱼r: 天！[抓狂] //@鱼memory: //@幽壹: //@导演高晓舰: [怒]//@香山红叶飘:[吃惊][吃惊] //@华子:真疯了么？,0,human,train,zh,7,weibo,0
Home made?//@食?M：太?份了[抓狂] 多士?厚?? 味道可以??,0,human,train,zh,4,weibo,0
就在新浪福建楼下，我浪童鞋有多少人领到了[哈哈]要不我们把那只熊带走吧，和小浪做伴[馋嘴],0,human,train,zh,1,weibo,0
威爷，快回来吧。饿死了[泪] 我在这里:http://t.cn/z8AUWNa,0,human,train,zh,2,weibo,0
好想好想拥有啊，每一件！！[泪],0,human,train,zh,1,weibo,0
沉痛悼念谭厨的川北凉粉，估计是被我们每次一人一盘凉粉抱着吃的阵势给吓怕啦[嘻嘻],0,human,train,zh,1,weibo,0
冲山药粉喝，吃出一块海绵[抓狂][抓狂][抓狂][抓狂][抓狂][抓狂][抓狂]这罐粉还是飘洋过海台湾来的。我中头彩了！今天第一次吃，它是密封铁罐[汗],0,human,test,zh,1,weibo,0
//@GOGO小萨:流浪动物的路走的无比艰难，我深有体会，请求大家不要伤害它们。[心]//@曹菡艾: 流浪不是他们的错而是人的罪！[泪][泪][泪],0,human,train,zh,2,weibo,0
#发现之旅#【2013亚洲十佳海岛】1．泰国涛岛Koh Tao；2．巴厘岛蓝梦岛Nusa Lembongan；3．泰国甲米府Ko Lanta；4．龙目岛Gili Islands；5．菲律宾长滩岛；6．泰国普吉岛；7．泰国苏梅岛；8．菲律宾巴拉望岛(爱昵岛)；9．马来西亚兰卡威；10．印度哈夫洛克岛。赶紧走一个？[嘻嘻],0,human,train,zh,5,weibo,0
潮女范儿，LV的红色包包撑出超凡气场！~衬衫： Marni ；背心： Joseph；西装外套： Elizabeth and James；包：Louis Vuitton[爱你]【私享穿衣顾问微信：FashionTalent33 】,0,human,train,zh,9,weibo,0
回复@沂蒙山区老母鸡:保鲜咋搞？//@沂蒙山区老母鸡:我给你包邮行不？[太开心]//@中青旅新疆公司郑穗:我明天就试，但上哪儿找真·老母鸡啊？现在鸡都几个月就出栏了//@北京律师成义:,1,qwen3-next-80b-a3b-instruct,train,zh,1,weibo,0
大中午的还做白日梦呢//@小树林s:这吹牛也太离谱了吧，瑞银老板都脸红了。[哈哈],1,qwen3-next-80b-a3b-instruct,test,zh,1,weibo,0
#实时旅讯# 厦门鼓浪屿昨天上演海市蜃楼！[太开心] 海上冒仙山，美到窒息！新年头一天就撞上这奇景，今年简直有盼头了~厦门你这浪漫值是拉满了吧[偷笑] http://t.cn/zYGMT1w （照片源自网络）,1,qwen3-next-80b-a3b-instruct,train,zh,5,weibo,0
电视里播通缉犯画像，姐咋觉得哪儿怪怪的[晕],1,qwen3-next-80b-a3b-instruct,train,zh,1,weibo,0
想出去浪，烦死了，天天困在这栋楼里[怒]啥时候才能重见天日[悲伤],1,qwen3-next-80b-a3b-instruct,train,zh,1,weibo,0
太舒服了。。。无语了。。。//@猴子搬救兵也救不了你: 最后那位兄弟你这么淡定真的好吗哈哈哈哈！//@穿着马甲闯江湖: [伤心] 学妹是学长的。。。学弟关键时刻也是学长的。 //@臭流氓爱逛街: 3分18秒……笑到打滚好么……,1,qwen3-next-80b-a3b-instruct,train,zh,6,weibo,0
对@kun小西 说：被你杀穿了 【那会儿张雨生还活着，王杰正火←被他的歌虐到哭】 [泪],1,qwen3-next-80b-a3b-instruct,train,zh,4,weibo,0
今天真的累死了[悲伤],1,qwen3-next-80b-a3b-instruct,train,zh,1,weibo,0
感谢宝贝的支持～[爱你],1,qwen3-next-80b-a3b-instruct,train,zh,1,weibo,0
回复@闻闻是香的还是臭DI啊：欢迎常来啊！@金陵连锁酒店 //@闻闻是香的还是臭DI啊:总统套房真的超有范儿，可惜没瞅见西式款[泪] //@宁杰Luck_Zhu:@知性宇纯 @业梅Candy //@圣卡洛琳: 这高清图绝了！拍照太牛了！ //@苏州金陵观园国际酒店: 图片太清晰了！@金陵连锁酒店,1,qwen3-next-80b-a3b-instruct,test,zh,8,weibo,0
每个人都是知天使，想当知天使？赶紧打4008-016-610报名咨询吧！[可爱],1,qwen3-next-80b-a3b-instruct,train,zh,1,weibo,0
原来是三叉神经痛[生病][泪]求抱抱[可怜][悲伤],1,qwen3-next-80b-a3b-instruct,test,zh,1,weibo,0
我的主持梦啊，碎得满地都是![泪],1,qwen3-next-80b-a3b-instruct,train,zh,1,weibo,0
回@跨界黑马_李明明：我也是超开心，多约啊[嘻嘻] //@跨界黑马_李明明:[围观]~~~~认识你太棒了，常聊！ //@柳朝阳2012:人生路上坑多到数不清,1,qwen3-next-80b-a3b-instruct,train,zh,3,weibo,0
头疼[失望][可怜]！就吃＂散利痛＂[生病][生病]，今天都第三天了[抓狂][抓狂]，奇怪的是每天头疼时间都提前一小时左右[思考][思考]！这情况跟几年前一模一样！难道真是2012年了吗！[黑线][黑线],1,qwen3-next-80b-a3b-instruct,train,zh,1,weibo,0
#探寻IHG酒店系列之旅# 昨天店员好心提醒我房间网可能有点慢，我立马脑补成网差，连上WiFi居然忘了要跳页面点确认[晕]我这动手派，自己搜到CMCC免费信号就直接用了，压根没多想。今天老公告诉我酒店免费网其实超稳[鼓掌]在天津和平智选假日酒店@酷讯旅游体验师,1,qwen3-next-80b-a3b-instruct,train,zh,2,weibo,0
鸟儿[抓狂] 好大一只鸟儿，太猛了！//@hello90国际影视文化传媒:@丛枫 @秀业田军 @张滨益 @夜千night @卉0109 @稻草田人 @袋猫儿 @导演罗雪 @班师回超 @Grace李琴 @吾酷小宝,1,qwen3-next-80b-a3b-instruct,train,zh,12,weibo,0
蛇年刚开年，肠胃炎、心绞痛、胃溃疡、扁桃体发炎、发烧感冒全来了，继续挂水7天。[泪][泪][泪],1,qwen3-next-80b-a3b-instruct,train,zh,1,weibo,0
我也爱你，是亲，亲情你懂的。[爱你] //@菲式:至亲爱的?亲??@夏末_天天天有晴 @Yohoo_hedy,1,qwen3-next-80b-a3b-instruct,test,zh,3,weibo,0
把社交媒体上看到的就当一个人的全部，这VC也太天真了吧？还不被那些装X的骗得团团转[哈哈]//@经纬张颖:我对户外运动的热爱是我生活不可或缺的一部分…我绝不会为此打破生活和工作的平衡。至于这投资人怎么想，我从来不在乎同行怎么看我，他走他的阳关道，我过我的独木桥。,1,qwen3-next-80b-a3b-instruct,train,zh,1,weibo,0
回复@摄手唐: 冷到爆，还是上海香 //@摄手唐: 真爱北京冬天[抓狂],1,qwen3-next-80b-a3b-instruct,test,zh,4,weibo,0
【求职③】能给想上天的老板搭云梯；能给搞出口的老板忽悠洋鬼子。[晕][晕]同学们你呢？用“可以为......老板......”秀一下自己...[酷][酷][酷][酷][围观],1,qwen3-next-80b-a3b-instruct,train,zh,1,weibo,0
没有，还没抢到[衰] //@永不停歇的牛牛:没有羊蛋蛋啊 //@马剑是谁:回复@美食重庆人:靠，没得。[衰][衰][衰] //@美食重庆人:为啥没羊鞭[偷笑],1,qwen3-next-80b-a3b-instruct,train,zh,4,weibo,0
我再也不吐槽中外电影史和艺术概论了！再也不喊苦新闻史和马克思主义新闻观了[泪][泪][泪][泪]//@zuzuishere:运筹学…送奶路线…4学分？厚得跟砖头一样？考试就五道题还让咱罢交卷//@安静de萌:看完这图我直接哭出来，还好毕业得早[泪]//@赵婕kiki:@董董爱疯疯:,1,qwen3-next-80b-a3b-instruct,train,zh,1,weibo,0
不，鸡肉凉米线！//@保山市旅游局官方微博:好想回保山甩碗浆米线！[泪],1,qwen3-next-80b-a3b-instruct,train,zh,1,weibo,0
回复@像库里一样投篮好不好V:嘻嘻，那天阳光超治愈，故意拍的[哈哈]你瞅得真细[嘻嘻][嘻嘻] //@像库里一样投篮好不好V:第3张图出卖你了@简安然 [嘻嘻] //@新浪武汉汽车:这地儿是哪？绝了[嘻嘻],1,qwen3-next-80b-a3b-instruct,train,zh,4,weibo,0
救命啊！！！我这辈子最怕最恨的东西！！！它飞出来了！！！直接把我从沙发边吓掉地上！！！[抓狂][抓狂][抓狂][泪][泪][泪] @斯诺克球手误入IT 你半小时内不回来，我都不敢拍它，我拍你！,1,qwen3-next-80b-a3b-instruct,train,zh,3,weibo,0
心塞！炸裂！刚吃完饭带爸妈回家，点着火怎么都挂不上挡，我淡定跟老爸说：车怕是坏了，叫拖车吧。老爸探头看我脚，说：你踩着刹车干嘛啊…裂开！彻底忘了今天开的是手动挡…丢死人了！懊恼到死！原来这就是传说中的孕傻啊…瞬间懂@小S 当时的心情了，脑壳疼，该补补了[泪],1,qwen3-next-80b-a3b-instruct,train,zh,2,weibo,0
哈哈哈……[偷笑][偷笑] //@盛恩齐: 你一走我就成最胖的了emo中~~~//@相声演员张瀚文: 行嘞姐……必须安排顿大餐 //@米迦勒Mai: 祝你前程似锦大弟[悲伤] 有空来首都请我吃饭[爱你],1,qwen3-next-80b-a3b-instruct,train,zh,7,weibo,0
我早该这么写协作单啊//@阿双的野望:继上次的呵呵之后又一神作[哈哈][哈哈][哈哈][哈哈]//@丹简单单:哈哈哈哈哈 //@无感官:哈哈哈哈~下次我也这么写~太真实了~！,1,qwen3-next-80b-a3b-instruct,train,zh,2,weibo,0
球幕电影太绝了，就是时间太短了😭 //@郭霞: @孟洁_北京天文馆 //@北京天文馆: 一定要来看啊[抱抱],1,qwen3-next-80b-a3b-instruct,train,zh,5,weibo,0
[泪][泪][泪]这四天三夜太戳心了,1,qwen3-next-80b-a3b-instruct,train,zh,1,weibo,0
贾老师这是有闲有才有情调[花心]//@李败山:老贾真勤快～俺就受不了这事儿[哈哈],1,qwen3-next-80b-a3b-instruct,train,zh,1,weibo,0
活了这么大，头一回见到真正的草原。就是没看到青草悠悠～[哈哈]但还是超开心！,1,qwen3-next-80b-a3b-instruct,train,zh,1,weibo,0
#在路上#不给公路添乱，直接上火车[嘻嘻] 我在#南京火车站# http://t.cn/zOgJOmv,1,qwen3-next-80b-a3b-instruct,train,zh,3,weibo,0
今天#我是歌手#第一个是谁唱啊，在车里急死了[抓狂],1,qwen3-next-80b-a3b-instruct,test,zh,1,weibo,0
你俩挺搭吧[偷笑]//@Daniel风的来世:算了吧，我自己都还没卖出去呢，先搞定我自己再说[泪] //@蕊jojo是个小疯子:回复@Daniel风的来世:那你赶紧把我推销出去啊小清新 //@Daniel风的来世:看来你一直不靠谱，都没把我卖出去啊[黑线] //@蕊jojo是个小疯子:请珍惜我。。，,1,qwen3-next-80b-a3b-instruct,train,zh,4,weibo,0
#旅行攻略# 假期要去青城山的宝子看过来！#青城后山徒步路线# 补充一下：从泰安古镇右边上山，走飞泉沟→翠映湖，别登顶，左转去又一村往下，走龙隐峡栈道+五龙沟，后山精华全收了！上4km，下6km，超值！[抱抱],1,qwen3-next-80b-a3b-instruct,train,zh,3,weibo,0
还好是真货，要是来点虚的。。[晕][晕] //@刘秃子:喝尿都不怕，看一眼大便能咋地,1,qwen3-next-80b-a3b-instruct,train,zh,2,weibo,0
清迈大学妹子[?]//@Albus: 榴莲饭 椰汁海鲜汤 猪脚饭[泪][泪] //@赫萝晓夫:[泪][泪]芒果糯米饭 冬阴功汤 炒面,1,qwen3-next-80b-a3b-instruct,train,zh,7,weibo,0
女39岁，大红色，求一双老板[嘻嘻],1,qwen3-next-80b-a3b-instruct,train,zh,1,weibo,0
在思餐厅，周日爽翻了！[鼓掌],1,qwen3-next-80b-a3b-instruct,train,zh,1,weibo,0
蜀，一天直接炸了！盼你早点冲破6亿哦[爱你]//@断翅的魔鬼:得多顶流？今天一天浏览就破10万了！爆红吧？[爱你]@豆果网 @小聪明,1,qwen3-next-80b-a3b-instruct,test,zh,2,weibo,0
"还有这操作？看书单时懵了好几次，有的提了“伪军”，有的压根没提。但反正大家都有肉吃吧。//@漫游者粒子://@纪念萧红: [哈哈]//@上海陈子善:""伪军""得奖，＂皇军＂领奖。[偷笑][哈哈] //@布衣书局:转发微博",1,qwen3-next-80b-a3b-instruct,train,zh,3,weibo,0
欢迎来@五洲皇冠自助餐大使吃啊～超香的～常来玩哦～[嘻嘻],1,qwen3-next-80b-a3b-instruct,train,zh,1,weibo,0
现在的人都是怎么了？绿豆居然熬不烂！[衰][衰][衰]嚼着像薏米一样肉乎乎的，求大神指点：是品种问题还是生长期不对？再换批试试。 我在:http://t.cn/zHFSD2j,1,qwen3-next-80b-a3b-instruct,train,zh,2,weibo,0
[哈哈][哈哈]厉害了啊，还让某学府跟着你沾光哈哈哈,1,qwen3-next-80b-a3b-instruct,train,zh,1,weibo,0
#OK帮官方商城#[亲亲][亲亲][亲亲]二手92新#LV黑棋盘格#双肩包，45*26*17，9xxx【加微信询价】[亲亲][亲亲][亲亲]【@OK帮奢侈品交易平台：全新、二手、寄卖、代购、鉴定、清洗、修复】,1,qwen3-next-80b-a3b-instruct,train,zh,1,weibo,0
[赞]//@老头夜话: 能坚持下来真不容易，太牛了！//@张帆DORA: [嘻嘻] @王永 在我们回龙观那是家喻户晓的~~~ 就是搬走了，好多邻居都念着他呢~~~,1,qwen3-next-80b-a3b-instruct,train,zh,6,weibo,0
@merlinsher [爱你][带着微博去旅行][嘻嘻]//@杨建国:转个微博。,1,qwen3-next-80b-a3b-instruct,test,zh,2,weibo,0
今天陪某人改车，本以为仨小时完事，结果耗了八小时！地库又黑又冷还没座，我直接冻成冰棍[泪]回来冲个热水澡，点上精油香薰，真爽[打哈气],1,qwen3-next-80b-a3b-instruct,test,zh,1,weibo,0
回复@hiroto93: 没有啦！开音乐会说不定还得干活[泪] //@hiroto93: 对了叔叔的演出有视频吗？？[可爱],1,qwen3-next-80b-a3b-instruct,train,zh,4,weibo,0
?影「非常幸?」??海?耶[鼓掌]?//@电影非常幸运:#非常幸运#原来还能这么玩：当电影小编，谁说不能公然卖萌！！！[xkl转圈],1,qwen3-next-80b-a3b-instruct,train,zh,1,weibo,0
送个艺龙旅行梦想！[哈哈],1,qwen3-next-80b-a3b-instruct,train,zh,1,weibo,0
我想说。。。。。。。。。。你呢？//@实用小百科: 你妹~[怒],1,qwen3-next-80b-a3b-instruct,train,zh,2,weibo,0
嘻嘻[good] 点菜太绝了木~//@杨凌农林博览园: 欢迎您再来喔! //@faybeauty: 哈哈，你这大中午发这个太馋人了吧,1,qwen3-next-80b-a3b-instruct,train,zh,5,weibo,0
[汗]//@妮霓蜀杰酒:人家是替身演的。//@清凉寺大鼻子张老道: 我找她专辑压压惊[哈哈],1,qwen3-next-80b-a3b-instruct,train,zh,2,weibo,0
我老干这事儿[哈哈],1,qwen3-next-80b-a3b-instruct,train,zh,1,weibo,0
天啊，完全没想到！[可爱] 原来@不要叫我晓姐 最适合住的城市是这个！[偷笑] 快来瞅瞅你最适合哪个城市：http://t.cn/zONAPU7,1,qwen3-next-80b-a3b-instruct,train,zh,4,weibo,0
[爱你][爱你][爱你][爱你][爱你][爱你][爱你][爱你][爱你][爱你][爱你][爱你][爱你][爱你][汗][爱你],1,qwen3-next-80b-a3b-instruct,train,zh,1,weibo,0
跑15公里？啥培训啊？爱你的咖啡豆57 先给你打气[亲亲],1,qwen3-next-80b-a3b-instruct,train,zh,2,weibo,0
他在花丛里笑疯了！[太开心][威武] @五哥曹进 图我收了！[耶],1,qwen3-next-80b-a3b-instruct,train,zh,3,weibo,0
都来听听吧[泪],1,qwen3-next-80b-a3b-instruct,train,zh,1,weibo,0
??有点惨，暴雨下了一整天，?雨大得芭蕉叶都弯了腰。一碰叶子，好家伙，一整天积的水全灌我脖子了[晕]拿行李还一屁股摔地上了。[泪],1,qwen3-next-80b-a3b-instruct,train,zh,1,weibo,0
回复@明净的微博：[哈哈] //@明净的微博: 相爱了……爱……爱……我扶墙逃了……心真的扛不住这波P的暴击啊……[晕] //@广播人沈雷:[晕] 还相亲相爱？我一跳，芝麻撒满地,1,qwen3-next-80b-a3b-instruct,train,zh,5,weibo,0
@琪缘 兄弟送的挂历太燃了！正能量爆棚！谢了，祝你和团队在2013的浓烟里冲出迷雾，继续为全世界吃货的幸福冲锋陷阵！[嘻嘻]@美食,1,qwen3-next-80b-a3b-instruct,train,zh,2,weibo,0
永恒的主题[good]//@花花露166: [玫瑰]//@北大吕伟忠: 玉儿好//@美玉琪儿: [微风]//@阳明斋：//@美玉琪儿: 忠叔早啊！[兔子]//@北大吕伟忠：[可爱]//@美玉琪儿: [赞],1,qwen3-next-80b-a3b-instruct,train,zh,6,weibo,0
看啥看！[太开心],1,qwen3-next-80b-a3b-instruct,train,zh,1,weibo,0
老爸打电话唠叨快一小时！我的天啊~脑瓜子要炸了~彻底颠倒了！从不碎嘴的老爸居然接了老妈的专属任务，还越干越上瘾！此刻只想循环陈小春那首：神啊！救救我吧！[抓狂],1,qwen3-next-80b-a3b-instruct,train,zh,1,weibo,0
AUDI PR RP炸了！[爱你][鼓掌][鼓掌] //@小鱼MM00:@董芳0000 @吴绍庆Jacky @RT罗宾糖 它走了！热烈欢送！,1,qwen3-next-80b-a3b-instruct,train,zh,7,weibo,0
@刘春 没了二狗的日子…@孔二狗 你瞅瞅[泪],1,qwen3-next-80b-a3b-instruct,train,zh,3,weibo,0
他不用去要饭了。//@范筱薇：//@盛大文学华文天下: 这字体简直能直接当封面用，笑死，这老爷子太有才了！[鼓掌],1,qwen3-next-80b-a3b-instruct,train,zh,2,weibo,0
假的，昨天就澄清了//@王赛赛:他把雪人起名叫《我不愿意让你一个人生孩子》，[衰][吃惊][衰][吃惊][衰][吃惊]这啥操作啊？？？//@博思笃行-徐彬:有创意，但感动不等于爱情[嘻嘻]接着找吧~,1,qwen3-next-80b-a3b-instruct,test,zh,1,weibo,0
三哥你能吃完吗//@碧玉貔貅:这才是过日子！[嘻嘻],1,qwen3-next-80b-a3b-instruct,train,zh,1,weibo,0
来未名四合院玩啊！挥毫泼墨、聊民乐、借民族服拍照都行～一起传承中国文化！[嘻嘻][爱你] 我在这儿：http://t.cn/z8AcFD0,1,qwen3-next-80b-a3b-instruct,train,zh,2,weibo,0
[衰]//@cindy_琛琛://@Kevin的麦克疯: //@明蕉:@穆TF @仙女帮帮主 @何苗hemi @九-公主 @被猫奴役的日子 @范乙锌Vivian @Kevin的麦克疯,1,qwen3-next-80b-a3b-instruct,train,zh,8,weibo,0
他用才管用吧？[哈哈] //@郭燕娃: @杨烁Niki 这招儿除了你谁想得出来[崩溃][崩溃][崩溃]你以为谁都行啊[崩溃][崩溃][崩溃],1,qwen3-next-80b-a3b-instruct,train,zh,4,weibo,0
女人别为难女人啊，体重两位数的姐妹放过三位数的吧～[泪][泪][泪] 三位数的默默转走。。。[泪],1,qwen3-next-80b-a3b-instruct,train,zh,2,weibo,0
嘿嘿~ 这帖太棒了[抱抱],1,qwen3-next-80b-a3b-instruct,train,zh,2,weibo,0
//@丁小丁杰静:[泪]// @广告也疯狂 :赞！,1,qwen3-next-80b-a3b-instruct,train,zh,3,weibo,0
三石还没吃上呢。[爱你],1,qwen3-next-80b-a3b-instruct,train,zh,1,weibo,0
[衰]//@王佳庆123: [衰] //@精品传媒_美彤:我的天！ //@絮子Grace:我滴神仙奶奶啊，太励志啦啦啦，行吧，明天开始减肥[衰][馋嘴][哈哈] //@姚又琳Cloris:[爱你][爱你] //@夏天的素描:太励志了！！！,1,qwen3-next-80b-a3b-instruct,train,zh,6,weibo,0
女人还咋活啊。。。//@醉眼:[晕] //@虾妞：这真不好分辨啊。。。长得还挺好看。。,1,qwen3-next-80b-a3b-instruct,train,zh,2,weibo,0
西单Style[嘻嘻],1,qwen3-next-80b-a3b-instruct,train,zh,1,weibo,0
别跟没良心的国家搅和一起[抓狂]//@李正曦Sissi: 真特么坑人，把人拖进阴沟自己爬出来就走。。。//@墨?: 俄罗斯居然惨成这样！简直太他妈惨了！,1,qwen3-next-80b-a3b-instruct,test,zh,3,weibo,0
@将将2010 哎我真是懒得操心//@文怡:回复@我喜欢倾听:机器上不是明明白白写着呢[汗][泪] //@我喜欢倾听:这次真得问问榨汁机啥牌子了，你不是说过要用一个月以上才看得出性能嘛，还说要过阵子才公布哪款好用，咋一直没动静啊？是我漏看了吗？没啊，你每天微博我可都盯着呢,1,qwen3-next-80b-a3b-instruct,test,zh,3,weibo,0
吃货没去过简直丢脸到爆~[抓狂]//@魔王1987: @霍VV [哈哈][哈哈][哈哈] //@大众点评网: 据说好多吃货都偷偷刷过这家店……,1,qwen3-next-80b-a3b-instruct,train,zh,5,weibo,0
[失望][失望]减肥是终身任务[生病][生病],1,qwen3-next-80b-a3b-instruct,train,zh,1,weibo,0
三里屯3.3四楼鸿雅依莲美甲店，放的全是俺一年前最爱的歌[泪][泪][泪]@杨子伶 @亮svv 深爱这水晶[爱你][礼物][围观][威武]38快乐，老规矩，速来噢-@昆哥Q @左小强 @翟艳丽Angela,1,qwen3-next-80b-a3b-instruct,train,zh,5,weibo,0
我服了！一年过去咋大家都变坏了？世道真不行了[泪][衰],1,qwen3-next-80b-a3b-instruct,test,zh,1,weibo,0
回复@何琪CEC: 看热闹不嫌事大[抓狂] //@何琪CEC: 没有，还在拼呢，不过北京堵车跟我没啥关系，方圆几里都没出亚运村[太开心],1,qwen3-next-80b-a3b-instruct,train,zh,4,weibo,0
一口气刷完人体蜈蚣I、II，直接没胃口了[衰] 还是赶紧想想单纯美好的事吧：别看我只是一只羊~ 绿草原因为我变得更香 @米莎YOYO @时髦仙伊eleven 我昨晚唱得咋样[嘻嘻],1,qwen3-next-80b-a3b-instruct,train,zh,6,weibo,0
蓝色兰陵王//@冯绍峰官方影迷会:退出电视圈的神作#兰陵王# 真的必须看啊[泪] 虽然舍不得，但因为太爱你了，所以愿意放你去更幸福的地方飞[good][亲亲]#兰陵王冯绍峰# #冯绍峰#,1,qwen3-next-80b-a3b-instruct,train,zh,4,weibo,0
不想干了。[泪]//@Joywu_ocean: 写得太棒了，别后悔啊！！ //@风间零式: 亚历山大帝~,1,qwen3-next-80b-a3b-instruct,train,zh,4,weibo,0
?????? //@付瑞亭:[帅][亲亲][偷笑],1,qwen3-next-80b-a3b-instruct,train,zh,2,weibo,0
怀孕后一饿就炸毛[怒][怒],1,qwen3-next-80b-a3b-instruct,train,zh,1,weibo,0
超棒的活动[鼓掌][鼓掌][鼓掌],1,qwen3-next-80b-a3b-instruct,train,zh,1,weibo,0
[泪][泪][泪]?哀！,1,qwen3-next-80b-a3b-instruct,train,zh,1,weibo,0
#Nana酷游世界100天##悠游台湾个人游# 德利豆干，花莲80年老店，50台币一小份，真的就一小份！我和童童吃到扶墙出！[晕]@北京有个老顽童 @台湾自由行 @海峡零距离 @酷讯旅游 @酷讯旅游体验师,1,qwen3-next-80b-a3b-instruct,train,zh,6,weibo,0
[good][good][good] //@不会武功的武功李云飞:PM2.5绿净技术：车外PM2.5爆到150以上（重度污染）也不怕，一启动几十秒内车内就能压到10以内！这技术预计2013年底就能上车！[鼓掌],1,qwen3-next-80b-a3b-instruct,train,zh,2,weibo,0
嗯，转次//@肚子13号：人品不行…… //@大先儿:一想早上刚洗的车…[晕],1,qwen3-next-80b-a3b-instruct,train,zh,2,weibo,0
这俩才是真·金童玉女啊！！！//@??小?_shine: @Senna小姒 你认识他们不[爱你],1,qwen3-next-80b-a3b-instruct,test,zh,3,weibo,0
妹子，你喝多啦？小脸蛋红通通的[哈哈],1,qwen3-next-80b-a3b-instruct,train,zh,1,weibo,0
@京东 真是坑爹[抓狂]，昨晚网购一次，快钱连输11次支付失败，换银联明明扣款成功了还显示待付款。[衰]好不容易找到客服，报了订单号，居然说查不到这笔钱，得等到19点才能问财务，太坑了[失望]浪费几小时+一堆话费，京东真让人失望[失望],1,qwen3-next-80b-a3b-instruct,train,zh,2,weibo,0
这期@时尚旅游杂志 真的有点那啥。坐办公室看着，人没动，心早就飞了。这班真上不下去了。@雷达太多 你们到底要干嘛啊啊啊[抓狂][抓狂][抓狂] 还没买的同学吗？这期，真值！,1,qwen3-next-80b-a3b-instruct,train,zh,4,weibo,0
回复 @骑猪撞树2008: 建设六马路中环广场二楼“顶田料理”[嘻嘻] //@骑猪撞树2008: 米高哥，成日出相，间餐厅又唔推介，DIY又唔写，点得噶,1,qwen3-next-80b-a3b-instruct,test,zh,5,weibo,0
希望这不是节目组安排的！//@星座秘语:我又相信爱情了~[泪],1,qwen3-next-80b-a3b-instruct,train,zh,1,weibo,0
我也有中奖的时候啊[泪][泪],1,qwen3-next-80b-a3b-instruct,train,zh,1,weibo,0
Audi PR[威武]，四环这缘分绝了，Q3投放+奥迪俱乐部杯，谁也拦不住，速来啊 [鼓掌]//@关太家的关兜兜:[鼓掌][鼓掌] //@RT罗宾糖:长途，求再缩一缩... //@小鱼MM00:台风大人终于要走吧[思考][鼓掌] @RT罗宾糖 @吴绍庆Jacky,1,qwen3-next-80b-a3b-instruct,train,zh,7,weibo,0
如果不是你杀的，我就当是条垃圾微博划了。但要是你干的，想靠这恶心操作火？行啊，我帮你火！[怒][怒][怒],1,qwen3-next-80b-a3b-instruct,train,zh,1,weibo,0
微博过几天要送50台烤箱[爱你]//@安娜胡:能别在微博发了嘛[抓狂][抓狂],1,qwen3-next-80b-a3b-instruct,train,zh,1,weibo,0
转转转[鼓掌]想来乌鲁鲁的宝子们，别错过这波超给力的返现！//@澳洲乌鲁鲁中文旅游:支持支持[给力],1,qwen3-next-80b-a3b-instruct,train,zh,1,weibo,0
呵呵，一起约上@晋一Sunny @一坐一忘 @康乐 //@晋一Sunny: 能至少点两个不？我想吃虾饺和姜汁炖奶，看着都挺简单的，但在北京找个真正好吃的太难了。。心碎了。。[泪] @毛笔哥哥 @夏柠儿56 @溪边小筑呀 那个小院儿。。吃完了还能溜达上去看个电影啥的！,1,qwen3-next-80b-a3b-instruct,train,zh,9,weibo,0
回复@野马的足迹:[耶][嘻嘻] //@野马的足迹:哦，也是 //@俺叫老鬼:那不就对了，本来就该有！ //@声声入耳761:哈密早市上也有卖的[哈哈][耶] //@向上的力量2014:以前街上到处都是 //@迎风也三尺:现在少见了[馋嘴] //@向上的力量2014: 这么早？,1,qwen3-next-80b-a3b-instruct,test,zh,8,weibo,0
#高级定制# Cartier定制系列Love全钻戒 闪到炸裂超美...[爱你]有没有想送给你心里的那个TA呢...[哈哈][哈哈][哈哈],1,qwen3-next-80b-a3b-instruct,train,zh,3,weibo,0
你们这是要逼死人的节奏啊?[抓狂][抓狂][抓狂],1,qwen3-next-80b-a3b-instruct,train,zh,1,weibo,0
求求坐我后面打牌的两位漫画大神，声音能小点吗？[泪],1,qwen3-next-80b-a3b-instruct,train,zh,1,weibo,0
没吃饭看这个[泪]，给我留点啊,1,qwen3-next-80b-a3b-instruct,train,zh,1,weibo,0
@加菲猫九 [爱你]白哈巴的白桦林秋天美到炸[花心]话说新疆明信片也太萌了吧[偷笑]再问一嘴@滴水成音长相忆 姐姐咋没一起签个名呢[哼],1,qwen3-next-80b-a3b-instruct,test,zh,3,weibo,0
[吃惊][悲伤],1,qwen3-next-80b-a3b-instruct,train,zh,1,weibo,0
小岳非逼我买这条领带，理由是：＂爸爸，你戴肯定帅；爸爸，这领带跟律师绝配，一看就是律师款；爸爸，你戴上立马像老板；爸爸，别的律师见你戴这么牛的领带肯定问谁给你挑的，你就说是我选的。＂行吧，买了。[哈哈][哈哈][哈哈],1,qwen3-next-80b-a3b-instruct,train,zh,1,weibo,0
耶，看到我啦，还有超多好盆友[呵呵][哈哈][爱你],1,qwen3-next-80b-a3b-instruct,train,zh,1,weibo,0
有些搞宏观调控的部门，管了还不如不管//@等待2013的日出:发改委说涨就涨，一言堂[怒],1,qwen3-next-80b-a3b-instruct,train,zh,1,weibo,0
没睡好[晕],1,qwen3-next-80b-a3b-instruct,train,zh,1,weibo,0
逛了香港美心旗下的店，简直刷新认知。。吃得太爽了。[哈哈],1,qwen3-next-80b-a3b-instruct,train,zh,1,weibo,0
张生，你翻墙的姿势也太专业了吧。//@丁懿Emma:[哈哈]莺莺我来啦//@永不磨灭的番号潜伏在黎明之前:满园春色关不住，一只猫儿坐墙头。,1,qwen3-next-80b-a3b-instruct,test,zh,1,weibo,0
操，跑得跟狗一样[怒],1,qwen3-next-80b-a3b-instruct,train,zh,1,weibo,0
回复@靖添尧:冻龄小仙女！[太阳] //@靖添尧:绝了这词儿[嘻嘻],1,qwen3-next-80b-a3b-instruct,train,zh,2,weibo,0
作死就别活了。//@金韵蓉: 气到不想说话！[怒] //@李静:[怒] //@健康之友吕娜：全疯了！[怒],1,qwen3-next-80b-a3b-instruct,test,zh,4,weibo,0
长期异地，求咬！@小媛lennox//@油么腻LV:我被咬过????[泪] // @Stray茱蒂：是幂幂吗[衰],1,qwen3-next-80b-a3b-instruct,train,zh,3,weibo,0
我也敢露啊！关键是人家脸多小啊！[抓狂],1,qwen3-next-80b-a3b-instruct,train,zh,1,weibo,0
玩儿吧玩儿吧，我眼瞎 //@丐帮帮主铁丐: 回复@水水大嘴: 帮主出街能没美女？ //@水水大嘴: 你又钓到美女了～～～ //@丐帮帮主铁丐: 回复@开心小黛: 你马上解放了 //@开心小黛: 假期爽到飞起，羡慕哭！！悲催加班中[泪],1,qwen3-next-80b-a3b-instruct,train,zh,11,weibo,0
回复@Kenstephen: 你自个儿都猜中了 哈哈 //@Kenstephen: 怎么这么准！！别这么玩啊！！[抓狂][抓狂][偷笑][偷笑] //@ggvses:@Kenstephen 没跑。。。[哈哈] //@吴琼_dmg:@硬件学堂 [挖鼻屎] //@ZZ郑重: @洪琦_汽车之家 ……,1,qwen3-next-80b-a3b-instruct,test,zh,12,weibo,0
//@G点网: 回复@Scorpio-andy:[嘻嘻] //@Scorpio-andy:那我岂不是北方游牧民族的后人？//@G点网: 回复@爱打滚的熊2011:[偷笑] //@爱打滚的熊2011:我是O型血，嘿嘿，O型是最老最原始的血型，主要在中原，祖上是黄帝和东夷。你啥血型？老家哪儿？对照下表瞅瞅～,1,qwen3-next-80b-a3b-instruct,train,zh,5,weibo,0
这几天心情炸了，大姨妈前的更年期症状快把我整崩溃了，明天必须放肆吃一顿，给自己充个电[怒骂],1,qwen3-next-80b-a3b-instruct,train,zh,1,weibo,0
嘿，方文山店对面有家超便宜的美妆店，叫「小三美日」[哈哈][哈哈],1,qwen3-next-80b-a3b-instruct,train,zh,1,weibo,0
有点道理…[偷笑] //@大老姣: 回复@leon张鹏:你失恋关我们几个啥事~ //@leon张鹏: 小学咋就没女孩觉得我[可爱]啊，光失恋了[哈哈][悲伤][衰][偷笑]@?? @ElizabethIsSleeping @大老姣 。。好像基本都去追马马了[奥特曼]，比如。。@?Fiona [偷笑],1,qwen3-next-80b-a3b-instruct,train,zh,9,weibo,0
其实最惨的是母子俩，根本不是人的问题，从一开始大家就click不中（找不到）[泪] //@阳光: 啥你懂？不给这事儿生出来嘴还堵得住？[怒] //@雪隐枫林: 好看~~~~如果有亿分之一的机会生个Kevin，你会咋办？,1,qwen3-next-80b-a3b-instruct,train,zh,5,weibo,0
堵到炸裂[怒][怒]直行左转全趴窝了@Niki王含羽,1,qwen3-next-80b-a3b-instruct,train,zh,1,weibo,0
北京今天下雪了，看看接下来要去的两个地方温差，真觉得人在大自然面前太渺小了，差60多度！这衣服咋穿啊[晕],1,qwen3-next-80b-a3b-instruct,train,zh,1,weibo,0
你俩别闹了。。。[生病] //@-最?蜜蜜的孟孟-:回复@王慢慢_2014要努力：是不是想我想得彻夜难眠啊[哈哈][哈哈][哈哈]米修米修慢慢慢[泪][泪][泪] //@王慢慢_2014要努力：大孟孟，我想你~,1,qwen3-next-80b-a3b-instruct,test,zh,3,weibo,0
辣死我了，这戈壁[怒][怒][怒][怒][怒][怒],1,qwen3-next-80b-a3b-instruct,train,zh,1,weibo,0
[鼓掌][鼓掌] //@黄曦ing:瞅瞅，彩色衣服真的超上镜！,1,qwen3-next-80b-a3b-instruct,test,zh,2,weibo,0
[馋嘴]下午茶甜点谁顶得住啊，@北京饭店莱佛士 米其林二星大厨出的限定款，直接期待爆了！[鼓掌],1,qwen3-next-80b-a3b-instruct,train,zh,2,weibo,0
//@阿拉蕾cici小美:[good] // @微博搞笑排行榜 :笑死，绝了！[哈哈],1,qwen3-next-80b-a3b-instruct,train,zh,4,weibo,0
老花？[晕],1,qwen3-next-80b-a3b-instruct,test,zh,1,weibo,0
这么作践自己到底图个啥？！//@bravevlang: 还穿个啥啊，不就是想露吗？这母女//@卉紫忧蓝: 身材真烂[抓狂] //@大河车城刘阳河:这种女人就该送进精神病院，同意的举手,1,qwen3-next-80b-a3b-instruct,train,zh,4,weibo,0
小甜甜瘦了没啊[抓狂][抓狂][哈哈][哈哈][思考][思考][偷笑][偷笑] //@蔡康永:?是我写的?第一次改舞台剧，每次排练都笑到哭！《给未知恋人的爱情短信》，主演?容~ @李晟Su 、@李佳航JEAN 、@演?利晴天 、@小甜甜Riva 、@伊洋微博 。[太阳][太阳]超期待你们在北京上海的正式演出啊！,1,qwen3-next-80b-a3b-instruct,train,zh,8,weibo,0
[害羞][可爱][嘻嘻][爱你]//@JR晓伊伊:@love映霓 @G树嘉 哇哇哇！我姐也太绝了吧！谁懂啊谁懂啊？[花心][花心][花心],1,qwen3-next-80b-a3b-instruct,test,zh,3,weibo,0
哈，京东也上架了[哈哈] 昨天还有上海的读者说当当网那边暂时没法下单，京东行不？别急，最多一周全都有啦[ok],1,qwen3-next-80b-a3b-instruct,train,zh,2,weibo,0
你咋还没回来[抓狂][抓狂][抓狂],1,qwen3-next-80b-a3b-instruct,test,zh,1,weibo,0
现在有些人素质真TMD低！！我都懒得说了，昨天逛公园，有人趁黑在园里随地撒尿！！还TM尿我一头！！草泥马！！傻逼啊！！没看见我正蹲着拉屎啊！！[怒],1,qwen3-next-80b-a3b-instruct,test,zh,1,weibo,0
黑心商家都该拉去枪毙！！！！！[怒],1,qwen3-next-80b-a3b-instruct,train,zh,1,weibo,0
咨询的宝子太多了！统一回一下…麻烦都关注我一下，私信告诉我你们不喜欢的款式，黑钻？白钻？大概指圈大小…谢啦…[围观][抓狂]??????,1,qwen3-next-80b-a3b-instruct,train,zh,1,weibo,0
啥味啊？//@现代可汗:酷！ // @梧桐小余 :回复 @闻博_Jasper :欢迎欢迎超欢迎[鼓掌] // @闻博_Jasper :求尝一口！,1,qwen3-next-80b-a3b-instruct,train,zh,9,weibo,0
我是伟诗，我为自己站台！绝不当替补！！！！！不干违心的事，不说假话，熬过岁月，活出无憾人生！看尽人情冷暖，参透爱的真意！我就是我！我爱[爱你]您[心],1,qwen3-next-80b-a3b-instruct,test,zh,1,weibo,0
就等你回这句呢，笑笑你个吕二啊[偷笑][偷笑][偷笑][抓狂][抓狂][抓狂][哈哈][哈哈][哈哈][哈哈] //@吕磨磨:回复@吕依一: 笑！笑！笑你妹！！！[泪] //@吕依一:回复@吕磨磨:[偷笑][偷笑],1,qwen3-next-80b-a3b-instruct,train,zh,4,weibo,0
肯定得喝，不喝岂不是亏大了？[馋嘴]//@嘻哈包袱铺陈曦: 今天豁出去了，管他呢，我真不会水[泪][泪][泪][泪],1,qwen3-next-80b-a3b-instruct,train,zh,2,weibo,0
你们排啥队啊//@龙辉全:你黑我[衰]//@小弟治脚气:一睁眼脚丫子痒痒[偷笑]//@龙辉全:美女给我盖了蚕丝被，然后。。。我醒了//@中国好苹果:美女吃个苹果，鼓起勇气……//@杨亚天:剧情上线了，下班路上不冷了吧//@泉城发:女人把男人衣服全扒了，,1,qwen3-next-80b-a3b-instruct,test,zh,1,weibo,0
//@木尔: [话筒][话筒][怒]太畜生了，天理难容！求各大媒体火速关注，必须严惩凶手，挖出幕后黑手！@南方都市报 @新华社中国网事 @山西公安,1,qwen3-next-80b-a3b-instruct,test,zh,4,weibo,0
零下四十度！这感觉谁懂啊？[泪],1,qwen3-next-80b-a3b-instruct,train,zh,1,weibo,0
太诱人了[哈哈][哈哈]@懒人业余餐厅 @北京美食导航 @大众点评网-北京美食 @到家美食汇 @美食爆料圈网-北京站,1,qwen3-next-80b-a3b-instruct,train,zh,5,weibo,0
狗耸@艾尼克斯丶 ，算算这五年跟你待的时间比跟我爸妈还长。。说走就走，你好意思扔下我们啊。。特别是@嘉宝小茉莉 。以后别来找我们了@朱衡balancezhu @alphawalker ！妹的，印北京，看我现在在哪[酷][哈哈] http://t.cn/zOeQzEF,1,qwen3-next-80b-a3b-instruct,train,zh,6,weibo,0
放山？、炖？、扣肉？？有我最爱的炖牛肉[花心]我家大厨最棒[爱你]年年吃起?[哈哈][哈哈][心][心][干杯],1,qwen3-next-80b-a3b-instruct,train,zh,1,weibo,0
五点起床真的顶不住[泪][泪],1,qwen3-next-80b-a3b-instruct,test,zh,1,weibo,0
回复@大鼻涕将军: 对啊[嘻嘻]，但要是没那部分，这建筑怕是早塌了 //@大鼻涕将军: 卫城这张要是没人工的就完美了。@流浪的牛,1,qwen3-next-80b-a3b-instruct,train,zh,4,weibo,0
[衰]//@刘春: [吃惊] //@李开复:[吃惊],1,qwen3-next-80b-a3b-instruct,train,zh,3,weibo,0
祝诗社红红火火，诗意人生！//@书画家高莎莉:[握手]//@苦吟斋主:谢谢！愿联盟诗社越来越旺！佳作不断！//@书画家高莎莉:[威武][威武][赞][赞]//@澳洲置业Mark:太棒了！[鼓掌][鼓掌]//@苦吟斋主:北京诗友聚一堂，笑语欢歌喜气扬。献策出谋谋大计，联盟诗社定兴旺。,1,qwen3-next-80b-a3b-instruct,train,zh,1,weibo,0
[抓狂][抓狂][抓狂][抓狂]有人三个月抽走我一间总统套房[泪][泪][泪][泪],1,qwen3-next-80b-a3b-instruct,train,zh,1,weibo,0
你真行！等会儿我发的所有吃的都@你！！！[怒],1,qwen3-next-80b-a3b-instruct,train,zh,1,weibo,0
[哈哈][哈哈] //@哇塞_睡不醒的粒粒:哈哈哈哈哈哈笑到打滚！！！ //@白花花的妹纸:还有聚贤庄杯第一届也是唯一一届掐架冠军,1,qwen3-next-80b-a3b-instruct,train,zh,3,weibo,0
对啊，它也是??????????????[猪头]的心头好[鼓掌],1,qwen3-next-80b-a3b-instruct,train,zh,1,weibo,0
死磕到底！身体倍儿棒！精神炸裂！冲鸭[太阳]// @海棠之恋2011 : 盯着点。[爱你] @美好家园杂志 @林中晓月 @闲花房 @offroader小刀 @寅土 @眼睫的毛 @瘦瘦 @兔毛儿快跑 @nancy医生 @郭颖谦 @梁媛Juliet @MOSCHINO很低调,1,qwen3-next-80b-a3b-instruct,train,zh,16,weibo,0
你这爱2的2货，别打扰我上班！！哈哈哈，22才健康[爱你]！中午吃啥？,1,qwen3-next-80b-a3b-instruct,train,zh,1,weibo,0
直系亲属不能输血，风险极高，别光感动，得讲科学//@最销魂的电影: 太感人了！[泪],1,qwen3-next-80b-a3b-instruct,train,zh,2,weibo,0
怎么眼睛有点湿湿的？我又信爱情了。[嘻嘻][爱你],1,qwen3-next-80b-a3b-instruct,train,zh,1,weibo,0
嗯，反过来要是x5撞x1也讨不了好。//@吴刚:x1撞的x5的A柱。真亏大了，好多年前我用这招撞过一辆违章调头的小面，也亏惨了，气囊直接炸开，眼前全是星星，手指头都被炸得黢黑[泪],1,qwen3-next-80b-a3b-instruct,train,zh,1,weibo,0
没赶上[泪],1,qwen3-next-80b-a3b-instruct,train,zh,1,weibo,0
我陪塞班走到终点了诶[哈哈],1,qwen3-next-80b-a3b-instruct,train,zh,1,weibo,0
[泪][泪][泪]//@肖锋:中国，最难看的风景就是人//@茗茶坊美妇:[吃惊]@michael-7716 //@佰合慧通-兴顺源茶坊:[晕] //@郭建欢:转微博,1,qwen3-next-80b-a3b-instruct,train,zh,3,weibo,0
太搞笑了，不喝咖啡也醒了！[哈哈][哈哈],1,qwen3-next-80b-a3b-instruct,train,zh,1,weibo,0
#雪花一马当先让红包飞# 嘿嘿，小编帮你晒奖品是不是更带感？[嘻嘻],1,qwen3-next-80b-a3b-instruct,train,zh,2,weibo,0
定金交了，从此正式成为房奴了[泪]@必胜-兔 @18号天空 @香芝1006 @天津爱包子 @Hanna欢欢,1,qwen3-next-80b-a3b-instruct,train,zh,5,weibo,0
毛毛跟爸妈比我亲[晕]我酸了！不开心呢[哼],1,qwen3-next-80b-a3b-instruct,train,zh,1,weibo,0
美女有空一定要再来玩啊[爱你][鼓掌][鼓掌][鼓掌],1,qwen3-next-80b-a3b-instruct,train,zh,1,weibo,0
南瓜灯太美了吧~[爱你],1,qwen3-next-80b-a3b-instruct,train,zh,1,weibo,0
[衰]三天跑俩基层，稿子写到怀疑人生。累到不想爱了,1,qwen3-next-80b-a3b-instruct,train,zh,1,weibo,0
买双鞋我容易吗我[抓狂],1,qwen3-next-80b-a3b-instruct,train,zh,1,weibo,0
[哈哈][哈哈][哈哈] 阿弥陀佛。。。//@牧遥小C:相对官方的解读，1.5线哈哈哈~~@鲍荣君 @丁蔗霖candice 我手机掉面里真是活该,1,qwen3-next-80b-a3b-instruct,train,zh,4,weibo,0
[哈哈] →_→//@舌尖上的HiroC: 我买的东西每件都非买不可…纠结是因为穷！！,1,qwen3-next-80b-a3b-instruct,train,zh,3,weibo,0
最省钱的旅行就在龙之梦的缤纷昆士兰。[偷笑] //@GeminiInApril:人超多，超热闹！[鼓掌] 赶紧冲啊...[太开心] 今天错过，我们在昆士兰等你哦[嘻嘻],1,qwen3-next-80b-a3b-instruct,train,zh,4,weibo,0
@照着小太阳的大太阳 好上头???这种感觉？//@照着小太阳的大太阳:哇咔咔?喜欢不？[嘻嘻][嘻嘻][嘻嘻][偷笑][偷笑][偷笑],1,qwen3-next-80b-a3b-instruct,train,zh,2,weibo,0
感谢《天才知道》这节目，让我彻底明白我和傻子没差了。。。[泪],1,qwen3-next-80b-a3b-instruct,train,zh,1,weibo,0
明天出发去瞅瞅到底咋回事[晕][晕][晕]@浪迹四川 @四川旅游广播乐颜 @小金发布 //@阿坝微博:花开二度 吓懵了,1,qwen3-next-80b-a3b-instruct,train,zh,5,weibo,0
#解冻性情# 当你信心up，就会发现根本不用硬控，事情自己会跑起来，你只要跟着走，就能收获超多快乐和好处！转给小伙伴，早安！一起拥抱爱的能量，别再死磕着掌控所有事了～[爱你][给力][耶][心][鲜花],1,qwen3-next-80b-a3b-instruct,train,zh,2,weibo,0
@桔皮儿 我刚发现你是我的粉头！新年快乐～ 你是想兔年暴富？还是想兔年脱单？或者兔年干点别的？你说了算~~ 我的饭局……蘑菇……[鼓掌],1,qwen3-next-80b-a3b-instruct,train,zh,4,weibo,0
//@蒋锡培: 当成小潘炖蛋了[汗] //@任志强: 这是小番茄炖蛋？连炒都没炒。 //@刘春: 这菜简直是对我大中华番茄炒蛋的终极污蔑，负分，滚回大不列颠！[怒] //@赵忠祥: 这菜是为分餐公平发明的，大锅饭样板，为平均牺牲了口感。还挺有意思，会做菜的都懂，这更费劲。,1,qwen3-next-80b-a3b-instruct,train,zh,8,weibo,0
天津海河英迪格酒店[爱你]老味道+新潮流，绝了[爱你],1,qwen3-next-80b-a3b-instruct,test,zh,1,weibo,0
啊！超想她们的，还有美食，嘿嘿[嘻嘻]花子让我问好！[嘻嘻][嘻嘻],1,qwen3-next-80b-a3b-instruct,train,zh,1,weibo,0
雾锁楼台，月迷渡口，桃源望穿也找不着[泪],1,qwen3-next-80b-a3b-instruct,train,zh,1,weibo,0
刚看完NHK做菜节目爬过去 //@Adora_Qiu:回复@流浪缇子:我最近每晚看Food Network练耐力[偷笑] //@流浪缇子:睡前发这种微博太狠了[泪],1,qwen3-next-80b-a3b-instruct,train,zh,4,weibo,0
@造型师子超 哈哈。对对对，必须恭喜一波！你懂的！[哈哈][偷笑][做鬼脸][ok],1,qwen3-next-80b-a3b-instruct,train,zh,2,weibo,0
【孙俪提名国际艾美奖最佳女主】第41届国际艾美奖提名出炉！孙俪@turbosun 凭《甄嬛传》杀入最佳女主角候选！之前何琳拿过这奖哦～[鼓掌]娘娘太牛了！[威武]获奖名单11.25公布，要是真拿下了，那简直了~~,1,qwen3-next-80b-a3b-instruct,train,zh,2,weibo,0
开会，今年种啥、啥品种啊[抓狂],1,qwen3-next-80b-a3b-instruct,train,zh,1,weibo,0
回复@草木子仁:打雷闪电呢 //@草木子仁:雨下得超大。？ //@曾老师的生涯小厨:听雨[嘻嘻],1,qwen3-next-80b-a3b-instruct,train,zh,3,weibo,0
[赞]芒果台脑洞真大啊~~[哈哈]哈哈哈，，看到了一堆吃货的真爱零食[花心]果然是吃货！,1,qwen3-next-80b-a3b-instruct,train,zh,1,weibo,0
回复@泉州美好生活小酒馆: 雪？上半截下了，下半截还在摸鱼[嘻嘻] //@泉州美好生活小酒馆:你们那下雪了吗？[偷笑],1,qwen3-next-80b-a3b-instruct,train,zh,3,weibo,0
关我屁事，买不起这玩意[泪]还是留着肾自己用吧,1,qwen3-next-80b-a3b-instruct,train,zh,1,weibo,0
车模就在几米外，可就是摸不到。[抓狂],1,qwen3-next-80b-a3b-instruct,train,zh,1,weibo,0
盼亲人回来[伤心],1,qwen3-next-80b-a3b-instruct,train,zh,1,weibo,0
[晕][哈哈]//@西门吹沙子: 挂职成功//@子柳: 期权得给够啊大佬//@吕良伟Ray: 行吧，我公司聘你当互联网思维顾问，不用去抢了@程滢Ain,1,qwen3-next-80b-a3b-instruct,train,zh,4,weibo,0
[吃惊] //@台?假期V:[怒] //@汪俊导演:[怒] //@海清:[怒][怒][怒]@侯小强 @美酒夜光杯alex @小导演刘进 @张译 @汪俊导演 @卜柯文 @阿蒙SAMA @陈朝华,1,qwen3-next-80b-a3b-instruct,train,zh,11,weibo,0
等你们回来咱去[偷笑] //@桔子水晶袁超: 你瞅瞅罗管，@桔子水晶焦磊 你良心不痛吗？咱俩都认识两年了，你居然没带我去对面的大渔之观转转[泪]。人和人的差距咋就这么大呢，后面省略一亿字。,1,qwen3-next-80b-a3b-instruct,train,zh,4,weibo,0
回复@淡月星辰: 肯定有啊，GM培训标配项目。。。[嘻嘻] //@淡月星辰: 当年在HOTB也干过‘抗洪’吧？[偷笑] //@RK江少樵: 我正满地溜达查岗呢。。。[雨伞],1,qwen3-next-80b-a3b-instruct,train,zh,6,weibo,0
[哈哈]//@全球创意搜罗:笑而不答~[哈哈],1,qwen3-next-80b-a3b-instruct,train,zh,1,weibo,0
明天我改名叫恒海孙。[嘻嘻],1,qwen3-next-80b-a3b-instruct,train,zh,1,weibo,0
[哈哈][哈哈]以哥的体重哪敢怀疑…@懒人业余餐厅安贞店,1,qwen3-next-80b-a3b-instruct,test,zh,1,weibo,0
真羡慕死我们了[哈哈] //@波西米?的太阳花:回复 @潘云龙kenny:[吃惊] //@波西米?的太阳花:回复 @张谦:hoho~今晚绝了！我还跳了段舞。[嘘] //@张谦:?真羡慕,1,qwen3-next-80b-a3b-instruct,train,zh,6,weibo,0
我靠，午睡一觉醒来全是血，从今天起只能躺医院等邹蛮蛮破肚而出，吓死人了！！[泪] [怒] [伤心],1,qwen3-next-80b-a3b-instruct,train,zh,3,weibo,0
餐厅还没开，只能自己下厨了[晕]吃了吗？,1,qwen3-next-80b-a3b-instruct,train,zh,1,weibo,0
就让爱成回忆吧！咱一起熬过[浮云]//@sintry:真憋屈//@BOBO换个名:这回快断粮了//@sintry: [吃惊]//@王旭de美食影像:胶片时代真要完了吗？[汗][晕]//@王琛视界:天无绝人之路！ //@jolomo:[?][?][?][?][?][?][?][?][?][?][?][?],1,qwen3-next-80b-a3b-instruct,train,zh,3,weibo,0
我车里根本没装监控。。。//@太阳红彤彤666: 就该告这缺德母子诽谤+做伪证，道个歉就完事了？太便宜她们了[怒]//@太阳红彤彤666：要是没这段录像，好心司机还得背黑锅，这老太太和她儿子会真心悔改道歉吗？真心疼这世道，连见义勇为都成奢侈品了[抓狂],1,qwen3-next-80b-a3b-instruct,train,zh,2,weibo,0
夏天抓到蚊子咋办？1、养着呗 2、送他上学 3、给他买房 4、帮他说媳妇 5、带娃，不然还能咋地？毕竟他身上流的是你的血啊…[泪],1,qwen3-next-80b-a3b-instruct,train,zh,5,weibo,0
老板一听又立马端来一碗豆花，韦先生当场无语，他想的是那碗有薄薄一层豆腐花、一大把酥黄豆的豆花面，一入口麻辣脆香全炸了，结果这小面配豆花。[哈哈][哈哈][哈哈]笑完更饿了！[泪],1,qwen3-next-80b-a3b-instruct,train,zh,1,weibo,0
想知真相，到底死了多少？//@马志岩Jerry:// @张远：人间惨剧，FUCK高铁// @周鸿?：一个字都说不出// @刘炳海 :// @李晓蕾同学 ：[泪] 不知道以后咋活了，全家就剩一个,1,qwen3-next-80b-a3b-instruct,train,zh,8,weibo,0
我在这儿：#徐汇区# 唉...吃还是不吃啊？上海美食太犯规了！感谢亲爱的@Rebecca宣小鸿盛情款待，但@胡歌 Fount的巧克力慕斯+芒果冰淇淋真的绝了！[抓狂] 吃了！ http://t.cn/zOuqmf6,1,qwen3-next-80b-a3b-instruct,train,zh,5,weibo,0
1、深圳刚开放那会儿，进深圳还得办证；2、北京亚运会时，非北京户口没证明，坐火车到保定直接清下车，想混进北京，连旅馆都不让住。这两事儿我都亲历过。@瀛海客 //@梁冬的微博:太君，俺可是良民啊！[抓狂],1,qwen3-next-80b-a3b-instruct,train,zh,2,weibo,0
铁道部还我D字头10小时的火车！高铁一开D字头就剩一班还涨价？G字头真坐不起啊坐不起！[泪]这回真要破产了！[泪],1,qwen3-next-80b-a3b-instruct,train,zh,1,weibo,0
“Jack，我怀孕了” 就是这句吧[哈哈],1,qwen3-next-80b-a3b-instruct,train,zh,2,weibo,0
100斤[悲伤][悲伤][悲伤],1,qwen3-next-80b-a3b-instruct,train,zh,1,weibo,0
超健康的一碗饭～野米+白米+五谷杂粮+红曲米一起蒸，粉粉的颜值绝了[嘻嘻]#正版深夜发吃兴趣小组##零点与您聊炖肉#,1,qwen3-next-80b-a3b-instruct,train,zh,1,weibo,0
[怒]//@-_-阿绿: [ali惊]昨天年会狂喝好几杯！！！//@行尸: 难怪我越来越傻，原来是这玩意喝多了。//@时尚汇_Alvin: 我靠！！！,1,qwen3-next-80b-a3b-instruct,train,zh,4,weibo,0
立春啦（2月4日）！春回大地，万物醒，嫩葱冒头，该“咬春”了[馋嘴]吃春饼得把肉和菜卷严实，从头吃到尾，这才叫“有头有尾、大吉大利”！[福到啦] ps：青年餐厅#春饼#2月2日至5日，鲜香开卖！北京天津的宝子们别忘了“咬春”讨个好彩头哦！[太开心][鼓掌],1,qwen3-next-80b-a3b-instruct,train,zh,2,weibo,0
[泪][泪][泪][泪]//@纪苗苗mmki：还是得靠自己啊//@啊呸是条狗：[泪]//@七明多：//@路过的盒子：//@惊蛰zjd：//@韩良_独孤孤独：//@大Morris：太他娘的离谱了！[弱]//@孙小玩儿：[弱]//@丶哈雷露亚：领导来了！！快开始表演！！[弱]//@王小聪_BubbLe：转微博,1,qwen3-next-80b-a3b-instruct,train,zh,1,weibo,0
这波可以啊，冲！//@哆啦z萌:税多少？[汗] // @LindaKwok : @猫猫路 @么么安小妮 @幸福海陆空 快看这个！！！// @CuriousTT : 怎么样？走不走？[哈哈][馋嘴] @BuBu和XiXi @百无聊赖的马甲 @粉色夏天女王sUmMeR @JR高天Q-精品购物指南 @大MO0MO0 @diane_wwq,1,qwen3-next-80b-a3b-instruct,train,zh,17,weibo,0
妈妈把四岁儿子的涂鸦做成了毛绒玩具，太暖心了~[太开心],1,qwen3-next-80b-a3b-instruct,train,zh,1,weibo,0
河洛石刻居然是个ipad，这操作还带投影的[怒]。。。唉，好好的轩辕剑搞成这样，真没劲,1,qwen3-next-80b-a3b-instruct,train,zh,1,weibo,0
[泪]//@何平:[泪],1,qwen3-next-80b-a3b-instruct,train,zh,1,weibo,0
[呵呵]//@郑大涛://@李开复: 真的是史上最全...[哈哈],1,qwen3-next-80b-a3b-instruct,train,zh,2,weibo,0
回复 @马上瘦: 欢迎欢迎，我还扔了好多不吉利的呢，原来钱都是这么没的[泪] //@马上瘦: 该拎着小篮子去你家扫货啦！,1,qwen3-next-80b-a3b-instruct,train,zh,5,weibo,0
速来//@猴?猴?:还没去过呢，改天一定去给海斌捧场！！[哈哈][哈哈][馋嘴][馋嘴] //@刘海斌强强:[哈哈][哈哈] //@张嗣彬://@刘海斌强强:准时收看啊！@北京老五四季涮肉 //@鼻涕V刘悦:@刘海斌强强 @北京阿龙_lis,1,qwen3-next-80b-a3b-instruct,train,zh,5,weibo,0
【柳岩超火辣现身红牛新能量音乐计划启动现场[亲亲]】10月18日，#2013红牛新能量音乐计划#在京启动，#黄绮珊#、#杨宗纬#、#柳岩#作为唱将代表到场。柳岩一身露胸大露背长裙直接炸场，性感值直接拉满！#这样会通风吧##女神，别着凉#[抱抱] http://t.cn/zRfbap2,1,qwen3-next-80b-a3b-instruct,test,zh,2,weibo,0
//@代堂飞-分众传媒-独立团://@刘峰-leo:拜金到没救了 //@李小裙裙裙:看一眼都头皮发麻，浙江居然要搞这种项目，冷汗都出来了……灾难就在身边……////@优雅的Olivia: [泪][泪] //@徐大煲煲://@Feng欣://@生鱼片GG://@极北往北://@风之子:转了,1,qwen3-next-80b-a3b-instruct,train,zh,4,weibo,0
CK??????[泪] //@每天懂点儿经济学:专属于12星座的奢侈品,1,qwen3-next-80b-a3b-instruct,train,zh,2,weibo,0
感谢来参加活动的博主们，继续支持我们呀！也谢谢新浪的强力支持！[偷笑][亲亲] //@崔兰兰Lorraine:@法国布鲁斯 @法国旅游局齐勇 @李晓楼法国旅游发展署,1,qwen3-next-80b-a3b-instruct,train,zh,4,weibo,0
对我而言，最丢脸的事就是：买！贵！了！[抓狂],1,qwen3-next-80b-a3b-instruct,train,zh,1,weibo,0
三号线上真是乞讨大集合，刚送走个自称八十多的老太太，又来个带娃卖唱的！[衰][衰][衰],1,qwen3-next-80b-a3b-instruct,train,zh,1,weibo,0
@边城小憩 @在此等候126 @3生万物 @563公里和162平方米 @李萧然 @德宏王楠 @柯柯围脖189 @一曲柔魂 @修心则安 @BenzBP [衰],1,qwen3-next-80b-a3b-instruct,train,zh,11,weibo,0
W8没更新，美股没法交易，钱就这么从眼前溜走了[泪][愤怒],1,qwen3-next-80b-a3b-instruct,train,zh,1,weibo,0
@我是粼粼 @无意飞扬- @黄河故宫 [嘻嘻],1,qwen3-next-80b-a3b-instruct,train,zh,4,weibo,0
吃香喝辣，攒足劲儿认真听讲[嘻嘻],1,qwen3-next-80b-a3b-instruct,train,zh,1,weibo,0
出门前，劳工一脸无辜求我：别再做麻婆豆腐了，吃点上海菜吧。[晕]这娃子，。。。[懒得理你],1,qwen3-next-80b-a3b-instruct,train,zh,1,weibo,0
刘爽是我妹，跟逝者是大学同学 //@听话的小弥陀: 这么年轻啊？啥病啊？右边为啥@刘爽？//@章林-故地重游: 唉[泪] //@福宝和喃喃: 天呐！我超爱她的[泪][蜡烛] //@小糊涂诸: 我记得她演的《英雄无悔》 //@鄢蔓: 天啊！[蜡烛][泪] 为啥啊？@刘爽,1,qwen3-next-80b-a3b-instruct,train,zh,11,weibo,0
做个足底被摩托车撞了[泪],1,qwen3-next-80b-a3b-instruct,train,zh,1,weibo,0
天啊，直接惊呆了！[哈哈]//@高清电影院: 折纸太牛了,1,qwen3-next-80b-a3b-instruct,train,zh,2,weibo,0
我半串都吃不完[哈哈]//@nico: 吐了。//@姚亚平说: 你能吃几串？,1,qwen3-next-80b-a3b-instruct,train,zh,3,weibo,0
帅到炸裂啊！//@黄记煌-黄耕: 就俩字[装x][哈哈][哈哈][哈哈]//@权金城彭涌: 瞬间想到那尊名雕，中国版“思想者”@黄记煌-黄耕 @陈玉霞博斐秀禾 //@北京召月: 这才是船长，老大范儿[酷],1,qwen3-next-80b-a3b-instruct,train,zh,6,weibo,0
哥们儿，大排档又开张了@刘炫SixerMiron @张八叉 [哈哈][围观][威武][威武][威武],1,qwen3-next-80b-a3b-instruct,train,zh,3,weibo,0
[抓狂][抓狂][抓狂]今晚就这表情了~~ 不玩了，输到怀疑人生~~[泪],1,qwen3-next-80b-a3b-instruct,train,zh,2,weibo,0
又是一个杯具的下午～跑去后勤科，科长去三元里了，章盖不了，白跑；冲到医务室，没带医保卡也没带钱，就带了病历本；又白跑～这人生除了杯具还能有啥？[泪],1,qwen3-next-80b-a3b-instruct,train,zh,1,weibo,0
我看了一周《新闻联播》才压住网友对fucking kim的吐槽[晕],1,qwen3-next-80b-a3b-instruct,test,zh,2,weibo,0
【放假找乐】公交上一潮妈喂奶，娃吃一口玩三秒，妈急了：“吃不吃？不吃给旁边叔叔了！”娃刚老实两秒又作妖，妈连喊好几遍。旁边叔叔憋不住了：“我的祖宗，给个准话行不？我都坐过两站了！”[抓狂]――祝大家放假坐公交都能有奶喝哈哈[推荐]@赶叔,1,qwen3-next-80b-a3b-instruct,train,zh,1,weibo,0
唱歌从来不怕，但进录音棚真的吓到腿软，音都抖成筛子了[泪][泪][泪]@楚荃 @黄毛晓鹏 @ZhaoZhao_ihiking @黑鹏Singgo,1,qwen3-next-80b-a3b-instruct,test,zh,4,weibo,0
这姑娘老公不就叫杨伟嘛！[哈哈]//@兰落下: 我真见过叫魏生斤的//@雨枫书馆: 一辈子的记忆！/@公元图书: 20多年前学校广播喊学生会干部开会每次都笑到打滚，真的！现在还能找到这些可爱的童鞋：陈北跑、夏天良、余沟通、吴祖章。呵呵，这帮哥们要是刷到这条，知道我还记得你们，想你们了,1,qwen3-next-80b-a3b-instruct,train,zh,4,weibo,0
啧[怒],1,qwen3-next-80b-a3b-instruct,train,zh,1,weibo,0
想去呢//@??的徵博: 回复@Sunflower_Isa:小贝，走起！[哈哈] //@Sunflower_Isa:去吧去吧,1,qwen3-next-80b-a3b-instruct,train,zh,3,weibo,0
坚持就是胜利[哈哈]我猜得等到春假我的精神才能回血了[思考],1,qwen3-next-80b-a3b-instruct,train,zh,1,weibo,0
昨晚刷牙，一用力，把上牙龈刷出血了。。。我得多用力啊[泪],1,qwen3-next-80b-a3b-instruct,train,zh,1,weibo,0
帮转下，说好给我写的那篇历史旅游文，咋还没影儿呢！[晕] //@雪珥:【外企与官场】老外玩中国官场也太溜了！一家英国“皮包”公司，在严禁外资进矿业的大清，居然搞到21000平方英里的勘探权，英国报纸直接炸了，说拿下史上最大煤矿！谁在背后撑腰？这不就是第1讲《政治与,1,qwen3-next-80b-a3b-instruct,train,zh,2,weibo,0
我完全支持，赶紧定时间吧，丸子同学[嘻嘻],1,qwen3-next-80b-a3b-instruct,test,zh,1,weibo,0
回复@过客酒吧小辫儿: 哈哈，那天在你家露台吹风直接感冒，采访前刚退烧，回来又病倒了，现在都不敢碰酒了，看你们喝都觉得凉快[呵呵]。不过你家露台景太绝了，下次专程来打卡赏景哈@北青饭局 这是我们部门微博，求关注 //@过客酒吧小辫儿: 原来这文章是你写的啊！改天约一杯啊[嘻嘻],1,qwen3-next-80b-a3b-instruct,train,zh,5,weibo,0
#带着微博去西安# 中午在@春发生饭店 硬刚，卧槽，早上的肉夹馍还没消化完呢，这一桌硬菜，吃吧难受，不吃吧更难受[偷笑][偷笑] 葫芦头终于吃上了！我掰的馍还挺行[哈哈] 荞面??、角团、蒸四样，全是没听过的地道小吃？自己做的鲜果酸奶绝了，顶上全是西瓜丁[馋嘴][馋嘴],1,qwen3-next-80b-a3b-instruct,train,zh,5,weibo,0
晚上病得一直哭闹，还是老爸厉害，抱一会儿就乖乖睡着了，肯定超舒服吧～[爱你][心],1,qwen3-next-80b-a3b-instruct,train,zh,1,weibo,0
笑死我了[鼓掌],1,qwen3-next-80b-a3b-instruct,train,zh,1,weibo,0
老板。。先上3份驴肉和一碗驴杂汤。。风卷残云后。。居然还没吃饱？[晕],1,qwen3-next-80b-a3b-instruct,train,zh,1,weibo,0
[给力][哈哈] @爱缘静 @安安-顾小夕-- @百里万花 @半半半熟咸鱼 @被遗忘的记忆海-shy,1,qwen3-next-80b-a3b-instruct,test,zh,6,weibo,0
乡亲们快来投票啦！//@ICS李思哲: 都去投啊，谐星先谢了！[爱你][爱你],1,qwen3-next-80b-a3b-instruct,train,zh,2,weibo,0
自制奶茶[嘻嘻] 冬天就爱瞎折腾,1,qwen3-next-80b-a3b-instruct,train,zh,2,weibo,0
我也要去泰国！！小编自己也想冲啊[抓狂][抓狂]，抽中我了，能给个#带薪假期#不？@七洲网游侠 [可怜],1,qwen3-next-80b-a3b-instruct,train,zh,2,weibo,0
马先生太逗了，超时超到飞起但我根本听不腻，脱口秀天花板吧，真放开说能讲三天三夜[嘻嘻][赞],1,qwen3-next-80b-a3b-instruct,train,zh,1,weibo,0
但我真的舍不得送人糖果啊[泪],1,qwen3-next-80b-a3b-instruct,train,zh,1,weibo,0
偷空去看孟京辉的《恋爱的犀牛》拉！@朱迪的朱 @JackyStory @郭旋Rita @小秦圈儿 [给力][威武][奥特曼][哈哈][钱][心],1,qwen3-next-80b-a3b-instruct,test,zh,5,weibo,0
好期待曾侯甲和曾侯丁[抱抱]//@中国文物报: 精美青铜器一堆就不说了，失蜡法证据太炸了，重点是“曾侯丙”铭文居然是新发现！,1,qwen3-next-80b-a3b-instruct,train,zh,2,weibo,0
@ice小怪 @作妖儿 被骂爆了[衰][衰][衰]#文章出轨##姚笛有错没错##容祖儿怒斥杜汶泽#,1,qwen3-next-80b-a3b-instruct,train,zh,3,weibo,0
内地麦当劳要出小黄人啦！[鼓掌]@点子总动员,1,qwen3-next-80b-a3b-instruct,train,zh,1,weibo,0
回复@维他命羊: 百子湾周边的宝子们看过来！就在金港国际北边，易构和后现代城西头，有空来晃晃呗[嘻嘻] //@维他命羊:转给大望路新光一带的盆友~,1,qwen3-next-80b-a3b-instruct,train,zh,3,weibo,0
Q快[哈哈][哈哈][哈哈],1,qwen3-next-80b-a3b-instruct,test,zh,1,weibo,0
//@田震：嗯嗯 爱死了[抱抱] //@吾爱震：超有爱吧[太开心],1,qwen3-next-80b-a3b-instruct,test,zh,3,weibo,0
男朋友的义务[怒] 中招的转。。。。。。各位男生，看完还敢找女朋友吗[偷笑],1,qwen3-next-80b-a3b-instruct,train,zh,2,weibo,0
的士狂飙[泪][泪],1,qwen3-next-80b-a3b-instruct,train,zh,1,weibo,0
#早安#的哥开车放舞曲，太上头了[可爱],1,qwen3-next-80b-a3b-instruct,test,zh,1,weibo,0
奥利奥[爱你],1,qwen3-next-80b-a3b-instruct,train,zh,1,weibo,0
[嘻嘻] //@Paracutin：//@壹只?: 用这句当招聘广告简直炸了 //@郭豆豆: 我也能为这数据添把力吧？// @齐云飞 : 说这是黄埔军校真一点不夸张。// @ZephyrLin : 进百度电商部，你有1/10概率直接当大厂高管哦亲们,1,qwen3-next-80b-a3b-instruct,train,zh,11,weibo,0
【一个字】生活难；工作苦；收入低；物价涨；交通堵；情感假；金钱香；春晚困；砖家蒙；城管狠；艺术裸；学者假；机关闲；官话空；男人色；二奶贱！[晕]@王智新@bshd@江湖阿伯,1,qwen3-next-80b-a3b-instruct,train,zh,1,weibo,0
研究扎实，实至名归。[哈哈]@周洽强 @5三个6 //@广州大学张河清:@吴必虎 @武旭峰 @万庆涛 @中国生态旅游杂志 @周洽强 @广州大学地理科学学院 @李铭建 @水泊村夫 @广州旅游 @广州日报 @广州大学吴志峰 @广州大学团委 @广州大学GZHU @广州教育 @广州大学学生记者团 @广州大学旅游学院青协 @陈潭物语,1,qwen3-next-80b-a3b-instruct,train,zh,19,weibo,0
[哈哈]太欠了//@悟空桃子: 哈哈,1,qwen3-next-80b-a3b-instruct,train,zh,2,weibo,0
回复@Winking-bling：对啊，水屋在LIKULIKU岛，去官网一看就懂了，呵呵 //@Winking-bling:一千美金[衰][衰]一晚？ //@没有蛀牙的LEO:回复@猫言喵语3: 斐济333个岛，100多个能玩能住～水屋一般一晚起步一千美金左右 //@猫言喵语3:斐济外岛和内岛住哪好？水上屋一晚多少钱呀,1,qwen3-next-80b-a3b-instruct,train,zh,5,weibo,0
//@老曹-Sonic: 山东喝酒的规矩我真服了[泪] //@朱铁平: 以前在山东上班，真没错，主副陪、主副宾定好就别较真了，热菜没上之前，主陪仨，副陪仨，主宾回仨，副宾回仨，三四一十二，外地人直接懵圈，哪还顾得上招呼人，坐哪都一样,1,qwen3-next-80b-a3b-instruct,test,zh,4,weibo,0
嘿呦嘿呦拔萝卜[哈哈]居然真有这首歌[吃惊],1,qwen3-next-80b-a3b-instruct,train,zh,1,weibo,0
回复@微笑的汤金艳: 我也是！//@微笑的汤金艳:超爱它俩嘴边那两坨肉[爱你],1,qwen3-next-80b-a3b-instruct,train,zh,2,weibo,0
天气预报不是说今天晴转多云吗？卧槽！！！[怒骂][怒骂][怒骂],1,qwen3-next-80b-a3b-instruct,test,zh,1,weibo,0
@猫行迹 [哈哈],1,qwen3-next-80b-a3b-instruct,test,zh,2,weibo,0
这雪糕肯定是去年压在冰柜底的吧。//@独眼u: ……真是一对儿苦命雪糕啊。//@Azzurri: [衰],1,qwen3-next-80b-a3b-instruct,test,zh,3,weibo,0
真的从早等到晚，一点都没骗人，碟到手还得等一小时更新补丁。[晕],1,qwen3-next-80b-a3b-instruct,test,zh,1,weibo,0
#随手拍# 附近新开的攀岩馆今天免费开张，结果附近那群抠门爬墙党，连我都在内，全冲过去了，门口排了快半小时，估计不少人打算赖一整天，连餐车都挤成堆。估了下形势，果断放弃回家，贪小便宜没贪成还白烧一箱油，[可怜][泪]，太杯具了。,1,qwen3-next-80b-a3b-instruct,test,zh,2,weibo,0
这到底是治自己还是改环境？//@潘石屹:回复@你终于放弃治疗了:喝。//@你终于放弃治疗了:怎么用？撒天上还是泼地上？[哈哈]@潘石屹,1,qwen3-next-80b-a3b-instruct,train,zh,1,weibo,0
向@杨凤岗 同志学素质[挖鼻屎]。我就一句话：「我爱大连，从来没走」[心][呵呵][微风][微风][微风][微风] 提醒一下：杨先生，微博真不是这么玩的[失望],1,qwen3-next-80b-a3b-instruct,train,zh,3,weibo,0
@小张大帅 快看中北镇的小可爱们[嘻嘻],1,qwen3-next-80b-a3b-instruct,test,zh,2,weibo,0
就是个辣辣辣[哈哈],1,qwen3-next-80b-a3b-instruct,train,zh,1,weibo,0
//@刁东良: 超显眼的 @895一路微微笑 @安徽苗同伟 @安徽李世兵 @江淮晨报刘丹丹 @1065雪晴 @董浩ing @安徽环球国旅 @安徽中青旅 @张伟爱中国 //@活海欢乐水世界: [嘻嘻]//@前前方: 全是为你们 @活海欢乐水世界 @中国活海 @巨石山风景区 //@前前方: 嗯 太阳太猛 反光,1,qwen3-next-80b-a3b-instruct,train,zh,21,weibo,0
#悠游台湾个人游#哈哈哈，我的明信片全到啦[花心]！果然便宜没好货，印刷有点渣[泪]。。。从4月30日起，每天早上我都会发一条“绣花球”微博[酷]，前10个回复的，我就从台湾给你们寄一张明信片，一直持续到5月12日。哈哈哈，想玩吗？[太开心] http://t.cn/zOjryjV,1,qwen3-next-80b-a3b-instruct,test,zh,2,weibo,0
[酷]我们的专属可乐啊？@张暴暴 [鼓掌][鼓掌][鼓掌] via@南京中萃食品有限公司,1,qwen3-next-80b-a3b-instruct,test,zh,3,weibo,0
太神了，真便宜！[哈哈],1,qwen3-next-80b-a3b-instruct,test,zh,1,weibo,0
死丫头，故意找茬是吧？！昨晚唱歌时拿着手机傻笑，原来是在憋这招啊？！！[怒] //@宋晓苑：@王丹_Wendy 你看你看我早看出来了！疯起来真不是人哈哈哈！[哈哈],1,qwen3-next-80b-a3b-instruct,train,zh,3,weibo,0
天朝护照免签国家到底有几个啊？//@夏绿蒂要出走: 唉//@Lioue: //@王小山: 就不爱旅游。//@罗永浩可爱多: [good]//@宁财神: 我们不爱旅游！[泪],1,qwen3-next-80b-a3b-instruct,train,zh,6,weibo,0
请问是起亚哪款车啊？//@易车网王勇:[泪],1,qwen3-next-80b-a3b-instruct,train,zh,1,weibo,0
[哈哈] [哈哈] [哈哈] //@全球创意搜罗：绝了！宠物还能这么玩！[哈哈],1,qwen3-next-80b-a3b-instruct,train,zh,4,weibo,0
【#黄金100秒#微直播】今晚《黄金100秒》的黄金奖牌到底归谁？蹲住李星星、梁迪、力量兄弟组合的第二轮神操作！（[哈哈]夺宝游戏杀到终极轮了，你押谁夺冠？快扫二维码下注吧~,1,qwen3-next-80b-a3b-instruct,train,zh,1,weibo,0
[泪]睡不着,1,qwen3-next-80b-a3b-instruct,train,zh,1,weibo,0
顺便各公司年会都来请我去听！//@科尔沁夫: 各公司歌王歌后们，年会上唱歌早过时了，来给我唱才算真牛！[嘻嘻] //@勇敢的马: 公司歌神争霸赛，看谁能把CBD办公室变成麦霸舞台！@优酷网 直播赛事，评委@科尔沁夫 @吴向飞 @贺冰新国际教学法 亲自坐镇，12月-1月，来@麦乐迪KTV朝外店 现场炸场！,1,qwen3-next-80b-a3b-instruct,train,zh,9,weibo,0
[哈哈][哈哈][哈哈][哈哈]笑到我抽筋,1,qwen3-next-80b-a3b-instruct,train,zh,1,weibo,0
昨天晴得风太大，今天没风又霾上了，想找个好天去拍花咋就这么难啊[晕],1,qwen3-next-80b-a3b-instruct,train,zh,1,weibo,0
全家聚餐安排上！[馋嘴][哈哈][偷笑][鼓掌],1,qwen3-next-80b-a3b-instruct,train,zh,1,weibo,0
popo把高地占了，球球怎么都攻不上去啊//@史小花同学: 球球跟popo打成一片没[嘻嘻]//@史小花同学: 你跟它说左手右手，它分不清，但知道换手[哈哈]//@我是徐峥: @史小花同学 球球真聪明啊,1,qwen3-next-80b-a3b-instruct,test,zh,5,weibo,0
拉登早知道该剃胡子了//@三在若水：[偷笑] [衰],1,qwen3-next-80b-a3b-instruct,train,zh,2,weibo,0
心碎到逆流成河，叮当、奶牛、彤彤一个接一个离开我，我真的扛不住了[心碎] 从此再也不养宠物了[抓狂] 我在这儿:http://t.cn/zHrf3Zb,1,qwen3-next-80b-a3b-instruct,train,zh,3,weibo,0
又来谈合同！11月1日交稿a！[汗]真这样别说晚上，姐白天连出个门的时间都没了，各位别指望姐包场D爷了，趁早死心吧![泪]还有版税，姐能多要10个点不？[哈哈]我咋就这么不会谈合同呢？满屏都是人精，出来一个帮姐把经济搞定了行不？[可怜],1,qwen3-next-80b-a3b-instruct,train,zh,1,weibo,0
Miu Miu Nite！好想我们的雨夜“Lang”馄饨！[爱你],1,qwen3-next-80b-a3b-instruct,test,zh,3,weibo,0
@刘健for彩虹？您得冲啊//@阿达方: 穿着显瘦，脱了有料，吃香喝辣，又胖又瘦。//@夏雨: 随时都能练[嘻嘻]一组，两组，换个动作再一组[做鬼脸],1,qwen3-next-80b-a3b-instruct,train,zh,3,weibo,0
回复@夏昕999:先把签好名的书准备好[可爱],1,qwen3-next-80b-a3b-instruct,train,zh,1,weibo,0
店里最后三瓶千寿被抢光了…三号店你太绝了！这可是我最后的存货啊[怒][怒][怒][怒] http://t.cn/zOeio1l,1,qwen3-next-80b-a3b-instruct,train,zh,2,weibo,0
哟吼！[花心][鼓掌][围观]咱是一家人！,1,qwen3-next-80b-a3b-instruct,train,zh,1,weibo,0
[哈哈]//@Vista看天下: 【今日最佳图片】守株待兔！,1,qwen3-next-80b-a3b-instruct,train,zh,2,weibo,0
回复@彼得兔与丑小鸭:眼光真绝了！[嘻嘻] //@彼得兔与丑小鸭:女人如花，每朵都美到炸！超爱这句..[玫瑰][玫瑰][玫瑰],1,qwen3-next-80b-a3b-instruct,test,zh,2,weibo,0
[抓狂]//@沈笑：这帖必须转！我以前还以为就只是PM2.5里有致癌物呢,1,qwen3-next-80b-a3b-instruct,train,zh,1,weibo,0
回复@玩转东京: 主要是我在这听不懂还老想睡 //@玩转东京: 嗯 //@马剑是谁: 再说吧，看你怎么安排 //@玩转东京: 都中学了[给力] 啥时候看电影啊[汗] 这个月又满得不行 //@马剑是谁:[抓狂][抓狂][抓狂] //@小咔2466305071:@马剑是谁 小妹妹越来越美了 恭喜啊[爱你] 好好享受吧,1,qwen3-next-80b-a3b-instruct,test,zh,15,weibo,0
17号下单，18号发的货，都第四天了！外省的都到手了，同城快递还搁路上晃悠呢？@哈尔滨韵达快递 你家快递是蜗牛成精了？[怒]@哈尔滨微吧,1,qwen3-next-80b-a3b-instruct,train,zh,2,weibo,0
首部微电影，赶鸭子上架拍的，设计也仓促，品牌推广还是太拉胯[可爱] 下次绝对炸裂！,1,qwen3-next-80b-a3b-instruct,train,zh,2,weibo,0
回复@丹尼仔摄影: 这话我超爱听，跟听神话一样！//@丹尼仔摄影: 哈哥体质开挂，不靠伟哥照样生龙活虎、坚挺到爆[兔子][熊猫][熊猫][抓狂][哈哈] //@丹尼仔摄影: 回复@哈戳戳: 台湾酒真不是盖的，纯得没假，哈哥今晚火力全开，连开N个战场都稳如老狗[嘻嘻][哈哈],1,qwen3-next-80b-a3b-instruct,train,zh,6,weibo,0
对爱动物的人来说真的好心痛，但还有那么多吃不饱穿不暖的贫困地区的人，他们是不是更该被关注？对我来说，这俩都难[失望]只能尽力而为了,1,qwen3-next-80b-a3b-instruct,train,zh,1,weibo,0
哈哈 这个造型太绝了！[嘻嘻],1,qwen3-next-80b-a3b-instruct,train,zh,2,weibo,0
阿哦，你那位主持人男友荣不荣幸我不清楚，但你来咱这儿，我可太荣幸了[哈哈] 欢迎来美美的沙湖，祝你俩西夏之旅玩得超开心！,1,qwen3-next-80b-a3b-instruct,train,zh,2,weibo,0
北京连着两天雾霾，快窒息了[抓狂][抓狂][抓狂] 我在这里:http://t.cn/8kRR8nm,1,qwen3-next-80b-a3b-instruct,test,zh,2,weibo,0
[抓狂][抓狂][抓狂]//@龙道一: 祝~」」?）5：你们~」~?~晚安啊?：「？＂? //@杜鹏硕: 别再@我了！[抓狂]//@英杰拉姆: 晚安啊~ //@杜鹏硕: 姐姐你做噩梦了吧！！//@慢卷袖: 蓝夜蓝月陪女鬼,1,qwen3-next-80b-a3b-instruct,train,zh,8,weibo,0
喝了养胃茶，还没到11点就饿了[晕],1,qwen3-next-80b-a3b-instruct,test,zh,1,weibo,0
4B青年笑点低！[哈哈][哈哈] 做啥都自带喜剧效果！,1,qwen3-next-80b-a3b-instruct,train,zh,2,weibo,0
[衰] //@我们都爱重口味:[汗] 马里奥这下跑中国来了,1,qwen3-next-80b-a3b-instruct,train,zh,3,weibo,0
怕觉不爱[泪],1,qwen3-next-80b-a3b-instruct,train,zh,1,weibo,0
#新闺蜜时代# #cottonpink北京三里屯店# 新闺蜜时代特辑～100%纯棉纶荧光糖果色半透外搭，夏天穿它直接封神！内搭的pink吊带和短裤店里都有！防晒服？直接靠边站！[哈哈],1,qwen3-next-80b-a3b-instruct,train,zh,3,weibo,0
回复@JR?伊伊:宝贝你最牛了！姐永远站你这边[围观][赞]！ //@JR?伊伊:我也?姐！唱歌就得跟姐学！姐才是我真·偶像 //@love映霓:宝你太绝了！姐爱你[爱你]！ //@JR?伊伊: @G树嘉 @love映霓 //@JR?伊伊: 哈哈！太暖了谢谢支持，,1,qwen3-next-80b-a3b-instruct,test,zh,8,weibo,0
旅行哪能少得了买买买？哪儿购物最划算？退税怎么搞最省事？下午5点来跟我一起嗨退税！[心]//@城市服务管理广播: [鼓掌]//@DJ曙光: 关注@城市服务管理广播 @问城网 @手边巴黎urruolan,1,qwen3-next-80b-a3b-instruct,train,zh,5,weibo,0
漳州天气太爽了！漳州风景绝了[嘻嘻],1,qwen3-next-80b-a3b-instruct,train,zh,1,weibo,0
回复@NikaZJ：。。。。猛男三人行，没银子也猛不起来啊，俺最近穷到爆～！//@NikaZJ:回复 @acupofteathatsme:你也没去啊？跟@Eddyyyyy 和Vincent组个猛男三人游呗，哈哈[哈哈],1,qwen3-next-80b-a3b-instruct,test,zh,3,weibo,0
早啊[太阳]今天不跟这波走就落伍了？？？[嘻嘻][嘻嘻][嘻嘻]淘宝[威武]梦里购物车都塞满了[晕][晕][晕]我开冲了，你们慢点逛[嘻嘻]@阿里陈伟,1,qwen3-next-80b-a3b-instruct,train,zh,1,weibo,0
[笑哈哈]//@btv周颖: 有空来捧个场[哈哈] //@赵四微博: 网上传了这么久，今天总算有答案了！5片薯片真能有10毫升脂肪？今晚21:32锁定北京科教频道《魅力科学――事事爱较真》@btv周颖 @徐德亮,1,qwen3-next-80b-a3b-instruct,train,zh,5,weibo,0
天使会两位超美的天使[赞] //@peggy的开心一刻:@朱波 @广东天使会 @郑贵辉w 赵春雷@赵春雷BLOG @何巨-天使投资人 @孙政权_互联网_投资 @投资人老铁 @盈科股改律师刘全中 @主持人李博 。天使的浪漫。[兔子][嘻嘻],1,qwen3-next-80b-a3b-instruct,train,zh,11,weibo,0
贱兔两枚 [哈哈][哈哈][哈哈]@梦游和逍遥,1,qwen3-next-80b-a3b-instruct,train,zh,2,weibo,0
清明节我来泉州探你们啦[哈哈]@叫我-2小姐 @senddy薇,1,qwen3-next-80b-a3b-instruct,train,zh,2,weibo,0
[赞][心]心一直和你们在一起呀在一起//@寒江做?: [威武][威武][威武] //@王媛媛舞蹈:太感动了，沿途全是感谢和祝福！//@北京当代芭蕾舞团:你们太牛了！[鼓掌][鼓掌][鼓掌],1,qwen3-next-80b-a3b-instruct,train,zh,3,weibo,0
拍完了 累到脱壳 [怒] 幸好有花花陪着我 关注2.9的玩家惠吧 你和她的情人节洞房花烛夜[心],1,qwen3-next-80b-a3b-instruct,train,zh,6,weibo,0
#大黄鸭#带火了城市潮流啊[酷]，村村都有独门绝技[偷笑]，腾讯这波操作绝了有木有？[哈哈][帅]北京烤鸭也太顶了[威武][威武],1,qwen3-next-80b-a3b-instruct,test,zh,1,weibo,0
昨晚随手一换台，怎么看怎么别扭，现在才知道，没有最离谱，只有更离谱……[哈哈] //@snowerhyx: 有越南版当垫底，新还珠总算能挺直腰板了…… //@LiTong：那天报纸说方青卓演的是郭东临版容嬷嬷，我瞄了一眼直接笑喷，太搞笑了,1,qwen3-next-80b-a3b-instruct,train,zh,4,weibo,0
回复@梦想照进现实706:[偷笑][偷笑][偷笑] //@梦想照进现实706:[抓狂][抓狂][抓狂]你系坏银 [泪][泪],1,qwen3-next-80b-a3b-instruct,train,zh,3,weibo,0
[哈哈][哈哈][哈哈][哈哈]认错还挺诚恳//@陈耘康康:回复@张恋恋Emily:老婆??我爱你???so much?????[爱你] //@张恋恋Emily:回复 @陈耘康康:行吧！说你爱我，再转！我就原谅你,1,qwen3-next-80b-a3b-instruct,test,zh,4,weibo,0
[泪]//@兔纸nana_KV: 每次看到这种衣服的设计者我都服了！→_→//@太没品了: →_→[哈哈]//@辛巴达在路上: →_→最右太有经验了//@张飞爱讲笑话: →_→//@睡前笑话: →_→//@极品黑: →_→//@最牛整人专家: 开个专栏吧,1,qwen3-next-80b-a3b-instruct,train,zh,8,weibo,0
#我的美食日记#@Style-Cafe 给俺家屋顶小菜园打个卡，小黄瓜已经开吃啦，就是长得有点歪七扭八[衰]……再过阵子就能啃圣女果和丝瓜咯[鼓掌]@食尚小米 你家种了啥呀[偷笑] 我在这儿:http://t.cn/zHeVfpI,1,qwen3-next-80b-a3b-instruct,train,zh,4,weibo,0
别这么矫情行不行！行不行！我容易吗我？[泪][泪],1,qwen3-next-80b-a3b-instruct,train,zh,1,weibo,0
这肯定是讨厌狮子的人写的吧？为啥是吉利？[抓狂] //@BTV梁晨:射手座最牛[挖鼻屎],1,qwen3-next-80b-a3b-instruct,train,zh,2,weibo,0
#釜山火锅# 好多多猛的oba。。。@阿兹猫-AleX [馋嘴] 可惜俺现在是微胖界的人，哥都不带俺玩[泪][泪][泪] 吃肉[酷] 我在:http://t.cn/zjU1jdI,1,qwen3-next-80b-a3b-instruct,train,zh,6,weibo,0
我爸这“愤怒的小鸟”水平比我强多了！[怒],1,qwen3-next-80b-a3b-instruct,train,zh,1,weibo,0
不会吧！好像公关圈水瓶座女生特别多？[晕][晕][晕],1,qwen3-next-80b-a3b-instruct,train,zh,1,weibo,0
[奥特曼]//@东田造型王靖:这。。。。。。 // @燕燕张 :?省下一大笔妆容钱啊！！！ // @应采儿 :对！男人骂脏话也行[哈哈] 我们得躲起来骂[泪],1,qwen3-next-80b-a3b-instruct,train,zh,8,weibo,0
[哈哈]翻案「?」！//@宪阁微观:哈哈，妙解//@任志强: 没门楼拦着，阴风早吹没啦！零分[怒]//@王巍w:那后头的阴风咋办？不懂政治，给60分[哼]//@任志强:?正面来，撞上门楼就分左右//@王巍w:[呵呵]//@雷颐: 风吹得两边各一半！,1,qwen3-next-80b-a3b-instruct,test,zh,3,weibo,0
你们真的会啊[汗][泪] //@Faye_wei: 哈哈，又整出个名场面[嘻嘻][嘻嘻][嘻嘻]//@精vi灵De顽美乐园: 那谁别老逮鬼了行不[偷笑][偷笑][偷笑] //@Alvin??路吃西瓜: 哈，下次那???别??了啊。[嘻嘻][嘻嘻][嘻嘻],1,qwen3-next-80b-a3b-instruct,train,zh,6,weibo,0
[??吻]?死你?了我?！//@败家爷们: [泪]一起一起……//@Me-咿晴?: 感?，不行?？[?流?面]//@败家爷们: 我去，哭毛啊，必须高兴啊//@Me-咿晴?: 可??：??~！[?],1,qwen3-next-80b-a3b-instruct,test,zh,5,weibo,0
财力证明直接省了！我今年提交材料就没用上财力证明！//@台?自由行?人: [??][抓狂]@台?自由行?人: 新規定：20?以上，凡過去三年曾以自由行赴台，之前提交的薪資證明、存款證明、金卡都等同財力證明，再次申請不用再提#財力證明#。2012／12修訂，2013／1月起實施。,1,qwen3-next-80b-a3b-instruct,train,zh,3,weibo,0
被妈拖去医院抽血，扎手指，挤了半天才挤出一点。护士姐姐一脸无奈…汗，是不是平时不喝水的锅？[泪][泪][泪][泪][抓狂][抓狂],1,qwen3-next-80b-a3b-instruct,train,zh,1,weibo,0
国情不一样嘛，国外车就图个代步，安全舒服就行，咱这呢，好多人都买车显身份，我身边朋友宁可贷款买奔驰，这观念真改不了 //@灰锅L:等我有钱了，宾利买两辆，一辆拉着另一辆，哈哈哈， // @灰锅L : 声明！我超爱车的，就是把看到的说说而已，没别的意思，哈哈，别误会啊[泪],1,qwen3-next-80b-a3b-instruct,test,zh,6,weibo,0
睡得越来越晚，醒得越来越早。责任心太强也挺烦的，整天焦虑到怀疑自己是不是有自虐强迫症？[抓狂][浮云],1,qwen3-next-80b-a3b-instruct,train,zh,1,weibo,0
新年快乐，万事如意！[哈哈][嘻嘻][酷][爱心传递][干杯],1,qwen3-next-80b-a3b-instruct,train,zh,1,weibo,0
真想拿个大喇叭把所有赖床的都吼醒[哈哈],1,qwen3-next-80b-a3b-instruct,train,zh,1,weibo,0
我后天也出发[嘻嘻] //@TAMRON腾龙镜头:心动了！小编我得等到后天[兔子],1,qwen3-next-80b-a3b-instruct,train,zh,2,weibo,0
这标题有点水啊，难不成还有一半男生报女飞行员？[哈哈]@msn中文网,1,qwen3-next-80b-a3b-instruct,train,zh,1,weibo,0
回复@Fallingwater_Jane:当大哥的不吃点亏咋行[嘻嘻] //@Fallingwater_Jane:咱当是自家人，人家压根不认啊 //@画家刘勇:亲兄弟都闹掰了！[泪] //@卢艳霞:要撕票？真有这事儿？ //@朝阳土豆皮: //@DL-与时俱进: 朝鲜这种社会主义国家还有劫匪？我信你个鬼,1,qwen3-next-80b-a3b-instruct,test,zh,7,weibo,0
#名厨新闻#【手机淘宝砸钱请全国人白吃白喝】为抢微信线下支付，阿里又整活了！3月8日直接包下好几个城市的餐厅和正规娱乐场所，全民免费吃喝一天！唯一要求：用手机淘宝付款！这投入比双11+双12加起来还猛！姐妹们3月8号约起来了吗？[抓狂],1,qwen3-next-80b-a3b-instruct,train,zh,1,weibo,0
#天天向上#：【边看边唠】一张图、一句话、一个梗，证明你正在追今晚22:00开年首播的《天天向上》之“年货”！[爱你] 评论这条微博或者直接@天天向上官方微博，说说你现在看节目的真实感受吧！[抱抱][心][话筒] 要开始了！[钟],1,qwen3-next-80b-a3b-instruct,train,zh,3,weibo,0
[嘻嘻] //@同程网: 宁海森林温泉，躲开城市吵闹，泡得超舒服[心]周末约起来>>>http://t.cn/zjaBPvo,1,qwen3-next-80b-a3b-instruct,train,zh,3,weibo,0
现在超想边啃烤肠边敲字写作业[抓狂],1,qwen3-next-80b-a3b-instruct,train,zh,1,weibo,0
俩位这么有爱又欢乐，酒店达人直接送套房一晚庆祝同喜咋样[偷笑] @iurp @Mars任鑫 //@Mars任鑫: 同喜[嘻嘻]，翻译一下：移花互动是@酒店达人官方微博，天海路是@今夜酒店特价 [嘻嘻]//@iurp: @Mars任鑫 北京见咯,1,qwen3-next-80b-a3b-instruct,train,zh,8,weibo,0
[吃惊] //@远景涵: @石上泉2012高峰攀 //@jia?:这才是真·生活！[哈哈][赞],1,qwen3-next-80b-a3b-instruct,train,zh,4,weibo,0
[耶][耶][耶][衰][衰][衰]今天你2了吗,1,qwen3-next-80b-a3b-instruct,train,zh,1,weibo,0
我和@米昂小当家 #影响力PK# 打平了，差点就拿下【力挽狂澜】勋章啦[泪] 你也想冲限量勋章吗？[最右]http://t.cn/aKZEtF @长颈鹿梅子 @夏童小宝 @无聊小t @Ryan_Chiphell @古德猛安,1,qwen3-next-80b-a3b-instruct,train,zh,9,weibo,0
大家多多捧场[嘻嘻],1,qwen3-next-80b-a3b-instruct,train,zh,1,weibo,0
甘蔗虾也是小亭的心头好～明天就是五折最后一天啦啦啦[爱你][爱你][爱你],1,qwen3-next-80b-a3b-instruct,train,zh,1,weibo,0
小自然又赢了！手臂怎么才能这么细啊？有鸡皮肤的宝子们记得定期去角质+每天涂身体乳哦！这招已经救了我至少10个朋友了，腿也一样，就这么简单，坚持就对了！鸡皮肤除了毛周角化得靠尿素霜缓解，其他大部分都是角质厚+没保湿惹的祸。[抱抱],1,qwen3-next-80b-a3b-instruct,train,zh,1,weibo,0
刚发现个最近突然冒出来的淘宝港澳酒店卖家，居然是个以前死活说不做B2C的批发商，真让人失望[怒],1,qwen3-next-80b-a3b-instruct,train,zh,1,weibo,0
心疼死了，都喝出血了，牙龈还肿着，吃不香睡不稳！[泪][可怜]@番茄小牙,1,qwen3-next-80b-a3b-instruct,test,zh,1,weibo,0
半夜饿得不行，硬憋着。。。结果刷个剧，满屏都是吃喝。。。忍不了了[怒][怒][怒] 我在:http://t.cn/z8JqMOC,1,qwen3-next-80b-a3b-instruct,train,zh,2,weibo,0
又来发故宫票啦！等不及了//@东城郑芳:回复@国安国米:新一轮有奖互动马上开整，送50张故宫门票！宝子们别走开哈[心]//@国安国米:我也答了，没抢到[泪]//@东城旅游:回复@海smile-sea:这波拉票太明目张胆了，还有人参与不[偷笑]//@海smile-sea:我答了，帅主任,1,qwen3-next-80b-a3b-instruct,test,zh,1,weibo,0
谁有截图？速来点[嘻嘻]东南卫视这背景绝了,1,qwen3-next-80b-a3b-instruct,train,zh,1,weibo,0
何万圣！意思是我手里啥都别想跑呗[偷笑][偷笑] //@遇见老杨:张劳动[泪],1,qwen3-next-80b-a3b-instruct,train,zh,2,weibo,0
想象一下，当年要是把Watson译成屈臣氏，会咋样？现在要是把屈臣氏译成华生，谁还去那儿买洗发水？Waston=华生=屈臣氏[哈哈] [哈哈] [哈哈],1,qwen3-next-80b-a3b-instruct,train,zh,3,weibo,0
[抱抱][抱抱][抱抱]//@XMAN_宗介:[给力]@西西天还远@小雷旅行@背包客暮雨@Luna熊猫爱旅行@李雅雅vivian@oohlei@翟猫猫@Jocelyn云,1,qwen3-next-80b-a3b-instruct,train,zh,1,weibo,0
唐山好几个大路口，都有几个女人各自背着娃儿乞讨，有时还聚一块儿歇着。开车路过没来得及拍照，但真怀疑这些孩子来路不对，求唐山警察救救这些娃！[泪],1,qwen3-next-80b-a3b-instruct,train,zh,1,weibo,0
一刷微博就看到这消息…[泪] [蜡烛] //@吴卓翰andrew:别逗了，怎么这样，超棒的姑娘，心碎 //@钢子视线:[蜡烛] //@海上朱爷： //@钱文忠：真的？[泪] [泪] [泪],1,qwen3-next-80b-a3b-instruct,train,zh,8,weibo,0
【城市之音四川台FM102.6】城市之音 #2013校园迎新#-明星音乐教室。@郭静Claire @Bii??? 和电子科大的粉丝们大合照来啦！[哈哈][哈哈][哈哈]@郭?TW官方歌迷後援?@郭静意犹为静歌迷会 @Bii毕书尽内地后援会@Bii???全球??後援??,1,qwen3-next-80b-a3b-instruct,train,zh,5,weibo,0
@Lillian妮 @?麽孓 @小yanyan要减肥 @月々 @小清新要?胎?骨 [哈哈][哈哈][哈哈] //@水瓶座:4月吸好运秘诀，瓶子快转起来！！,1,qwen3-next-80b-a3b-instruct,test,zh,7,weibo,0
要[泪] //@奶油的爹:要签名照不//@水蓝拿铁:哈哈哈居然点到我了～[偷笑]他最近又胖了一斤，现在躺地上睡得可香了,1,qwen3-next-80b-a3b-instruct,train,zh,2,weibo,0
[泪]//@微博搞笑排行榜:为了长大，咱都丢太多东西了。[悲伤],1,qwen3-next-80b-a3b-instruct,train,zh,1,weibo,0
@姜磊-花蕾 你看着办，不行就送丹麦吧[哈哈],1,qwen3-next-80b-a3b-instruct,train,zh,2,weibo,0
各位小主儿都在哪看《甄嬛传》啊？偶打算假期追剧呢～求推荐PAD能看的萨[可爱],1,qwen3-next-80b-a3b-instruct,train,zh,1,weibo,0
#?会所重获新生媒体宴#横菜安排上了？感谢@小四合院小姐 邀约[哈哈][哈哈][哈哈],1,qwen3-next-80b-a3b-instruct,train,zh,2,weibo,0
三无产品，没原则、没底线、没道德！[怒],1,qwen3-next-80b-a3b-instruct,train,zh,1,weibo,0
#下班# 能不能借我三百个程序员，非得让游戏焕然一新不可~~~ 看着现在这开发进度，急死我了 急死我了~~ 没有爱的产品根本跑不起来 [泪][泪],1,qwen3-next-80b-a3b-instruct,train,zh,6,weibo,0
@张会亭亭 导演最近开心两件大事[嘻嘻]一是他拍的@汽车912 微电影《就要爱》拿下了第九届“河南省五四文艺奖”金奖！[威武]二是喝到宝贝@把日子过成镶钻段子 波波同学送的@舒克舒克我是贝塔胡萝卜汁,1,qwen3-next-80b-a3b-instruct,train,zh,4,weibo,0
工资给高了还是给低了呢。。。。 //@苏小欣儿:[good][good][good] //@fionaneverland:[鼓掌] //@黄嘉骊: 我们CTO啥都会[赞] //@邹蕾Lily:[鼓掌]晚上差点被保安当贼了 //@沈佳音:我来帮你们@郝欣诚 //@周小?Jorya_baby23: Jason太拼了~~~你该艾特下老大啊。,1,qwen3-next-80b-a3b-instruct,train,zh,9,weibo,0
韩国真的太过分了！！！//@方寸星辉：中国媒体跟吃了屎一样哑巴了，又在搞大棋，日// @中国经贸出版社总编辑 : // @东方扬1976 : [怒]// @警察方明 : // @尼玛的奇迹 : // @独立检察官2011 : 被韩抓的中国船长现身了，脸上擦伤眼睛淤青。http://t.cn/ScCgIQ 。 // @南国都市报韩潮光 : 转发微博,1,qwen3-next-80b-a3b-instruct,train,zh,21,weibo,0
[哈哈]//@青医附院李世宽医生: 一天面条被馒头揍了，找花卷帮忙报仇，花卷路上碰见包子，以为是烫了头发的馒头：别以为换个发型我就认不出你了！上去就是一顿胖揍。回来面条问：报成没？花卷：放心，屎都打出来了！,1,qwen3-next-80b-a3b-instruct,train,zh,2,weibo,0
#乐享红星# 第一口喝红星二锅头，是不是都这表情？[哈哈]@selena_shenyue @国安国米,1,qwen3-next-80b-a3b-instruct,test,zh,3,weibo,0
第一个问题开奖啦！正确答案是：101套别墅及客房。感谢@来个包子把 @遇到了岁月神偷 关注我们，还有@三位好友 也转了微博～请私信我们你的电话和地址，奖品活动结束后统一寄出！没中奖的别气馁，明早8点新问题等你来答！[嘻嘻],1,qwen3-next-80b-a3b-instruct,train,zh,4,weibo,0
哈哈，管他官方不官方，咱就是胡同里普通老百姓，想吃就回家[呵呵] 欢迎//@逯?夷: [嘻嘻]艾?，?自己有微博呀。我想吃了，真想。[害羞]//@菊儿小枣: 人少就赶紧回家哈 //@逯?夷: 擦，(⊙o⊙)，幸???人多。好想菊?家的?肉?菊香奶噢。//@当时我就震惊了:人山人海[衰],1,qwen3-next-80b-a3b-instruct,train,zh,6,weibo,0
这歌开头唱得也太吓人了吧！！[衰][衰][衰],1,qwen3-next-80b-a3b-instruct,train,zh,1,weibo,0
@食色之徒波少 [抓狂] //@王者归来SW:这在哪一段啊？,1,qwen3-next-80b-a3b-instruct,train,zh,3,weibo,0
操…吹得我脑壳发懵！[怒] //@许安patrick://@路微之倔强之驴:[吃惊],1,qwen3-next-80b-a3b-instruct,train,zh,2,weibo,0
#迅雷看看观影团#[哈哈]刚看完电影@青草原原 @迅雷看看专属观影团,1,qwen3-next-80b-a3b-instruct,test,zh,2,weibo,0
要是苹果真搞出无线充电，再塞个内置核心，以后在合作的商场、咖啡店啥的都能充，商家不光得交电费，还得给苹果交钱。[哈哈]简直爽飞,1,qwen3-next-80b-a3b-instruct,train,zh,1,weibo,0
太厉害了太厉害了！帮我盖个章呗[鼓掌][鼓掌][鼓掌][鼓掌][害羞][害羞][害羞][害羞],1,qwen3-next-80b-a3b-instruct,test,zh,1,weibo,0
又是机票业务[衰] //@梦游_Echo_公主病:机票业务大获全胜[熊猫],1,qwen3-next-80b-a3b-instruct,test,zh,2,weibo,0
我们该怎么安慰啊？！[泪]//@王利芬:[伤心] // @许文广 :最后两句歌词：“亲爱的母亲这是什么道理？亲爱的母亲这是什么真理？”,1,qwen3-next-80b-a3b-instruct,train,zh,4,weibo,0
//@江X帆:[失望] //@W小西瓜W:转微博,1,qwen3-next-80b-a3b-instruct,train,zh,2,weibo,0
摇滚+公益，绝了！为地球添点绿！快来支持吧！[鼓掌],1,qwen3-next-80b-a3b-instruct,train,zh,1,weibo,0
知道快餐店的土豆泥居然是这么“挤”出来的，瞬间心态崩了！[衰],1,qwen3-next-80b-a3b-instruct,train,zh,1,weibo,0
小伙伴们，晚安[爱你][爱你]第一次玩“杀人游戏”到这么晚，人多真的超嗨[嘻嘻]求明天能看见@太姥山风景名胜区 的日出，相信#奇迹会有的#对吧？@新鲜旅厦门,1,qwen3-next-80b-a3b-instruct,train,zh,2,weibo,0
没听过李敏镐，[晕],1,qwen3-next-80b-a3b-instruct,train,zh,1,weibo,0
我都记不清是哪年开始用百度的了。。反正肯定是02年之后的事儿了[哈哈],1,qwen3-next-80b-a3b-instruct,train,zh,1,weibo,0
回复@小苏小东小鑫:你这纯属钻空子[衰] //@小苏小东小鑫:趁机捞一笔，养鱼^_^！赶紧养鱼！[太阳][太阳][太阳],1,qwen3-next-80b-a3b-instruct,train,zh,2,weibo,0
操，一辈子清白，全被这破片毁了[怒][怒][怒],1,qwen3-next-80b-a3b-instruct,train,zh,1,weibo,0
#首都航空“精忠岳飞号”# 岳飞将军910周年诞辰，后人现场送紫砂将军像给@黄晓明 教主。[爱你][爱你][爱你][爱你][鼓掌][鼓掌][鼓掌][鼓掌],1,qwen3-next-80b-a3b-instruct,train,zh,3,weibo,0
美女来北京啦，北京等你很久啦~[嘻嘻][威武][围观],1,qwen3-next-80b-a3b-instruct,train,zh,1,weibo,0
93号汽油涨到8块一升，开车的人少了，走路的人多了，路上更堵了。从5月1日起实行行人限行：单眼皮单号走，双眼皮双号走，一单一双晚上走，戴墨镜的当遮牌处理，盲人当无牌处理，割双眼皮的当套牌处理，互相转告下 [嘻嘻],1,qwen3-next-80b-a3b-instruct,train,zh,2,weibo,0
#汪汪心发现#上海卫视的百里挑一赶紧换编导吧！上轮牵手成功的马伽伟，这轮又冒出来了[衰][抓狂] 我在:http://t.cn/zlE2sYm,1,qwen3-next-80b-a3b-instruct,test,zh,2,weibo,0
[哈哈][哈哈]//@雷神BG7:[鼓掌] //@rarei6016:@雷神BG7@DJ路路通 @东京探索 @朱君平 @小全叁 [鼓掌],1,qwen3-next-80b-a3b-instruct,train,zh,6,weibo,0
哟，冠军都让同一队包了啊[嘻嘻],1,qwen3-next-80b-a3b-instruct,train,zh,1,weibo,0
回复@陈敢: 睡得贼死，刚睁眼[衰] //@陈敢: 真顶，太棒了。,1,qwen3-next-80b-a3b-instruct,train,zh,4,weibo,0
付钱的都发话了[偷笑]//@ebeecake: 欢迎来啃美味~[笑哈哈]//@Jenny娟娟: 下次去必须狂吃一顿~~[嘻嘻]//@宫元书美食摄影: 哈哈[来]还有咖啡！//@Jenny娟娟: 回复@轶凡乐学成长空间: 对啊对啊。。。我也馋死了。。咋办咋办[抓狂][抓狂][抓狂] 说不定去北京宫大师请我吃呢[馋嘴][馋嘴][哈哈],1,qwen3-next-80b-a3b-instruct,test,zh,7,weibo,0
[哈哈] //@北美宠物快报:[偷笑]真想把狗碗顺走。//@文嘉洛洛:@北美宠物快报 [嘻嘻],1,qwen3-next-80b-a3b-instruct,train,zh,3,weibo,0
腾讯也太放得开了吧！//@我舅不是柱子:你们上班都穿啥啊？全露出来了???????[吃惊][抓狂],1,qwen3-next-80b-a3b-instruct,train,zh,1,weibo,0
我也好想去看啊！[抓狂] //@新民说:1月5日，9:00―21:30：①【世界改变中国，还是中国改变世界？】许纪霖（主持）、秦晖、许章润、刘瑜、王利、施展；②【“国家”中的“国民性”】贺卫方（主持）、钱理群、王人博、何怀宏、熊培云；③【文艺与新民】欧阳江河（主持）、格非、戴锦华、柴春芽。,1,qwen3-next-80b-a3b-instruct,train,zh,2,weibo,0
好日子就得狠狠庆祝一波，再祝一波[鼓掌]//@风韵在憩: 回复@朱雷正兴: 谢啦！这消息一发，记者节直接爆了，我结婚纪念日也撞这天，还有生日的——祝所有跟今天沾边的：喜怒哀乐、悲欢离合，全给我嗨起来！呵呵呵 //@朱雷正兴: 老哥节日快乐！,1,qwen3-next-80b-a3b-instruct,train,zh,5,weibo,0
慈眉善目的老爷爷！太有爱了！拍得怎么样都不重要了！暖到心坎里了！//@弟子广哲:简直像我姥姥 //@Mwendywu:也就那样 //@唯美丶中国风:时光唰唰就过去了，还有人记得我吗？[失望],1,qwen3-next-80b-a3b-instruct,train,zh,3,weibo,0
和老友老同事唠嗑真爽，回忆满满！[哈哈],1,qwen3-next-80b-a3b-instruct,train,zh,1,weibo,0
@波波阿三头 你们公司抽烟的都撵到马路对面去了？[晕],1,qwen3-next-80b-a3b-instruct,train,zh,2,weibo,0
把杨五送日本去吧//@一号掌门:学生的心声![偷笑]//@nukgnay:他妹的//@一号掌门:@拜仁铁狮21 @nukgnay [嘻嘻],1,qwen3-next-80b-a3b-instruct,train,zh,3,weibo,0
她悄咪咪跑出去治了无数回！//@刘镝:[衰]畜生都不如的东西[衰]//@摄影师王麒: 逆淘汰的结果都是王八蛋上位！,1,qwen3-next-80b-a3b-instruct,test,zh,2,weibo,0
一进厕所全是饭味儿…立马饿了[衰],1,qwen3-next-80b-a3b-instruct,test,zh,1,weibo,0
这人不得好死！老天都看不下去了！//@李永林的微博:[蜡烛]乖孩子，天堂再没坏人了，所有爱你的人，愿你化作最漂亮的小天使，自由自在、开开心心在天堂飞舞[蜡烛][蜡烛][蜡烛]。求法院剐了这畜生，同感的转！[怒],1,qwen3-next-80b-a3b-instruct,train,zh,1,weibo,0
还有洗衣机[晕][鼓掌] //@携程团购: 离春熙路超近，吃的多到爆，能吃到这么地道的成都味儿真的爽，酒店虽然在市中心，但一点都不吵，选高点的房就稳了~~白担心了，下次来成都还选这儿，太值了,1,qwen3-next-80b-a3b-instruct,train,zh,3,weibo,0
【#超级笑星# 倒计时】恭喜《超级笑星》今晚继续霸榜微博手机端首页[鼓掌]~节目马上开播啦[哈哈]~快关注官博+参与#超级笑星#话题互动~Iphone5S等你抱走[嘻嘻]！今晚直接送5台“土豪金”！冲啊！[太开心]~,1,qwen3-next-80b-a3b-instruct,train,zh,2,weibo,0
宁波真好玩[哈哈][嘻嘻][呵呵],1,qwen3-next-80b-a3b-instruct,test,zh,1,weibo,0
//@清华尹鸿：朱自清宁可饿死也不吃美国救济粮……中国人的骨气，命都可以不要，政治比命重要。 //@刘杰: //@薛晓路： //@周一民: //@环球资讯:// @yenangpa ：// @竹本02 : // @道士海江 ： // @长江直播 :[怒],1,qwen3-next-80b-a3b-instruct,test,zh,15,weibo,0
嘻嘻[给力][给力],1,qwen3-next-80b-a3b-instruct,train,zh,1,weibo,0
[偷笑][鼓掌]//@勤劳的工作狂：先试再评必须安排！[偷笑]//@鹏的莹：鲜甜有嚼劲，做龙虾塔塔直接封神[鼓掌]@现代可汗 @勤劳的工作狂 @劲松侯老师 @光头陈庆 @三摩地帮主 真的绝了，野生无误，@oysterking 我和老大尝了，味道[赞],1,qwen3-next-80b-a3b-instruct,train,zh,7,weibo,0
想看这场景，我就是唯恐天下不乱，呵呵//@大仙: 希望莫言像萨特一样，拒领奖！//@静娅: [哈哈],1,qwen3-next-80b-a3b-instruct,train,zh,3,weibo,0
谁跟哥一样，一双人字拖撑完整个夏天不买鞋？[嘻嘻] 6pm 现在 Havaianas 哈瓦那精选拖鞋特卖，直降58% OFF，包邮！夏天都来了，速冲~戳http://t.cn/8sWV6Lz,1,qwen3-next-80b-a3b-instruct,train,zh,6,weibo,0
[威武]//@艳阳度假网: 感谢关注呀～在艳阳度假网也能直接订！点这链接http://t.cn/zY3k1A9，一键预订就搞定～[可爱]//@Quennie_yaya: 好啊！在哪订啊,1,qwen3-next-80b-a3b-instruct,train,zh,3,weibo,0
"“亲情”根本就是自己骗自己的吧。从头到尾，咱俩不就是陌生人嘛。//@yananana: ＂亲情＂是臆想出来的吧。从一开始到最后，其实""我""和""你""始终都是陌生人。[泪]",1,qwen3-next-80b-a3b-instruct,train,zh,2,weibo,0
伦敦奥运，小气到家了//@金针: 对，傲慢和偏见继续上演//@千里兵锋: 到底谁违背奥运精神？[怒]//@陈向平: 伦敦把中国观众气炸了！[弱][伤心][懒得理你]//@陈向平: 裁判这么黑，英国怎么带下一代？伦敦，我瞧不起你！英国也烂透了！//@?SELF: 艹//@忍花艹: 艹,1,qwen3-next-80b-a3b-instruct,train,zh,7,weibo,0
一降温我就饿得慌，咋办[抓狂],1,qwen3-next-80b-a3b-instruct,train,zh,1,weibo,0
玩得超嗨又满足！[鼓掌]//@饕餮yuki: [偷乐]这日子简直坐不住啊//@繁星满天飞扬: 又是扫街模式启动！[威武]//@晨光熹微_baka: 对折太顶了~~,1,qwen3-next-80b-a3b-instruct,train,zh,4,weibo,0
微博就是个工具，发啥不关键，谁发的才重要。看看@苍井空老师就知道了，天天就那三句：我吃饭了。我写字了。我拍片了。粉丝照样蹭蹭涨。//@hdtMobile简?:笑话，色图，八卦，僵尸，水军，大号5宝。[哈哈],1,qwen3-next-80b-a3b-instruct,test,zh,1,weibo,0
罚酒//@杨云飞cloudyyang: 我瞅成胯下一位美人，我错了，自己去面壁了[泪]//@黄四维: 白兄这情怀绝了！//@钟表游: 对啊，铸客一到手，简直和这秋色绝配。秋风起，落叶飘，胯下有马，怀里有美人，还求啥？@顾江兄，你还记得不？//@黄四维: 搭秋叶简直入画了～,1,qwen3-next-80b-a3b-instruct,train,zh,5,weibo,0
么么哒要回北京啦～耳朵已经自动过滤英语，只听得见他们在说话，根本不想动脑子翻译[泪],1,qwen3-next-80b-a3b-instruct,train,zh,1,weibo,0
山东琴书，好久没在舞台上看到了！[鼓掌]//@青岛曲艺社-唯嘉: [赞] //@闽清阁茶文化会所:赵倩老师的山东琴书《偷年糕》～～唱腔太炸了~~,1,qwen3-next-80b-a3b-instruct,train,zh,3,weibo,0
跟你们一个个死磕到底！哈哈[嘻嘻],1,qwen3-next-80b-a3b-instruct,train,zh,1,weibo,0
再次感谢Dicky @barakalee 的帮忙[鼓掌][鼓掌][鼓掌][鼓掌],1,qwen3-next-80b-a3b-instruct,train,zh,3,weibo,0
你不知道就是因为没关注他！[哈哈][哈哈][哈哈],1,qwen3-next-80b-a3b-instruct,train,zh,1,weibo,0
爱金陵才赢[哈哈]//@黄浩俊Howard: 低调有品[哈哈] //@无锡金陵大饭店: 就剩几天啦！快上车！转起来[给力][给力],1,qwen3-next-80b-a3b-instruct,train,zh,4,weibo,0
[鼓掌][鼓掌][鼓掌][心][心][心][鲜花][鲜花][鲜花],1,qwen3-next-80b-a3b-instruct,train,zh,1,weibo,0
三月不减，四月后悔，五月遭雷，六月失恋，七月黑成炭……[衰]赶紧动起来！,1,qwen3-next-80b-a3b-instruct,train,zh,1,weibo,0
我媳妇的SHUFFLE今天终于会游泳了[泪]听说游了四十多分钟……[?],1,qwen3-next-80b-a3b-instruct,train,zh,1,weibo,0
胖娃儿肉乎乎，唱歌呆乎乎[嘻嘻],1,qwen3-next-80b-a3b-instruct,train,zh,1,weibo,0
#亲爱的书友# 今天本来要来现场分享的这位书友的读后感[鼓掌] 欢迎各位书友把你的感想写下来发给我们，我们会发到官网“黑玛亚花园”跟更多人一起看：）,1,qwen3-next-80b-a3b-instruct,train,zh,3,weibo,0
//@长天孤鹜女: //@GIF图库: 虽然我平时疯疯癫癫、不正经，但说实话，我真的有点心酸了。。。[泪],1,qwen3-next-80b-a3b-instruct,test,zh,3,weibo,0
你敢信这是1988年的国产动画？这才是中国动画的魂！！！民族漫的根就在这儿！！！[赞]虽然88年我还没出生，但我的童年绝不是喜羊羊！！！[抓狂]http://t.cn/zlDUh6z,1,qwen3-next-80b-a3b-instruct,train,zh,1,weibo,0
真的服了那些字幕组大神，外片一出字幕立马就来！希金斯和布莱尔那场《宗教对世界有好处吗》的辩论，光做字幕就耗了我好多时间，还没搞完[晕],1,qwen3-next-80b-a3b-instruct,test,zh,1,weibo,0
//@神笔记: 整得人快废了，1000多块就想打发？[怒],1,qwen3-next-80b-a3b-instruct,train,zh,2,weibo,0
我靠，忘了@人了 @浅草恭子 @郑米饭 @阿拉蕾淼淼 @winegood //@申子超: 能给瓶正牌的吗[哈哈],1,qwen3-next-80b-a3b-instruct,train,zh,7,weibo,0
还不错~~该开始琢磨装修了~ //@凯诺Juno://@D大D:哎，不指望了。。。//@冷笑话精选：哇，这户型，直接爱到变形。。。[抓狂],1,qwen3-next-80b-a3b-instruct,train,zh,2,weibo,0
回复@八月雪: 刚才谁嚷嚷着要打打打来着？//@八月雪: 呵呵！！我连对象都没有！在家干活儿都没人撒气！！//@香草香草王岩伟: 回复@八月雪: 你搁黄河滩喝啤酒撸串，还[泪]让我这等老婆下班的咋整！//@八月雪: [泪],1,qwen3-next-80b-a3b-instruct,test,zh,6,weibo,0
学啥都不晚[嘻嘻] 我在这儿：http://t.cn/zlEWOo6,1,qwen3-next-80b-a3b-instruct,test,zh,2,weibo,0
[衰][衰][衰]南京这是出啥事了//@tttbee:南京凉了//@NEYNEY小旎:[衰]我得戴口罩！,1,qwen3-next-80b-a3b-instruct,train,zh,1,weibo,0
[鼓掌]心动容易行动难，边走边珍惜！//@黑米粒: 腾龙喊你去阳朔，还等啥？点链接报名！[酷],1,qwen3-next-80b-a3b-instruct,train,zh,2,weibo,0
没赶上航班，闹钟都炸成这样了居然还叫不醒我？！[泪][泪][泪][泪] 幸好下午的票改好了！#悲催空少背后血泪模糊成长记#,1,qwen3-next-80b-a3b-instruct,train,zh,2,weibo,0
你们这帮凑表年的 @?? @是以见放 @蝎十一 [怒],1,qwen3-next-80b-a3b-instruct,test,zh,5,weibo,0
红会真是婊子养的吧！还是红会养了你们这群婊子，见风使舵，没心没肺啊！//@爱新觉罗载勋:回复@北平闲人V:秘书长说红会没人要重查郭美美，监督委也没决定重查。实际是王永、刘姝威两位委员自己提的。[偷笑][哈哈]//@北平闲人V:MM一放话，次奥，不玩了，真逗。,1,qwen3-next-80b-a3b-instruct,test,zh,1,weibo,0
//@行者梦野: 想拿赠品DVD《去你的巴布亚》全套纪录片的宝子速来[哈哈],1,qwen3-next-80b-a3b-instruct,train,zh,2,weibo,0
刚带儿子去路边草地遛兔子，本想让它跑两圈，结果这小吃货一头扎进草里吃个没完！[晕],1,qwen3-next-80b-a3b-instruct,train,zh,1,weibo,0
熊~~ //@NNNNNN7:[泪]@雨娟儿 //@全球语录:可爱的克鲁特knut走了[泪] 真的去当天使啦！,1,qwen3-next-80b-a3b-instruct,test,zh,4,weibo,0
//@沃伦的信徒17U:// @宋鸿兵 ：[酷] // @新民周刊 ：// @韩滨鸿 :太黑了，早被干掉了 // @南京周末 :[嘻嘻],1,qwen3-next-80b-a3b-instruct,train,zh,11,weibo,0
中国风流水线[哈哈],1,qwen3-next-80b-a3b-instruct,train,zh,1,weibo,0
妹妹果然最爱甜品！替我儿子谢过姑姑千里送来的甜点，满满心意，超好吃[爱你][鼓掌],1,qwen3-next-80b-a3b-instruct,train,zh,1,weibo,0
@Oliver郝焕 居然是处女座！[哈哈][威武],1,qwen3-next-80b-a3b-instruct,train,zh,2,weibo,0
//@木鱼陈: [哈哈]//@五角海绵:商大直接冲 //@五角海绵:这玩意儿有点东西,1,qwen3-next-80b-a3b-instruct,train,zh,3,weibo,0
欢迎回家！虎皮猪手也超好吃的！[可爱] 亲，双节美食季开启啦，9.18-10.7，两天一款特价菜，快来尝呀！,1,qwen3-next-80b-a3b-instruct,train,zh,2,weibo,0
天呐，绝了！这个太牛了[good] //@潘昕: 有没有？有没有？？有没有？？？[哈哈],1,qwen3-next-80b-a3b-instruct,train,zh,3,weibo,0
【#超级笑星# 精彩剧照】[鼓掌]还剩不到六小时，《超级笑星》首场半决赛就要开整啦！[哈哈]笑到打滚，火力全开！绝对不能错过～主评审王晶老师都笑到躺平了~[偷笑]播出时发短信A+你最想说的话到10660122688，参与互动还能抽千元现金大奖！#超级笑星#一笑值千金！,1,qwen3-next-80b-a3b-instruct,train,zh,2,weibo,0
这两天怎么了，这代老艺术家，，，，，，[泪][泪][泪] //@姚晨:这是集体谢幕啊...[蜡烛],1,qwen3-next-80b-a3b-instruct,train,zh,2,weibo,0
还剩六场戏…直接送命吧，淋雨戏还在后头呢[泪],1,qwen3-next-80b-a3b-instruct,train,zh,1,weibo,0
#龙门镖局# 美到没朋友~[花心][爱你] 璎珞妹子这身红旗袍，直接原地穿越上海滩？[嘻嘻]@钱芳QF,1,qwen3-next-80b-a3b-instruct,test,zh,3,weibo,0
刚还说以后不碰蘑菇了，按右右的说法得吃，还得连根带叶全吞了？[衰]//@鹦鹉史航: 植物好贱[奥特曼][江南style]//@玉阶春草: 動物溝通師綠蒂亞說，植物被吃超開心，動物被殺才委屈到哭//@鹦鹉史航: 右边那句看着小清新，一琢磨，真特么冷血啊啊,1,qwen3-next-80b-a3b-instruct,train,zh,4,weibo,0
我这肝气堵得慌，谁惹我这么上火啊！[怒],1,qwen3-next-80b-a3b-instruct,test,zh,1,weibo,0
一大早刷微博，全国高速全线堵成停车场，放眼全是动不了的车[衰],1,qwen3-next-80b-a3b-instruct,train,zh,1,weibo,0
@橙色先生-王金瑞 手机炸了是啥体验[哈哈],1,qwen3-next-80b-a3b-instruct,test,zh,2,weibo,0
[哈哈]笑一笑就对了！//@好妈妈VS好老师：话虽土但道理在理，文艺女青年都踩过这颜色坑了！暖深色系的姐妹们，酒红色赶紧安排上！,1,qwen3-next-80b-a3b-instruct,train,zh,1,weibo,0
水魔方？//@久尚模特-蕾蕾:[哈哈]这妞是玩疯了还是被浪拍晕了？哈哈哈,1,qwen3-next-80b-a3b-instruct,train,zh,1,weibo,0
[哈哈]//@梁岚月摩羯: [哈哈]//@有福社长: [笑哈哈]九九表示也绷不住了//@小密_地雷: 那真是雪上加霜了[泪] //@有福社长: 可别人多还添颗地雷啊 [哈哈] //@小密_地雷: 这屋就剩人了[哈哈] //@李庶_: [哈哈] //@有福社长: 一声叹气，心事一堆[笑哈哈] //@DJ文小雯: 跟我们这儿小二@DJ阿森,1,qwen3-next-80b-a3b-instruct,train,zh,15,weibo,0
[哈哈][哈哈][哈哈]//@北方老编辑: 哈哈哈哈！,1,qwen3-next-80b-a3b-instruct,test,zh,2,weibo,0
呵呵！这都能有啦！大家开心最重要！//@星空下de-张筱搓:咳咳帮主我听见了哈哈有我一份不[哈哈]// @三样菜帮主: 呵呵！我请喝饮料！还能打折！// @彩虹吉吉: 怎么个优惠法？见者有份啊！// @三样菜帮主：呵呵！下次来！肯定有优惠！超开心你们喜欢我们家三样菜！,1,qwen3-next-80b-a3b-instruct,train,zh,6,weibo,0
这海苔。。。//@贝贝周琴: [怒]晚饭就吃了鸡蛋水果和光头粉的我，看到这张图直接饿疯了…海苔！我的爱！,1,qwen3-next-80b-a3b-instruct,train,zh,2,weibo,0
呵呵，把当初他花她钱的还回去不就完了。。。至少他来找茬的理由少一个呗。呵呵//@不加V:[哈哈],1,qwen3-next-80b-a3b-instruct,train,zh,1,weibo,0
刚到公司就挨了一闷棍！大学同学要结婚了！！这年纪本该祝福，可我们仨剩女当年赌谁先结婚，另两个就得掏3000块红包！！这货半年没见，居然悄咪咪领证了！NND，必须开喷！[怒],1,qwen3-next-80b-a3b-instruct,test,zh,1,weibo,0
[哈哈] [zongzi] //@郑建伟律师：[哈哈] //@达一般：[泪] //@大波猴V：[可怜],1,qwen3-next-80b-a3b-instruct,train,zh,5,weibo,0
//@王利群: 这才是人性最真实的样子。[鼓掌]//@新闻老兵://@郭洪钧: 在死板的媒体领导面前，再牛的记者也成木头人了！上面谁不想着别让老百姓笑话，可咋就总有宣传口的同志把好经念歪了？,1,qwen3-next-80b-a3b-instruct,train,zh,3,weibo,0
//@历史迷思://@这不是历史: 他这一生啊[泪],1,qwen3-next-80b-a3b-instruct,train,zh,2,weibo,0
//@老国光: [鼓掌]//@月桂树家: 走摘草莓！//@爱上昌平旅游:@筠子花树 @晴天暖日 @月桂树家 @苗苗小妞mm @任我行张斌 @贼爱玩儿 @刘小美_Anging @昌平延寿旅游服务 @枪炮玫瑰-小靴哥 @爱上昌平,1,qwen3-next-80b-a3b-instruct,train,zh,12,weibo,0
吃烤肉！开整！我和@coco萱萱 七点多排到八点半才吃到。[泪][泪][泪][汗] 谁想情人节出来受这罪啊。[汗][汗][抓狂] 吃就完了，把所有等待都转化成食欲！[偷笑][偷笑][委屈][馋嘴][馋嘴],1,qwen3-next-80b-a3b-instruct,train,zh,4,weibo,0
[害羞]谢谢大家的支持！//@何炅: 喜欢就好，不用非得最。[可爱][爱你] //@何炅粉丝团: 大学生最爱的综艺是《快乐大本营》，最爱的主持人是何炅。[鼓掌],1,qwen3-next-80b-a3b-instruct,train,zh,4,weibo,0
天呐……//@花生智仙: 评论——这图叫《扯蛋》//@Gracie_Inter要好好学习: [晕]弱弱问一句……不疼吗。。。//@微博搞笑排行榜:?炸了！[哈哈],1,qwen3-next-80b-a3b-instruct,train,zh,3,weibo,0
公司吃家里吃，白天吃晚上吃，躺床上了还摸黑爬起来吃！！艹，我该直接囤几箱回来[泪][泪][泪][泪][泪][泪][泪],1,qwen3-next-80b-a3b-instruct,train,zh,1,weibo,0
花得完吗？//@拔刀斋皇甫江: 谢啦，哈哈，钱必须赚！但移民免谈！十年前就撂话不走，老子就要在这地儿盯着天翻地覆，看独裁狗和罪人下地狱！//@幸福兔太太: 祝先生今年财源滚滚[哈哈][哈哈][哈哈][发红包][发红包][发红包]然后移民[偷笑][偷笑][偷笑],1,qwen3-next-80b-a3b-instruct,train,zh,3,weibo,0
。。[黑线]//@hanul思思: 牧羊犬？！[哈哈]//@purple--大口妞: [挖鼻屎]哈哈笑得也太欢了~,1,qwen3-next-80b-a3b-instruct,test,zh,3,weibo,0
我：热死了！他：到湖南就不热了。我：湖南才15度啊！他：那到家就不热了。[晕][晕]停车买全聚德外带。[嘻嘻],1,qwen3-next-80b-a3b-instruct,train,zh,1,weibo,0
太感谢这位宝这么细致的分享啦[鼓掌][爱你][爱你]~佰草集这瓶水还是老样子的草本范儿~补水不刺激，安心用不踩雷，国货护肤就该这么稳[嘻嘻],1,qwen3-next-80b-a3b-instruct,train,zh,1,weibo,0
朋友们圣诞快乐！！！[din癫当圣诞树][可爱][太开心],1,qwen3-next-80b-a3b-instruct,train,zh,1,weibo,0
@北京怡亨酒店 @阿尔弗雷德登喜路 @tracyliee特蕾西 [鼓掌],1,qwen3-next-80b-a3b-instruct,train,zh,4,weibo,0
我在这儿：#朝阳区# 我真是卷到飞起，开车还开着Q回工作[怒] http://t.cn/zOnUBLg,1,qwen3-next-80b-a3b-instruct,train,zh,3,weibo,0
看图猜心情……这表情，我服了！[泪][泪][泪],1,qwen3-next-80b-a3b-instruct,train,zh,1,weibo,0
感谢欧老师！//@欧倩如: 帅的大家先期待着吧[花心][鼓掌]//@张乃天: 终于播了！太不容易了！拍这戏真的超累！！我演了个超有个性的狙击手！,1,qwen3-next-80b-a3b-instruct,train,zh,3,weibo,0
太好听了!!!!!!![泪],1,qwen3-next-80b-a3b-instruct,train,zh,1,weibo,0
收到天晨送的手书和松烟墨，屋里瞬间墨香扑鼻，瞬间有种文化人的错觉，都不敢用，我那见不得人的丑字，哪配得上啊[泪]！谢谢@高天晨 [爱你],1,qwen3-next-80b-a3b-instruct,train,zh,2,weibo,0
早上来敲门的不速之客 我睁着眼睛干等 [泪][打哈气][怒骂][困][右哼哼][感冒],1,qwen3-next-80b-a3b-instruct,train,zh,3,weibo,0
对！我家狗15岁了，还天天二两肉供着[衰],1,qwen3-next-80b-a3b-instruct,train,zh,1,weibo,0
我背个房子重到不行。。。他倒是有房呢[泪],1,qwen3-next-80b-a3b-instruct,train,zh,1,weibo,0
[衰]//@我们爱讲冷笑话:冷到炸裂。。。,1,qwen3-next-80b-a3b-instruct,train,zh,1,weibo,0
蔡老湿果然上头[哈哈][哈哈] //@蔡幼林:史上最野敬酒法！俩姑娘坐腿上，三张脸贴一起，三张嘴同喝？[花心] //@黄村:@蔡幼林 老湿肯定爱这口 @胡大治 @偷蜜的大熊 @李峥嵘,1,qwen3-next-80b-a3b-instruct,train,zh,7,weibo,0
斗争失败的炮灰，这点钱对公仆来说算啥//@环保老爸之:不贪这点都好意思叫干部啊//@黄健翔:真富啊！//@周宁:没跑路钱还在！秘书都这样，更别说！！！//@曲东0708:为啥判死缓？//@ARCTIC_CLOUD:死有余辜[怒]压榨百姓的[猪头]国家蛀虫?,1,qwen3-next-80b-a3b-instruct,train,zh,1,weibo,0
下午微博名写错了，看获奖者自己发的照片吧[哈哈],1,qwen3-next-80b-a3b-instruct,train,zh,1,weibo,0
这轮两个1:3…一个1:5…[失望],1,qwen3-next-80b-a3b-instruct,train,zh,1,weibo,0
你懂的[哈哈] //@老沉: 晓松你啊，下次喝酒得跟我掰扯清楚谁是谁！,1,qwen3-next-80b-a3b-instruct,train,zh,3,weibo,0
！！！怎么偏偏是这周[泪][泪][泪][泪][泪][泪][泪][泪] //@点评团_上海:就在这周啦~~那个一直在我婶婶脑子里循环的曲婉婷，我来咯~~[偷笑] [偷笑] [偷笑],1,qwen3-next-80b-a3b-instruct,train,zh,4,weibo,0
这图真不是我家的，但你说得太对了！呵呵，私信发点参考图给你呀[可爱],1,qwen3-next-80b-a3b-instruct,train,zh,1,weibo,0
欢迎巴萨来华！今年咱们合作更多了！//@苏宁: 苏宁超荣幸去过诺坎普，欢迎巴萨来中国主场[鼓掌]//@苏宁易购: [嘻嘻]已蹲好，早上说你要来，大伙都不信，这世界真没不可能。,1,qwen3-next-80b-a3b-instruct,train,zh,3,weibo,0
回复@齐天悟空孙大圣:别歧视啊。。。[织] //@齐天悟空孙大圣:转这条:角色都行，但这名字也太惨了吧?????? //@开心韩峰:回复 @刘峥Jimmy :好 哈哈 // @刘峥Jimmy :下次咱俩一起演 // @开心韩峰 :还是假，以后得演得真点 // @开心韩峰 :回复 @bonboncow :[可爱] 转。。。 // @bonboncow :ha.帅,1,qwen3-next-80b-a3b-instruct,train,zh,21,weibo,0
是哭？是笑？[晕][晕],1,qwen3-next-80b-a3b-instruct,test,zh,1,weibo,0
就算我练会了半边脸自拍，就算我骑到灯火阑珊，最高速度还是卡在63KM，79KM根本想都别想[抓狂] 我在:http://t.cn/z849tti,1,qwen3-next-80b-a3b-instruct,train,zh,2,weibo,0
懂个鬼啊...[围观][抓狂][抓狂][抓狂],1,qwen3-next-80b-a3b-instruct,train,zh,1,weibo,0
太阳总会出来的//@节目圈看门大庆：这下知道啥叫邪恶了吧？真·黑社会是谁，大伙儿都明白了吧！[怒][怒],1,qwen3-next-80b-a3b-instruct,train,zh,1,weibo,0
哈，熟面孔帅哥。。。还在纠结清明假去不去海南呢，三四天怕是不够//@刚峰看世界: 下次跟上@行者谭迁 骑惠州绕大亚湾一圈[嘻嘻]@最美惠州,1,qwen3-next-80b-a3b-instruct,train,zh,3,weibo,0
买了双米奇球鞋，同学硬说是男款，烦死了标签还不写清楚。。。[晕],1,qwen3-next-80b-a3b-instruct,test,zh,1,weibo,0
啊~我的歌居然还有这功效？？？我要哭了，单身汉的歌竟牵成了别人的姻缘…羡慕嫉妒恨~[泪],1,qwen3-next-80b-a3b-instruct,train,zh,1,weibo,0
104、13 //@深夜走过长安街:106，107//@国安摩西BH:107 111 44 387 375[泪]小时候奶奶带我坐的[泪]//@北京-瑗玉: 112，101，342，382，115，402 //@墨尔本大躲闪:2、5、106、109、112、110、115、403 //@张民----彼得张:24路110路103、104、111 //@墨尔本大躲闪:3路8路,1,qwen3-next-80b-a3b-instruct,test,zh,10,weibo,0
这雪...冻到裂开...[泪]@只抽半支烟的小昕,1,qwen3-next-80b-a3b-instruct,train,zh,1,weibo,0
这行当真虚浮，看谁最后能笑出来！[晕],1,qwen3-next-80b-a3b-instruct,train,zh,1,weibo,0
朵儿咖啡，我来啦[爱你][带着微博去旅行]周五居然吃到手指泡芙了，跟电影里一模一样！富锦街好多小店能瞎逛，超悠闲，小资感拉满～,1,qwen3-next-80b-a3b-instruct,train,zh,1,weibo,0
[给力]@_清粥小菜_:来一个[爱你] //@1917微会所:@张晨初艺术空间 小鱼6364 @京城浩子哥 @京报刘洋 @天津郭佳杰 @台?假期V @京毅的地盘 @麦舒适大掌柜 @林恒毅 @暖乐佳张艳朝 @吉娜喵喵 @_清粥小菜_ @他们总说 @新东方王亦博 @金牌厨师磊磊 @@石小杰微博 @核,1,qwen3-next-80b-a3b-instruct,train,zh,18,weibo,0
粉粉们吃得好才最重要啊！！[爱你],1,qwen3-next-80b-a3b-instruct,train,zh,1,weibo,0
[抓狂]打?信箱，?卒。。。,1,qwen3-next-80b-a3b-instruct,train,zh,1,weibo,0
得活埋了 //@进城小农民: @周瑭 //@王东Money:[哈哈] //@仁达方略王吉鹏:[哈哈],1,qwen3-next-80b-a3b-instruct,train,zh,5,weibo,0
也没去。。。//@林萍果Sophiapple:@小--秦--秦 当年怎么不带我去[抓狂][抓狂][抓狂][抓狂][抓狂][抓狂] // @环球音乐榜 : 全世界最美的???――Stuttgart-City-Library,1,qwen3-next-80b-a3b-instruct,train,zh,6,weibo,0
哈哈[泪][衰],1,qwen3-next-80b-a3b-instruct,train,zh,1,weibo,0
热烈欢迎四辈儿先生入驻微薄。。[鼓掌]@甜硪滴?人,1,qwen3-next-80b-a3b-instruct,train,zh,1,weibo,0
靠！//@月之海: 只要你上班，这钱不交都不行//@AA_蓓蓓: [哼][衰][衰][衰],1,qwen3-next-80b-a3b-instruct,train,zh,3,weibo,0
@忐忑叉烧包 妞儿，生日快乐！没赶回北京陪你过，但心早就飞你那儿了！[偷笑][偷笑] 新的一年顺到飞起，想要啥都给你安排上（懂的都懂！）我快回京了，北京见?[爱你][爱你][爱你][蛋糕][蛋糕][蛋糕][蛋糕],1,qwen3-next-80b-a3b-instruct,train,zh,3,weibo,0
//@雷锋网: 连续58年没中500万的概率≈99.95%。我偏要试试。[哈哈],1,qwen3-next-80b-a3b-instruct,train,zh,2,weibo,0
瑞典开始试6小时工作制了！！他们说。。想用6小时制减少员工病假，提升效率。。最后还能省下国家开支。。。。北欧的福利真的泪目了[泪],1,qwen3-next-80b-a3b-instruct,test,zh,1,weibo,0
#汪汪寻美食#吃了两天港餐，总算吃到正宗重庆火锅了，还囤了最爱的小啤酒，爽到飞起[亲亲] 我在:http://t.cn/8kIADC4,1,qwen3-next-80b-a3b-instruct,test,zh,2,weibo,0
[蜡烛] //@无敌土肥圆:[泪][泪][泪][泪][泪],1,qwen3-next-80b-a3b-instruct,train,zh,2,weibo,0
朋友也能秒变搭子，有些事真像无形的运气，会传染的。[嘻嘻],1,qwen3-next-80b-a3b-instruct,train,zh,1,weibo,0
[泪][泪][心],1,qwen3-next-80b-a3b-instruct,train,zh,1,weibo,0
@金陵周华 //@皇嘉冷艺: 回复@在路上寻找秘密:[哈哈][哈哈] //@在路上寻找秘密:虎皮鸡蛋十多年没吃了，一想起来那味儿真香，皮儿还特脆……,1,qwen3-next-80b-a3b-instruct,train,zh,4,weibo,0
[给力] [给力] @海棠秀官方微博:[鼓掌]全网都在看~！,1,qwen3-next-80b-a3b-instruct,test,zh,3,weibo,0
活动前得填饱肚子，阳光好随便吃点都超满足！冲鸭，打不倒的小强[哈哈],1,qwen3-next-80b-a3b-instruct,train,zh,1,weibo,0
//@寂寞酷客单身攻略: //@许辰麟: //@今日上海热点: 有钱出钱，有力转评！转一下才1秒，说不定就救了一个上海家庭！@上海风水先生老崔 @小?音 @C2K-KGB机枪天使 这三位上海大佬每人出1000，奖金已到6000！求扩散！谢所有转的兄弟姐妹！谢了[泪],1,qwen3-next-80b-a3b-instruct,train,zh,7,weibo,0
[吃惊][怒][怒][鄙视] //@薯唛:应记，佛山人的心酸[泪][泪] //@饮饮食食_iNeS:老实讲，应记真别吃……现在连别人吃剩的都要回炉重做？抠门成这样还敢在佛山开分店开到满地都是？佛山吃货们快避雷！@尚豆小厨 @薯唛 @飞越迷雾者 @家俊邱,1,qwen3-next-80b-a3b-instruct,test,zh,6,weibo,0
【2013新娱乐上海草莓音乐节#免费拿好礼#】你去#上海沃画报#媒体展台找过我们没？最后一天还剩近百份大礼，中奖率高到离谱你敢信？等你来拿！[爱你],1,qwen3-next-80b-a3b-instruct,test,zh,1,weibo,0
温润如玉[鼓掌][good]//@珠莉zhuli: //@九转灵山: 转发微博,1,qwen3-next-80b-a3b-instruct,train,zh,3,weibo,0
@张智富@徐饱饭XY @雨小小小小雨 求票[哈哈][哈哈][哈哈][哈哈],1,qwen3-next-80b-a3b-instruct,train,zh,3,weibo,0
早餐一个汉堡不够吃，还得来碗菜[嘻嘻],1,qwen3-next-80b-a3b-instruct,test,zh,1,weibo,0
超感动，没啥大不了的~！互相珍惜互相尊重//@咩咩_meng：[泪] //@Wsx879：@小君君?,1,qwen3-next-80b-a3b-instruct,test,zh,2,weibo,0
回复@著名精神病:[泪]我收到后是该笑还是哭啊//@著名精神病:尊好,1,qwen3-next-80b-a3b-instruct,test,zh,1,weibo,0
气炸了！停个车都遭罪！终于懂啥叫穷凶极恶了[怒],1,qwen3-next-80b-a3b-instruct,train,zh,1,weibo,0
用mini改的 //@李开复: 在北京敢坐，反正车也动不了~ [衰],1,qwen3-next-80b-a3b-instruct,test,zh,4,weibo,0
十四呀，还能更“指腚2”！//@林更新:2到花都谢了[哈哈],1,qwen3-next-80b-a3b-instruct,train,zh,1,weibo,0
用心写下的，都是记忆里爱的味道，认真过好每一天，暖暖的话，暖暖的饭，暖暖地慢慢回想，最适合安静时一个人品[心]@烤面包的gogo 的新书《记忆的味道》，带我走进她的回忆，这本书也轻轻戳中了我心底的思念。谢谢gogo带来的这份暖暖感动。。亲爱的，书写得太棒了！！[爱你],1,qwen3-next-80b-a3b-instruct,train,zh,2,weibo,0
蒙奇奇的小伙伴[嘻嘻],1,qwen3-next-80b-a3b-instruct,train,zh,1,weibo,0
已？不知道第几人了，我是不是朝族的了？到台腔跟朝族的口音简直像？[泪],1,qwen3-next-80b-a3b-instruct,train,zh,1,weibo,0
为啥要[衰]黑咱国产混动啊。。,1,qwen3-next-80b-a3b-instruct,train,zh,1,weibo,0
帮帮可怜的[抱抱],1,qwen3-next-80b-a3b-instruct,train,zh,1,weibo,0
诶，这是总结版？感觉你对大众自动挡、黄金、车材都忍到极限了，但DSG这话题也太老掉牙了吧。别的都麻木了，没啥感觉//@清幽雨巷:安卓版手机[泪]，没职业道德……[怒],1,qwen3-next-80b-a3b-instruct,train,zh,1,weibo,0
分析挺全面的，数据还是很有参考性，就是写报告的小伙伴们还得再提升下专业度哈，继续加油关注[嘻嘻],1,qwen3-next-80b-a3b-instruct,train,zh,1,weibo,0
#食在旅途 实在板扎#【来云南必吃TOP8】1.青椒松茸：昆明招牌菜；2.凉拌米线：爽口到飞起；3.云南米酒：香到上头；4.红烧鸡枞：山珍中的顶流；5.过桥米线：不吃等于白来；6.稀豆粉：松林味儿直接拿捏；7.汽锅鸡：滋补又鲜到掉眉毛；8.黄焖鸡：香到隔壁小孩都哭哭～想吃不？[抓狂]via@云南旅游美图美博,1,qwen3-next-80b-a3b-instruct,train,zh,2,weibo,0
住在西双版纳市区，又听见公鸡打鸣，我直接傻了。[晕]今天要回老家了，我家大院现在啥动静？早忘光了！,1,qwen3-next-80b-a3b-instruct,train,zh,1,weibo,0
这字真没几个人会念、、、[哈哈][哈哈]//@襄阳高新区新闻:学习！,1,qwen3-next-80b-a3b-instruct,train,zh,1,weibo,0
天呐！！！救救我~ [抓狂] 写个报告能有多难啊！可要找的、要建的、要想的也太多了吧…[泪] @巨ta @我是李三友,1,qwen3-next-80b-a3b-instruct,train,zh,5,weibo,0
我的长假超爽？[嘻嘻]我的长假没过够？[抓狂]管你是哪种，周六来大本营，让陈奕迅给你长假画个完美句号！[哈哈],1,qwen3-next-80b-a3b-instruct,test,zh,1,weibo,0
去南极串了个门儿，真爽你们！[嘻嘻],1,qwen3-next-80b-a3b-instruct,train,zh,1,weibo,0
出差几天没洗衣服，快没得换了[抓狂]，到家估计得半夜洗了,1,qwen3-next-80b-a3b-instruct,train,zh,1,weibo,0
回复@雨晓薇:替晨曦家人谢过你的关心[泪]，连铁扇黄连揭短团团长都亲自到场了，真的破防了[泪][泪] //@雨晓薇:我是铁扇黄连揭短团的，特来送上最真挚的祝贺,1,qwen3-next-80b-a3b-instruct,train,zh,2,weibo,0
还有比这更欢乐的办公室吗？上图，直接碾压这些潮人[哈哈]//@valen歪小伦: 就要对比！,1,qwen3-next-80b-a3b-instruct,train,zh,2,weibo,0
想让管钱的开心吗[亲亲]，快戳这个链接http://t.cn/zj6tnY7[话筒],1,qwen3-next-80b-a3b-instruct,train,zh,1,weibo,0
好暖心呀～给咱们的挪威三文鱼画张图吧~[太开心],1,qwen3-next-80b-a3b-instruct,train,zh,1,weibo,0
每次看到这种动物，我都忍不住全身发抖[衰],1,qwen3-next-80b-a3b-instruct,train,zh,1,weibo,0
[吃惊]移民了这算重金属走私不？//@六六: //@张欣: OMG[抓狂][抓狂] //@环保董良杰: 不比不知道，一比吓一跳，咱体内重金属真不低！能移民纽约的吃喝肯定不差——还这么高，这让穷得动不了的咋活？,1,qwen3-next-80b-a3b-instruct,train,zh,5,weibo,0
这图啥意思啊//@没有魔戒的咕噜:绩效太难搞了[泪]@黄晓靖XiaojingHuang@张希春Anthony @Alex_兴,1,qwen3-next-80b-a3b-instruct,train,zh,2,weibo,0
晚了一小时，票全没了[泪] 一百块想做点善事顺便听段相声，梦碎了。,1,qwen3-next-80b-a3b-instruct,train,zh,2,weibo,0
?//@耳朵MM: 明天开干[哈哈],1,qwen3-next-80b-a3b-instruct,train,zh,2,weibo,0
这次又是写哪个省呀[嘻嘻],1,qwen3-next-80b-a3b-instruct,train,zh,1,weibo,0
【#黄金100秒#微直播】[偷笑] 陕北姑娘崔苗把杨帆也整成陕北帅小伙了，能让他也练出一副陕北好嗓子不？（变装秀看图[哈哈] @杨帆闪闪亮,1,qwen3-next-80b-a3b-instruct,train,zh,3,weibo,0
出行计划彻底泡汤了，下个月排得满满当当，唉。。。计划永远赶不上变化。烟花三月下扬州，明年再说吧[泪],1,qwen3-next-80b-a3b-instruct,test,zh,1,weibo,0
#新鲜分享#直击美国农民的惨状..........太心酸了[泪] via农享网官方微博,1,qwen3-next-80b-a3b-instruct,test,zh,2,weibo,0
表弟时代！???????? //@王星餐饮品牌策划人:践行三个代表 //@日下客:表哥还没谢幕，表弟又上场了，转 //@箫_遥:表弟要爆。 //@任志强: 好表。 //@蔡鸿岩:继续代表[哈哈],1,qwen3-next-80b-a3b-instruct,test,zh,7,weibo,0
曾经有个免费环游世界30天的机会摆在我面前，我没准备好，如果老天再给我一次重来的机会，我会????????，错过真的有点遗憾，先祝最终胜出的异国情侣好运，等你们的直播超精彩～也期待@港龙航空 下次的神操作！顺便还白捡了个惊喜，一如既往支持@港龙航空 [爱你],1,qwen3-next-80b-a3b-instruct,train,zh,3,weibo,0
支持～[嘻嘻] //@小美ceo:Great..大家要??院支持！,1,qwen3-next-80b-a3b-instruct,train,zh,2,weibo,0
太暖和了居然都有蚊子了，半夜被咬醒，胳膊肿了个大包[怒] //@老沉:转发微博,1,qwen3-next-80b-a3b-instruct,train,zh,2,weibo,0
贵族！还有种说法，上次在婚礼上拦住个挡镜头狂自拍的大婶，她当场炸毛：【你们知道我是他们家请来的贵族吗？】…//@麻辣隔壁七游唤嚼:扯淡！前两天我还看你推着电车跟人抢过马路！//@江枫de渔火:我也快了[嘻嘻],1,qwen3-next-80b-a3b-instruct,train,zh,1,weibo,0
小编！你这么皮，你妈管得了吗？[哈哈]//@赢微博: //@杨伯溆://@徐泓xh:央视傻成这样，真绝望。i//@中青报曹林: 这条微博怕是要被一堆人举报造谣了：）[哈哈],1,qwen3-next-80b-a3b-instruct,train,zh,3,weibo,0
女同学看沙拉流口水，男同学看美女流口水，鉴定完毕[抓狂]//@穷游网:#穷游美图# The Salad Concept 的美女店主Pye正忙着招呼客人。在泰北菜“辣”到飞起的圈子里，炸物和肉才是主角，Pye的沙拉店却硬是把健康吃出了仪式感。―― 清迈图记。,1,qwen3-next-80b-a3b-instruct,train,zh,6,weibo,0
加班到八点，饿着肚子打车回家[泪],1,qwen3-next-80b-a3b-instruct,train,zh,1,weibo,0
回复@徒步自行：面包是柴同学的！[嘻嘻] //@徒步自行:说实话，那天冷到爆，要不是老师一直喊加油，再啃了@雪影07987 一块面包?，我真撑不住。但最后咱还是熬到了最燃的那一刻！超骄傲！@Riquelme_Gu @单姥爷 @karew @郎雪峰,1,qwen3-next-80b-a3b-instruct,test,zh,6,weibo,0
谁说财务没幽默感//@syt_doc: 哈哈哈//@马靖昊说会计: 笑到打滚不怪我啊朋友们，晚安！//@远征的孤独者: [哈哈]再见工程，最后没憋住，直接笑裂了,1,qwen3-next-80b-a3b-instruct,test,zh,4,weibo,0
空？太棒了[嘻嘻],1,qwen3-next-80b-a3b-instruct,test,zh,1,weibo,0
热烈欢迎第三位吃货 @茄子加油 ，茄工现在搞IC设计，他是不是最早尝过俺手艺的那位？就在太中后头那地下室，酒精炉、泡面，还有咱妈的米汤！O(∩_∩)O哈哈~ [鼓掌] 欢迎！欢迎！,1,qwen3-next-80b-a3b-instruct,train,zh,5,weibo,0
把你们全拉黑了[挖鼻屎] //@billie爱巧克力: 一说还真有点像！//@七妙:@羊小铮 这是第几个了？[泪]//@梵尘之外: @七妙 我知道你肯定不爽，但我还是想说，你跟王晶挺像的~?@Tiffany鹏鹏 @匆匆一瞥轻描淡写 @乔总，微博找不到了~~,1,qwen3-next-80b-a3b-instruct,train,zh,8,weibo,0
[鼓掌]//@沈小点: 真的超爱王大仁,1,qwen3-next-80b-a3b-instruct,train,zh,2,weibo,0
搬个小板凳吃瓜 [哈哈][偷笑]//@RukMaiMeeWantay_K:[哈哈][哈哈] 打起来打起来//@Vampireprincekimi: 哼[怒]//@Ciky的角落: 再说你胃穿孔了，这玩意儿别碰，下次喝砂锅粥叫你来付钱//@Vampireprincekimi: 我还不稀罕呢 有啥了不起//@屠大大-欠扁:哈哈//@Ciky的角落,1,qwen3-next-80b-a3b-instruct,train,zh,7,weibo,0
阿弥陀佛，乐呵乐呵！//@ctrip丁小亮: 你太强了，居然能连拍凡人日常照，快给师傅看看[哈哈][哈哈] “山下的女人是老虎”，千万别往庙里带！,1,qwen3-next-80b-a3b-instruct,train,zh,3,weibo,0
我这叫应景，回归自然嘛，哈哈，今天我就是@海吃海喝找海哥 的临时模特 //@菁制美食:都说某某山泉有点甜，这水简直是甘甜到爆！连猪猪们都对着水龙头猛喝呢~[哈哈] @悠悠Daniela,1,qwen3-next-80b-a3b-instruct,test,zh,4,weibo,0
电商圈聊微信头头是道，但残酷真相是：99%的企业压根不知道该用哪部手机做微信电商[哈哈],1,qwen3-next-80b-a3b-instruct,train,zh,1,weibo,0
这天气你们都是勇士//@北京老五四季涮肉:[嘻嘻]又到涮肉的季节啦。。。,1,qwen3-next-80b-a3b-instruct,train,zh,1,weibo,0
言情还是惊悚？[晕] //@黄金家族微博: 真的假的？小说吧？ //@wancongyun: 看哭了 //@以勤修为: 转了,1,qwen3-next-80b-a3b-instruct,train,zh,7,weibo,0
[鼓掌][鼓掌][鼓掌] //@黑子张骏: 今夜满是爱，每位捐画买画的艺术家、收藏家都太戳心了！,1,qwen3-next-80b-a3b-instruct,train,zh,3,weibo,0
两盒口服液要五十多，穷得生不起病了[泪],1,qwen3-next-80b-a3b-instruct,train,zh,1,weibo,0
梁家辉不唱双飞燕都对不起自己[晕],1,qwen3-next-80b-a3b-instruct,train,zh,1,weibo,0
吃完寿司，戴上耳机找角落安静看书，慢慢感受Andy的旅程，是不是超棒的@吕依一 [酷][太开心][鼓掌][咖啡],1,qwen3-next-80b-a3b-instruct,test,zh,2,weibo,0
BBQ啥时候？//@双鱼座的KIKI:恩 BBQ后搞个after party[鼓掌][鼓掌] //@CocoCheong:需求清楚，通过了[哈哈][爱你] //@countrypig:超想唱李代沫&郑虹的如果没有你！班委组织K歌吧[鼓掌][怒骂][耶],1,qwen3-next-80b-a3b-instruct,train,zh,5,weibo,0
#新鲜旅人看海南# 【新年首站海南度假 日出日落太上头】“守着这片椰林、守着这湾海——看日落听涛声的日子，这辈子都忘不了！赶紧拍点啥，快门先按为敬！”——摄影by边走边画。主页君一直觉得，美景和心情一撞上，镜头就藏不住了，你们品出摄影师对海南的爱有多深了吗？[爱你]http://t.cn/8Fulgsl,1,qwen3-next-80b-a3b-instruct,train,zh,3,weibo,0
#随手拍美食#小博女和同学吃过后跟我念叨，我立马馋上了，这煎饼真有脾气！先从原味开整，正宗煎饼果子必须卷油条，老板每天现炸的，好久没吃这么地道的了，一口接一口，吃到差点噎住，[哈哈]绝了！地址：西四北大街214号@美食推 http://t.cn/zYdHalh,1,qwen3-next-80b-a3b-instruct,train,zh,2,weibo,0
[泪]好心酸……要不咱们一起帮老人凑点吧……//@猫扑:[泪],1,qwen3-next-80b-a3b-instruct,test,zh,1,weibo,0
给您拆门开窗，直接请出深山[笑哈哈][江南style]//@湘夫人: 回复@老聂: 窗都被你们开报废了哈[笑哈哈] //@老聂: 回复@湘夫人: 狂开窗 //@湘夫人: 回复@有福社长: 昨晚喝点茶，该不会含尼古丁吧？[哈哈] //@有福社长: [笑哈哈] 昨晚整啥呢这是，诗情大发啊[赞],1,qwen3-next-80b-a3b-instruct,train,zh,12,weibo,0
我快哭死了，真想骂人啊，受不了了，受不了了，，，，，，，，，，，，，，，，，[泪],1,qwen3-next-80b-a3b-instruct,test,zh,1,weibo,0
[ppb鼓掌]冲啊，劳动最光荣[哈哈]//@眯眼2010: @培培Lee @红色衬皮肤 走不走？？？,1,qwen3-next-80b-a3b-instruct,train,zh,4,weibo,0
[偷笑]//@微博Carl: 男生得会拍照[哈哈] //@SharonXUshaN: 别请摄影师！找个懂摄影的男友就完事了！@flora小母鸡_ICS //@01eip: shenan的翻译真牛！,1,qwen3-next-80b-a3b-instruct,train,zh,6,weibo,0
超市一哥们问我为啥中国小孩那么能吃，爸妈每次都买好几箱奶粉。我说是寄回中国。他说邮费那么贵，这俩人太不会省钱了。我心里流泪，默默回他：你真不懂中国。[泪],1,qwen3-next-80b-a3b-instruct,train,zh,1,weibo,0
天津的排水系统绝了，这司机真敢开[晕],1,qwen3-next-80b-a3b-instruct,train,zh,1,weibo,0
为啥大车事故这么多就是管不了啊[怒],1,qwen3-next-80b-a3b-instruct,train,zh,1,weibo,0
吃货肯定不会这样，提前做点功课还不是小菜一碟[酷]//@扭屁屁呀钮PP:@nico你抠抠 [怒][哼][睡觉][睡觉][睡觉],1,qwen3-next-80b-a3b-instruct,train,zh,2,weibo,0
也中标了。[怒骂]//@邹学勇-: 啊！！不喝啤酒，后来就天天灌果粒橙呀！！ //@云知不知道:果粒橙啊，惨到爆，天天喝[泪][泪][泪],1,qwen3-next-80b-a3b-instruct,train,zh,3,weibo,0
@陆新之 @陆苏的落花流水 @曾子航 [哈哈][爱你]艾特仨好友就有机会中奖，干了十年一本自己出的书都没中过，我认识的各位神仙，求求你们保佑我吧,1,qwen3-next-80b-a3b-instruct,train,zh,4,weibo,0
//@王其明://@上海精一国学书院://@章森: //@竹子姐姐的微博: 人类真把自己当宇宙之主了，自然太惨了！//@陆亚明:问得好！[怒],1,qwen3-next-80b-a3b-instruct,train,zh,3,weibo,0
我们从小就被洗脑了[怒],1,qwen3-next-80b-a3b-instruct,train,zh,1,weibo,0
[哈哈][哈哈][哈哈]//@欧美二线品牌:下一句不该是死死拽我手吗//@顾惜之: [哈哈]//@一汪空气: 哈猫？//@温家这货竭诚为您发神经:哈//@XIXI在看书不不很狂躁: 噗//@不知道换什么ID好:HHP //@14年还要看亚麻啊:233333//@盼钱盼帅哥盼时光穿越: hahahaw //@有问题就问樱井百事通:哈哈//@发财素包:2333,1,qwen3-next-80b-a3b-instruct,test,zh,7,weibo,0
@super博琪仔 儿童节无限2B又文艺又无辜还带点奸诈~[兔子]我死都不跟美女合影[鄙视][衰][泪]~~,1,qwen3-next-80b-a3b-instruct,test,zh,2,weibo,0
哈哈笑死我了//@Gemini_NANA：再不填就出事了[嘻嘻] //@卢小优:[衰],1,qwen3-next-80b-a3b-instruct,train,zh,2,weibo,0
[围观]形式主义//@甘利: 上次一姑娘特横，死活不放包，结婚那保安连屁都不敢放，眼睁睁看她直闯进站……这安检就是专坑老实人。//@刘旭小同学: 同右，洗包还得掏钱。[衰]//@沈亮-Leo: 不是我不愿检，那传送带真tm脏死了！！,1,qwen3-next-80b-a3b-instruct,test,zh,4,weibo,0
【#非常了得#柳岩出写真？】[神马] @郭德纲 新书《过得刚好》刚出，立马跟@孟非 放话：年底搞个四位主持人的合集！[哈哈] 还当场喊话@柳岩 赶紧出本写真，再拉上@姜振宇-微反应 一起宠粉！http://t.cn/zQ6ZisX,1,qwen3-next-80b-a3b-instruct,test,zh,7,weibo,0
大号运动裤穿得像紧身裤，有点心酸。昨天生日吃完了最后一顿大餐，今天正式减肥吧[衰][衰][衰],1,qwen3-next-80b-a3b-instruct,train,zh,1,weibo,0
听我都[晕]了[哈哈]//@杨十一女侠:嗯，再送你两瓶正宗六年西凤酒//@广播人沈雷:留点[哈哈],1,qwen3-next-80b-a3b-instruct,train,zh,1,weibo,0
[good]//@山药哥赵作霖: [哈哈]能安排//@吴尚纹: 下一步是不是要出山药2、山药3、山药4、山药4S[偷笑],1,qwen3-next-80b-a3b-instruct,train,zh,3,weibo,0
电梯里抽、人堆里抽、饭馆里抽、公共厕所里抽，不让人吸你二手烟才算真绅士真淑女！[怒]//@薛蛮子: 转发微博,1,qwen3-next-80b-a3b-instruct,test,zh,2,weibo,0
，//@天涯藤爬藤:[怒]//@言之不足:再转！//@左小祖咒:!,1,qwen3-next-80b-a3b-instruct,test,zh,1,weibo,0
六年了[泪],1,qwen3-next-80b-a3b-instruct,train,zh,1,weibo,0
晓荷今天被揍晕了[泪],1,qwen3-next-80b-a3b-instruct,train,zh,1,weibo,0
#敢吃逗你玩#――这团饭团简直神级存在，你敢下口吗[衰],1,qwen3-next-80b-a3b-instruct,test,zh,1,weibo,0
太狠了！[怒]//@快疯的乐子: 转！//@戈非: 看得我胃抽筋//@greenwall://@唐蕾小酒馆: 看不下去，转！[伤心]//@愚公移山的狗子: //@蜜三刀雷骏: 就该这么干！必须的！//@英腾网_Warren_Ching: 谢谢鼓手，谢谢蜜三刀！！// //@丹---丹: //@拯救黑熊取缔熊胆: 2012最惨烈声音——归真堂黑熊惨叫,1,qwen3-next-80b-a3b-instruct,train,zh,10,weibo,0
想熬夜晚上看开幕式，但明天还得上班，我终于要去睡了[泪],1,qwen3-next-80b-a3b-instruct,train,zh,1,weibo,0
回复@胡小薇的天空: 教？你只管往前走。//@胡小薇的天空: @饭看看安: 先生晚上好，总觉得初恋时懵懵懂懂，没把感情搞明白，分了才醒悟那人最配自己，可人早走了，该不该回头追？年轻人“但是”满天飞，这些但是先生自己脑补吧[嘻嘻]（转自@蔡澜微博知己会）,1,qwen3-next-80b-a3b-instruct,train,zh,4,weibo,0
承认吧，一断几天这玩意儿就浑身不爽，头昏脑涨，非吃不可！在加拿大晕船晕到怀疑人生，怎么偏偏这时候就想吃这口呢！[汗][哼][馋嘴][泪],1,qwen3-next-80b-a3b-instruct,train,zh,1,weibo,0
这纯属态度问题[哈哈][哈哈][哈哈]//@柒弥是个记忆匣子: @三摩地帮主 今天吃得太带劲了[嘻嘻],1,qwen3-next-80b-a3b-instruct,train,zh,3,weibo,0
回复@剑眉枉凝：[哈哈][给力],1,qwen3-next-80b-a3b-instruct,train,zh,1,weibo,0
参加#途秀超级达人泰国行#的宝子们注意啦！1、别忘了关注@途秀；2、投稿越牛、越多，转发量越高，中奖率直接拉满；3、推荐别人记得转原博并@TA，推荐人还有机会拿8G优盘！努力不会白费，奖品快冲进碗里！[嘻嘻],1,qwen3-next-80b-a3b-instruct,train,zh,1,weibo,0
回复@Steed的围脖:谢啦亲爱的科学文艺帅哥！[怒][爱你] //@Steed的围脖:生日快乐！ //@茜吉尔:从低处起飞，往高处看~[可爱][微风] //@温暖的骨头:[蛋糕]生日快乐，继续冲鸭。 //@茜吉尔:宝哥哥?你总能精准戳中我的泪点和笑点[汗],1,qwen3-next-80b-a3b-instruct,train,zh,5,weibo,0
那就＜＜小拜年＞＞吧[哈哈][哈哈][哈哈] //@编剧陈凯: 兄弟，下次真得安排你当男主，每集都得有你，我上个厕所回来，电视上还是你，是你是你，还是你[抓狂] //@演员孙仲秋: 我这么招人嫌么！[汗] //@Kylin_D判小官: 我隐隐觉得…毛利…活不过三集= =。 //@徐纪周的微博:@演员孙仲秋,1,qwen3-next-80b-a3b-instruct,test,zh,9,weibo,0
[嘻嘻]去吧根本推不掉//@何?雄Simon: 可爱的上海球迷！！！[晕][晕][晕]//@林本剑:中国足球这剧情太魔幻了,1,qwen3-next-80b-a3b-instruct,train,zh,2,weibo,0
太佩服这帮VC了[赞] //@童玮亮: 和兄弟们一起冲！[嘻嘻] //@林森70: 戈壁的兄弟都顶呱呱@徐晨 @童玮亮 @MayWang戈壁 //@王定标: 敬礼！敢这么讲，就是格局，就是霸气！,1,qwen3-next-80b-a3b-instruct,train,zh,9,weibo,0
好久没聚了@2012级中国传媒大学文学院 说不定有人根本不在乎。。哼哼[酷] 小插曲让拖了好久的见面临时开搞，但看到大家状态就值了。别搜了，没意思，精神头好才是关键。欢迎各种方式找我，但。。你们懂的[哈哈] 一起冲！[呵呵][爱你] PS：有人带相机了，结果忘了拍合照。。,1,qwen3-next-80b-a3b-instruct,train,zh,5,weibo,0
哈哈哈？光棍过圣诞，笑里藏泪啊?[哈哈],1,qwen3-next-80b-a3b-instruct,train,zh,1,weibo,0
古屋旁的幽静池塘，透着一股老味道[嘻嘻][嘻嘻][嘻嘻]@大嘴星级之旅 @文萱fion,1,qwen3-next-80b-a3b-instruct,test,zh,2,weibo,0
#瑞丽之星时尚之旅「台北行」#D3今天终于坐上高铁了！昨晚做梦都在重温痞子英雄名场面，还记得那年追剧的仔仔和陈大发[偷笑]怀旧一下哈 aaaa，台湾高铁进隧道居然还有信号[晕][晕][抓狂],1,qwen3-next-80b-a3b-instruct,test,zh,2,weibo,0
“自救”这词儿真到位 //@布什说逆咋才来捏:[哈哈],1,qwen3-next-80b-a3b-instruct,train,zh,2,weibo,0
感谢@明天远航 ，等书等疯了[鼓掌]//@明天远航:9月4日《离家小兔》中奖名单来咯 @幸福像实惠儿一样 @牛人甜甜的微笑 @美美1079 @一生好运呀 @妮子樱桃 @倪小姐IN_SHANGHAI @奔跑的马妮 @xuanbao520 中奖的宝赶紧私信地址哈，包邮送上门～没中也别泄气，每天都有机会哦,1,qwen3-next-80b-a3b-instruct,train,zh,11,weibo,0
［8月14日湛庐kindle年中庆］大众投票第[5]天：炸了！参与投票的庐客快破300了！＜大数据时代＞＜需求＞稳坐前二，＜系统之美＞直接逆袭冲上第三！＜全新思维＞＜无价＞慌不慌？只差三票的＜大而不倒＞、差五票的＜牛奶可乐经济学＞咋办？[泪]快去投！,1,qwen3-next-80b-a3b-instruct,test,zh,1,weibo,0
@嘻哈包袱铺侯振鹏 @卢连德敬天爱人 //@金牌厨师--磊磊: @侯宁 @于丹经典语录 求助@大班家政 //@神舟国际酒店:回复@减压快乐驿站:[泪] //@减压快乐驿站:[怒] //@神舟国际酒店:[怒] //@神舟国际酒店:[怒][怒][吃惊] //@神舟国际酒店: [围观]跟家人说一声[围观],1,qwen3-next-80b-a3b-instruct,train,zh,12,weibo,0
@伤心铁丝-行者老谭 七折？也给我整一张啊[嘻嘻]//@冯雪cindy:回复 @刘志勇hunt:会员卡20块一张，随便买，超方便//@刘志勇hunt: 七折会员卡？没听说他们家有这折扣啊，真成你家食堂了[嘻嘻],1,qwen3-next-80b-a3b-instruct,test,zh,4,weibo,0
@刘有凯 生日快乐！祝火穴嗨到爆[哈哈][蛋糕][蛋糕][蛋糕][蛋糕] 我在:http://t.cn/zTu6ZNP,1,qwen3-next-80b-a3b-instruct,train,zh,3,weibo,0
是针对人还是钱啊[哈哈],1,qwen3-next-80b-a3b-instruct,train,zh,1,weibo,0
回复@HiHazel: 被吵醒接着刷微博[晕] //@HiHazel:[衰][衰]又送票了啊… 下次有话剧票喊我一声呗… [害羞],1,qwen3-next-80b-a3b-instruct,train,zh,5,weibo,0
马刚杀完鸡，爽翻了。。。俺脚都成香脚啦～～[偷笑] @喜琳 你杀得咋样？薄荷真不赖哈～～[哈哈] @宿务太平洋航空 http://t.cn/zOZqtLJ,1,qwen3-next-80b-a3b-instruct,train,zh,5,weibo,0
回复@一?瑜W:?你?得。//@一?瑜W:还是用啤酒盖割，哈哈，太有才了//@蔡?:回复@奥珠珠:哈哈。//@奥珠珠:蔡先生，每晚都在电视上看岳华先生的演出，想起你作品里写和他分罗卜干[嘻嘻],1,qwen3-next-80b-a3b-instruct,train,zh,1,weibo,0
烦死了。。气死了。。急死了。。没辙了。。这到底咋回事啊。[晕],1,qwen3-next-80b-a3b-instruct,train,zh,1,weibo,0
不用跑了，20楼搞不好直接变2楼。//@阿誉菜品设计总监:回复@博斐秀禾李正熙:有也跑不动20楼啊！[泪][泪][泪][泪][泪][泪] //@博斐秀禾李正熙:准备闪,1,qwen3-next-80b-a3b-instruct,test,zh,2,weibo,0
哦！原来是这样！//@脱不花妹妹: @方希-FANCY 这个解释还挺厚道的//@牛秀元: 哦[嘻嘻],1,qwen3-next-80b-a3b-instruct,train,zh,4,weibo,0
今天天气绝了，心情爽到飞起[哈哈]???,1,qwen3-next-80b-a3b-instruct,train,zh,1,weibo,0
不是说要降油价吗？灯都亮了，发改委怎么还没动静？[抓狂][抓狂][抓狂],1,qwen3-next-80b-a3b-instruct,train,zh,1,weibo,0
转[怒][怒][怒] //@何熠023: [怒][怒][怒][怒][怒][怒][怒][怒][怒] //@脚板娃:[怒]//@神的孩子?混在一起: 十大酷刑[怒][怒][怒]//@朱小枪:大刀向鬼子们的头上砍去！ //@cici嗡嗡嗡嗡嗡嗡嗡嗡:我日 拖出去毙了//@当律师的陈刚://@戎戎日记:转发,1,qwen3-next-80b-a3b-instruct,test,zh,7,weibo,0
病来得真猛，不上班反而躺得动不了了。还好昨天囤了一堆吃的。[泪][泪][泪],1,qwen3-next-80b-a3b-instruct,train,zh,1,weibo,0
终于有本地人带我出来喝酒了！[泪] @北啡咖啡,1,qwen3-next-80b-a3b-instruct,train,zh,2,weibo,0
走丢的土豪～[嘻嘻],1,qwen3-next-80b-a3b-instruct,train,zh,1,weibo,0
【#我爱满堂彩#――相声大讲堂】昨天没开课，想小编没？[偷笑] [偷笑] [偷笑] 今天继续讲！今天教你们一种攒包袱儿的招儿：强词夺理。你敢信？这也能逗乐！图里有答案[哈哈] [哈哈] [哈哈],1,qwen3-next-80b-a3b-instruct,test,zh,6,weibo,0
//@徐小平: 真急死人了，要是真这样，这些警察跟日本鬼子、土匪强盗有啥两样？//@王巍w: //@李文的围脖: [怒],1,qwen3-next-80b-a3b-instruct,train,zh,4,weibo,0
[哈哈]小时候咱都特牛 //@jerryh:[哈哈],1,qwen3-next-80b-a3b-instruct,train,zh,2,weibo,0
//@老花眼看天下: 又是城管！//@中国老陌: [怒],1,qwen3-next-80b-a3b-instruct,test,zh,3,weibo,0
说实话，我真挺爱星尚频道《爱我生活》这首歌的…尤其是彦池的“我爱狗狗”和路易的“我爱读书”，连带也喜欢上这俩主持人了~[嘻嘻],1,qwen3-next-80b-a3b-instruct,train,zh,1,weibo,0
三石哥，么么哒[心]//@网易应用: 三石哥，么么哒[爱你]//@网易云音乐: 三石哥，么么哒[心]//@网易LOFTER: 三石哥，么么哒[亲亲] //@网易云课堂:三石哥，么么哒[亲亲]//@网易公开课: [good] 三石哥，么么哒,1,qwen3-next-80b-a3b-instruct,train,zh,7,weibo,0
送我！[哈哈],1,qwen3-next-80b-a3b-instruct,train,zh,1,weibo,0
[哈哈]不怕抄，得抄出花样//@赛赛身边王兴文:哈哈 //@新浪科技:2002年盖茨拿着微软平板没人理；2010年乔布斯出iPad火遍全球；2012年鲍尔默甩出Surface，人家说他抄苹果,1,qwen3-next-80b-a3b-instruct,test,zh,2,weibo,0
好想尝尝手工桂花糖啊！哪里能买到呀~~呜呜~[泪]求求了，超想体验下是什么味道，吃货的口水等你来养~,1,qwen3-next-80b-a3b-instruct,train,zh,1,weibo,0
金莲清热颗粒简直难喝到爆[泪][泪],1,qwen3-next-80b-a3b-instruct,train,zh,1,weibo,0
@wo水果多 对吧对吧 我真不是这样的吧 我是咋了[泪],1,qwen3-next-80b-a3b-instruct,train,zh,4,weibo,0
[晕][抓狂][吃惊] 真的假的？元芳，你跑哪儿去了？,1,qwen3-next-80b-a3b-instruct,train,zh,2,weibo,0
@小邸电台 @我是王大磊 大磊冲进小花酒吧气喘吁吁：“我昨天把伞落这儿了！” 小花问：“啥样儿的？” 大磊：“啥样都行，我不挑！”[嘻嘻],1,qwen3-next-80b-a3b-instruct,test,zh,5,weibo,0
公民的私有财产还靠不靠谱？专家的情人老婆两年不碰也要被没收？？！[怒],1,qwen3-next-80b-a3b-instruct,train,zh,1,weibo,0
追剧追得我心碎！！大喊一声？更新太慢了老子直接弃了！！！！！[失望]//@狮子座-心理学: 等太久的东西，早就不是当初想的那个味儿了…[心] 推荐关注@触碰心灵的情书,1,qwen3-next-80b-a3b-instruct,train,zh,3,weibo,0
//@央视新闻: 【男孩一醒就哭着找妈妈[泪]】医生说，他脸、脖子和手烧伤严重，右前臂还骨折了，每次醒来都喊着要妈妈……因为是拼车，车上乘客互不相识，带他的女性身份还没确认。小男孩说自己叫周施宇或周新宇（音）。转！帮孩子找家人！,1,qwen3-next-80b-a3b-instruct,train,zh,2,weibo,0
雾霾天最适合在办公室边喝茶边干活儿，配上工地没节奏的打桩BGM，效率直接掉线[衰] 我在:http://t.cn/zYgbbWn,1,qwen3-next-80b-a3b-instruct,train,zh,2,weibo,0
回复@舌尖上的市集: 大家都来分享点干货吧…… //@舌尖上的市集: 碎了下汤怕营养跑光还二次污染[可爱][心] //@余地农庄: 这建议绝了@舌尖上的市集,1,qwen3-next-80b-a3b-instruct,test,zh,6,weibo,0
哈哈 真的太像了 曹蛤？//@糖米果de: @Always作瓜 好像是曹格力~[哈哈],1,qwen3-next-80b-a3b-instruct,test,zh,5,weibo,0
[泪]//@艺海张驰: 亲人、老人，我们爱的人，永远还不了这份情//@新浪重庆:【奶奶含着输液管给孙女暖药，破防了…[泪]】“这药太凉了，我帮她暖暖，不然进血管里疼。”[泪流满面] 爱，藏在细节里,1,qwen3-next-80b-a3b-instruct,train,zh,3,weibo,0
【跪求[互相膜拜]】鲍鱼海蟹在家咋做啊，做法[抓狂]做法[抓狂]做法[抓狂]做法[抓狂]做法[抓狂]做法[抓狂]做法[抓狂]做法[抓狂]做法[抓狂]做法[抓狂],1,qwen3-next-80b-a3b-instruct,train,zh,1,weibo,0
啥时候养娃这么轻松了？侄女从1岁就放我这儿养，好不容易熬到上小学，国庆假期哥又把刘宝宝送回来，丢下一句“帮忙辅导下作业”，瞬间变身保姆+老师[衰] 这什么世道啊......,1,qwen3-next-80b-a3b-instruct,train,zh,2,weibo,0
我猜我爸妈当年就是这时候怀的我，结果次年蛇年八月把我给赶出来了，真够呛，估计我太大了肚子装不下。哎，我错过了爸妈当年怀我的时候，就不能给我条小懒蛇吗！？[泪],1,qwen3-next-80b-a3b-instruct,train,zh,1,weibo,0
#Race around the world 幸福的小娇日记# @幸福的小娇日记 小组里两朵超可爱的绿花花[嘻嘻],1,qwen3-next-80b-a3b-instruct,train,zh,7,weibo,0
@西贝西北菜 @西贝白丽 小莜面快到我碗里来！我们包间号超酷的[嘻嘻][嘻嘻],1,qwen3-next-80b-a3b-instruct,train,zh,3,weibo,0
马老湿激动喊：这可不是我想要的礼物[抓狂]//@烂泥南：去年没跟你们玩～今年我和@小丽贝尔 各送马老湿一个鸡蛋！// @普普子：对啊！去年你们还给我惊喜～带我去碎花布吹冷风～// @大琳宝：一晃又一年过去了！// @王富贵儿很销魂：日乐~,1,qwen3-next-80b-a3b-instruct,train,zh,5,weibo,0
去年罚1700米，今年直接800米。。。。。。想哭都没地儿哭[衰],1,qwen3-next-80b-a3b-instruct,train,zh,1,weibo,0
[嘻嘻]//@全球电影收录:一想就觉得自己好笑[哈哈],1,qwen3-next-80b-a3b-instruct,train,zh,1,weibo,0
给底座装个轮子不就是房车了嘛//@辽报大咪: 就差辆车了。。。[馋嘴] //@王乔-Styleweekly: 大咪也是青年大街金廊沿线有房的高帅富喵了！快，喵妹纸们冲啊，这可是全款买的！[偷笑][偷笑][偷笑][偷笑]！//@辽报大咪: 感恩节快乐，对，就是你说的那样！[爱你][爱你],1,qwen3-next-80b-a3b-instruct,test,zh,5,weibo,0
中关村鼎好，四百块，iPad原装屏换好啦！留个念，再见啦我的碎屏！[嘻嘻],1,qwen3-next-80b-a3b-instruct,train,zh,1,weibo,0
比电子书的标价强多了～//@出版人诗飞: [衰],1,qwen3-next-80b-a3b-instruct,train,zh,2,weibo,0
[哈哈]//@小侯子快递: 笑到打滚[嘻嘻][嘻嘻][嘻嘻]//@蓝调口琴张晓松: 有个梗：主唱就是总跟一帮搞音乐的混在一起的那位。[偷笑] //@李琪Layla: 主唱眼里的乐手：伴奏.mp3[偷笑][偷笑][偷笑]@双重麻烦 @鼓手牧仁 //@蓝调口琴张晓松: 啊哈哈哈哈哈哈,1,qwen3-next-80b-a3b-instruct,train,zh,8,weibo,0
回复@演员邢瑛瑛：我跑过好几个地方的刘老根大舞台，咋就那么火？草根+黄味精，接地气，老百姓乐呵就完事儿！[哈哈][呵呵]//@演员邢瑛瑛:回复@郭仁宪:是不是我过了？...反正我说中了...[浮云],1,qwen3-next-80b-a3b-instruct,train,zh,1,weibo,0
#尚雯婕1222生日快乐#，你每一面我们都爱！[爱你],1,qwen3-next-80b-a3b-instruct,train,zh,1,weibo,0
[话筒]开封10月18日到11月18日搞中国(开封)第31届菊花文化节，今年直接升级成国家级节会了！[鼓掌]@郑州旅游局 @驻马店旅游局 @三门峡旅游微博 @洛阳市旅游局 @焦作市旅游局 @南阳_旅游 @信阳市旅游局 @新乡旅游微博 @商丘市旅游局 @平顶山旅游局 @秦时蝶衣 @云台野人 @开封过客酒吧,1,qwen3-next-80b-a3b-instruct,train,zh,13,weibo,0
卡酷频道一堆动画都比这强！绝对不带娃看，丢死人了！//@陈砺志：彻底证明动画是创意产业！//@崔斯坦：神作吧？这算当代行为艺术？//@南都全娱乐：“上映一天也算上映了，就能拿补贴、报奖”，[怒]~~,1,qwen3-next-80b-a3b-instruct,train,zh,1,weibo,0
以前满三天才免费接，现在住一天就免费接//@纤手人生张明:不是一直都有吗[哈哈][哈哈],1,qwen3-next-80b-a3b-instruct,test,zh,1,weibo,0
回复@邓?_Baritono:邓哥哥好！汪鑫老师8月18日上海音乐会带我去演，大概8月25日我又跟汪洋老师去昆明，希望能碰上！//@邓?_Baritono:我能再申请来上海吗！太棒了 想死现场了！[泪][泪],1,qwen3-next-80b-a3b-instruct,train,zh,2,weibo,0
连连看[嘻嘻]//@尤宪超: 给连旭老师儿子起名活动开启，大家接龙，我先来，连续剧…,1,qwen3-next-80b-a3b-instruct,test,zh,2,weibo,0
失联17天，M国总理终于开口了，事到如今，愿逝者安息，但我们不要只看结果，我们要真相！154名同胞再也回不来了！[泪][泪][泪],1,qwen3-next-80b-a3b-instruct,train,zh,1,weibo,0
太爱Liberation这副墨镜了啊啊啊！得憋着，要省钱[泪],1,qwen3-next-80b-a3b-instruct,train,zh,1,weibo,0
//@愿意彩云南://@三在若水TTXS:[哈哈][哈哈]//@tvxq_Y独孤靥_投票投票投票:我真是被迷了心窍，人生最炸裂的不就是这破天荒的青春，还有那几个眼瞎的玩意儿。,1,qwen3-next-80b-a3b-instruct,train,zh,1,weibo,0
[泪]@李-阿蒙 //@孟京辉戏剧工作室://@小润有声：每句都戳我心窝子！我也觉得话剧版碾压电影版，文学感拉满，留白更多。居然把「活着」那股劲儿给演出来了，老孟这次赢的不只是才华认可，更是格调的尊重。不过我很好奇，下一部他能扛住，还是会躺平？@孟京辉,1,qwen3-next-80b-a3b-instruct,train,zh,2,weibo,0
[给力][威武][泪],1,qwen3-next-80b-a3b-instruct,test,zh,1,weibo,0
太开心] 发工资啦[汗] 还中信卡[衰] 还招行卡[害羞] 还小嫂子代购费[懒得理你] I.T买衣服[思考] 母亲节礼物+红包[生病] 中医开药[酷] 办健身卡[疑问] 胶原蛋白？？还买不？！[委屈] 车险.......[泪] 趁还有钱，今晚吃好的[可怜] 继续抠门等下月工资,1,qwen3-next-80b-a3b-instruct,train,zh,13,weibo,0
太棒了，太美了，真眼红… //@揭秘震惊事件: 除了羡慕还是羡慕。。[泪],1,qwen3-next-80b-a3b-instruct,train,zh,3,weibo,0
师叔生日快乐~~~~年年有今日，岁岁皆今朝//@爱笑的颜小色：这俩人快不行了 //@董安娜娜娜_:你们俩背着我和@爱笑的颜小色偷偷约会[泪] // @雨晓薇 ：[兔子]等你呢，快点来！,1,qwen3-next-80b-a3b-instruct,train,zh,5,weibo,0
[怒]//@王小墨2012: //@印象合肥: 回复@小手牵好:[围观] //@小手牵好: 给区间留票没错，但车都快到终点了才仨人坐着，外头一堆人想买买不到，这明显有问题啊！一边资源紧张，一边白白浪费，真该想想怎么搞个更灵活的机制，别让好好的票就这么搁着浪费了,1,qwen3-next-80b-a3b-instruct,train,zh,5,weibo,0
我最愛的季節！再難熬的都會過去！[伤心][微风][落叶][太阳],1,qwen3-next-80b-a3b-instruct,train,zh,1,weibo,0
大？不是[猪头]，他是[奥特曼]//@大?BiGgUY:人人?人人[抓狂][晕] // @??文 :[挖鼻屎]你?慢点，@大?BiGgUY 不?用人人?，正?在update人人?的他，正在公司?神?。[猪头]是第一天?去人人[偷笑],1,qwen3-next-80b-a3b-instruct,train,zh,5,weibo,0
[鼓掌][good][good] //@岚姐e家: 四季阳光照花红//@交警李岩: 上联：三月春风拂桃粉，下联:（[鲜花]春雨绵绵润花红[鲜花]） //@日照明星:[江南style]//@岚警工会文体活动中心: 转发微博[围观],1,qwen3-next-80b-a3b-instruct,train,zh,6,weibo,0
加拿大亲们，我真的喝不惯啊[失望][可怜]@大鲨白 @放手在转身之后 @你丫是我小窝头,1,qwen3-next-80b-a3b-instruct,train,zh,3,weibo,0
对啊，12缸的。[酷] //@背相机的老猫: @alex_sudong 浅草寺遇到的那个老大不就是坐这种车吗？[晕],1,qwen3-next-80b-a3b-instruct,train,zh,4,weibo,0
我敢说这角楼基本成黄家的了。。。[哈哈],1,qwen3-next-80b-a3b-instruct,train,zh,1,weibo,0
[哈哈]北京三摩地出品的！//@宏爱餐饮推广骆颖颖:这图是董大师@大董大懂 的炸酱面？,1,qwen3-next-80b-a3b-instruct,train,zh,2,weibo,0
[哈哈]这年头拼的真是人品啊！恭喜你被抽中参加2013年芝加哥马拉松！,1,qwen3-next-80b-a3b-instruct,train,zh,1,weibo,0
首都机场附近的朋友在吗？帮忙瞅瞅你们那儿天气咋样？现在还打雷下雨不？我17:30左右飞机在北京上空转了一圈，18:30直接备降到石家庄了，说是天气原因，问了机长才憋出句“雷雨覆盖”，可我北京的朋友都说根本没下雨！我今天还能回得去北京吗？[泪][泪],1,qwen3-next-80b-a3b-instruct,train,zh,1,weibo,0
#旅途中的那些事#之八[可爱]一个人去巴厘岛 找了辆车加个导游叫Ken 小伙子 英文中文都一般般 但人超温柔 我们玩得可开心了 结果最后一天他迟到了俩钟头 我直接炸毛 一路没理他 就这么气呼呼分开了 没想到几年后 微信突然蹦出个陌生人 「Lu I am sorry」 「I am Ken」,1,qwen3-next-80b-a3b-instruct,train,zh,19,weibo,0
先吃蝴蝶结//@ZNQ-左左: [可爱]先吃跟,1,qwen3-next-80b-a3b-instruct,train,zh,2,weibo,0
//@第一现场微播: 虐童致死的幼儿园园长江慧珍狂到爆：“你奈何不了我！” 比“我爸是李刚”还嚣张！http://t.cn/zYRE9f3[怒],1,qwen3-next-80b-a3b-instruct,train,zh,3,weibo,0
我再多说一句，酷[衰]不会是秋衣秋裤吧[汗],1,qwen3-next-80b-a3b-instruct,train,zh,1,weibo,0
[爱你] //@Victorou812:回复@黑米粒:赶紧马克@RolLeica_Ann //@黑米粒:@新浪旅游@一图一世界@海鹏鹏@realchi@贵州省旅游局@梵净山景区@旅评网@Victorou812,1,qwen3-next-80b-a3b-instruct,train,zh,3,weibo,0
[哈哈]//@华尔街日报中文网: //@袁莉wsj: 【男生容易心动：36%的受访男生说每周都会发现新房子让它们着迷】[哈哈],1,qwen3-next-80b-a3b-instruct,test,zh,3,weibo,0
想文艺就别带小朋友去！乱成一锅粥了[泪],1,qwen3-next-80b-a3b-instruct,train,zh,1,weibo,0
看习惯了 //@taohui: 下个月要去一趟。 //@中国最美的乡村婺源: 对！美到爆。[哈哈][哈哈],1,qwen3-next-80b-a3b-instruct,train,zh,5,weibo,0
[可爱]冲鸭！移动的阳光[心],1,qwen3-next-80b-a3b-instruct,train,zh,1,weibo,0
我真是最没心没肺的了[泪],1,qwen3-next-80b-a3b-instruct,train,zh,1,weibo,0
#达人揪团带路 台湾自由行##深夜发吃报复醒着的人#大叔我今晚在台北当夜游侠逛到饿到哭[泪]直奔传说中的@林东芳牛肉? 深夜还一堆人打车冲来吃正宗台湾牛肉面，我也乖乖排队！一碗半牛半筋下肚，爽到飞起！你们都睡了？真不来一口？[馋嘴][偷笑]@个人游台湾 http://t.cn/zQEeKhU,1,qwen3-next-80b-a3b-instruct,train,zh,4,weibo,0
唉！[泪] //@央视向龙: 这下真懂啥叫双刃剑了~ //@sayhello薛亮: “亮贱”呗~ 齐b露出来~ 妙啊~ //@Carl_Armen_凯_默吟: 转发微博。,1,qwen3-next-80b-a3b-instruct,test,zh,9,weibo,0
【过年你胖了几斤[偷笑]】 君子坦荡荡，我胖三斤；商女不知亡国恨，吃吃吃胖三斤；举头望明月，肚子胖三斤；洛阳亲友如相问，回他老子胖三斤；病得快断气，一称重了三斤；众里寻他千百度，回头一看，那人胖三斤～我已胖到认不出自己了～[泪]你们呢？,1,qwen3-next-80b-a3b-instruct,train,zh,2,weibo,0
装嫩出门[嘻嘻],1,qwen3-next-80b-a3b-instruct,train,zh,1,weibo,0
[哈哈] //@互联网才子：//@wanggump: 转发微博。,1,qwen3-next-80b-a3b-instruct,train,zh,3,weibo,0
//@祁昊天HQ:回复@裸奔在春天里:咱先有五代打铁，才轮到七代玩铁球[嘻嘻] //@裸奔在春天里:回复@祁昊天HQ:普京是铁腕，咱是铁球领袖 //@祁昊天HQ:七代核心揉铁球，国宴驴火配板肠，面酱就春不老，问外宾“你干sheng～磨去”//@头条新闻,1,qwen3-next-80b-a3b-instruct,train,zh,3,weibo,0
这车主真懂行[嘻嘻] 看懂的扣个1[偷笑][偷笑],1,qwen3-next-80b-a3b-instruct,test,zh,2,weibo,0
思凡券被刘臭猫不小心扔了[泪]，太勤快真不是好事啊[汗],1,qwen3-next-80b-a3b-instruct,train,zh,1,weibo,0
[爱你][爱你][爱你]//@梁艺Lianna: 感动死啦～大家对个“新人”这么包容，我一定加倍努力！超感谢@湖南公视 给我这么棒的平台让我重回主播位，一切从“心”出发@凌红江 @一姗小姐 @徐刚727 @麦麦兜B @鸟子同学 @雨婷了-烟烟 @偶尔瞎说 @AE的男朋友,1,qwen3-next-80b-a3b-instruct,test,zh,10,weibo,0
//@ichigoaiba: 我压根没烦恼过[挖鼻屎] //@橘子姐姐: 你不知道考大学前都得纠结清华还是北大吗 //@ichigoaiba: 右边不用愁怎么穿，反正也买不起 //@老L-五: 这是只有模特能驾驭的系列？//@抽搐汩: [爱你]//@透彩momo: 真有气场//@闪着银光的殷小嘉: 转发微博,1,qwen3-next-80b-a3b-instruct,train,zh,11,weibo,0
[心]爱从来就没固定套路，每个小动作都是爱的最好表达！花间堂，在无数细碎瞬间里，悄悄塞满爱意！[爱你],1,qwen3-next-80b-a3b-instruct,train,zh,1,weibo,0
[晕]海底捞针,1,qwen3-next-80b-a3b-instruct,train,zh,1,weibo,0
四点睡八点起，老了真的扛不住[抓狂]还好天气不错,1,qwen3-next-80b-a3b-instruct,test,zh,1,weibo,0
你们太暖了[泪] 真是超贴心的粉丝 //@老男孩张大帅:谢了 @北京华腾美居酒店 一直送惊喜，真心许愿，等美好降临，希望微博人气蹭蹭涨！@云de味道201231 @相信最初的感动 @暮啼-子规,1,qwen3-next-80b-a3b-instruct,train,zh,7,weibo,0
我真是太不靠谱了[哈哈],1,qwen3-next-80b-a3b-instruct,test,zh,1,weibo,0
[哈哈][哈哈] @郭燕娃,1,qwen3-next-80b-a3b-instruct,train,zh,2,weibo,0
#沙巴潜行# 今天下午真够憋屈的，本来想去Jalan Sulaman吃烧椰和椰子布丁，被攻略坑了，以为离1 Borneo超近，结果差了十万八千里！转了N趟车，每个司机都没在对的地方放我们下车，好像有两个地方都叫Sulaman，最后时间不够直接放弃了。等回到水上清真寺看日落都晚了，根本没时间找好机位[抓狂],1,qwen3-next-80b-a3b-instruct,train,zh,4,weibo,0
[哈哈] //@宁财神: 以后还是去拳击馆吧，体育竞技，按规矩来，见血也不用蹲局子，都是文化人，犯不着装黑社会吧？,1,qwen3-next-80b-a3b-instruct,train,zh,3,weibo,0
[嘻嘻] //@许彬-人像摄影企划://@黑蝶VS林岚: [赞],1,qwen3-next-80b-a3b-instruct,test,zh,3,weibo,0
[偷笑]//@东嘎臭嘎子_nsq://@小迪迪的花花宇宙:哈哈 // @CCTV田苗 :[哈哈] // @CCTV粒粒儿 :[太开心] // @哈根达斯在CCTV的冰上 :[围观],1,qwen3-next-80b-a3b-instruct,train,zh,10,weibo,0
那个啥。。抢钱啊？[嘻嘻][嘻嘻] //@盛博: 你们觉得咋样？搞不定就给我！,1,qwen3-next-80b-a3b-instruct,train,zh,3,weibo,0
[晕]//@孔二狗: 真绝了。,1,qwen3-next-80b-a3b-instruct,train,zh,2,weibo,0
连续两天被“刺激”到，真该动真格了……我决定了：……！都懂的！希望这次动力拉满……伤了，伤了……[抓狂],1,qwen3-next-80b-a3b-instruct,test,zh,1,weibo,0
摩登家庭太好看了吧！笑点满满全是正能量。//@普罗旺斯的小神仙:这啥啊，看得想吐，好多美剧我都不看，太恶心了真受不了。//@网易LOFTER:作者改名了…第一张图来自@丸BU丸 [可爱],1,qwen3-next-80b-a3b-instruct,train,zh,2,weibo,0
[哈哈][哈哈]//@JACKY-GOLF:[good]//@神回复吐槽鬼: 人越简单越开心，越世故越老成。保持年轻心态，做个单纯的人。,1,qwen3-next-80b-a3b-instruct,train,zh,2,weibo,0
[爱你]相信会有更多人爱上泉州的！//@维尼小熊：超开心认识大家，以后常约！回去立马整理一堆美图发博客，记得来蹲啊！到时候肯定有更多人被泉州美到//@新鲜旅厦门: #寻宝泉州# 送微博达人们去机场的路上，两天嗨翻，从陌生人秒变铁瓷。爱上一座城，舍不得一群人[心],1,qwen3-next-80b-a3b-instruct,train,zh,3,weibo,0
[鄙视]//@懒骆驼: 基情炸裂，可惜隔得太远，只能自己来。//@叁魂不见柒魄:一打？居然是情？？？吐了。//@风惹尘埃: 确实吵，爱来爱去，累死了[哈哈][哈哈][哈哈][哈哈]//@87年柿子:?…私聊滚一边[衰]欧洲杯将是中国队夺冠,1,qwen3-next-80b-a3b-instruct,test,zh,3,weibo,0
饱和度拉爆了！//@杨小娱:绝美，冬天那种冷冰冰又闪瞎眼的感觉，直接想家…//@贤莹定中: 看完为啥莫名想家？东边住着望国贸的每天跑中关村上班，思乡上头，笑死[嘻嘻],1,qwen3-next-80b-a3b-instruct,train,zh,2,weibo,0
谢谢宝贝儿，太感动了，居然翻出去年的微博，有你们这群朋友真是我最大的幸福，爱你[爱你] //@季然小潘坤:我们的公主 @康小莉 ，这是我去年今天发的生日微博，今天再刷一遍祝福你：生日快乐！最重要的是，一定要遇到个好男人！健康平安~~~[爱你] 你怎么还是这么美！,1,qwen3-next-80b-a3b-instruct,train,zh,5,weibo,0
认领！情人节厨房大叔心情爆好，肉多到爆，今晚必有约会！[哈哈],1,qwen3-next-80b-a3b-instruct,train,zh,1,weibo,0
没瞅见你左青龙右白虎，背后还扛着关二爷呢？这咋混的？[哈哈]//@文盲编辑: 我在南郊也混过四年，那会儿南郊还没欢乐谷，翠城小区才两千多一平，垡头那348路超挤大公交，真是我的梦中情车！~~@西瓜小穗 //@杨灏-赤兔马: 缺卤煮啊！该整二锅头啊！//@文盲编辑: 酒后看书小心扣分儿,1,qwen3-next-80b-a3b-instruct,test,zh,5,weibo,0
挺好看的，适合@北方的纳努克 //@大Da门: 好看又实用//@糖果x猫猫: 亲们帮忙顺手转一下呀[可爱] 谢谢//@糖果x猫猫: 链接在这儿^_^，尺寸是反复改过好多遍的，戴起来更舒服，男女都合适。//@soyabean毛豆: 更多细节戳这里：http://t.cn/zldIEaM,1,qwen3-next-80b-a3b-instruct,train,zh,7,weibo,0
看完小广告就??大的? 几个意思啊啊啊[抓狂][抓狂][抓狂],1,qwen3-next-80b-a3b-instruct,train,zh,2,weibo,0
回复@RyanchenGG：对对对！绿色是多了点，光顾着想小白鲨牙口不好爱吃，没顾上配色，下次改[爱你] //@RyanchenGG:小建议，颜色有点单了。 //@Reneeinbj:回复@Wop_:全吃光了…[泪] //@Wop_:太下饭了,1,qwen3-next-80b-a3b-instruct,train,zh,4,weibo,0
黄山毛豆腐，底下那盘窝窝头我超爱！[哈哈][哈哈][哈哈] @五悦黄山店 @五悦景区连锁酒店,1,qwen3-next-80b-a3b-instruct,train,zh,3,weibo,0
天啊，我到底多爱白百合啊[抓狂],1,qwen3-next-80b-a3b-instruct,train,zh,1,weibo,0
猫比人好看多了[哈哈],1,qwen3-next-80b-a3b-instruct,train,zh,1,weibo,0
[哈哈][哈哈]XX案本来就是傻子都能看懂的！！[黑线][黑线] //@冯唐: ＂我递给他二十多页乱七八糟的案情，他唰唰翻完。我问他谁杀了那英国人，他脱口报出个我压根没想到的名字。我立马冲出先锋书店，拨通电话。我没告诉他的是，那二十多页不是小说，是最新提交的证据。＂,1,qwen3-next-80b-a3b-instruct,train,zh,3,weibo,0
//@黄茜:[哈哈]//@新闻小兵曹文艺:我觉得“李天一他妈逼的 律师撂挑子了”更带感。//@李开复: 这标题。。。[晕],1,qwen3-next-80b-a3b-instruct,train,zh,3,weibo,0
隔壁的妹儿，能别他娘的半夜唱歌不？没见爷天天忙到连放屁拉屎的时间都没有吗？消停点[怒骂],1,qwen3-next-80b-a3b-instruct,test,zh,1,weibo,0
哈哈[给力][围观],1,qwen3-next-80b-a3b-instruct,train,zh,1,weibo,0
明明是嫩妈[抓狂][抓狂][抓狂]//@爱猫猫的妈妈_抵制玉林狗肉节:[黑线][黑线]这。。。@易富贤 老师咋看？,1,qwen3-next-80b-a3b-instruct,test,zh,2,weibo,0
原来我睡这么晚是有原因的[哈哈]//@最神奇的心理学:[嘻嘻],1,qwen3-next-80b-a3b-instruct,train,zh,1,weibo,0
[bm可爱]今天天气超棒！适合约个会[衰],1,qwen3-next-80b-a3b-instruct,train,zh,1,weibo,0
谢谢宝，你支持的是咱妈吧[爱你] //@程程-程小佳:支持菊儿妈[可爱][鼓掌] //@菊儿小枣:感谢报道，说得太到位了，来北京老胡同跟地道老北京人吃饭这体验[爱你]常来啊,1,qwen3-next-80b-a3b-instruct,train,zh,3,weibo,0
姐~ 明知不是????????????就别@我了[泪] //@萌芽的小松子:大丽丽呗，肯定不是@卤煮鲍鱼 那家伙,1,qwen3-next-80b-a3b-instruct,train,zh,4,weibo,0
[晕]//@海?日?: @唐-tang @玩转东京 [衰]//@歌舞伎町案内人李小牧:瞅瞅这3分钟《中国新闻》！好多来日本的中国厨师，不缴国民健康保险，也不按时体检，有的还带病上岗@caratmemo @同非ned @小肉鸡v,1,qwen3-next-80b-a3b-instruct,train,zh,6,weibo,0
#中国达人秀# 【微直播】I want you，I need you，I love you！美少女战士@SNH48 一曲《无尽旋转》直接把咱送回中学时代了！有没有和小达一样看萌妹看傻的，眼珠子都不知道往哪放了！[晕]用萌妹的话说就是“SNH48，总有一款适合您”！[得意地笑]全网独播，21:50锁定@腾讯视频,1,qwen3-next-80b-a3b-instruct,test,zh,9,weibo,0
[围观] //@紫雾2008:[哈哈][哈哈][哈哈],1,qwen3-next-80b-a3b-instruct,train,zh,2,weibo,0
爸爸是这世上第一个无条件爱你的男人，父爱太伟大了[泪]//@大叔枫言枫语: 深夜看哭我了… // @全球热门搜罗: 视频才两分钟，看到一半我就崩了...,1,qwen3-next-80b-a3b-instruct,train,zh,5,weibo,0
恭喜@kakuyy33 @王晓冒 @在路上_心飞翔 你们抽中了青年餐厅【32元石锅肥牛胖豆芽一份】[bm可爱] 希望这口美味能让你开心到飞起！[太开心] ps：验证码已私信发你，记得收好，赶紧定好去哪家店和啥时候用！谢谢捧场～[嘻嘻],1,qwen3-next-80b-a3b-instruct,train,zh,6,weibo,0
这雨下了整整一天一夜了[泪]预报说这一周要下四天[抓狂]平安夜怕是要凉了[衰]@巴道,1,qwen3-next-80b-a3b-instruct,train,zh,1,weibo,0
[可怜][衰],1,qwen3-next-80b-a3b-instruct,train,zh,1,weibo,0
#高级定制# Vca定制系列...最近问16花的太多啦...[酷][酷]赶紧把两个颜色的16花都放出来给你们看...有效果图+上身图哦...[爱你][爱你]喜欢的快冲...???[鼓掌][鼓掌][鼓掌]...,1,qwen3-next-80b-a3b-instruct,test,zh,2,weibo,0
哈哈哈！//@晨阳real: 这都跟啥扯一块儿了！大头宝玉配大眼黛玉[抓狂][抓狂]@老男人更温柔 @龙舒ls @吴大瑕 @水瓶王杨杨 @一弛,1,qwen3-next-80b-a3b-instruct,train,zh,6,weibo,0
这季节庐山“枫”味正浓，温泉红叶一起上头！[哈哈][哈哈]//@心灯1盏:超想冲，这时候去合适不？ //@m宛若清扬m:约起！//@九江旅游杜少华:安排！//@谭承军:到时候跟老杜干两杯！[嘻嘻] //@九江旅游杜少华:来九江实地补课吧！,1,qwen3-next-80b-a3b-instruct,train,zh,3,weibo,0
下班回家，六盘抹茶马卡龙最后只拼出一整盘，还有一小盘直接报废，真有点累…但开心的是今天营业额破2000了！虽然超难，但谢谢大家一直默默支持，我会继续努力，带来更多爱的味道！[悲伤][悲伤][悲伤],1,qwen3-next-80b-a3b-instruct,train,zh,1,weibo,0
想涂指甲又想弹吉他，这矛盾咋整？[晕],1,qwen3-next-80b-a3b-instruct,train,zh,1,weibo,0
哈哈笑到抽筋！！！真扛不住[汗],1,qwen3-next-80b-a3b-instruct,train,zh,1,weibo,0
湖中亭子顶上有小平同志的生平连环画，看到了没[哈哈],1,qwen3-next-80b-a3b-instruct,train,zh,1,weibo,0
各位叔叔阿姨爷爷奶奶们，三伏天儿装修爽不爽？？你们能不能商量好一块儿装啊？一家挨一家跟跑接力赛似的有啥意思？？天天早上电钻响得人睡不着，一响完又没声了，逗人玩呢？？[抓狂],1,qwen3-next-80b-a3b-instruct,train,zh,1,weibo,0
#旅游资讯#【#威海直飞台北#】12月31日威海机场跟台北桃园机场要试飞直航啦！威海成山东第4个直飞台湾的点，去程台北→威海6:45-9:20，回程威海→台北10:30-13:20～http://t.cn/8kbZEhH 威海的宝子们去台湾玩简直不要太方便！[鼓掌]@威海市旅游局官方微博,1,qwen3-next-80b-a3b-instruct,train,zh,2,weibo,0
林大侠冲鸭，能回国家队叶落归根太棒了[鼓掌][鼓掌][鼓掌],1,qwen3-next-80b-a3b-instruct,test,zh,1,weibo,0
冷到发抖+头昏眼花，又要感冒了[泪],1,qwen3-next-80b-a3b-instruct,train,zh,1,weibo,0
Brendan先生？没带一袋premium crab回来啊...？[嘻嘻]//@架架??食??: 辛苦你了[可爱]??你的到?！希望不久的??去澳洲找你[爱你]@?底??胃,1,qwen3-next-80b-a3b-instruct,train,zh,3,weibo,0
现在来正合适！[嘻嘻] //@Jefflo_LetsBurger:周末快乐，就今天，快来参与！[嘻嘻],1,qwen3-next-80b-a3b-instruct,train,zh,2,weibo,0
回复@love希希小少爷:不用任何银行卡哦？只要在2014年2月28日前，每周一、二中午（平安夜、跨年、春节假期除外），直接来咖啡厅吃自助午餐就能享这价！[嘻嘻] //@love希希小少爷:要啥卡啊？,1,qwen3-next-80b-a3b-instruct,train,zh,2,weibo,0
杆法、思路和走线跟9球差挺多的，把准度用到实战里还得慢慢磨合。加油[太开心],1,qwen3-next-80b-a3b-instruct,test,zh,1,weibo,0
回复@盛博:[抓狂][抓狂][抓狂][抓狂][抓狂]早知道我爬也得爬去啊//@盛博:熊丽同学，给你圆相机梦的那位小帅哥，比我高一头，青涩得不行[偷笑]我特地在现场给你点赞夸他帅了，他还跟阿姨说超感谢呢[偷笑],1,qwen3-next-80b-a3b-instruct,train,zh,1,weibo,0
[泪] [哈哈] 被夏娃同志认可了，我直接原地起飞！那三国杀，就当是我送你的了！,1,qwen3-next-80b-a3b-instruct,test,zh,3,weibo,0
[怒]以后真不推荐东山了！半夜没服务还收门票！刚在码头买了票和船票，居然拒载！[鄙视]//@漳州东山风动石景区://@我是海边人:真的假的？求证@漳州东山风动石景区 @毅猛,1,qwen3-next-80b-a3b-instruct,train,zh,2,weibo,0
#带着微博去郴州#雾笼楼台，月迷渡口，桃源望穿也找不着~[嘻嘻],1,qwen3-next-80b-a3b-instruct,train,zh,1,weibo,0
羡慕嫉妒恨！[嘻嘻] //@大胖鱼鱼:来厦门玩，在海边溜达踩浪，说不定你也能这么好运，旅游不但不花钱，还倒找你钱，那条捡到两万块的鱼，真值了,1,qwen3-next-80b-a3b-instruct,train,zh,2,weibo,0
[赞]//@尚涛: 人这一生不就是你笑别人，别人笑你嘛？大部分人又不会留名青史，很多事笑笑就过去了，反而更爽！早安[嘻嘻],1,qwen3-next-80b-a3b-instruct,train,zh,2,weibo,0
走过路过别错过！蟹粉速来听[话筒]，这期节目有我们家和@黄记煌 的内容哦，记得收听[嘻嘻]@李老爹-李德义 @花家怡园花雷 @权金城-叶瑞慈 @玉林餐饮--邹胜利 //@廖承军:也想跟支付宝更深度合作 //@金梅央:两岸咖啡全线推手机点单 //@廖承军:创新+电商真无处不在,1,qwen3-next-80b-a3b-instruct,train,zh,8,weibo,0
Mark，跟我的纯白地面+墙绝配[嘻嘻] //@Daisy墨:会议室改成这样了,1,qwen3-next-80b-a3b-instruct,train,zh,2,weibo,0
见小宽，三观重塑！[哈哈]//@小宽胖: 见老董，节操在线！一起走！,1,qwen3-next-80b-a3b-instruct,test,zh,2,weibo,0
等你送呢！//@尤宪超:给他整条烟就行 // @嘻哈包袱铺陈曦 :回复 @?蒙蒙 :别乱花钱！啥都不用，一句生日快乐就完事了[哈哈] // @?蒙蒙 :我在商场逛着呢，给你挑礼物。,1,qwen3-next-80b-a3b-instruct,train,zh,9,weibo,0
[哈哈][哈哈]//@杨粉帅: 转发微博,1,qwen3-next-80b-a3b-instruct,train,zh,2,weibo,0
刚拍完节目，导演亲自操刀，哈！[哈哈],1,qwen3-next-80b-a3b-instruct,train,zh,1,weibo,0
收到胡总，悄咪咪睡了[哈哈] //@风华正胖:碎觉，把小鸟找回来。////@茉莉香片1982: [怒][怒] 坏蛋！//@风华正胖:你的青春小鸟一样不回来//@茉莉香片1982: [右哼哼][左哼哼] 怎么就妖了，明明超青春//@风华正胖:妖//@茉莉香片1982: 好像又在[思考][思考] //@张晓蕊rry2:头像绝了，又是我拍的吧//,1,qwen3-next-80b-a3b-instruct,train,zh,8,weibo,0
哈哈，普京玩铅笔，安倍也能玩玩电阻嘛。//@充满希望的等待: @老端 [嘻嘻],1,qwen3-next-80b-a3b-instruct,train,zh,3,weibo,0
明天年会，同事打电话提醒我别穿太随意。突然想起这周胖妞让我帮她挑年会礼服，嘿嘿，想到你那件抹胸裙滑到胃部的名场面。友情提示：安全第一啊！@疾驰而过的风景 [哈哈][哈哈][哈哈],1,qwen3-next-80b-a3b-instruct,test,zh,2,weibo,0
曾经的白月光啊！致我们一去不返的青春 //@自由行走的菡:[泪][泪]上学那会儿穷得叮当响，最爱蹲大棚淘衣服，老嚷嚷要拆，最后还是拆了 @兔子小曼//@赵凯-360:当年咱文艺青年去五道口，就为了买大口磁带和CD，十几年前的事了，岁月真是杀猪刀啊 //@EthanLi:没去过,1,qwen3-next-80b-a3b-instruct,train,zh,4,weibo,0
谁偷了我睡眠？今天特供的？[嘻嘻]没课摸鱼补觉[睡觉],1,qwen3-next-80b-a3b-instruct,test,zh,1,weibo,0
同祝！//@夕言Louis:杜局，刚发现咱俩生日同一天！哈哈，生日快乐！[蛋糕][蛋糕]//@九江旅游杜少华:回复@毕笔笔:谢啦！祝大家儿童节快乐！童心不老！永远小孩！ //@毕笔笔:杜局，生日快乐，顺带儿童节快乐 //@九江旅游杜少华:回复@___榇:[握手][握手][哈哈] //@___榇:[蛋糕],1,qwen3-next-80b-a3b-instruct,train,zh,4,weibo,0
去年房东出国，说房子要卖，挂价100万。就那破屋！觉得他脑抽了吧！今年回来又说亏了没卖，不然血亏。[哼] 紧接着通知房租涨100块。[泪] 我悲愤地想，要是政府明文规定房租每平米只能20块，租房和房价会不会就正常了？？？？？,1,qwen3-next-80b-a3b-instruct,train,zh,3,weibo,0
奖品太香了，抢到头皮发麻[抓狂],1,qwen3-next-80b-a3b-instruct,test,zh,1,weibo,0
原来如此！[鄙视] //@微博位置:帝都的宝子，你地图更新没？@高德地图 [嘻嘻],1,qwen3-next-80b-a3b-instruct,train,zh,3,weibo,0
狂风暴雨，动车直接趴窝。驾驶室里人进人出。咱不求啤酒不求饮料，给点通风就行。唉~突然蹦出那句歌词：“无声的雨，轻轻把我打醒，让我的泪，像雨水一样冰…”莫名想哭~[泪],1,qwen3-next-80b-a3b-instruct,train,zh,1,weibo,0
就是这个！有钱没钱，回家过年！[抓狂][抓狂][抓狂],1,qwen3-next-80b-a3b-instruct,train,zh,1,weibo,0
二十块抓了四个，爽到飞起[哈哈],1,qwen3-next-80b-a3b-instruct,train,zh,1,weibo,0
粥这玩意儿千百年来没人不爱，吃一百次都不腻！开胃养胃、补水润喉，味道鲜得不行，好消化还营养拉满，简直是养生界的天花板！功效多到说不完～快来看看利顺德大饭店豪华精选酒店独家推荐的养生粥吧！[鼓掌],1,qwen3-next-80b-a3b-instruct,test,zh,1,weibo,0
睡得比在家还香[嘻嘻],1,qwen3-next-80b-a3b-instruct,train,zh,1,weibo,0
想一个个把他们扶起来[哈哈] //@王秋楠Novia：哈哈 弄乱了[哈哈],1,qwen3-next-80b-a3b-instruct,train,zh,3,weibo,0
睡得少的人表示这话说得太对了[偷笑][偷笑] //@余耕:我这智商为啥还睡这么少？[泪] //@RiveGauche的豆豆:自我安慰一下，不用老怀疑自己甲亢了[酷],1,qwen3-next-80b-a3b-instruct,train,zh,3,weibo,0
又恢复正常了，今早迟到了😭,1,qwen3-next-80b-a3b-instruct,train,zh,1,weibo,0
下次你就说：我想去看看天安门，顺便吹个风～ //@精精进入究极减肥阶段:金融街店！我每次必坐进门靠玻璃那排从里往外第二张[馋嘴] 露台夏天压根没坐成[泪] 冬天又不敢跟老板喊：“给老娘安排露台！”,1,qwen3-next-80b-a3b-instruct,train,zh,4,weibo,0
今晚烤鸭吃太多了…[泪]撑到不行…,1,qwen3-next-80b-a3b-instruct,train,zh,1,weibo,0
找个日子自己去逛吴哥[哈哈],1,qwen3-next-80b-a3b-instruct,train,zh,1,weibo,0
困得连山清水秀都看不下去了//@郭思郭思:畅饮？行吧～我还被困在昆明的飞机上[泪]//@韦韦来: 必须说，今天拍得超开心！成片绝对值得等！重点是，拍完直接去干杯了！邓先生说得对：要会享受生活！[哈哈]//@小潘坤期待小巴菲:???[爱你][爱你][爱你]@韦韦来 @金永明ontime,1,qwen3-next-80b-a3b-instruct,train,zh,3,weibo,0
香港珠宝大佬空降@天禄中??-TYLOO 蛇年大吉[嘻嘻] 我在:http://t.cn/zYMJxXr,1,qwen3-next-80b-a3b-instruct,train,zh,3,weibo,0
纸质书VS电子书[哈哈],1,qwen3-next-80b-a3b-instruct,train,zh,1,weibo,0
欢迎珍妮坐海航的飞机，也欢迎其他导盲犬一起飞～[可爱],1,qwen3-next-80b-a3b-instruct,train,zh,1,weibo,0
[泪]这话题太虐了，别说了……,1,qwen3-next-80b-a3b-instruct,train,zh,1,weibo,0
回复@小新娘Alex:天天都这样？//@小新娘Alex:7点开会……[泪],1,qwen3-next-80b-a3b-instruct,train,zh,1,weibo,0
偶然翻到一篇文章超有趣，拍封面的摄影师@CasliLao_卡士尼和我同年同月同日生已经够玄了，主角JOEY原身居然也和我一样生于1030，万圣节前夜哈哈[哈哈],1,qwen3-next-80b-a3b-instruct,train,zh,1,weibo,0
[泪]//@好狗好猫义工团上海站：今天网友求助的福州路那只猫，已经有好心人送去医院了，情况挺严重的，为小宝贝祈福！加油！,1,qwen3-next-80b-a3b-instruct,train,zh,1,weibo,0
@?津津 这样像你吗？在#节目#里又被胖哥和我坑了[嘻嘻],1,qwen3-next-80b-a3b-instruct,train,zh,2,weibo,0
#空姐风采#[围观]#iPad#版《才情空姐》第3期上线啦！昆航空姐@__AnQi- 火力全开！[抱抱] APP Store搜“才情空姐”免费下，#iPhone#版也同步开播，姐妹们冲啊！,1,qwen3-next-80b-a3b-instruct,train,zh,4,weibo,0
没捏…但我最近超想跑路[哈哈][偷笑]@张熙 哪天约一波哈 //@武文喵: @Luna熊猫爱旅行 鉴定过没？ //@阿伊兔儿公主:@zurhniierelt @别踹老猫的窝 //@北京生活杂志:今天去超棒[可爱]下次还得冲,1,qwen3-next-80b-a3b-instruct,train,zh,8,weibo,0
书店没风景了：光合作用书房关了 http://t.cn/Sh848f 下一个轮到谁？[泪][泪][泪],1,qwen3-next-80b-a3b-instruct,test,zh,3,weibo,0
这条例也太香了吧，多少海外游客要冲啊！心动到不行！可惜穷得叮当响！[泪],1,qwen3-next-80b-a3b-instruct,test,zh,1,weibo,0
啃着鸭锁骨，一个人吃真没劲…[抓狂] 一想到第一次吃是@JQ张 带来我们寝室，尝了一口，立马回忆起你们狂啃辣货的场面，比如泡椒凤爪…我虽然从来不吃，就在边上叭叭叭，哈哈…@米特小拧 @虾米匆匆 好久没艾特你们了吧！,1,qwen3-next-80b-a3b-instruct,train,zh,5,weibo,0
法雅版的黑镜啊[哈哈],1,qwen3-next-80b-a3b-instruct,train,zh,1,weibo,0
我在演播室的限定色[嘻嘻],1,qwen3-next-80b-a3b-instruct,train,zh,1,weibo,0
[怒]这种事国家必须狠打，让黑心商家赔到倾家荡产，坐穿牢底，该杀的直接杀，不然老百姓真没活路！,1,qwen3-next-80b-a3b-instruct,test,zh,1,weibo,0
#小米菜谱# 中午又到了，我咋就馋糖醋小排了呢，你们呢想吃啥？凉的热的都绝了，糖醋小排快到我碗里来！具体做法戳这看更全http://t.cn/zWZZzfl，更多下饭神菜都收进我新书《私房下饭菜》啦，当当、亚马逊、京东都能买～[嘻嘻],1,qwen3-next-80b-a3b-instruct,test,zh,2,weibo,0
一个留住宝宝回忆的梦想，米格365帮你搞定：）//@周晨说: 有梦就去追[鼓掌],1,qwen3-next-80b-a3b-instruct,train,zh,2,weibo,0
回复@张醒生:[握手]爱情猫久久不散！[泪][蜡烛] //@张醒生:深爱！ //@梁锦江:好可怜！ //@Dj王平:难受！ //@王平-360:好可?……??是撞死的…… //@梁锦江:好可怜！ //@Dj王平:难受！ //@王平-360:好可?……??是撞死的……,1,qwen3-next-80b-a3b-instruct,train,zh,8,weibo,0
我也要去试试 //@张小瓶儿:谁那这整我 就掰面儿[泪][吃惊][衰][抓狂],1,qwen3-next-80b-a3b-instruct,train,zh,3,weibo,0
好久没回家帮忙了，今天回家主场，碰上一家从南京来旅游的三口人，聊着聊着就聊飞了，临走还给我留了电话，说去南京一定带我玩个痛快，我乐呵呵送他们出门，结果那大叔突然跑回来跟我说：“我们已经给阿姨结过账了，怕你不知道[偷笑]” 太可爱了吧！我家客人总给我这种惊喜[哈哈] 真爱你们[爱你],1,qwen3-next-80b-a3b-instruct,train,zh,3,weibo,0
#一出梦的戏剧#“致青春版”。冲@任素汐 @李洋JoywayDrama //@工人李普雷:[蛋糕]至乐汇三周年[鼓掌],1,qwen3-next-80b-a3b-instruct,train,zh,3,weibo,0
猫耳朵简直绝了！[太开心],1,qwen3-next-80b-a3b-instruct,train,zh,1,weibo,0
//@未满十八周岁者禁止关注: 拍烟雾效果最简单的方法，爱摄影的赶紧收藏~[鼓掌],1,qwen3-next-80b-a3b-instruct,train,zh,2,weibo,0
[哼] Se?orita Luna，我们需要帅哥们然后生娃//@大酸莓:哈嗲呀[鼓掌] 可惜没娃,1,qwen3-next-80b-a3b-instruct,train,zh,4,weibo,0
有能力的女人身上才发光，这句太对了！//@画眉: 闺蜜和蓝颜都要抓牢[鼓掌]归根结底，得把自己的情感支持系统搞起来，而唯一的方法就是爱。会爱的女人，浑身都在发光[可爱]//@耳尔: 看出来闺蜜有多珍贵了吧,1,qwen3-next-80b-a3b-instruct,train,zh,3,weibo,0
大风直接把我卷走了，[泪][泪][泪] 我在:http://t.cn/zYmX7or,1,qwen3-next-80b-a3b-instruct,train,zh,2,weibo,0
上海怎么这么冷啊？[泪],1,qwen3-next-80b-a3b-instruct,train,zh,1,weibo,0
整理抽屉，翻出一堆证…在天朝得有多少证才能通关啊？[衰],1,qwen3-next-80b-a3b-instruct,train,zh,1,weibo,0
哈哈哈 我家娃儿的大姑姥姥留的 太有意思了 听说还有好多呢 挑姐姐剩下的 着实耐造 PS：我没唠叨 别想多[哈哈] http://t.cn/zWyCIZC,1,qwen3-next-80b-a3b-instruct,train,zh,9,weibo,0
//@1号海洛英:广东压根就没潮阳和普宁这俩地儿？暴雨决堤淹成这样也能装看不见！//@Cherish麻醉谢贵彬:卧槽。。。我真炸了。。。//@陈恩良:停电两天刚通网就刷到这破消息，气死我了[怒]//@-YELLOW小黄:转微博,1,qwen3-next-80b-a3b-instruct,train,zh,1,weibo,0
摩羯上线了[哈哈],1,qwen3-next-80b-a3b-instruct,train,zh,1,weibo,0
征婚帖吗？顶一下！厚重哥，靠谱又安心。//@中国之声_朝旭: 我估摸着没人要了 哈哈//@visiontime:征婚帖吗 顶一下 哈哈//@中国之声_朝旭:呃 这张照片 我快热化了[晕] 还是下雨天闯关的英雄凉快,1,qwen3-next-80b-a3b-instruct,train,zh,8,weibo,0
哈 好有文艺感[哈哈],1,qwen3-next-80b-a3b-instruct,test,zh,2,weibo,0
[抓狂]//@慢卷袖: 就是这样吧[偷笑]@程? //@痞子jasense一休: //@ShanghaiAcat:[汗],1,qwen3-next-80b-a3b-instruct,train,zh,4,weibo,0
就这么没了？真想啊[抱抱],1,qwen3-next-80b-a3b-instruct,train,zh,1,weibo,0
这娃绝对是故意的！缘分这玩意儿真绝了！[挖鼻屎] //@泸沽湖守望客栈老板娘: 给跪了。。。CZ363丢箱子的姑娘快联系这迷糊蛋。。。[晕] //@PT的尘埃: 没人找我我就先全带着，16号回曼谷就还给南航，再次向失主道歉！,1,qwen3-next-80b-a3b-instruct,train,zh,5,weibo,0
新办公室，亮堂又宽敞，绝了[鼓掌][鼓掌][鼓掌][心][心][心],1,qwen3-next-80b-a3b-instruct,train,zh,1,weibo,0
吓死我了！半夜三更，突然听见一男的在客厅跟一群猫唠得可欢了[晕] 我差点以为自己幻听了[衰],1,qwen3-next-80b-a3b-instruct,train,zh,2,weibo,0
好怀念以前的京侨餐厅啊，这么多年我一直在悄悄找它，可就是找不到。。。西四的延吉冷面、秋云萍快餐、悦宾都在，唯独我最爱的京侨餐厅没了，这辈子的遗憾啊！[泪],1,qwen3-next-80b-a3b-instruct,test,zh,1,weibo,0
好想小库啊，老宗说我不在的时候她天天趴我文件上睡??[泪][泪][泪][泪]今晚就能见到了！,1,qwen3-next-80b-a3b-instruct,train,zh,1,weibo,0
[衰]//@李清: 猪还能得禽流感？[疑问],1,qwen3-next-80b-a3b-instruct,test,zh,2,weibo,0
周一果然又是迟到高峰！[泪],1,qwen3-next-80b-a3b-instruct,train,zh,1,weibo,0
[good]可惜没看到//@二狗ta妈:下楼取快递，刚好撞见他进我那部电梯，瞬间表情管理失败。超礼貌地冲我挥手，啊啊啊，就差一点！电梯只停了一层啊！[抓狂][抓狂],1,qwen3-next-80b-a3b-instruct,test,zh,1,weibo,0
东三环北向南，直接崩了！@北京交通广播 [泪][泪][泪],1,qwen3-next-80b-a3b-instruct,train,zh,2,weibo,0
@小迈2011 @史蒂夫郑 @RR凹小碗 @CrinaJing @猫咪家的小魔女 @张家小英蕾 @MAYA_炫 @天枰AlanQu @-王帅-Leonardo- 我们上班的地方也太绝了吧！//@北京悠唐皇冠假日酒店: 我的天，这卢浮廊吊灯也太仙了！求原图[鼓掌],1,qwen3-next-80b-a3b-instruct,test,zh,11,weibo,0
得逆到啥时候啊[抓狂][抓狂],1,qwen3-next-80b-a3b-instruct,train,zh,1,weibo,0
#Loli厨房出品# 又说加班忙到忘吃饭的那位，本来想随便买点吃，结果一想还是惦记Loli主厨做的饭，想回家吃！于是整了盘微煎馄饨配牛奶。那人直接惊呼：好幸福啊！[哈哈] 所以啊，男人嘴甜不吃亏，不会说好听的就别怪老婆没好脸色[偷笑],1,qwen3-next-80b-a3b-instruct,train,zh,3,weibo,0
为“家人”服务！Mia//@最棒的eric日记: 太暖了！家的味道！[给力][织][围观][嘻嘻] //@上海衡山北郊宾馆GuCunParkHotel://@金色宝格丽: 我们@马勒别墅 的员工对客人超贴心！[威武],1,qwen3-next-80b-a3b-instruct,train,zh,5,weibo,0
盼着我家宝快点长大[可爱]这节日最暖心的传递[心],1,qwen3-next-80b-a3b-instruct,train,zh,1,weibo,0
还说早起去游泳，结果……起个大早赶个晚集[泪],1,qwen3-next-80b-a3b-instruct,train,zh,1,weibo,0
[怒]王八蛋,1,qwen3-next-80b-a3b-instruct,train,zh,1,weibo,0
收藏 //@俺叫老鬼:回复@墨守冥?: 哎呀，真烧钱啊！[晕] //@墨守冥?:回复@俺叫老鬼:?像本?就?.一百五?是入?的.要像真人站你面前.??更?.他是有?人?念他珍惜又消失的生命而?做的回?品.我看??次.一次是我朋友做的??奇?犬?像.一次是一位小朋友?像.因?年?小就猝死.所以父母去定做的,1,qwen3-next-80b-a3b-instruct,train,zh,4,weibo,0
回复@千稻学伟：机智！抽空去你家吃拉面水果啊，拉面也在水里呢。//@千稻学伟：回复@沣之道杨铁锋：烤鱼当然算水果，水里能吃的都算水果[嘻嘻][嘻嘻][嘻嘻],1,qwen3-next-80b-a3b-instruct,train,zh,1,weibo,0
整理衣柜，最爽的不是翻出钱！是01、02年最瘦时的裤子衣服又能轻松穿上！当年花大价钱买的麻料衣服，现在看还是爱到不行！赚到了[阴险][阴险][阴险][鼓掌][鼓掌][鼓掌],1,qwen3-next-80b-a3b-instruct,train,zh,1,weibo,0
村书记直接笑到打滚！[哈哈],1,qwen3-next-80b-a3b-instruct,train,zh,1,weibo,0
不好意思让大家看累了[偷笑]//@北京小样子:[偷笑][晕]人工呼吸 //@愚?人是?愚?主人: 直接?倒！[哈哈]//@云游四海keke0606: [晕]//@愚?人是?愚?主人: [偷笑]看都看困了！//@云游四海keke0606: [偷笑]//@愚?人是?愚?主人: 就光看呗！?花?！[挖鼻屎]//@北京小样子: [钱]配副老花镜吧,1,qwen3-next-80b-a3b-instruct,train,zh,8,weibo,0
路上[爱你],1,qwen3-next-80b-a3b-instruct,train,zh,1,weibo,0
拍广州，爱广府文化！//@沈敦文: 限量款，赶紧冲几套回家！[哈哈]@洋光摄客 @倒影中的微笑 @幸福AMBQ @杨山 //@陈志强摄影: 谢谢大哥捧场[偷笑]/@怪蜀黍大话红酒: 明天去蹲几套！//@陈志强摄影: 转起来,1,qwen3-next-80b-a3b-instruct,train,zh,9,weibo,0
上次买那瓶那罐真是踩雷了，以后就乖乖跟Lisa买那个了 //@Always作瓜:买护肤品被销售吹得天花乱坠，买回来又不好用还巨大罐，[泪]@安拉安奇 @小柔大肉,1,qwen3-next-80b-a3b-instruct,train,zh,3,weibo,0
新10号线高峰期真的被挤到没尊严了[衰],1,qwen3-next-80b-a3b-instruct,train,zh,1,weibo,0
#房山现状#【我们家连饭都没得吃[吃惊] [抓狂]】@张丽达 房山灾民：“我们家连饭都没得吃！” 去房山送衣送食，灾情真不是盖的，路上看得心都揪了；最震撼的就一句：“我们家连饭都没得吃！” 直接给我整不会了。2 http://t.cn/zWSlbK4 PS：真推荐！北京志愿者亲历实录，大伙儿都耐着性子看看吧，谢谢！！,1,qwen3-next-80b-a3b-instruct,train,zh,7,weibo,0
这犯规也太多了吧！小动作不断！简直像流氓球队！[怒],1,qwen3-next-80b-a3b-instruct,train,zh,1,weibo,0
[哈哈][赞] //@Cindy_wuyunyu:江南下雪了，这是天空给苏州的情书。[哈哈][哈哈][哈哈]//@朱宁杰Luck_Zhu:@andy蘑菇? @奶油JERRYGU @Cindy_wuyunyu 今晚苏州要大雪，积雪3―5厘米！[雪][雪][雪],1,qwen3-next-80b-a3b-instruct,train,zh,5,weibo,0
[偷笑]//@愚人立明: @康小莉 达令[哈哈]//@小马奔腾夏梅:转微博,1,qwen3-next-80b-a3b-instruct,train,zh,3,weibo,0
祝@李佳念Jonathan 弟弟和米粒儿帅哥@韩一宽 一起大获成功！//@韩一宽:米粒儿给你的不只是颜值，还有幸福感[爱你]//@?伊琳_Erin:全网最靠谱的护肤网购就在这，强烈安利给所有闺蜜[心]//@李佳念Jonathan:和@米粒儿 合作是因为理念一致，只想让大家用亲民的价格，轻松拥有无负担的美,1,qwen3-next-80b-a3b-instruct,train,zh,4,weibo,0
我周末就是晚上睡不着早上醒不来，简直要疯了[抓狂],1,qwen3-next-80b-a3b-instruct,test,zh,1,weibo,0
[哈哈][哈哈] //@五月的下午茶: [衰],1,qwen3-next-80b-a3b-instruct,train,zh,3,weibo,0
16条线路啊！。。。一不小心就闯禁区了[衰][衰]还是别乱窜了，真堵那儿进退两难就完蛋了[衰],1,qwen3-next-80b-a3b-instruct,test,zh,1,weibo,0
有命在就能搞出一切[偷笑][偷笑]你觉得呢//@全球奇事趣闻:你会选啥？[嘻嘻],1,qwen3-next-80b-a3b-instruct,train,zh,1,weibo,0
[泪]//@迷恋古诗词: 真是超暖心的爸爸[心]！,1,qwen3-next-80b-a3b-instruct,train,zh,2,weibo,0
回复@好人老周:[哈哈]抬头挺胸，憋住气，接着摸石头[哈哈] //@好人老周:回复@有福社长: 信仰坚定，摸着石头过河[笑哈哈],1,qwen3-next-80b-a3b-instruct,train,zh,3,weibo,0
我那半瓶英文晃了晃~ //@猫大帆:埋头吃[抓狂],1,qwen3-next-80b-a3b-instruct,train,zh,2,weibo,0
一个伟大民族的今天[泪]//@雷颐: 转发微博,1,qwen3-next-80b-a3b-instruct,train,zh,2,weibo,0
我在@阿-日的#影响力PK#里输了，没拿到【力挽狂澜】勋章[泪] 我继续冲！你也想抢限量勋章不？[最右]http://t.cn/aKZEtF @江佑泊客 @李小松先森 @驴游祺摄 @霞浦行摄生活 @太姥山风景名胜区,1,qwen3-next-80b-a3b-instruct,train,zh,7,weibo,0
同唉~[泪] //@-苑硕-:唉,1,qwen3-next-80b-a3b-instruct,train,zh,2,weibo,0
谢谢崔老师干了这么多！从今天起坚决不吃转基因！[太阳][微风]//@崔永元:谢谢热心网友，不收捐款也不搞“安保基金”，丢不起这人。[怒] //@崔永元:第二部纪录片开拍了，拍中国转基因乱种的真相，你们别想跟上我。[马到成功][马到成功][马到成功] //@崔永元:科学机构能不能要点脸？[围观],1,qwen3-next-80b-a3b-instruct,test,zh,3,weibo,0
今天朋友从马尔代夫回来发礼物～有件我超爱的衣服！小小一包泡水就变衣服～结果没我的码……[泪][泪]胖子又被无情忽略啦～[晕][晕][熊猫],1,qwen3-next-80b-a3b-instruct,train,zh,1,weibo,0
[晕][哈哈]//@溪xo:[泪]臣妾真做不到啊//@ifeng-假期依旧很忙碌的梦捷同学:臣妾实在做不到啊[泪]//@梨子568:[哈哈][哈哈]//@洛水槿死等冯绍峰兰陵武王高肃:不看#兰陵王冯绍峰# 臣妾真做不到啊[泪],1,qwen3-next-80b-a3b-instruct,train,zh,2,weibo,0
[鼓掌][鼓掌]//@玩泥巴的小2: 一定去！[爱你][爱你][爱你],1,qwen3-next-80b-a3b-instruct,train,zh,2,weibo,0
我的Mac Mini现在彻底成崩溃之王了，Firefox崩到根本没法用，其他软件每天也得炸好几次，隔几天还得看一回五国。该不会是我没经乔帮主同意私自加了条内存的原因吧？[抓狂],1,qwen3-next-80b-a3b-instruct,test,zh,2,weibo,0
我们都各自走了，只剩@herman_tang 一个人单曲循环台妹的歌！[哈哈],1,qwen3-next-80b-a3b-instruct,test,zh,2,weibo,0
今年还没带猫小D去看花呢[泪] //@诺小娜nona: @黑摄会被抢注,1,qwen3-next-80b-a3b-instruct,train,zh,3,weibo,0
收到了[爱你],1,qwen3-next-80b-a3b-instruct,test,zh,1,weibo,0
一年前寄出的时光明信片今天才收到，居然赶在这天，好在当初对自己的祝福都实现了。[嘻嘻][嘻嘻][嘻嘻],1,qwen3-next-80b-a3b-instruct,train,zh,1,weibo,0
#希尔顿逸林-鸟瞰海南# 外地人眼里的海南：1、海南人只会坐飞机出岛，不知道火车能轮渡过琼州海峡[泪] 2、海南省会是三亚[泪] 3、海南人穷，水果只有椰子和芒果[泪] 4、海南人都黑又瘦[泪],1,qwen3-next-80b-a3b-instruct,train,zh,5,weibo,0
买车不带天窗真的会出人命！[抓狂] //@车市老兵:途胜车主一场大雨淹死在北京大街上！这世道还让不让人活了？[衰]@新浪浙江汽车 @车手阿B @杰夫评论,1,qwen3-next-80b-a3b-instruct,test,zh,4,weibo,0
陈总撑腰，事半功倍 哈哈//@陈业文新大都: [给力][哈哈][鼓掌] //@郭月晨:目标清晰 信念坚定 往前冲 //@风光王健:最近为企业发展有点懵，中午跟千禧大酒店高管聊营销，晚上找@郭月晨 取经，半夜还跟知己唠人生谈发展，收获拉满，跪谢！,1,qwen3-next-80b-a3b-instruct,train,zh,8,weibo,0
好久没见你了……[泪],1,qwen3-next-80b-a3b-instruct,test,zh,1,weibo,0
猛一睁眼才发现才睡了一个半小时，连做三个噩梦，吓死我了[失望],1,qwen3-next-80b-a3b-instruct,train,zh,1,weibo,0
//@姚晨:这么多年了，每次只能念到巴巴波...[泪],1,qwen3-next-80b-a3b-instruct,train,zh,1,weibo,0
我会画哈哈哈[嘻嘻][哈哈][兔子],1,qwen3-next-80b-a3b-instruct,train,zh,1,weibo,0
分享终于搞定了，但走查才刚开搞[泪],1,qwen3-next-80b-a3b-instruct,test,zh,1,weibo,0
阵容也太顶了吧。。。[鼓掌][鼓掌][鼓掌],1,qwen3-next-80b-a3b-instruct,test,zh,1,weibo,0
[蜡烛]//@社会与法频道阎肃: [吃惊] 又来一个？//@荣海参行://@老烟鬼qq:[蜡烛]//@实名举报人张颖慧: //@要真相不要谎言9: //@山羊_廖文超: //@又有来来7:[泪][怒]//@藜焱焱: //@修行中的九猫:[吃惊]//@怒江在线--: //@哈喽涛声依旧2013:[吃惊]@怒江在线--:,1,qwen3-next-80b-a3b-instruct,train,zh,8,weibo,0
对啊//@匪类也柔情8866:[泪流满面]我也想吃，富平陶艺村的最绝了！//@无须豆蔻:回复@匪类也柔情8866:对、我现在就馋面辣子了//@匪类也柔情8866:[右哼哼][左哼哼]你先嘚瑟吧！！看我以后！//@无须豆蔻:回复@匪类也柔情8866:[哈哈][哈哈] /:回复@匪类也柔情8866:太积极了,1,qwen3-next-80b-a3b-instruct,test,zh,2,weibo,0
?在懂啥叫禽兽不如了…… //@舒淇:感动ing~~~ //@veggieg:[泪] //@蛤蜊咖喱-BIG:这段视频一辈子忘不了 //@学习焦裕禄: //@郭德纲:唉！我去养狮子了。 //@李楠622 :看一次哭一次~~ //@吴鹤臣 :老友重逢,1,qwen3-next-80b-a3b-instruct,test,zh,10,weibo,0
发现身边全家老小明天全放假，就我一个人要上班！桑！班！[泪]无力感无力感无力感…还有谁在上班的赶紧签个到，不然我真的要炸了[抓狂][抓狂][抓狂]讨厌…,1,qwen3-next-80b-a3b-instruct,train,zh,1,weibo,0
这周末不限行，平时下班四十分钟到家，昨天今天俩钟头才到！堵车+腰疼+脚疼就算了，还特么想上厕所，谁遇上谁懂，谁受罪谁知道！瞬间想在公司附近租个房！真得认真考虑下了！[抓狂],1,qwen3-next-80b-a3b-instruct,test,zh,1,weibo,0
爱你比你深，比你久#钟汉良# 我的阿其[泪],1,qwen3-next-80b-a3b-instruct,test,zh,2,weibo,0
[话筒] 新家第一批八个娃闪亮登场！[鼓掌][心][耶] 每个都水当当的，简直萌到犯规！特别是文杰，三岁了有点认生，但一笑起来直接美到窒息！[可爱][爱你],1,qwen3-next-80b-a3b-instruct,train,zh,3,weibo,0
【#超级笑星#倒计时】明天晚上21:30《超级笑星》全国总决赛就开播啦！[鼓掌]明晚直接开整！最顶的欢乐大餐+笑到打鸣的喜剧狂欢！锁定@安徽卫视 一起笑到缺氧！[偷笑]现在转这条微博还能抽iPad mini！速戳http://t.cn/8Feks1c,1,qwen3-next-80b-a3b-instruct,train,zh,3,weibo,0
@ICY宝儿 @BeckyV @幸福的海0319 @Calvin_Zhu的Style 全是活宝//@拉脊山: @游走的胖纸 真的，我最爱听的中国方言，就它了。。。当然，只限于听[哈哈]//@小亨妈: 心情直接起飞，南京人YYDS//@南京城市达人: 这视频我刷好多遍了，每次笑到打滚[哈哈],1,qwen3-next-80b-a3b-instruct,train,zh,9,weibo,0
我错了，是箫鸣！箫鸣！箫鸣！！！ //@熊丽电台:《吃喝玩乐大搜索》周六直播开整啦！宁波都市生活广播《生活在宁波--绝对美食》的美女主播箫鸣空降直播间，狂聊宁波美食，小海鲜、时令水果、超好吃的枇杷…快快来签到，用你家乡的美食热情欢迎这位远方来客！[鼓掌][鼓掌][鼓掌],1,qwen3-next-80b-a3b-instruct,train,zh,2,weibo,0
艺术就是看不懂。。。[吐]//@观音不管海如来不点灯: // @京城浩子哥 :这字儿我一个都不认识，语文老师背锅[泪]//@韩光华Hanson: 霸气直接溢出来了！,1,qwen3-next-80b-a3b-instruct,train,zh,5,weibo,0
回复@Tomoki: 感谢[可爱]// ありがとう[可爱] //@Tomoki: 支持！,1,qwen3-next-80b-a3b-instruct,train,zh,5,weibo,0
真逗。[哈哈],1,qwen3-next-80b-a3b-instruct,train,zh,1,weibo,0
快去玩啊//@爱鞅的叶子and可乐Xi: //@立威廉中文网:偷偷告诉你，我知道是啥牌子[偷笑] //@vickiqlw蔚蓝的天空: [赞][给力]#立威廉#今年行程爆满啊！粉丝福利多到爆~[爱你][good]【威廉古堡※挺立到底】@立威廉 @wukiki @立威廉中文网 @楚凡diana @百度立威廉吧 @立威,1,qwen3-next-80b-a3b-instruct,train,zh,9,weibo,0
@清澈了无痕 我这算轻的了好吧[晕],1,qwen3-next-80b-a3b-instruct,test,zh,2,weibo,0
耶稣啊。。。//@浮云-福运-富蕴: 看得远不等于看得清。[哈哈]好悲观//@小苹果露: 去还是不去？这是个问题//@浮云-福运-富蕴: 我啥时候能走？去哪儿？能走多远？和谁一块儿走？问题太多，一步都迈不出去。,1,qwen3-next-80b-a3b-instruct,train,zh,4,weibo,0
一不留神又帅了[给力][神马][浮云][围观][哈哈],1,qwen3-next-80b-a3b-instruct,train,zh,1,weibo,0
超爱狗狗[爱你][爱你][爱你][爱你],1,qwen3-next-80b-a3b-instruct,test,zh,1,weibo,0
又作死！差点撞车。。。。。阎小兰儿你真不能这样了！打脸[泪],1,qwen3-next-80b-a3b-instruct,test,zh,1,weibo,0
为啥第一反应是到处都是打呼噜声[晕],1,qwen3-next-80b-a3b-instruct,train,zh,1,weibo,0
//@淘宝岚姐姐: 这个绝了！[good]看多了自然懂，学得广才多才，唐诗三百首背熟了，不会写也能瞎诌两句。[嘻嘻],1,qwen3-next-80b-a3b-instruct,train,zh,2,weibo,0
牙龈肿得我快崩了。。。。啊啊啊啊啊啊啊啊啊啊啊[抓狂],1,qwen3-next-80b-a3b-instruct,train,zh,1,weibo,0
跟老妈耗了一整天把利群、百盛、中百扫了个遍，逛得我头晕眼花腰酸腿抽筋！回家一摸口袋，发现张没付钱的小票——我心心念念那件衣服啊，必须拿下！立马蹬鞋冲回利群，结账时傻眼了：小票是中百的！[黑线] 收银员那憋笑的表情，我真想原地去世，丢死人了……[抓狂],1,qwen3-next-80b-a3b-instruct,train,zh,2,weibo,0
今天外面堵到离谱，地税门口车全乱停，想走都走不了，是不是昨天地铁出事今天大家都开车了啊，哎呀[抓狂]早知道我坐地铁了,1,qwen3-next-80b-a3b-instruct,test,zh,1,weibo,0
下雪啦?[鼓掌][鼓掌][鼓掌]?今年包头第一场雪[哈哈][哈哈][哈哈],1,qwen3-next-80b-a3b-instruct,train,zh,1,weibo,0
这不就是柬埔寨的达赖吗？//@越南阮海哲：‘桑兰西’臭名昭著，柬埔寨头号政治混蛋，四年前就因破坏公物和散布谣言判刑，之后一直躲在东亚某大国，被专制政权洗脑多年，最近才被特赦回金边。结果这人不知悔改，满嘴跑火车！越南政府高度关注，要求柬埔寨立刻抓人！！[怒],1,qwen3-next-80b-a3b-instruct,train,zh,1,weibo,0
[嘻嘻]//@王方怡的微博: 太燃了！//@乐儿_newbee://@木子-婷儿://@赵路人:给陆明同学点赞！转起来！早日装上空调！冲鸭！[哈哈][给力]@爱伶0826 @京华管奎 @青牛蝴蝶剑 @阿蒙2009 @王方怡的微博 @胡毅铭 @京华_小原儿 @京华-平原 @乐儿_newbee @2加2加5 @木子-婷儿 @飘飘香_ @邢邢飞 @桂瑰,1,qwen3-next-80b-a3b-instruct,train,zh,15,weibo,0
//@KAB低调做事and冷静思考的邬思美: 恭喜广商！！//@朝城要实现3个星期后月薪6000元: [赞]整点中大啦！//@广东商学院团工委: 广商！[威武]//@羊城晚报金羊网:#赛果公布# 经评委商议，本场辩论赛胜出方是反方广东商学院，恭喜广商杀进决赛！[鼓掌],1,qwen3-next-80b-a3b-instruct,train,zh,5,weibo,0
[?你][?你][?你]一起贴上[嘻嘻],1,qwen3-next-80b-a3b-instruct,train,zh,1,weibo,0
每去一个地方，感觉都不一样。[嘻嘻],1,qwen3-next-80b-a3b-instruct,test,zh,1,weibo,0
真的顶不住了[泪],1,qwen3-next-80b-a3b-instruct,train,zh,1,weibo,0
啊哈哈 节目也太炸了吧！[鼓掌]@品冠家族,1,qwen3-next-80b-a3b-instruct,test,zh,2,weibo,0
不一定，可能是阿尔茨海默，现在这社会都很少有这种弃养的了，有车一报警立马抓。//@yiren1221025:良心都被狗叼走了~~ //@一句心情签名: 太离谱了！[怒],1,qwen3-next-80b-a3b-instruct,train,zh,3,weibo,0
已经在班上了[泪],1,qwen3-next-80b-a3b-instruct,train,zh,1,weibo,0
蹲澳网看李娜[围观][鼓掌][耶],1,qwen3-next-80b-a3b-instruct,train,zh,1,weibo,0
@辽宁卫视香瓜七兄弟 不知道为啥，光听剧名+蛇年，我就自动脑补出《金刚葫芦娃》了😂 水果爆笑喜剧是啥我也不知道，但这阵容太顶了！开心麻花+爱笑工作室双王炸，还有宅男女神@柳岩，说不定赵本山也要来，直接冲了！[嘻嘻],1,qwen3-next-80b-a3b-instruct,test,zh,3,weibo,0
熏死我了。。。。[衰][衰][衰],1,qwen3-next-80b-a3b-instruct,test,zh,1,weibo,0
新项目，悲剧的是在集美中科院！每天公交转BRT再走两公里！怪不得都说打死不住岛外！[抓狂],1,qwen3-next-80b-a3b-instruct,train,zh,1,weibo,0
不开了吗？好多年没去了！好想以前的板栗山公园啊！[泪] //@中国古铜都-铜陵:[泪] 小铜真的缺个让娃们疯玩的地儿，板栗山没了，还能再回来吗？,1,qwen3-next-80b-a3b-instruct,test,zh,3,weibo,0
我和@夜明猪正版 的聊天记录。。。重要说明：我说的“有了”是指年假！！突然觉得我这朋友是啥神仙操作！！！[悲伤],1,qwen3-next-80b-a3b-instruct,test,zh,2,weibo,0
#告诉你不知道的度假酒店#南京秦淮河边上藏着一家泰味爆棚的酒店「南京御庭秦淮河店」！青砖老宅外表，一进门直接穿越到泰国，满墙壁画+东南亚装饰直接拿捏。一楼庭院房，温泉就在自家小院里，秒变马尔代夫～泡完换上丝绸拖鞋，瘫在贵妃榻上，爽到飞起[太开心]@御庭酒店集团,1,qwen3-next-80b-a3b-instruct,test,zh,1,weibo,0
[哈哈]抽刀断水、逸肴布衣、磬鼓撞钟、戊德图稷！[泪]月舞狂歌、淑烨守礼、狂啸九天、悲欢不给！[抓狂]我辈庸才、自怜自艾、金蛇乱舞、重开天地！[阴险]岁末将至、妙笔留痕、自言自语、世事入局！,1,qwen3-next-80b-a3b-instruct,train,zh,1,weibo,0
这么重要的集数你居然停播！？[抓狂][抓狂],1,qwen3-next-80b-a3b-instruct,train,zh,1,weibo,0
对女生说：转了今年这两样全都有！看谁不转。[泪],1,qwen3-next-80b-a3b-instruct,train,zh,1,weibo,0
[哈哈]//@akihazcq: 嘴巴忘关了……噗,1,qwen3-next-80b-a3b-instruct,train,zh,2,weibo,0
看电视呢。#?索# 访谈 高圆圆[可爱],1,qwen3-next-80b-a3b-instruct,test,zh,3,weibo,0
我和蚊子势不两立，见一只灭一只。#一个已被蚊子咬疯的人的诛杀宣言#[怒][泪][生病],1,qwen3-next-80b-a3b-instruct,train,zh,1,weibo,0
吓死人了吓死人了。。。//@背湾的老毕: [泪]帝都人民简直是地球上最顽强的生物！,1,qwen3-next-80b-a3b-instruct,train,zh,2,weibo,0
跟@reqiao 学了“慎之又慎行李收拾法”，结果临出门才冲去超市买，价格直接翻倍以上！[泪][怒][抓狂],1,qwen3-next-80b-a3b-instruct,train,zh,2,weibo,0
回复@茶玫：对对对，真想自己给自己拍个肩：老赵，牛啊！[偷笑] //@茶玫:当年咱咋活下来的啊，还偏偏不会写财经，佩服死自己了~~[泪] //@画眉:这已经是财经杂志的标配了，文艺时尚类更惨。真服了现在敢靠写字吃饭的小伙伴[泪],1,qwen3-next-80b-a3b-instruct,train,zh,3,weibo,0
[哈哈]//@老moV: 我滴个妈//@来小美: 不转这波真亏了@老moV @琦琦多多 @123的态度 @积木几木 《我心永红》~[泪] @当时我就泪奔了,1,qwen3-next-80b-a3b-instruct,train,zh,8,weibo,0
朋友帮我拍的[嘻嘻][嘻嘻]@我爱吃柚子0-0 @谈小牛 @费奥娜ff,1,qwen3-next-80b-a3b-instruct,train,zh,3,weibo,0
哥在马靠从不去星巴克，太贵了！哈哈！！！//@帕特丽莎小姐: @昆哥Q 马靠会不会好点啊[哈哈],1,qwen3-next-80b-a3b-instruct,train,zh,3,weibo,0
晚上吃个[兔子]我是小白兔[哈哈],1,qwen3-next-80b-a3b-instruct,train,zh,1,weibo,0
赵伯笑死我了！[哈哈][哈哈],1,qwen3-next-80b-a3b-instruct,train,zh,1,weibo,0
凸的[耶]//@二哈他妈是小忻: 我也觉得是凹的[晕] //@崔小嘴: 我怎么看这都是凹进去的,1,qwen3-next-80b-a3b-instruct,test,zh,4,weibo,0
回复 @胡搅蛮缠的庸人自扰_nina: 我们文化就是这样，胖点咋了，身材不重要，开心健康才关键 //@胡搅蛮缠的庸人自扰_nina: 女员工都?重了，您到时候还得急了。。。[哈哈][哈哈][哈哈],1,qwen3-next-80b-a3b-instruct,train,zh,5,weibo,0
我脑子已经空了，跟僵尸一样[泪],1,qwen3-next-80b-a3b-instruct,test,zh,1,weibo,0
早上打扮得花里胡哨去水立方逛，安检口碰见一老太太，张口就问：“都45了吧？” 我当场汗颜，只能硬着头皮回：“差不多了”[泪][晕] 看来群众的眼睛真雪亮，以后谁再说我显年轻我跟谁急[怒][抓狂],1,qwen3-next-80b-a3b-instruct,train,zh,3,weibo,0
靠！吓死人了！赶紧买安全锤，千万别去.......![泪]@老车豁子韩江 //@王东驰:能出来就万幸了，雨季西藏真别去。 //@阿玉_越玩越野: 收下借鉴 //@赵宏?: 太吓人了，人活着就行。 //@正版一仔: 绝了！！！人没事就谢天谢地！！！！,1,qwen3-next-80b-a3b-instruct,train,zh,8,weibo,0
[哈哈][哈哈]这娃太逗了。,1,qwen3-next-80b-a3b-instruct,train,zh,1,weibo,0
@包子577 @馋嘴猫99 @CaoRF 我决定跟马小玲学功夫，把九字真言练起来！光会念不练有啥用啊！！关键时刻能保命啊~~[鼓掌],1,qwen3-next-80b-a3b-instruct,train,zh,4,weibo,0
"好？人查的。//@生鬼皇妃:回覆 @ET胃食妹 : 之前??我都仲可以?, 現在要等一段??白番先得~[失望] // @ET胃食妹 :回覆 @生鬼皇妃 : 你都白呀!!",1,qwen3-next-80b-a3b-instruct,test,zh,11,weibo,0
我还在纠结饭角那块好久没擦的油乎乎地板，还有动不动就扫出鸡蛋壳、骨头、一次性筷子皮儿的暖气缝儿！擦一次脏一次，擦了又脏，擦到我都放弃了吧，可心里又觉得该收拾……纠结到想死算了！可这真是我每天都要碰的公共地儿啊！我梦想的是个图书角或者有格调的小饭桌啊！[泪]@全熊张老能,1,qwen3-next-80b-a3b-instruct,train,zh,1,weibo,0
我太激动了！！！[鼓掌][爱你]眼泪都要掉下来了！我一定拼了！！,1,qwen3-next-80b-a3b-instruct,test,zh,1,weibo,0
我们唱了这么多年歌[泪] //@由某某:@山楂大个元宵 //@YouTube精选:人不能没鸡的世界！！！[偷笑],1,qwen3-next-80b-a3b-instruct,train,zh,3,weibo,0
谢谢大家冬至还跑来蜜斯甜心！北京和南京的伙伴们今天都超辛苦啦！今晚别客气，吃好喝好玩爽！[嘻嘻] 我在:http://t.cn/zjplk7F,1,qwen3-next-80b-a3b-instruct,test,zh,2,weibo,0
师太你太绝了[哈哈] //@雪凝花璨:哈哈哈！官还不够大，钱还不够多，让他们继续拼！//@Jason-无名: 气人的是，他们现在早就成了啊！[抓狂][抓狂] //@雪凝花璨: 送给你@整合营销传播推动者 @爱运动的道长 @中殷 @ophiya邢 你们哪天当上大富翁大领导了，可别忘了咱啊@Jason-无名 你说对吧？,1,qwen3-next-80b-a3b-instruct,train,zh,10,weibo,0
回复@高伟_重新开始:不强求，有伴就行 //@高伟_重新开始:坑爹呢，让我去通天里找对象啊。 //@屈斌-冷漠:回复@高伟_重新开始:得带伴侣哦~~[嘻嘻] //@高伟_重新开始:回复@屈斌-冷漠:我投了香格里拉，有送旅游不？我不要钻戒，要旅游！哈哈,1,qwen3-next-80b-a3b-instruct,train,zh,4,weibo,0
羡慕到爆炸！//@喻小2: 昨晚我整了四道菜，小龙虾是用青蛙钓的，煮出来的汤竟然是淡虾黄色，@DJ臻臻小厨娘 @孙孙是吃货 你们知道上海的小龙虾我拿啤酒现煮是黑的吗？这品种怕不是能药膳两用..[嘻嘻][嘻嘻]还有茄子、青椒、樱桃萝卜，我全靠自然手法搞的,1,qwen3-next-80b-a3b-instruct,train,zh,4,weibo,0
太自闭了，我们。//@张鸿: 疯了吧 //@孙多菲: 无语了，咱国家到底咋了 //@阿紫姑娘2012: 这是哪年啊？简直没法说，就俩字：SB。。。 [怒]//@宋燕不v: 叹口气~MD我活在啥国家啊？！ //@老猫的白日梦: 越来越憋屈，太过分了。 //@北京精品美食: 畜生都不让进！,1,qwen3-next-80b-a3b-instruct,train,zh,12,weibo,0
发工资的日子真得留神了???[衰]//@Mr狐狸先森: 都别大意、、、@我爱切格瓦拉 @摩羯座大琪 @刘睿馨 @QiQi-奇迹 @挂了几丝 @王玲_sarahwang @肥南多 @张丽华larissa @孔侯氏 @barbie-zh @小娜娜1204 @王?_Phoebe @大家叫我老潘,1,qwen3-next-80b-a3b-instruct,train,zh,14,weibo,0
通里萨湖是亚洲最大的淡水湖，30年前红色高棉内战结束，1500户水上人家陆续搬来。每家平均四五个娃，靠打鱼为生。现在成了旅游景点，我却只看到心酸。中间那张照片里的小男孩和艾迪一样大，脖子上缠着蟒蛇，在河里蹭到我们的大船边，讨柬币。[泪][泪][泪],1,qwen3-next-80b-a3b-instruct,train,zh,1,weibo,0
[晕][晕][牛][牛][牛],1,qwen3-next-80b-a3b-instruct,train,zh,1,weibo,0
我想入手HD25[泪],1,qwen3-next-80b-a3b-instruct,test,zh,1,weibo,0
雪也太大了吧！卧槽，一分钟前差点吓死我。。terry太猛了太冷静了，，，技术绝了啊啊。[鼓掌][鼓掌][鼓掌][鼓掌],1,qwen3-next-80b-a3b-instruct,train,zh,1,weibo,0
要不是那些黑心商家搞事情，哪来这种破规定啊？当爸妈的不都是为了孩子健康吗？真无奈！[失望],1,qwen3-next-80b-a3b-instruct,train,zh,1,weibo,0
哈 亲们 早茶喝完 我要开整海鲜大餐了[江南style] 一大早 就馋哭你们[哈哈] [哈哈][哈哈][馋嘴][馋嘴][太开心][太开心],1,qwen3-next-80b-a3b-instruct,train,zh,7,weibo,0
这照片里有谁？[哈哈],1,qwen3-next-80b-a3b-instruct,train,zh,1,weibo,0
气死我了！必须严查，村民肯定知道点啥！公安局怎么就不管呢？[怒]//@边区汉子: 转@微博甘肃 @中国甘肃网 @中国天水网！,1,qwen3-next-80b-a3b-instruct,train,zh,4,weibo,0
对！[太开心],1,qwen3-next-80b-a3b-instruct,test,zh,1,weibo,0
回复@黑胡椒肉蟹: 这名字本身就超浪漫，就是低调内敛，不就是张江人本人吗//@黑胡椒肉蟹:回复@屈斌-冷漠:[伤心]能再浪漫点不,1,qwen3-next-80b-a3b-instruct,train,zh,2,weibo,0
[泪] [抓狂] [可怜] @李霁2010 真的不想你走，所以等你哪天再回来！谢啦祝福[爱你] [抱抱]，打球一定喊我，去不去再说[偷笑],1,qwen3-next-80b-a3b-instruct,train,zh,6,weibo,0
组委会这决定真没毛病！@阿丁丫丫 这奖拿得太硬气了[哈哈] //@阿丁丫丫:谢郑州故事广播 谢FM1079所有主播 谢家人撑场 最重要谢美美 谢评委会认可我！有这鼓励我肯定更拼！拿奖超开心[哈哈] 爱你们@美美1079,1,qwen3-next-80b-a3b-instruct,train,zh,8,weibo,0
小刀刀帅得像美少女战士！美翻了！[爱你],1,qwen3-next-80b-a3b-instruct,train,zh,1,weibo,0
姐妹给我打电话，说她跟我借钱，我一头雾水！原来QQ被盗了，坏人还把我好友全删了，麻烦重新加我一下！[怒],1,qwen3-next-80b-a3b-instruct,train,zh,1,weibo,0
闹钟居然没开[衰]，但生物钟照样把我整醒了！[打哈气][微风][微风][太阳]早啊！,1,qwen3-next-80b-a3b-instruct,train,zh,1,weibo,0
快发我地址！刚有个ID空出来。。。//@小迷糊的豆豆: 我关注好久了，轮不到我吗？？？呜呜呜[泪]@须叔,1,qwen3-next-80b-a3b-instruct,train,zh,2,weibo,0
刚瞅见群里发的：兔兔，你赶紧从树上下来啊。。2013真是新年新气象！[哈哈],1,qwen3-next-80b-a3b-instruct,train,zh,1,weibo,0
在青岛碰上妈咪女士出来旅游转机，哇哈哈立马约着去吃韩料！明天这位女士就要走了[泪][泪][泪],1,qwen3-next-80b-a3b-instruct,test,zh,1,weibo,0
该做的事总拖到不正常的时间做，不是拖延就是效率太低..[泪]冲鸭~,1,qwen3-next-80b-a3b-instruct,train,zh,1,weibo,0
虽然是老掉牙的东西…但我们等它华丽变身呢…[哈哈][哈哈][哈哈]…[酷][酷][话筒][话筒][话筒],1,qwen3-next-80b-a3b-instruct,train,zh,1,weibo,0
【D＆G不怕被骂，又出新背心～】yoox.com上突然冒出一件D＆G设计的女款背心，胸前印着洋紫荆花区徽和“HONG KONG”，还写着“最爱性交”（“爱”还是简体）！明摆着侮辱香港女生！这不就是今年1月闹得沸沸扬扬的那家意大利品牌吗！[怒],1,qwen3-next-80b-a3b-instruct,train,zh,2,weibo,0
这都能成太平歌词[哈哈] //@茶人冯建华:烧麦出征折了命，馅饼回营喊援军！锅盔坐镇中军帐，一声令下火烧十万先锋。豆儿糕摆下馓子麻花八宝油茶连环阵，就等高丽棒子领着泡菜来送死受罚！[哈哈][哈哈][哈哈] //@食全食美老倪:一去不回！ //@作业本:笼包带兵杀入韩地[怒],1,qwen3-next-80b-a3b-instruct,test,zh,4,weibo,0
#御庭下午茶# 网友晒出各种离谱手指，我和室友直接看傻了！！！（转）宝子们，快来晒晒你们的奇葩手指吧~[嘻嘻],1,qwen3-next-80b-a3b-instruct,train,zh,2,weibo,0
今早站在双井桥下冷风里等车，一辆辆小蹦蹦从我身边路过，那眼神看得我心都碎了，心里直嘀咕：“大爷，我真的不能坐您这蹦蹦去亦庄啊，怕是还没到就直接趴窝了”[晕]原谅我吧~~,1,qwen3-next-80b-a3b-instruct,train,zh,1,weibo,0
[怒] 这咋就没爱国青年冲出来？！//@陈佳梦Kris: 来福士保安也是狗,1,qwen3-next-80b-a3b-instruct,train,zh,3,weibo,0
每年GQ MOTY都能撞见老同学，去年碰上张媛夫妻，今年遇上伊倩。话说伊倩你是咋找到我的呀？[嘻嘻],1,qwen3-next-80b-a3b-instruct,train,zh,2,weibo,0
妈妈也太厉害了吧！可以安利@小白素食记录 的博客或书给她呀，吃素超健康的！[太开心] http://t.cn/hr6GlW //@宗主mini: @弓长仙姑 其实吧，要是我妈做的全是素的，我立马跟着吃素，可她素菜只会炒青菜，肉却能玩出180种花样，你让我咋活啊[泪],1,qwen3-next-80b-a3b-instruct,train,zh,6,weibo,0
#海豚搁浅众人合影#【海豚因失血过多去世】被游客拖上岸拍照的受伤海豚，最终没及时救回来，失血过多死了。[泪]救助站说，遇到海豚或海洋哺乳动物搁浅，先别乱动，简单护理等专业人员来。小海豚别怕，天堂没自拍杆。[蜡烛]详情：http://t.cn/zHuCoSZ,1,qwen3-next-80b-a3b-instruct,train,zh,1,weibo,0
谢谢妹妹@手边巴黎urruolan 从老远寄来的明信片，瞬间勾起我对新西兰蓝天白云的回忆[太开心] 风景绝了，心情也飘了～有你们在真好,1,qwen3-next-80b-a3b-instruct,train,zh,3,weibo,0
真觉得这玩意儿特适合男生玩！[哈哈],1,qwen3-next-80b-a3b-instruct,train,zh,1,weibo,0
哇哇？收到小王府新年礼盒了？固元糕养颜又好吃？巧克力曲奇香浓超赞？草莓味花生牛轧糖也绝了？谢掌柜@王小猫V [爱你] PS：掌柜在休年假，想吃的宝子们年后记得早点下单?[嘻嘻],1,qwen3-next-80b-a3b-instruct,train,zh,3,weibo,0
回家！北京房山京港澳高速通了👏，八天没回了😭，谢谢大家关心🤝@讴阳北方 @美库原创黎冬 @淮河之玉 @胡加华 @薪宇同学 @喜悦蜘蛛侠组合 @章磊-新中国风王子 @安静凤凰 @迟永志 @李小艾V @阿斯顿马丁LOVE,1,qwen3-next-80b-a3b-instruct,test,zh,11,weibo,0
[赞] //@杨承平:[鼓掌][鼓掌] //@伊能?: 给人让座时，他会一愣，你就会害羞地傻笑。他要是还站着，你就轻声补一句：「您坐。」刚好让他听见。然后他坐下，俩人再无交集。可心里都暖暖的。那时候，给和收都是正能量，因为心里都装着爱。[爱你][爱心传递][鼓掌],1,qwen3-next-80b-a3b-instruct,train,zh,4,weibo,0
今天中午家宴@余伟森 @梧桐小余 @小余家的小小余 @好文杰 @珠光宝气中 @nancy忘记 [鼓掌]汤太香了[馋嘴][花心],1,qwen3-next-80b-a3b-instruct,train,zh,7,weibo,0
[国旗]//@东郭漫画: //@老徐时评:[哈哈],1,qwen3-next-80b-a3b-instruct,train,zh,2,weibo,0
#婚庆圣地 蜜月度假#@三亚海棠湾洲际度假酒店 开业大促！联手尔雅凤凰（北京）文化传媒，搞出国内首个酒店内海洋馆婚礼！专为蜜月情侣定制，海底浪漫直接拉满！恭喜！[鼓掌]http://t.cn/8FUXG7f,1,qwen3-next-80b-a3b-instruct,test,zh,3,weibo,0
[赞]急就见真功夫。//@张传维:刻得一般，沈老师随便玩玩就好[哈哈],1,qwen3-next-80b-a3b-instruct,train,zh,1,weibo,0
#Qunar度假频道-超值推荐# 1月25日上海出发，就后天-周五！！机票房费全砍到爆，美佳航空直飞，住的全是泳池别墅+沙滩别墅，还送5顿早餐+5顿晚餐。顺带一提，瑞喜敦岛是全球最大珊瑚岛，风景美到联合国教科文组织都点赞！真别犹豫了，冲就完了！[太开心]@亚洲廉航网 @自助游教室,1,qwen3-next-80b-a3b-instruct,train,zh,3,weibo,0
太猝不及防了！[晕],1,qwen3-next-80b-a3b-instruct,train,zh,1,weibo,0
[鼓掌] 你总说到我心坎里了，音乐哪分难易，对我们来说：想打动别人，先得感动自己。[干杯],1,qwen3-next-80b-a3b-instruct,train,zh,2,weibo,0
还能看下去吗？//@道器:// @闫昶 ：// @我是圆圆蛋 ：真看不下去了。// @Kevin狄凯文 : 真的看不下去了[泪],1,qwen3-next-80b-a3b-instruct,train,zh,8,weibo,0
要曝光//@吴志强-众强国际餐饮联盟:广东居然有这种幼儿园！当爹妈的快醒醒！[怒][怒][泪][泪]//@圣妙香先生:胆小的妈别点视频[泪]//@苒苒老师:太吓人了，这还是人吗//@姚晨:配当老师？//@冯远征:畜生！必须严惩！//@郑渊洁:有家长为送娃进幼儿园操碎了心。娃进,1,qwen3-next-80b-a3b-instruct,test,zh,1,weibo,0
hiahia~买到了！[爱你][爱你] 佳能35mm f/1.4L。?????? 我在这里: #海淀区# http://t.cn/zOLVVtt,1,qwen3-next-80b-a3b-instruct,test,zh,6,weibo,0
想去的扣1！[哈哈],1,qwen3-next-80b-a3b-instruct,train,zh,1,weibo,0
麦咖和怪咖是一家人！[可爱][握手][干杯] //@baobaodu: @任素汐 @茜吉尔 @孙恒海 @至乐汇舞台剧,1,qwen3-next-80b-a3b-instruct,train,zh,6,weibo,0
5块买的手机壳比28的38的88的都香[晕],1,qwen3-next-80b-a3b-instruct,train,zh,1,weibo,0
任志强和司马南？[嘻嘻]//@王永平商业地产: 他们一路支持并见证了论坛十年：龙永图、厉以宁、辜胜阻、王健林、任志强、黄怒波、张宝全、汪小菲、陈淮、聂梅生、顾云昌、水皮、袁岳、司马南，还有成都、青岛等多地政府领导//@王永平商业地产: 欢迎业内大佬一起来玩！会后安排看樱花////@王永森johnson:,1,qwen3-next-80b-a3b-instruct,train,zh,3,weibo,0
姐妹夜搞起来！[爱你],1,qwen3-next-80b-a3b-instruct,test,zh,1,weibo,0
就爱吃这个[嘻嘻] //@邱梦娇: 让王总赶紧整点新菜吧。 //@水韵吴江: @UTC老徐 @金子家的灯泡 @邱梦娇,1,qwen3-next-80b-a3b-instruct,train,zh,7,weibo,0
幸福是一种心态[围观]一堆人一个苹果，开始算计；两个人一个苹果，不是争得闹掰，就是让出和谐；一个人两个苹果，食欲都没了；一个人一堆苹果，开始头大。幸福不是拥有的多，而是计较的少。只要抱着“得了开心，丢了不愁”的心态，人生自然幸福爆棚[抓狂],1,qwen3-next-80b-a3b-instruct,train,zh,1,weibo,0
有海鲜吃[泪] 真刺激到我了[抓狂],1,qwen3-next-80b-a3b-instruct,train,zh,2,weibo,0
美国两百年前定下的东西，我们还在吵要不要搞，只能说[失望]我们跟美帝国主义完全不一样//@徐昕: 收藏 //@海伦民://@仝宗锦://@汪庆华-: 转存//@维慈: //@李洪雷CASS://@叶海波1999: //@昕妞妈: 《美国宪法之旅》,1,qwen3-next-80b-a3b-instruct,test,zh,7,weibo,0
[good] //@hktraveller:[鼓掌],1,qwen3-next-80b-a3b-instruct,test,zh,2,weibo,0
我承认我一时脑抽，直接花光四个月工资。[衰]以后一定抠门到底、拼命搞钱，励志向钱进，向钱进......[兔子],1,qwen3-next-80b-a3b-instruct,train,zh,1,weibo,0
说得太到位了@郗老师 @得着您那2011 @火龙美食1968 @leon1300 [哈哈] //@安心博雅V://@茶画美术馆: //@李嘉诚Y: //@?事搜搜看: 转发微博//@晚秋80: //@李嘉诚Y:转发微博,1,qwen3-next-80b-a3b-instruct,train,zh,10,weibo,0
[泪]真的好累啊，忙来忙去也不知道忙个啥[泪],1,qwen3-next-80b-a3b-instruct,train,zh,1,weibo,0
去了那么多次曼谷、苏梅普吉都没买过那边的杯子，老是忘。在北京待了这么多年也没买过北京的[闭嘴]今天终于把北京的买了[泪]90！好贵！,1,qwen3-next-80b-a3b-instruct,train,zh,1,weibo,0
南京人[衰][汗] //@图林老姜: [馋嘴]踏青必带，笑死[哈哈][哈哈]。 //@catwizard:叫“鼻头污”行不 //@图林老姜:[围观]上海叫盐金枣[馋嘴]，笑到打滚[哈哈]。 //@每天学些电脑技术:南京人绝了，老鼠屎加恋爱味，你多上头啊 [哈哈],1,qwen3-next-80b-a3b-instruct,train,zh,7,weibo,0
回复 @KK_先生:[泪]只能多??！//@KK_先生:?超?份啊。。哈哈,1,qwen3-next-80b-a3b-instruct,test,zh,2,weibo,0
[晕]被礼宾部那英国范儿的叔叔叫妇女[泪][泪][泪]我到底多老啊？？？？？[泪][泪][泪][泪][泪][抓狂][抓狂][悲伤][可怜] 我在#希尔顿逸林酒店# http://t.cn/zOgl75H,1,qwen3-next-80b-a3b-instruct,test,zh,3,weibo,0
全是大叔级的了！[哈哈] //@盖莹Carry：额……我哥知道我喜欢那种介于两者之间的男生！[哈哈] //@谢非湖南:看到这话简直被点燃了。[呵呵] @叮叮miko @盖莹Carry @广州刘嵘 @王小禅 @王LENA @邓小白Fiona @余梁_ @何志国 @行佳精品酒店联盟伍韩 @刘颖婷 @梁贤康 @皇家驿栈刘少军 @金禅彼岸,1,qwen3-next-80b-a3b-instruct,train,zh,16,weibo,0
[威武][给力]//@冰雪飞舞化成水: 昨晚又梦到那片天堂了，@大漠飞鹰孤独侠 @愚?人是?愚?主人 伙计们 [哈哈] 天蓝得透亮，云朵一伸手就够得着。[,1,qwen3-next-80b-a3b-instruct,train,zh,6,weibo,0
[嘻嘻]真爽，让那些猎人去死吧。[怒],1,qwen3-next-80b-a3b-instruct,train,zh,1,weibo,0
突然翻到寒假返校前在外婆家吃撑了的饺子照～又想家了……[泪],1,qwen3-next-80b-a3b-instruct,train,zh,1,weibo,0
哈哈，跟@侯宪利 侯总唠唠，这回算完了，等2014年第一场雪，您来哈尔滨坐坐2路公交吧。[哈哈] //@杨孝文: 这是闹哪出？也让俺幸福一回呗。 //@阿勒锦八戒: [给力] //@侯宪利: 感谢@涛儿妈 ！[握手] //@涛儿妈: “增强社会责任感，传播网络正能量”[good],1,qwen3-next-80b-a3b-instruct,train,zh,11,weibo,0
报社编辑一大早来电，说有篇小文想请我写，一问才知道西城要搞“西城精神”征集。这哪是不情之请啊，我这从小在西城长大、文章也从没离开过西城的老居民，正愁没机会写呢！半夜翻妹妹送的书，居然发现自己那篇小文也在里头，写完心里暖暖的，闭眼一想，大乘巷12号早物是人非了[泪],1,qwen3-next-80b-a3b-instruct,train,zh,1,weibo,0
太拼了//@摩羯座大本营: 何苦呢~[哈哈]这帖笑死我了~,1,qwen3-next-80b-a3b-instruct,test,zh,2,weibo,0
这剧拍的，又要放假了！！哥，您这剧到底啥时候能拍完啊？[抓狂],1,qwen3-next-80b-a3b-instruct,train,zh,1,weibo,0
[鼓掌][鼓掌][鼓掌]//@鼓石堂张传维: 回复@此木正文-聚石散石刻石:我又不卖石头，自己备块好石就行，别拿劣质的[握手] //@此木正文-聚石散石刻石:我想订一枚“缄默无言 存念于心”——“默存”[可怜] //@鼓石堂张传维:[打哈气][咖啡] //@李佬:[good],1,qwen3-next-80b-a3b-instruct,train,zh,6,weibo,0
……晕，今晚又有啥好抢的啊？一晃就12.12了[围观][衰],1,qwen3-next-80b-a3b-instruct,train,zh,1,weibo,0
回复@李泽清：还是换主板了！回家发现手机mac变了。。。 //@李泽清:肯定是SIM卡那层透明膜没撕，识别不了，我之前也这样，师傅一擦就好了。折腾了我大半年，后来才知道是这破事…… //@张帆DORA:回复@海-?:为啥不同店标准不一样啊？[晕],1,qwen3-next-80b-a3b-instruct,train,zh,3,weibo,0
回复@演员陈春生:@微米 真特么适合演戏，一场活动整得大伙儿白高兴一场！[哈哈][哈哈] //@演员陈春生:[嘻嘻][哈哈] //@张帆DORA: @微米 人设直接崩了！[哈哈][哈哈],1,qwen3-next-80b-a3b-instruct,test,zh,6,weibo,0
回复@陈小斌先生:[泪]重点是分啊！看看我这分数，真想直接去屎了[泪] //@陈小斌先生:回复@淘宝纯白:我看记录还行啊！你最近太低调了。。。,1,qwen3-next-80b-a3b-instruct,train,zh,2,weibo,0
回复@玎玲Cinkle: 土豪，交个朋友呗。[泪] //@玎玲Cinkle: 一天用一辆，能用大半年？绕地球能绕几圈？？？？土豪，你太强了。,1,qwen3-next-80b-a3b-instruct,train,zh,4,weibo,0
[晕]//@白色爱疯4: 有鬼啊！//@老头夜话: [吃惊]美女要吓尿了[打针],1,qwen3-next-80b-a3b-instruct,train,zh,3,weibo,0
#UE巨星猜猜猜# Miranda Iambert[嘻嘻]@罗技中国 我在这儿:http://t.cn/zlM9kWY,1,qwen3-next-80b-a3b-instruct,train,zh,4,weibo,0
好幸运啊，因为我是女生，有人替我扛住了生活的重压，我才能这么傻乎乎地过日子，随心所欲做自己。我身边的朋友，全是真心喜欢的[心]不用应酬不用装[太阳] - 想到这些，就算现在歪在不舒服的公交上听歌，心里也满满都是感谢老天爷，这么宠我，人傻命真好[太开心],1,qwen3-next-80b-a3b-instruct,train,zh,3,weibo,0
[泪][泪][泪] //@洪晃ilook:[吃惊][泪],1,qwen3-next-80b-a3b-instruct,train,zh,2,weibo,0
起来！别再放纵自己了，都2012了[睡觉]//@韩国潮流速递: 每天每个动作撑一分钟。[抓狂] 不瘦就死，想瘦就关注@90斤刚刚好呢 ~,1,qwen3-next-80b-a3b-instruct,train,zh,4,weibo,0
@贝儿美M1M16 //@莫西rui: 拜托大家帮转一下！我姐家的狗丢了！[泪][泪][泪][泪]@象象gal @-王小猫 @夏洛特_ @替替 @梁贺0219 @马鬃头 @妖妖邀明月 @bling-bling的岩 @brooke @美女郑 @贝儿ber @?井说唱孙旭,1,qwen3-next-80b-a3b-instruct,train,zh,14,weibo,0
绝了！送给大家@舌尖上的市集 //@红咖啡的老赵:给大佬磕头了[泪],1,qwen3-next-80b-a3b-instruct,train,zh,2,weibo,0
饭局更新，家用海底捞，肉光了，抄送@陈敢 ，生活真香[哈哈][哈哈][哈哈],1,qwen3-next-80b-a3b-instruct,train,zh,2,weibo,0
//@jpyy: @施志平2011: 上海一个没动，抓的都是没后台的，上海贪官多着呢[衰][衰]//@wangronghua555: 少得可怜！接着抓！！@施志平2011: [哈哈][江南style]//@wangronghua555: 就几个小虾米@施志平2011: 回复@绿荫荷花:党国人才[good] //@绿荫荷花:[疑问]@施志平2011@wangronghua555 [猪头][猪头][猪头][猪头],1,qwen3-next-80b-a3b-instruct,train,zh,9,weibo,0
Windows Live的工程师是不是跟比尔有仇啊？这玩意儿做出来就是为了赶人走吧？[怒],1,qwen3-next-80b-a3b-instruct,train,zh,2,weibo,0
欢迎来呀~[嘻嘻] //@深雪心是孤独的猫手:最近红墙花园套餐在你们那儿炸了！都听你们念叨N遍了 @韩洽哩 @HY芝麻开门,1,qwen3-next-80b-a3b-instruct,test,zh,4,weibo,0
坑爹[晕] //@鄢雨的微博: 真·大力胶@吕一品718 //@大旗网: 直接跪了！！！,1,qwen3-next-80b-a3b-instruct,train,zh,5,weibo,0
嗯 你和陈总聊了？//@?巴喇子: 我是打了鸡血的超人 //@球球V发胖: 你不是超人吗//@?巴喇子: 不行啊 明天起不来 后天订单日 明天还得去下单[泪] //@球球V发胖: 你可以不睡的,1,qwen3-next-80b-a3b-instruct,train,zh,11,weibo,0
好想收到一条情人节快乐的短信啊[泪][泪][泪][泪],1,qwen3-next-80b-a3b-instruct,train,zh,1,weibo,0
恒大主场3:0大占上风，赢麻了！看电视直播都感觉现场炸了，最爱听全场一起吼“?”，笑死！简直霸气侧漏、威震四方！[哈哈][哈哈][哈哈],1,qwen3-next-80b-a3b-instruct,train,zh,1,weibo,0
名博们今年圣诞节要去江西过啦！#美丽庐山冬韵行# 走起！[抱抱][圣诞树] 来自话题#美丽庐山冬韵行# http://t.cn/8kpDG5v,1,qwen3-next-80b-a3b-instruct,test,zh,4,weibo,0
[泪]假期快没了，家里是真爽，但得振作起来干活了，加油，拜拜家人们！～,1,qwen3-next-80b-a3b-instruct,test,zh,1,weibo,0
#整理录音之大师金句找到啦#“我想对咱自己和并肩的伙伴们说：咱都得珍惜眼前，珍惜这种看着挺狠、没个着落，但又特别有盼头的日子。”――@樊冲Eric “好梦一日游”的产品经理+导游们，接着幸福地卷下去吧～等你们的精彩了[lt切克?][鼓掌],1,qwen3-next-80b-a3b-instruct,train,zh,2,weibo,0
回复@903邓宁: 明天去李静家私房菜，听说你能现身，不醉不归，改天我管够请你吃[嘻嘻] //@903邓宁: 想吃你的菜,1,qwen3-next-80b-a3b-instruct,train,zh,4,weibo,0
回复@参谋长茄海涛：我这普通话简直烂到家了，能让我用粤语开撕吗？[抓狂][抓狂] @梁国生 @不会武功的武功李云飞@比亚迪速锐@易-本正经@参谋长茄海涛@主播晓青@车伙伴网@画风topfm@交通1003晓春@山西交通广播哿喻@鲁捷@苏?_江苏交广爱车天天汇@财富广播陈博@1062安静@曹宁 //@参谋长茄海涛:现,1,qwen3-next-80b-a3b-instruct,train,zh,4,weibo,0
今晚get到一句：“天空飘来五个字，那都不是事！”[嘻嘻],1,qwen3-next-80b-a3b-instruct,train,zh,1,weibo,0
[怒]保护你们这群大头葫芦娃啊！！！！！,1,qwen3-next-80b-a3b-instruct,train,zh,1,weibo,0
不打点滴硬撑，累到生病，睡眠严重不足[泪][泪][泪]学生最惨，早上六点半起晚上十二点睡。我在:http://t.cn/8stSbEJ,1,qwen3-next-80b-a3b-instruct,train,zh,1,weibo,0
三亚半山半岛度假酒店房间啥都有，旅行中也能自己下厨超爽！现在上线半成品菜单，食材全给你配齐，躺着就能做饭！！[害羞][哈哈][哈哈],1,qwen3-next-80b-a3b-instruct,train,zh,1,weibo,0
恭喜你成为今日幸运用户！速戳 http://t.cn/zYBKoK0 查看[礼物] @股阿四 @YF-Young[哈哈]fLf7VB5CF3,1,qwen3-next-80b-a3b-instruct,train,zh,5,weibo,0
年轻不拼，一辈子待内地；活该被这样对待！[怒],1,qwen3-next-80b-a3b-instruct,test,zh,1,weibo,0
六月大太阳，该吃点啥？#北京亮餐厅# 本周二、三上新中式硬菜——干烧仔鸡 [谗嘴] 香得冒烟，配四川辣椒，一口下去直接上头！[鼓掌]~ 美食党快叫上小伙伴来拼单！[花心] @北京银泰中心,1,qwen3-next-80b-a3b-instruct,test,zh,6,weibo,0
//@Alan-迷幻:[哈哈]// @veggieg : 领导台上念稿：雷锋 没有死~ 旁边秘书小声补刀：是精神 精神~ 领导立马一挥手豪横道：可精神着呢[哈哈][偷笑][鼓掌],1,qwen3-next-80b-a3b-instruct,test,zh,8,weibo,0
中暑了，硬撑着煮了点绿豆汤，心慌得快虚脱，赶紧躺平休息。快出伏了，孕妇夏天真的太难了。[晕],1,qwen3-next-80b-a3b-instruct,train,zh,1,weibo,0
开了6年了//@呆洁_Angela: 新开的？改天去尝尝？@jiangtaifendui //@望京一号餐厅: [泪]谢谢,1,qwen3-next-80b-a3b-instruct,test,zh,4,weibo,0
西藏纳木措湖：人间烟火一声叹！[给力][鼓掌],1,qwen3-next-80b-a3b-instruct,train,zh,1,weibo,0
[赞]家和万事兴，平淡才是真！//@假装是思想: 人这辈子到底图个啥？[抓狂],1,qwen3-next-80b-a3b-instruct,train,zh,2,weibo,0
[晕] //@于雷傻鱼：转个微博。,1,qwen3-next-80b-a3b-instruct,test,zh,2,weibo,0
#用门牙吃东西# 河南开封的张小姐说她为了瘦脸练出了用门牙啃东西的绝技，没多久体重是下来了，但牙快废了！[衰] 兔子的吃法真不是人能扛的！还是觉得健康最美，别纠结那些小毛病啦~[可爱],1,qwen3-next-80b-a3b-instruct,train,zh,3,weibo,0
东方卫视东方直播室在播虐猫事件[可怜][悲伤][悲伤][泪],1,qwen3-next-80b-a3b-instruct,train,zh,1,weibo,0
瞅见米粒了[哈哈]开化走起@黑米粒 @荆紫@李忠海,1,qwen3-next-80b-a3b-instruct,train,zh,2,weibo,0
猜我准备干啥[哈哈] @内切圆85,1,qwen3-next-80b-a3b-instruct,train,zh,2,weibo,0
突然好想仙剑轩辕剑啊[泪],1,qwen3-next-80b-a3b-instruct,train,zh,1,weibo,0
[怒]zf你真这么傻啊？快辟谣啊～～～//@普?尼特Planet: 妈的狗东西，简直绝后。。。,1,qwen3-next-80b-a3b-instruct,train,zh,2,weibo,0
//@媒体微博头条:[衰]北大东门，小树林？？离小编太近了吧。。。,1,qwen3-next-80b-a3b-instruct,train,zh,1,weibo,0
新的一周到啦！你们那儿降温了吗？下雪没？天冷早上真不想起，但还得硬着头皮爬起来！小E给大家道早安啦～新的一周冲鸭~~[亲亲],1,qwen3-next-80b-a3b-instruct,train,zh,1,weibo,0
道德能有多低？有人的冷漠和狠毒真让人脊背发凉。//@小闷轰炸机本人的微博: 太恶心了[抓狂],1,qwen3-next-80b-a3b-instruct,test,zh,2,weibo,0
有空来喝茶[嘻嘻],1,qwen3-next-80b-a3b-instruct,train,zh,1,weibo,0
感动到哭…突然好想养条金毛 //@殷毓婷://@trailleo: //@tomoaka:T T想起小T了 = =[泪] 还有花……花啊T T // @o洗具o :就算全世界都丢下我，我依然只跟着你。 // @1111XOXO :全世界都不要我了，至少还有你。[泪],1,qwen3-next-80b-a3b-instruct,train,zh,14,weibo,0
[泪]//@方亮同学: [生病],1,qwen3-next-80b-a3b-instruct,train,zh,2,weibo,0
//@罗文倩CID:[嘻嘻],1,qwen3-next-80b-a3b-instruct,train,zh,1,weibo,0
你明明美太多了好吧，[害羞][害羞] //@vivipoon:OMG，我素颜大脸。。。完全比不上新娘子啊[爱你][爱你][爱你],1,qwen3-next-80b-a3b-instruct,train,zh,2,weibo,0
旅途第一夜，车厢里七个月的小萝莉在爸妈吵吵闹闹中十二点才消停，五岁的小灵童又因做梦哭个不停，这边刚唱完那边就上场，凌晨四点下车，于是记住了个大城市——准安[嘻嘻] 我在:http://t.cn/zR7H5t7,1,qwen3-next-80b-a3b-instruct,train,zh,2,weibo,0
点赞[爱你],1,qwen3-next-80b-a3b-instruct,train,zh,1,weibo,0
最爱的也是最珍贵的…更是最够不着的…[泪]…啥时候还能看到这种画面啊???.[抓狂]…老子现在emo了..[泪]...,1,qwen3-next-80b-a3b-instruct,train,zh,1,weibo,0
@萧育文 谢谢肖大哥的干货分享，学到了！[鼓掌][鼓掌],1,qwen3-next-80b-a3b-instruct,train,zh,2,weibo,0
所有潘家的小孩，是不是都曾被叫过小潘？[晕][晕],1,qwen3-next-80b-a3b-instruct,train,zh,1,weibo,0
#做一回重庆人# 今天美食博主们太顶了，四个全中奖了[阴险][阴险]@紫色透明 @金山茶 @Nicole的生活书 还有我[哈哈][哈哈] @新浪美食 @新浪重庆,1,qwen3-next-80b-a3b-instruct,test,zh,7,weibo,0
兄弟，今年这奖哥替你领了，明年自己来拿！//@三摩地帮主:就剩我了[泪][泪],1,qwen3-next-80b-a3b-instruct,test,zh,1,weibo,0
拉筋？肥？肥膏是啥？年后的新招？[哈哈][给力]，三天后我再发照片，肯定瘦一大截[嘻嘻],1,qwen3-next-80b-a3b-instruct,train,zh,1,weibo,0
会长大人能出本书叫《毁三观卖身实录》了。[哈哈],1,qwen3-next-80b-a3b-instruct,test,zh,1,weibo,0
//@SSCC-An迪y-: 呃...我记得这句是以前梁朝伟电影里的搞笑台词... //@电台梦晓:[怒][怒] //@虹虹在文睿: //@王大雷: 求人肉！[怒][怒][怒] //@NoNo_Bor: 这也太禽兽了吧[生病],1,qwen3-next-80b-a3b-instruct,train,zh,8,weibo,0
最近你们都注意到没？[嘻嘻][嘻嘻],1,qwen3-next-80b-a3b-instruct,train,zh,1,weibo,0
活动到2月28号截止，花粉们快冲啊~[鼓掌],1,qwen3-next-80b-a3b-instruct,train,zh,1,weibo,0
这叫啥事？@我是田昌宇 北京待三年，省吃俭用不喝酒不抽烟不撩妹，攒了六万，他爸一出手9995万，直接拿下四合院。//@鱼九爷: [哈哈]太励志了，各位家长冲啊,1,qwen3-next-80b-a3b-instruct,train,zh,3,weibo,0
这曲子也太炸了吧//@小元三之助: 手贱点歌单啊啊啊!!![抓狂][抓狂][抓狂]//@LuttiRainbow:new soul!!!!!!!!!要命?[抓狂]要死人了,1,qwen3-next-80b-a3b-instruct,train,zh,3,weibo,0
好暖心。//@clover张三: //@匆JIA: //@寻找旅行家: 只要人人都献出一点爱，世界将变成美好的人间~[泪] //@陈晓卿: 温暖。//@卢健生: 暖到心里了。,1,qwen3-next-80b-a3b-instruct,train,zh,7,weibo,0
只有你有病[汗]//@肥天小飞猪:都干过没？[哈哈][哈哈]原来咱都是神经病。,1,qwen3-next-80b-a3b-instruct,test,zh,1,weibo,0
今天工作翻车四连击～1、早上盖章没看仔细，图册里明明有重复编号的，盖完送出去才反应过来。2、没签字的图我手贱直接盖了，结果只能一张张刮掉。3、老板打电话找同事，我直接说他在睡觉，不会拐弯抹角[怒骂],1,qwen3-next-80b-a3b-instruct,train,zh,1,weibo,0
//@IOIQ:今天天气真好 //@希希粘糕:这项链绝了！ //@??LY:卖项链？骗鬼呢 //@淘宝美食:项链绝了！衣服也配得刚刚好，黑底白蕾丝，谁懂啊[抓狂],1,qwen3-next-80b-a3b-instruct,test,zh,4,weibo,0
这造型咋样[嘻嘻] 我在:http://t.cn/zlPgkyZ,1,qwen3-next-80b-a3b-instruct,train,zh,2,weibo,0
有猫的速看[熊猫] //@苜序:[哈哈],1,qwen3-next-80b-a3b-instruct,train,zh,2,weibo,0
文怡老师拿自己身材当例子，生动给大家讲汤煲[鼓掌] //@文怡:我的天，球形[泪][泪][泪],1,qwen3-next-80b-a3b-instruct,test,zh,2,weibo,0
那些不靠谱的爸妈，哈哈哈哈哈哈！[哈哈][哈哈],1,qwen3-next-80b-a3b-instruct,test,zh,1,weibo,0
[疑问] //@张荣奎: 官微造谣能判5到15年？ //@观不语棋://@老徐时评: 这周末就靠这笑话续命了！[哈哈]//@琢磨先生: 两千多人干掉19万，当自己是横店群演呢？ //@徐昕: 官微在梦游[哈哈]//@财经网:【夜问】这真是汾阳公安官微？,1,qwen3-next-80b-a3b-instruct,test,zh,8,weibo,0
这神童他爸还是神父！[嘻嘻]//@玖食龙虾餐厅:[哈哈][哈哈][哈哈][哈哈][哈哈] //@作家-天佑: 14岁就打工了,1,qwen3-next-80b-a3b-instruct,train,zh,3,weibo,0
早上一看到这个，瞬间心情炸裂！[嘻嘻],1,qwen3-next-80b-a3b-instruct,train,zh,1,weibo,0
//@管平潮: 追责！追责！//@沧月: [怒] //@六六: //@妙手仁医: 油画[蜡烛][蜡烛][蜡烛]家乡的海湾又遭毒手了！,1,qwen3-next-80b-a3b-instruct,train,zh,6,weibo,0
恭喜啊！还不赶紧约兄弟们喝一个[哈哈]@小水一方 //@AliceLiu_?萌: @北京人不知道的北京事儿 @北京玩乐攻略fun @吃货都在这里勾搭 @红绿灯-官方微言 @湖南卫视 @HITFM @全球玩乐攻略 @荣雪斌 @三联生活周刊 @舌尖上的美食家 @头条新闻 @微吃货 @携程旅行网 @周立波,1,qwen3-next-80b-a3b-instruct,train,zh,16,weibo,0
看了他十分钟，三道菜打包了十分钟，全程安静，这人绝对是处女座，罐子必须摆整齐，每打完一盘立马收空盘，才继续下一盘[抓狂] //@光之隐:吃个饭你都能把服务员星座扒出来？,1,qwen3-next-80b-a3b-instruct,train,zh,2,weibo,0
这么一比，Bimba的真不算啥啊！//@三个三个:吃不了这苦的属于那15%的飘过//@端木妙子:Q：“你每天真只睡5小时？”A：“嗯，看你运气了……”[衰][衰] 真会出人命的...,1,qwen3-next-80b-a3b-instruct,test,zh,2,weibo,0
[落叶]好时光总是溜得飞快！又要说拜拜了。。。Bye? 深秋的北京！舍不得死[泪] 求飞机别晚点[飞机][飞机][飞机] @老虎家的酸梅汤 @我叫罗小闹 我在这儿:http://t.cn/zQvsrCc,1,qwen3-next-80b-a3b-instruct,train,zh,6,weibo,0
[嘻嘻]//@西西CC-如花似玉小姨妈: 张亮晓得不,1,qwen3-next-80b-a3b-instruct,train,zh,2,weibo,0
哈哈游戏机 //@裴育:游戏机[怒],1,qwen3-next-80b-a3b-instruct,train,zh,2,weibo,0
扯淡到家了[怒] 免费的理应是公开的性教育课，最差也该是免费避孕套，堕胎免费这逻辑，跟没打招呼就把大马路炸了然后领导出来道歉有啥区别[弱][弱],1,qwen3-next-80b-a3b-instruct,train,zh,2,weibo,0
#情人节# 玫瑰就是我的心[嘻嘻],1,qwen3-next-80b-a3b-instruct,test,zh,2,weibo,0
坐在2013年的大船上发的报道[思考]//@徐忱-牺牲: [晕],1,qwen3-next-80b-a3b-instruct,train,zh,2,weibo,0
太炸了！！//@刘佳琳Ichigo：绝了！@兔兔陈小姐 //@lynshos: 我滴妈，这玩意儿也太重口了，跟HappyTree一个味儿@苏门答腊大肥猫 @陈浅浅 //@微博搞笑排行榜：《屎神来了》。。。重口警告，未成年别看[衰],1,qwen3-next-80b-a3b-instruct,train,zh,5,weibo,0
周末大家都在忙啥呀？小编在店里眼馋别人吃火锅[泪],1,qwen3-next-80b-a3b-instruct,test,zh,1,weibo,0
@Michael_MediaV 终于被我逮到了吧//@dancingsnoopy_MediaV:B总要红！[哈哈],1,qwen3-next-80b-a3b-instruct,train,zh,2,weibo,0
这妈妈到底给娃抹了多少痱子粉啊……放个屁都能冒白烟了！[哈哈] 这是传说中的喷气式飞机吧？小丸笑到打滚~~~,1,qwen3-next-80b-a3b-instruct,train,zh,2,weibo,0
就像煲汤得加火腿才够味儿[哈哈]//@翅膀的声音2011:二杆子没肉就活不了，红菜苔都得拌腊肉丁入味，苦了我这不吃肉的，只能对着菜苔叹气[伤心],1,qwen3-next-80b-a3b-instruct,test,zh,1,weibo,0
宝宝开心，您就放一百个心吧[嘻嘻] //@嘉乐会月嫂:谢谢认可阿姨和我们，我们会继续加油的！[爱你],1,qwen3-next-80b-a3b-instruct,train,zh,2,weibo,0
还有他的好！[嘻嘻] //@我是聂导:// @英杰拉姆 :我想要这种静静的、默默的、缓缓渗透、融化、滋润的感觉。,1,qwen3-next-80b-a3b-instruct,train,zh,4,weibo,0
同问[哈哈] //@Lio李勇:余总，醒了吗？[呵呵],1,qwen3-next-80b-a3b-instruct,train,zh,2,weibo,0
电影剪辑真的顶不住啊！！！素材多到炸裂根本跑不动啊！！！@嗨-黛西小姐 电脑肯定要崩了~总共8G还没剪就直接卡死[怒],1,qwen3-next-80b-a3b-instruct,train,zh,2,weibo,0
幸福像花开一样[哈哈],1,qwen3-next-80b-a3b-instruct,train,zh,1,weibo,0
#蔡?逛微博?世界# 蔡澜老师有机会一定要再来满福楼啊！小编超多东西想跟先生学！盼着您以后常来北京办见面会呀[嘻嘻][给力] http://t.cn/zQ5tahp,1,qwen3-next-80b-a3b-instruct,test,zh,3,weibo,0
搬砖啦，6万字……[泪],1,qwen3-next-80b-a3b-instruct,test,zh,1,weibo,0
北京啥时候也能搞这个活动啊！//@彭涌_爱美食: @博斐秀禾 @于亚婷微博 @陈玉霞博斐秀禾 @崔洪峰的微博 @黄协秘书长胖子张悦 //@咪咪??:[cai开心]武汉权金城K11店两周年庆启动啦![din推撞] [鼓掌]快来呀~ @牛牛好运气@护花使者9187@快乐小蓝鸟,1,qwen3-next-80b-a3b-instruct,train,zh,9,weibo,0
气炸了！老人喊得嗓子都哑了救命啊！你也有妈吧！以后不也得当妈吗？就不怕遭报应啊[抓狂][抓狂][抓狂],1,qwen3-next-80b-a3b-instruct,train,zh,1,weibo,0
[吃惊] 太强了//@徐云龙：啥人都有啊[晕],1,qwen3-next-80b-a3b-instruct,train,zh,2,weibo,0
广交会2013年4月15号到5月5号，看到这日期我[抓狂]了,1,qwen3-next-80b-a3b-instruct,train,zh,1,weibo,0
相信爱情吧！真爱真的存在！熬过风雨就能看到真感情！[太开心],1,qwen3-next-80b-a3b-instruct,train,zh,1,weibo,0
@中国工商银行电子银行 你们客服真的太拉胯了[怒][挖鼻屎] 换个对账单邮寄地址要打3个电话，折腾10多分钟才搞定，客户体验能不能快点优化啊[泪],1,qwen3-next-80b-a3b-instruct,train,zh,3,weibo,0
#旅游新闻#【骗子新招】：先带你商务一日游，再洗脑拉你入传销！最近好多外地人被忽悠去广西南宁参加“商务考察一日游”，导游不讲景点，光吹当地经济有多牛；只要掏3800块入项目，做完600单就能赚360万……这“一日游”纯纯是坑！别上当啊[衰] (央视新闻),1,qwen3-next-80b-a3b-instruct,train,zh,2,weibo,0
太暖心了[泪]祝俩人永远幸福！,1,qwen3-next-80b-a3b-instruct,test,zh,1,weibo,0
[嘻嘻]//@芈氏春秋:吃瓜~~打他打她~~//@作家陈岚:右边，懂什么叫风味不？理科生不都是一群没情趣的糙汉子，压根不适合谈恋爱，可偏偏就有MM乐意把你领回家。[嘻嘻] /@烧伤超人阿宝: 右边得傻成啥样才信这种小作坊做的肥皂比大厂的好。 //@作家陈岚:来10块。,1,qwen3-next-80b-a3b-instruct,train,zh,4,weibo,0
咱就是这么过日子的[哈哈]@研研郭 //@不加V: 80后,1,qwen3-next-80b-a3b-instruct,train,zh,3,weibo,0
整整250克，一块就撑到爆！[可爱]//@Sundy删我贴的掉厕所: 别这么勾人啊/[抓狂]/@繁星满天飞扬: 牛排控速来！@嘘嘘_阿奴 @RED已被注册 @吃货Dior纟 @flyleave开心小土豆 @建玲大姐 @综于缘味 @Sundy删我贴的掉厕所 @哥白天不是个随便的人 @小小织女星,1,qwen3-next-80b-a3b-instruct,train,zh,11,weibo,0
嘻嘻[兔子]姐妹们[鼓掌][爱心传递]新款到店啦[花心][飞机]巨百搭！[太开心]喜欢的快冲店里[做鬼脸],1,qwen3-next-80b-a3b-instruct,train,zh,1,weibo,0
吴哥夜市这小吃也太勾人了吧[抓狂] @维尼小熊 @七月娃娃 @行走的强子 @郑东 @茶色姗姗 @周围freedom @俺是芜野 @V总在旅途 @飞鸟与鱼 @摄者生存 @杏子 @歪歪98 @柳絮同学 @J调de华丽 @刚子,1,qwen3-next-80b-a3b-instruct,train,zh,16,weibo,0
【#超级笑星# 开心一刻】老鹰们说：天冷结冰了，走路都社死……[哈哈] 今天是二十四节气“大寒”，也是蛇年最后一个节气，各位别忘了保暖啊~,1,qwen3-next-80b-a3b-instruct,train,zh,3,weibo,0
富豪榜再加几个吧。。估计每人都是六位数了。。//@家有小丁: 又被平均了！迟早得劫富济贫啊！！！！//@葱葱徐_: 有四位数就知足吧！！！//@晓伐晓得: 同问[泪]//@我们爱讲冷笑话: 不说了，泪流满面[泪],1,qwen3-next-80b-a3b-instruct,train,zh,5,weibo,0
#陪你?悦读会# 今天娃们自己热火朝天地聊《骆驼祥子》后半截，当爹妈的太会偷懒了，自个儿开一桌，打着培养独立的旗号狂吃狂喝狂唠！（在洋洋的内蒙同学家，一桌子正宗内蒙味儿）![嘻嘻][哈哈],1,qwen3-next-80b-a3b-instruct,train,zh,2,weibo,0
[哈哈][哈哈]//@大葱21: [哈哈]//@亚伦sun: 转发微博,1,qwen3-next-80b-a3b-instruct,test,zh,3,weibo,0
感冒了，真难受，但只能硬扛！这破天气骂它也不会走，心情潮湿就用阳光心态治它。[哈哈],1,qwen3-next-80b-a3b-instruct,train,zh,1,weibo,0
[偷笑][偷笑] //@斜阳下孤烟: @恒_玄 @damainlau @驭风翎 越看越上头了…… //@武侠603:[哈哈][哈哈][哈哈][哈哈]整场的小高光？！大林那表情绝了！！优酷快出视频吧！！[哈哈]当时真觉得郭老师一出来，大脑袋得直接跪了?[哈哈][哈哈],1,qwen3-next-80b-a3b-instruct,test,zh,7,weibo,0
真扛不住啊[怒] //@远影_:好好的食材，被这题材彻底毁了！ //@右哉:………… //@新浪上海:这明明是个巧克力蛋糕~~~~[呵呵],1,qwen3-next-80b-a3b-instruct,train,zh,4,weibo,0
回@冬木家：我刷漏了，关注太多根本刷不完[泪][泪]//@冬木家：这组大片今天在穷游网微博看到的，绝了！！！！你家老公太牛了！//@那年那月nina：这组大片好多都是第一次见[给力],1,qwen3-next-80b-a3b-instruct,test,zh,1,weibo,0
预算里还能加一条：自收自支[哈哈]//@鲁京晋:巨额广告收入呢？//@好人老周:[哈哈]预算能立项了,1,qwen3-next-80b-a3b-instruct,train,zh,1,weibo,0
[泪]//@冰糖Candy://@酒窝在眉梢:[泪]// @台球裁判潘晓晔 : // @刘崧snooker：太难过了，必须转,1,qwen3-next-80b-a3b-instruct,train,zh,5,weibo,0
陈一冰和涅莫夫才是真冠军！技术品德没得说！[奥运金牌]那些不要脸的裁判就该死一万遍！[怒骂][怒][弱],1,qwen3-next-80b-a3b-instruct,train,zh,1,weibo,0
你又在那叭叭，盖被子、测体温、喝水，不听我就找Susanna！[晕],1,qwen3-next-80b-a3b-instruct,train,zh,1,weibo,0
这比现在玩杀人三国杀一上来就收手机靠谱多了[嘻嘻]//@薛炜Edge:转发微博,1,qwen3-next-80b-a3b-instruct,train,zh,1,weibo,0
上床，睡了。九月拜拜～一觉醒来就是假期了。[哈哈][哈哈],1,qwen3-next-80b-a3b-instruct,train,zh,1,weibo,0
@李大7 这姿势这角度，咋这么眼熟，你平时拍照不都这样吗？//@酸奶油蓓蓓：卧槽！换造型了！[哈哈] 手指头总算从嘴里拿出来了！,1,qwen3-next-80b-a3b-instruct,train,zh,3,weibo,0
明信片爆了?[太开心]@风无影 我在这:http://t.cn/zQ6XKt0,1,qwen3-next-80b-a3b-instruct,train,zh,2,weibo,0
我还以为两万呢[抓狂],1,qwen3-next-80b-a3b-instruct,train,zh,1,weibo,0
晚安啦各位，继续开心下去吧～等[??老人]给大家[?物]Merry xmas[???][????][?鹿][???][????][?物][偷笑][害羞][抱抱],1,qwen3-next-80b-a3b-instruct,test,zh,2,weibo,0
如果心底的暖意早就没了；如果戴上面具的你，早就不觉得累了；你有没有想过重来一次？当高楼挡住了天空，当时间抹掉了回忆，你有没有觉得世界变了样？当你站在热闹街头，突然发现自己格格不入，会不会心头一紧？谁管窗外的绿有没有春天，谁不盼着风起时，能有人并肩走…[泪] 还是自己一个人走,1,qwen3-next-80b-a3b-instruct,train,zh,2,weibo,0
我饿了//@Zyra2V2:赶紧来吃啊[爱你]//@现代可汗: @矮胖子MCM @April_静静 @BTV梦遥 @BTV美食地图 @bpt19 @chefzhong @chef麻老五 @光头阿斌哥 @光头陈庆 @Silvia吱吱 @SAMSONG-PENINSULA @三摩地帮主 @撒大米 @pupu迷 @Seanyang_光_大洋 @大个子ray @Zyra2V2 @张牙舞爪的妖精 [鼓掌][鼓掌][鼓掌],1,qwen3-next-80b-a3b-instruct,test,zh,20,weibo,0
我看上的美女和酷车[可爱],1,qwen3-next-80b-a3b-instruct,train,zh,1,weibo,0
瓦伦西亚口音有点像山东味儿[挖鼻屎]//@西班牙瓦伦西亚海外交流中心: [话筒]翻译一下：#纳达尔#说：费雷尔这货在睡大觉，咱拿泡泡浴液整他一下[偷笑]。#费雷尔#醒了炸毛：[抓狂]CABRON混蛋，你对老子干了啥？你个小王八蛋，喷的是啥玩意儿啊[黑线]？,1,qwen3-next-80b-a3b-instruct,test,zh,2,weibo,0
"昨天俩学生聊天太搞了... [偷笑] 分享给大家瞅瞅... 能看出笑点不？... 学生A：""房费100欧不含特殊服务，500欧含特殊服务。"" 学生B：""你太黑了吧！"" [哈哈]",1,qwen3-next-80b-a3b-instruct,test,zh,7,weibo,0
咱家红人，周六日//@菊儿小枣: 有点小难过[失望],1,qwen3-next-80b-a3b-instruct,train,zh,2,weibo,0
感谢大家的支持！[爱你] //@哗啦啦网:[给力]@田源鸡,1,qwen3-next-80b-a3b-instruct,test,zh,2,weibo,0
刚点开视频几秒就看不下去了，那些工人怎么还能这么冷血地继续他们的“工作”[泪]善待动物～,1,qwen3-next-80b-a3b-instruct,train,zh,1,weibo,0
@queen-for-a-day 姐姐 下回也是这感觉嘛 [哈哈],1,qwen3-next-80b-a3b-instruct,train,zh,4,weibo,0
[亲亲]过桥排骨得真像座桥才算过桥排骨哟！,1,qwen3-next-80b-a3b-instruct,test,zh,1,weibo,0
好像在周会里@了人生如梦5啊 [泪] //@葛小若_Yuki:??[汗] //@全球时尚:[围观],1,qwen3-next-80b-a3b-instruct,train,zh,4,weibo,0
金门湾大酒店喜获翔安区2012年度“平安企业”[太开心][给力]，全区一共25家上榜#平安企业#，[鼓掌]，安全无小事，平安靠大家！2013年冲鸭，一起加油！@翔安区安全生产 @翔安卫生监督 @翔安网 @翔安-好厝边 @翔安大小事 @翔安门户网 @大嶝在线,1,qwen3-next-80b-a3b-instruct,train,zh,7,weibo,0
最疯的愿望才最美，我就是我的神，在我活的地盘[鼓掌],1,qwen3-next-80b-a3b-instruct,test,zh,1,weibo,0
有人以为中大在中山www//@踏云kumo:而且中大?用了所在?域以外的地名XDD// @577不纠结 : 那中山大学改叫大山中学呗// @思琴紫蓝 : 你们中大不也是用人名命名的吧[哈哈],1,qwen3-next-80b-a3b-instruct,test,zh,7,weibo,0
快得离谱啊，每小时3迈。。[抓狂][挖鼻屎],1,qwen3-next-80b-a3b-instruct,train,zh,1,weibo,0
//@史幂: 硬核老爸 💪 //@杰ninini: 太爷了[泪][泪][泪][泪] //@感谢方便面://@GIF图精选: 唉～好爹啊,1,qwen3-next-80b-a3b-instruct,train,zh,7,weibo,0
只有那些不思进取、眼里只有钱、根本不跟党中央保持一致的渣企业，才不在今天这个伟大历史时刻跟全国人民一起学十八大精神！这是从思想到行动上藐视十八大精神！是党旗下长大、享尽党恩的企业忘恩负义、丧尽天良的反动行径！坚决唾弃阻挠员工学习十八大精神的行径！[怒骂][怒骂][怒骂],1,qwen3-next-80b-a3b-instruct,train,zh,1,weibo,0
这怪物蛋为啥不能用窝啊？？？明明还有个窝呢[泪][泪]@保卫萝卜CarrotFantasy,1,qwen3-next-80b-a3b-instruct,train,zh,1,weibo,0
咋联系啊？//@Stella岚r:。。。。怎么可以这样！！！求救方式！！！// @山岚熊外婆 : 有最近去福州的同学吗？求求你们抽空去看看她。。。心都碎了！// @二饼天下无双 : 真的假的？具体地址和怎么帮啊？光转发有用吗？// @二爷粉丝团团长 :[泪],1,qwen3-next-80b-a3b-instruct,train,zh,9,weibo,0
有啊![爱你]@陈蕾蕾蕾 //@陈蕾蕾蕾:无,1,qwen3-next-80b-a3b-instruct,train,zh,2,weibo,0
哈哈哈哈哈哈Nice家庭...冲冲冲思密达...,1,qwen3-next-80b-a3b-instruct,train,zh,1,weibo,0
@一夫食堂 你家胖肉被人偷拍了？？？？[嘻嘻],1,qwen3-next-80b-a3b-instruct,train,zh,2,weibo,0
劳资白刷了30年啊[泪]@肥天小飞猪 @daodaodeyu @拖米Moumoon //@经典丶微小说:我这20年牙白刷了！[泪],1,qwen3-next-80b-a3b-instruct,train,zh,4,weibo,0
"原来林清峰是厦门人啊[哈哈]我在这儿:#福建省,厦门市,思明区,蜂巢山路# 我在:http://t.cn/zW0M5lL",1,qwen3-next-80b-a3b-instruct,train,zh,2,weibo,0
傻逼[怒] //@SharonJin:畜牲！[愤怒] // @一月海岸-TONY ：[怒] 弄死丫的,1,qwen3-next-80b-a3b-instruct,test,zh,6,weibo,0
#冬季萌物#冬天用来卖萌简直绝了，打脸都打得心服口服！[嘻嘻][嘻嘻][嘻嘻],1,qwen3-next-80b-a3b-instruct,train,zh,1,weibo,0
[爱你] 你全包了… 谢谢你陪着我、爱我[猪头],1,qwen3-next-80b-a3b-instruct,train,zh,3,weibo,0
#食刻好心情#【水煮肉片】1. 猪肉切片，加淀粉、料酒、盐腌一下；2. 豆瓣酱+辣椒碎+花椒碎+辣椒油搅成酱汁；3. 油菜豆芽焯熟捞出；4. 腌好的肉片下锅煮到八分熟捞起；5. 倒酱汁进水里搅开，放肉片煮熟；6. 肉和汤倒 veggies 上，最后热油一浇完事！[爱你],1,qwen3-next-80b-a3b-instruct,train,zh,9,weibo,0
@枫叶了 叔儿~七阿姨 @美了个丽的_MIA 说你太撩了~真的太撩了哈~[哈哈],1,qwen3-next-80b-a3b-instruct,train,zh,4,weibo,0
不吃饺子！[晕] //@李峥嵘:你们蘸啥？我酱油+醋+辣椒酱@偷蜜的大熊 @胡大治 @机甲 @沦陷物语 @蔡幼林 @书位 @liuyan_16 @董生生 @阿甘 @博股论金王建民 @彦凌 @西西,1,qwen3-next-80b-a3b-instruct,train,zh,13,weibo,0
回复@一生唯诺881216:不到1.2米肯定能行吧~[偷笑] //@一生唯诺881216:周末才回，来得及不？[泪]我都20了，能按儿童价算不？ //@唐山国丰维景国际大酒店:回复@lu-杰521:有儿童价 //@lu-杰521:有学生价没？ //@唐山国丰维景国际大酒店:回复@?美美:谢谢认可！欢迎常来,1,qwen3-next-80b-a3b-instruct,train,zh,5,weibo,0
我和我的女神@爱朵宋翊菲 [哈哈][哈哈][噢耶][噢耶][噢耶][好爱哦][好爱哦][好爱哦],1,qwen3-next-80b-a3b-instruct,train,zh,2,weibo,0
说明他们闲得发慌//@阳光老顾:脑子进水[衰],1,qwen3-next-80b-a3b-instruct,train,zh,1,weibo,0
hiahia，明天就要飞美国了，拖到这会儿才出门去银行换美元… 晚上再收拾行李吧?[汗][晕] 到了美国狂买，带大箱子还是小箱子？[思考][思考],1,qwen3-next-80b-a3b-instruct,train,zh,3,weibo,0
[泪]加班到凌晨三点多，到家快四点了，天都要亮了，赶紧睡吧…,1,qwen3-next-80b-a3b-instruct,test,zh,1,weibo,0
//@灵异笔记:2012来之前，姐必须搞张长期饭票！[抓狂],1,qwen3-next-80b-a3b-instruct,train,zh,1,weibo,0
唉……//@黄庆BG4EXP: //@游离现场: 上海人啊……求人肉……//@冰城粉狐://@张醒生: 最气的是车上还有娃，这场景让孩子亲眼看见，怕是一辈子都忘不掉！//@可惜我是女流氓:[怒] 人在做天在看！,1,qwen3-next-80b-a3b-instruct,train,zh,5,weibo,0
这么好的天气我居然现在才反应过来！天天窝在办公室动都没动[泪]只好借朋友圈的图来记录一下今天的校园了[太阳][微风][心][鲜花][可爱]真。的。好。美??天。气。太。暖。了??@中国传媒大学校友会 @中国传媒大学微记忆 @途秀 @远方网 @CUC文法学生会 #欣爱生活##校园美景#,1,qwen3-next-80b-a3b-instruct,test,zh,6,weibo,0
不能告白，那就更得去吃顿大餐了，一切都在饭里了[哈哈],1,qwen3-next-80b-a3b-instruct,train,zh,1,weibo,0
在法国也是这样，资本主义太坑了！[泪] //@爆鳝面加猪肝:90年代一中国艺术家在意大利住院好几天，治好了也没人提钱//@干玮玮_ViVi: //@Sasa秦: //@假装在纽约://@陈一来:,1,qwen3-next-80b-a3b-instruct,train,zh,4,weibo,0
@陈不住气 这么一比，我家喵过得也太惨了吧[泪],1,qwen3-next-80b-a3b-instruct,test,zh,2,weibo,0
//@悦来汉蓉: 回复@蔚萱: 对啊——就看看热闹-----[偷笑] //@蔚萱: 这国情不适用。[偷笑] //@悦来汉蓉: 回复@祝建民:[握手][太开心] //@祝建民: 悦来想搞一搞[偷笑][偷笑][偷笑] //@悦来汉蓉: [围观],1,qwen3-next-80b-a3b-instruct,train,zh,11,weibo,0
招人好开放啊[哈哈]，快来加入吧,1,qwen3-next-80b-a3b-instruct,train,zh,1,weibo,0
要是能把我的本子卖出去，再用卖本子的钱帮我移民出国，顺带在国外买套房……那就完美了……[哈哈]//@导演闫宇彤: [good] //@董学刚:[围观],1,qwen3-next-80b-a3b-instruct,train,zh,3,weibo,0
[怒]//@历史断片:[怒]//@杂谈五味:揍人的王八蛋必须严办！[怒]//@落雪博报: 你要是还有良心就转！那孩子挨打，他妈得多心疼啊！,1,qwen3-next-80b-a3b-instruct,train,zh,2,weibo,0
门柱你妹啊//@鱼来鱼往:门框你妹儿啊//@兔兔bryant: 门框你妹儿啊[怒]//@小可X60527: 门柱你妹啊[黑线],1,qwen3-next-80b-a3b-instruct,train,zh,3,weibo,0
哈哈，一个人开心变大家开心！//@文怡:真心说，人民就需要这样的领导！要是他能天天这么高质量发微博，哪怕别的事不干，我们也认了[鼓掌],1,qwen3-next-80b-a3b-instruct,test,zh,1,weibo,0
恐黄症晚期了//@胡紫微:右边说得对。//@陈业文新大都:[抓狂] 一帮智障在管国家。Fu_k！[鄙视][鄙视]//@晓雨闻铃:[衰]//@李察的李: 看到了吧？//@袁扬: [怒],1,qwen3-next-80b-a3b-instruct,train,zh,4,weibo,0
回复@胖胖玉米: 就是传个精神、理解一下嘛[可爱] //@胖胖玉米: 感觉冷亚姐你在播新闻诶[偷笑],1,qwen3-next-80b-a3b-instruct,train,zh,4,weibo,0
#国庆嘉年华# 今天音乐会炸了！Y乐队绝了🔥欢迎来露营公园听现场,1,qwen3-next-80b-a3b-instruct,train,zh,2,weibo,0
人哪有完美的，留点悬念到最后[偷笑] //@韩玉hany:[失望]我老公就差一点点@我是徐峥,1,qwen3-next-80b-a3b-instruct,test,zh,2,weibo,0
[泪]//@潘石屹：愿这位伟大的创造灵魂安息，脱离苦痛，去往充满爱、光与美妙音乐的世界。// @张欣 : // @新浪美股 ：[蜡烛],1,qwen3-next-80b-a3b-instruct,train,zh,6,weibo,0
快到碗里来[威武][威武][威武]@AlwaysObsessed 你拿下几个了？[兔子][兔子] //@SIZE鞋报网:#鞋报球鞋秀# 关键是另一半，你到底在哪？！[晕],1,qwen3-next-80b-a3b-instruct,train,zh,4,weibo,0
真够离谱的“失误”[哈哈]《大公报道歉：发了习近平的假新闻》 (来自 @头条新闻) http://t.cn/zTMrhiL,1,qwen3-next-80b-a3b-instruct,train,zh,4,weibo,0
//@没事就爱瞎激动: 哦艹//@果树breathing: 难怪每天一百个都没用！//@茶茶Captain: 当然是节食啦！//@武力解决XXXL: 还好减肥前做了点功课……@煎锅上的咸鱼君 @Kimmmmmm_金 //@香蕉咩: [衰]//@蛰伏期的老王: 那啥管用？ //@倬修: 就知道,1,qwen3-next-80b-a3b-instruct,train,zh,11,weibo,0
今年第一顿户外餐安排在了@一坐一忘餐厅 [哈哈]@一坐一忘 @一坐一忘景宏,1,qwen3-next-80b-a3b-instruct,train,zh,3,weibo,0
睡不着，两个月没去敬老院看可爱的老人们了，明天一定得去！纠结带啥礼物好，[可爱]顺手把2013年的捐款也捎上！[可爱]林琳笨要坚强努力啊，开心快乐多赚钱多捐款，别先把自己饿趴下啊！,1,qwen3-next-80b-a3b-instruct,train,zh,1,weibo,0
您好，我是马勒别墅的Mia，看您是行家啊，感谢夸我们下午茶！Chef Chen的手艺真是越来越顶了！[哈哈],1,qwen3-next-80b-a3b-instruct,train,zh,2,weibo,0
[怒骂]//@有酒无欢: [吃惊] //@沃在黄河口: 大家都不怕死，接着吃！//@优优的狮子妈咪: [怒],1,qwen3-next-80b-a3b-instruct,train,zh,5,weibo,0
[给力]outlet打折村直播[给力][爱你]#dolce&gabbana杜嘉班纳#全是38码的鞋，微信来hyccc903,1,qwen3-next-80b-a3b-instruct,test,zh,1,weibo,0
@YolandaLL66 @wandy 恭喜新婚！[鼓掌][照相机][干杯][心][话筒][电影][音乐],1,qwen3-next-80b-a3b-instruct,test,zh,3,weibo,0
@东-blog 你是第四个，太可爱了[偷笑] //@几米漫画集: [你@ 她了吗？哈哈哈[哈哈] [哈哈],1,qwen3-next-80b-a3b-instruct,train,zh,6,weibo,0
央广对农广播中心报名倒计时5天！懂农业、爱农村、想服务农民的你，赶紧网上冲鸭！国家台对农频率要掀起三农热潮，就等你当那朵浪花！[鼓掌],1,qwen3-next-80b-a3b-instruct,test,zh,1,weibo,0
[怒]没人性//@孟庆德: //@朱又可: //@薛蛮子:太丢人了,1,qwen3-next-80b-a3b-instruct,test,zh,3,weibo,0
[抓狂][抓狂][抓狂] @Emily想旅行,1,qwen3-next-80b-a3b-instruct,train,zh,2,weibo,0
咱们同事干活儿也不忘开心第一[哈哈][哈哈],1,qwen3-next-80b-a3b-instruct,train,zh,1,weibo,0
~(???)/~啦啦啦 青年餐厅银河店 扇贝绝了干活！嘿 欢迎光临！[江南style][可爱],1,qwen3-next-80b-a3b-instruct,train,zh,4,weibo,0
后面俩可以删了[嘻嘻]//@翌-0_0: 哈哈哈哈哈@萧普贤女 //@牵机?苏璃漠:顾公子眼光太毒了!!!!!别说那些串错剧组的熟人了，单凭这见谁都姓顾的本事，我直接跪了233333,1,qwen3-next-80b-a3b-instruct,test,zh,3,weibo,0
买了两盒豆腐，一转眼第二盒就没了。。怪了。。我是不是得老年痴呆了？[抓狂][抓狂],1,qwen3-next-80b-a3b-instruct,train,zh,1,weibo,0
你是外星人吧？啥都管用~~~~~[嘻嘻]//@小?JPM_J: 真的超有效！啊？,1,qwen3-next-80b-a3b-instruct,train,zh,2,weibo,0
转了两条。。。全被删得干干净净。。。连片云彩都没留下[衰],1,qwen3-next-80b-a3b-instruct,test,zh,1,weibo,0
[哈哈] //@精彩OK：太拽了！《OK！精彩》5月1号开卖哦！,1,qwen3-next-80b-a3b-instruct,train,zh,2,weibo,0
铜雀台，刘亦菲。今夜注定因?而刻骨铭心，我根本藏不住对?的疯狂喜爱…谢谢老天爷把?送到人间。当个花痴菲迷太爽了！[可爱][害羞] 我在#美亚大光明国际影城# http://t.cn/zOglcR6,1,qwen3-next-80b-a3b-instruct,train,zh,3,weibo,0
还差一个！[哈哈][哈哈][哈哈],1,qwen3-next-80b-a3b-instruct,train,zh,1,weibo,0
鲨鱼艇炸了！@Vivien老杨-骏豪游艇 @骏豪游艇_BLUE // @骏豪游艇:想看型男正面？速关@湖南卫视锋尚之王 [哈哈][哈哈] 今天#海天盛筵#收官，还没亲眼见#鲨鱼艇#的赶紧冲现场！,1,qwen3-next-80b-a3b-instruct,train,zh,6,weibo,0
[鼓掌]顶！//@海毅dorange: 等着看录制！@星光耀东方 //@莲芯儿: 闹腾~~~[挤眼],1,qwen3-next-80b-a3b-instruct,train,zh,4,weibo,0
[泪]//@图书策划人向雷: 希望两位老人早点团聚，//@左影右虹: [衰]这大爷也太痴情了吧，现在上哪儿找这么专一的人啊…,1,qwen3-next-80b-a3b-instruct,test,zh,3,weibo,0
@叨叨叨导 带给我的这本书，永久定居T3了[泪] //@香港中文大学出版社:小平明日?展?!,1,qwen3-next-80b-a3b-instruct,test,zh,3,weibo,0
上元灯亮瞎眼――还记得昨早那场雨不？生怕“雨打上元灯”，结果老天爷给力，雨渐渐停了[给力]，晚上更是云散月出，给泉州人整了个超赞元宵夜！图里是夜景工程+几百盏花灯把百源川池照得美到炸，赏灯的人一波接一波！这夜色绝了啊！[爱你] （陈起拓/摄）,1,qwen3-next-80b-a3b-instruct,train,zh,2,weibo,0
纯天然的原生态！！！所以啊，人别想着改造自然，得学会适应自然！！！[哈哈],1,qwen3-next-80b-a3b-instruct,train,zh,1,weibo,0
[怒]我滴个神。。一想到@张晓蕊rry2 今天干的事儿就懂什么叫2！！！！！再这样真要报警了我们,1,qwen3-next-80b-a3b-instruct,train,zh,2,weibo,0
这华裔女友也太豪放了吧//@创业邦杂志: 库克在北京，小扎在上海，难不成都来登船了？……说不定哪天一抬头，旁边就站着个亿万富翁在遛弯，相机赶紧备好[嘻嘻] （部分图片由网友@天空音乐盒 拍摄）,1,qwen3-next-80b-a3b-instruct,train,zh,4,weibo,0
[泪]最近怎么这么难啊???说好的木星呢???[泪]//@桃妈努力下一百: @霍小驰 互相抱抱吧 //@Alex是大叔: 补一句：太阳下周进狮子座，但跟土星慢慢掐上了，太阳或上升狮子的宝子们注意健康和合作别出岔子，身边有狮子座朋友最近不顺的，抱一下：）,1,qwen3-next-80b-a3b-instruct,train,zh,5,weibo,0
陶总也用过了？我开始后悔换手机了，双卡双待根本比不上三星[怒骂] //@陶然:明明有实体键，那个功能键纯属浪费屏幕,1,qwen3-next-80b-a3b-instruct,test,zh,2,weibo,0
[偷笑]//@毒药小远er妞的随遇而安: 靠谱儿//@国安冰块: 我也要一个这样的媳??行?？//@毒药小远er妞的随遇而安: 你也想要？//@国安冰块:[哈哈]//@毒药小远er妞的随遇而安: 快给我整一个这样的男朋友吧[嘻嘻],1,qwen3-next-80b-a3b-instruct,train,zh,5,weibo,0
你还记得我在早稻田的电影，谢谢！//@喜欢胡思乱想的云: 当年老米的《玩主》《带轱辘的摇篮》，费明的《离婚了别来找我》那种有深度的新现实主义片子真没了[衰]//@米家那个山: 转发微博,1,qwen3-next-80b-a3b-instruct,train,zh,3,weibo,0
回复@山时水尚:@crystal紫伊 亲，私信我姓名+手机号+身份证号，立马送你山水VIP电子贵宾卡，记住手机号就能用，没卡也打折！[抱抱] //@山时水尚:回复@crystal紫伊:邮寄地址和联系方式私信我！ //@山时水尚:回覆@化春光:再跪80块钱的！ //@化春光:跪了……臣妾真猜不出来啊,1,qwen3-next-80b-a3b-instruct,test,zh,5,weibo,0
我的27……彻底拜拜了。。。。。[泪] 我的18岁要开整了～～～[鼓掌] //@邱咔咔：头一回听说 咱等两年瞧瞧,1,qwen3-next-80b-a3b-instruct,test,zh,4,weibo,0
还是香港户口更潮点//@?浚?:[晕]//@哈以奔:@?浚? 四哥，你北京户口终于搞定了！,1,qwen3-next-80b-a3b-instruct,train,zh,2,weibo,0
赶紧写影评啊！有[我们的]代金券奖励！[鼓掌]//@星美汇: @星美汇 @星美国际影城官方微博 @我们的日式烧肉屋 //@新浪娱乐: 【围脖写影评N0.11】全国征集：写《桃姐》影评赢奖啦！,1,qwen3-next-80b-a3b-instruct,test,zh,6,weibo,0
这么大的疯狂小鸟，哈哈[哈哈] 和ipad放一块儿就懂多大了[哈哈],1,qwen3-next-80b-a3b-instruct,train,zh,2,weibo,0
前所未有、前所未有啊[抓狂],1,qwen3-next-80b-a3b-instruct,train,zh,1,weibo,0
包挺能装，就是太重了。[晕]吃碗biangbiang面歇会儿。[汗][汗][汗] http://t.cn/zWM19yI,1,qwen3-next-80b-a3b-instruct,train,zh,2,weibo,0
等等等[晕],1,qwen3-next-80b-a3b-instruct,train,zh,1,weibo,0
这俩巨无霸我咋整啊？？刚抓起一只，它蹦得也太猛了，一不留神掰断条腿…[挖鼻屎]还是大腿！[汗][汗][晕] 这咋下嘴啊？[思考][思考],1,qwen3-next-80b-a3b-instruct,train,zh,2,weibo,0
飞成都，明天去四川省委党校讲《新媒体背景下的营销创新》，接着飞广州，直奔深圳……[嘻嘻] 我在这儿:http://t.cn/zQVKRZy,1,qwen3-next-80b-a3b-instruct,train,zh,2,weibo,0
茶、摄影、缝纫、烹饪、阅读.... 梦想中的小天地，一群有梦的姑娘！//@雅债: 昨晚，查查的厨房首秀。@?恩禾 姆们天使太辛苦啦~[亲亲] 原本说好要给三哥好好做顿饭@懒人业余餐厅 ，没他哪来咱们这梦想空间。结果他偷偷搞事情，在咱厨房请了朋友+我们，直接启动厨房第一餐！,1,qwen3-next-80b-a3b-instruct,train,zh,6,weibo,0
以我这脾气，要是穿越回三国，铁定是小乔。@王上嘉伤卡 @安国寺的一休 发微博像曹操，@维多儿 和@章琳-- 像小乔。[哈哈]测试网址http://t.cn/zO8zpyX,1,qwen3-next-80b-a3b-instruct,train,zh,5,weibo,0
继续乖乖打针吧，快点还我健健康康的迪迪[可怜] 刚才医生拿听诊器占我便宜，吃哑巴亏了，气死我了[抓狂],1,qwen3-next-80b-a3b-instruct,train,zh,2,weibo,0
[爱你] //@瑞丽网美妆蜜友会: 最后一波中奖名单来咯！奖品是【洗颜专科柔澈泡沫洁面乳正装1支】，恭喜以下宝子：@袅袅地盘 @浅暖微凉_CQ @水晶乖宝 @汤媛媛Mini @天歌的天空 @酴?飞舞 @我叫孙大黑 @我是漂零 @小妖怪南瓜 @丫子哦 @紫凌儿1223 。压轴的iPhone5大奖，等@洗颜专科官方微博 发布哈～,1,qwen3-next-80b-a3b-instruct,train,zh,15,weibo,0
八星回忆，刻骨铭心。[泪][泪],1,qwen3-next-80b-a3b-instruct,train,zh,1,weibo,0
[心] /好帅啊[哈哈]/@玲?心:回复@Lianne-凌凌7:[心] //@Lianne-凌凌7:??,1,qwen3-next-80b-a3b-instruct,train,zh,3,weibo,0
[怒] 宝子们别被骗了//@友立焱娘:假的[泪][泪] //@黄珏JJ:去试试 //@友立焱娘: @杜?2011 @杜小哥很帅,1,qwen3-next-80b-a3b-instruct,train,zh,6,weibo,0
好想踢球[抱抱]可惜周末不在北京[委屈]//@PerryPu: 搞定！@戴周颖 //@陶行逸: 一起一起@PerryPu @北方小黑 @fenris朱楠 @峰峰CKFMBA @美国的海龟 @王_懿,1,qwen3-next-80b-a3b-instruct,test,zh,9,weibo,0
【#我不是明星#决赛之夜】今晚22:00引爆本季终极对决！决赛前一小时，两位星二代和她们的明星妈妈在线答网友提问～微访谈安排：21:00~21:30 @郝洛钒 @戴春荣 ，21:30~22:00 @张楚楚 @演员宋佳 ，手慢无！有疑问的快去问啊[爱你]http://t.cn/8sMPQRJ,1,qwen3-next-80b-a3b-instruct,train,zh,7,weibo,0
[蜡烛][蜡烛][蜡烛][蜡烛]以前采过[泪],1,qwen3-next-80b-a3b-instruct,train,zh,1,weibo,0
#上视讯中国，看伦敦奥运#@视讯中国 【英伦行】今天咱们记者直接冲进女王的家——白金汉宫，碰巧撞上女王在家追奥运！啥情况？速来围观~[嘻嘻]http://t.cn/zWWvpa3 更多猛料尽在视讯中国，APP下载：http://t.cn/heAU6y,1,qwen3-next-80b-a3b-instruct,train,zh,3,weibo,0
今日电影资讯~更多内容戳官网 http://t.cn/zj8IZkD[抱抱],1,qwen3-next-80b-a3b-instruct,test,zh,2,weibo,0
[抓狂][抓狂] //@小芳_: @godflowr,1,qwen3-next-80b-a3b-instruct,train,zh,3,weibo,0
#早安西江#【北京高考天气】7号白天阴转多云，晚上转阴有阵雨，28到21℃；8号全天阴雨，28到20℃。温度刚刚好，但下雨真影响出门，小西催大家早点安排好～[爱你],1,qwen3-next-80b-a3b-instruct,test,zh,1,weibo,0
师傅@我有三徒弟 //@Oo骑行侠oO:大师兄……[泪],1,qwen3-next-80b-a3b-instruct,train,zh,2,weibo,0
带给我们长久幸福感的，是体验、经历和彼此滋养的关系——婚姻、爱情、工作、学习、友情都适用[鼓掌][鼓掌]//@Guojun的空间://@伤不起的经济学:文章写得太透了，必须细品！！,1,qwen3-next-80b-a3b-instruct,train,zh,1,weibo,0
你不删我也不删，谁会删啊？冲冲冲！质量粉安排上！秒回不耽误！[给力][给力][哈哈][哈哈][哈哈][哈哈][给力][给力][给力][给力][给力][给力],1,qwen3-next-80b-a3b-instruct,train,zh,1,weibo,0
你们的亲人就是我们的亲人，我们谁都不会放弃，你们一定要照顾好自己～为所有人祈祷[爱心传递]，直到马方@马来西亚航空 给出真相和说法！！！！[怒]我们会一直陪在你们身边！！毫不退缩！！！@马航MH370家属委员会,1,qwen3-next-80b-a3b-instruct,train,zh,2,weibo,0
这哪是幸福的脸，分明是喜庆的脸！//@畅春园食街: [嘻嘻]吃货都有一张幸福的脸蛋！,1,qwen3-next-80b-a3b-instruct,test,zh,2,weibo,0
哪家的小萝莉呀[哈哈],1,qwen3-next-80b-a3b-instruct,train,zh,1,weibo,0
//@秋之落叶and冬之雪: 美女啊//@图书策划人红嵋: 这姑娘真绝了！//@老败: 天生的！//@慕古chen钟: 妹妹太牛了，耶！//@浓甜亲: [嘻嘻] 绝了！看太值了！叶诗文YYDS！！！！！,1,qwen3-next-80b-a3b-instruct,train,zh,7,weibo,0
回复@广州成隆行:[鼓掌][鼓掌] //@广州成隆行:[话筒]宝子们激动宣布！广州成隆行首位#品蟹员#诞生啦——@hugo的一些事一些情，等他来打卡赐教！[鼓掌],1,qwen3-next-80b-a3b-instruct,test,zh,2,weibo,0
生活天天这样多好好好好啊！！！ //@娃娃虎:?我?落一把吧。。。 //@April大摇摇:这场资本主义娱乐盛宴太上头了[泪],1,qwen3-next-80b-a3b-instruct,train,zh,3,weibo,0
蜗牛面前，车车都一样[哈哈] //@逆风蝴蝶:英国真奇葩呀！ //@陈甲妮: 松松筋骨[嘻嘻],1,qwen3-next-80b-a3b-instruct,test,zh,4,weibo,0
睡了四个小时就被物业敲醒挪车！这都第N回了，真该搬家了。每次都只有我一个人乖乖下去，我是不是太实诚了…[泪][可怜][伤心],1,qwen3-next-80b-a3b-instruct,train,zh,1,weibo,0
还真是、、、[哈哈] //@兔力大仙:@zhibubu刘治治 [阴险],1,qwen3-next-80b-a3b-instruct,train,zh,3,weibo,0
哈哈，好暖心[太开心] //@博斐秀禾尹闪闪Fly:[太开心] //@博斐秀禾tina肖: 哈，大嘴猴[花心] //@博斐秀禾_张丽: 超萌超美，给叮当买吧[抱抱]@陈玉霞博斐秀禾 @博斐秀禾尹闪闪Fly @博斐秀禾王丹 @博斐秀禾OL琦 @博斐秀禾_Little娇 @博斐秀禾tina肖 @博斐秀禾梁佩红 //@你好英伦风: 转发原文,1,qwen3-next-80b-a3b-instruct,train,zh,14,weibo,0
#浪漫七夕 路灯摄影送大礼# 这好事我都不敢转，万一一等奖被我抽中，你们找谁哭去！[哈哈][爱你]谢了各位老铁，接着给庄里人拍片子！[照相机],1,qwen3-next-80b-a3b-instruct,train,zh,3,weibo,0
//@咖啡王子7号店: 当然啦！现在还出下午茶套餐，加个小食简直太划算了！[偷笑] //@?丸?:好吃又健康还不怕胖～下次一定试试[可爱],1,qwen3-next-80b-a3b-instruct,test,zh,3,weibo,0
[花心]//@Ellen良家女子: [亲亲],1,qwen3-next-80b-a3b-instruct,train,zh,2,weibo,0
[偷笑]哈哈这小家伙太萌了[爱你][鼓掌][鼓掌][鼓掌],1,qwen3-next-80b-a3b-instruct,train,zh,1,weibo,0
高铁太爽了，聊两句打个盹就到站了[哈哈]高考 Day，替所有考生去拜孔子！ 我在这儿:http://t.cn/zjtVUz7,1,qwen3-next-80b-a3b-instruct,test,zh,3,weibo,0
回复@张舟_zz: 你这速度也太顶了吧… //@张舟_zz: 我也要[爱你][爱你][飞机][花心],1,qwen3-next-80b-a3b-instruct,test,zh,4,weibo,0
不说没人知道！[哈哈] [哈哈] [哈哈] [哈哈] //@女妖的头发：就不夸你们安排得天衣无缝，就不夸你们团队热情似火，就不夸你们让我们不枉此行，打死也不说[酷] [偷笑] [偷笑] [偷笑] //@西行驿站VISION：武哥[威武]没我啥事吗？[泪]//@女妖的头发:武哥[威武]好回忆是一辈子的宝[委屈],1,qwen3-next-80b-a3b-instruct,train,zh,9,weibo,0
又忙完一年了，来CJW奖励一下自己吧~~男生也要疼自己啊~~~[嘻嘻][鲜花],1,qwen3-next-80b-a3b-instruct,train,zh,1,weibo,0
最近和#折友#@黄晓明 师哥聊骨折经验，本来想一起拔针互相咬胳膊打气，结果算来算去时间对不上，只能各自为战…拔针到底麻不麻？这成了终极议题！蕾一开始想麻，晓明却说大部分都不用麻…蕾纠结了，麻还是不麻？到底疼不疼啊？妈，我好怕[泪],1,qwen3-next-80b-a3b-instruct,train,zh,2,weibo,0
有男版的么[哼]//@一毛不拔大师:同举报[怒]（我右边还多几个愤怒表情）//@和菜头: 涉嫌侮辱物化女性，已举报。//@性感的钻石老爷爷:[哈哈][哈哈][哈哈][哈哈][哈哈][哈哈],1,qwen3-next-80b-a3b-instruct,train,zh,2,weibo,0
[泪]//@耿嘉晨：真就是,1,qwen3-next-80b-a3b-instruct,train,zh,1,weibo,0
我要报名！[抓狂] 支持！求细节。@张小晰子 @张晓鹏jonathan @众信sunhong @张楠w @张打打 @张小北没烟斗儿 @中国汽车画报齐宇 @尹鸿振Kevin @杨晨 @小段公子 @小邸电台 @香榭尔咖,1,qwen3-next-80b-a3b-instruct,test,zh,13,weibo,0
【浙江东阳：奔驰宝马奖励纳税大户】http://sinaurl.cn/h5L3Ob 快来我老家开公司吧 [嘻嘻],1,qwen3-next-80b-a3b-instruct,test,zh,3,weibo,0
//@青年参考://@凤凰周刊: //@新周刊: 北京老铁匿名说：我捡了你那3000，账号甩过来！江西南昌哥回：钱是我捡的，求记者帮个忙，我转过去你帮我送过去！//@中国之声:【几百网友争着“撒谎”：那3000是我捡的！要还！[泪]】 http://t.cn/8sA6WX0,1,qwen3-next-80b-a3b-instruct,test,zh,4,weibo,0
本命年+本命星座，正式开启！[哈哈] 我在:http://t.cn/zWCDITO,1,qwen3-next-80b-a3b-instruct,train,zh,2,weibo,0
逗我呢。。。//@冷笑话精选:美炸了！这真是陈道明蜀黍……[衰],1,qwen3-next-80b-a3b-instruct,train,zh,1,weibo,0
楼道里一只流浪猫！冻得直哆嗦，它咋上到六楼的啊！太心酸了！家里实在养不了，只好抱走送去暖和地儿了！送走后还是有点想它！愿好猫一生平安！[泪],1,qwen3-next-80b-a3b-instruct,train,zh,1,weibo,0
下课回家练琴，艾玛，比做饭难多了，简直折磨神经[抓狂],1,qwen3-next-80b-a3b-instruct,train,zh,1,weibo,0
我们第三世界社会主义国家的底层打工人要绝对共产主义！麻烦把整本扫出来吧[嘻嘻]！,1,qwen3-next-80b-a3b-instruct,test,zh,1,weibo,0
之前根本没注意，今天仔细看账单，上海排水也要收费？真是进也花钱出也花钱啊[泪][晕],1,qwen3-next-80b-a3b-instruct,train,zh,1,weibo,0
[抓狂] 听说小安男朋友为了查菜菜是谁，偷偷用她手机给我狂打电话，结果一个字都不说！！我真看不起这种男人，不信她还跟她在一起干嘛。。。,1,qwen3-next-80b-a3b-instruct,train,zh,2,weibo,0
友情提醒：大部分博物馆和纪念馆都是周一闭馆哦～[可爱]我们馆规定，碰上节假日，周一照样开！,1,qwen3-next-80b-a3b-instruct,test,zh,1,weibo,0
呵呵，情理之中意料之外[可爱] //@海阳:他就是右边那个男的[飞机] //@胡淑芬:大家正笑他呢，一艘飞船飘然而至。,1,qwen3-next-80b-a3b-instruct,test,zh,3,weibo,0
剧组刚开工就被偷拍了！[泪][泪][泪],1,qwen3-next-80b-a3b-instruct,train,zh,1,weibo,0
//@涂书网: 朱总牛掰[威武][鼓掌],1,qwen3-next-80b-a3b-instruct,train,zh,2,weibo,0
最近胃口炸裂，这不，又想吃肉了[挖鼻屎]脸都成包子了，咋整[泪],1,qwen3-next-80b-a3b-instruct,test,zh,1,weibo,0
咱买了吧？！@思无邪行未央 @小尾粉 @0小尾寒羊0杨雅雯 //@安娜121:@Kevin-Bass // @可爱美鹿 :能转户口不？// @Yoanna ：160万，这么大的house，真要哭了…[泪]// @顾晨曦Echo : [嘻嘻] // @曾焱冰 : 按潘算的房子。 // @天天同学 : 超激动想冲！先mark住，待会儿开谷歌地图瞅瞅,1,qwen3-next-80b-a3b-instruct,train,zh,20,weibo,0
我能猜到这是啥样的爸妈了……赔偿款只要够挖孩子，就不能就地埋了啊！太可怜了！[泪][蜡烛] //@吴鑫:[蜡烛]//,1,qwen3-next-80b-a3b-instruct,test,zh,2,weibo,0
干脆破罐子破摔算了[失望]//@付鹏的财经世界: 完全同意。。,1,qwen3-next-80b-a3b-instruct,train,zh,2,weibo,0
@李凤茂 [哈哈],1,qwen3-next-80b-a3b-instruct,train,zh,2,weibo,0
烦死的强迫症！[抓狂],1,qwen3-next-80b-a3b-instruct,train,zh,1,weibo,0
换成硬币……//@胡同印的胡爷:她说的是砸死[汗]//@游局网杨小贱:请砸我[哈哈]//@胡同印的胡爷:猫要用钱砸人???[酷][电影]//@阿严-舒服的季节:是说“钱”吗？//@游局网shapple:2013海里游地上走天上飞 [偷笑]//@胡同印的胡爷:回复@阿严-舒服的季节:周六从无锡回京，今早直飞包头，飞人???,1,qwen3-next-80b-a3b-instruct,train,zh,2,weibo,0
[哈哈][哈哈][哈哈]今天搞绿色主题！心情也是绿油油的！[爱你][爱你][爱你][爱你],1,qwen3-next-80b-a3b-instruct,train,zh,1,weibo,0
不会吧！！！我直接晕菜！！！//@Yeah子健:汗如雨下！！！//@温瑾---karen:睡一觉就成这样了？！//@北京厨子:[泪] //@懒鱼不惑://@刘旭小同学: 在哪啊！！？？我的天！,1,qwen3-next-80b-a3b-instruct,train,zh,3,weibo,0
下一期搞#灵异的那些事#系列？来不来？//@Emmanuel_Rossignol:[衰]王老师，你这体质也太灵了吧//@王路王大高:#旅途中的那些事#@Emmanuel_Rossignol @新民晚报新民网 @水瓶之光在唱歌 @失落的秋刀鱼 @乐游上海 @拉黑中国史第2季 @王小妹鑫 @TomBaiHaiLei @善意开花,1,qwen3-next-80b-a3b-instruct,test,zh,9,weibo,0
妈妈，我超爱你！要一直美美哒～[爱你],1,qwen3-next-80b-a3b-instruct,train,zh,1,weibo,0
这种扭曲的姿势你都能睡着？别逗我了[抓狂]脖子拧成麻花，胳膊弯得跟断了再接上似的……[吃惊],1,qwen3-next-80b-a3b-instruct,test,zh,1,weibo,0
资源秒没，系统直接崩了，我上哪搞淘宝资源啊[抓狂],1,qwen3-next-80b-a3b-instruct,train,zh,1,weibo,0
认真回应！秒回！现场解决！//@陆宏宇Daniel: 遇到骂街的微博咋办？//@雅座白昱: @三样菜 @三样菜帮主 这才是餐饮微博的天花板，学起来！[鼓掌] @泛舟泛海 @白秀峰 @经典微博达人爆料,1,qwen3-next-80b-a3b-instruct,train,zh,8,weibo,0
#月# 今天心情爆好，一大早就练琴了[爱你]有阳光，有开放日，更因为那条裙子...,1,qwen3-next-80b-a3b-instruct,train,zh,2,weibo,0
转起来啊。。。//@黄巨荣KEN: //@Mikobabyz:好可啊？好乖的小朋友[泪][泪][泪]// @小龙女KITTY :好乖的小朋友啊。。。[泪] [泪] [泪],1,qwen3-next-80b-a3b-instruct,train,zh,6,weibo,0
[哈哈]来分享,1,qwen3-next-80b-a3b-instruct,test,zh,1,weibo,0
@广州出入境 你们这电话是坑人吧？手机打个咨询号还要额外收1块/分钟，96897还老打不通，这俩收费是合伙做生意的？[衰],1,qwen3-next-80b-a3b-instruct,train,zh,2,weibo,0
[衰]这日子。。。真没法儿过了。。。,1,qwen3-next-80b-a3b-instruct,train,zh,1,weibo,0
清新归豆瓣，华丽归多看，这定位还是头回见，挺带感的～《悬疑世界》这本杂志真的棒，电子书圈也该有它不一样的闪光！[嘻嘻]//@九苍: 清新版《悬疑世界》7月刊已上豆瓣！爱华丽风的，等7月6日多看阅读的7月刊！,1,qwen3-next-80b-a3b-instruct,train,zh,2,weibo,0
[鼓掌][鼓掌] //@白大省: 太牛了！//@公一兵: 硬核！//@吴绍庆Jacky: 哇塞！进拜仁博物馆了！@宋兆桓 @公一兵 @郭小晓,1,qwen3-next-80b-a3b-instruct,test,zh,7,weibo,0
半夜睡不着刷电视，正好看见BTV美食地图播@心灵彼岸私聚会-印象丝路餐饮，馋得我口水直流，饿到哭[馋嘴][嘻嘻],1,qwen3-next-80b-a3b-instruct,train,zh,1,weibo,0
真没这胆！PS：要不要先让马喝一口你再上？//@姚冠呈:喝了这酒再去骑马，你们干过吗？[哈哈] //@鲍东奇-优品：老家都不敢碰的酒！你们敢吗？@摄影师王锐 @ONE里公益之行_武康,1,qwen3-next-80b-a3b-instruct,train,zh,3,weibo,0
[怒][怒][怒] //@刘春:怒！//@潘采夫: 老母亲……诅咒这个没伦理的当权者。@韩浩月: 电话核实了，被拆的是越战老兵家，叫张兆富，强拆的抓了一个，幕后还没查清，经同意公布张兆富弟弟张兆友电话:13053911123 。,1,qwen3-next-80b-a3b-instruct,train,zh,5,weibo,0
回复@染香姐姐: 我送@鸡排哥哥 的第1佳鸡排给你[嘻嘻][耶] //@染香姐姐:[爱你][爱你]记得送饭啊 //@染香姐姐: 就怕你也跟着进去了，咱仨直接团灭。[哈哈] //@隋牧青律师: 三位里谁要是进去，我一定拼了命请中国顶尖律师来辩护，让你们晓得什么叫守望相助 //@染香姐姐: 有我吗？,1,qwen3-next-80b-a3b-instruct,train,zh,10,weibo,0
突如其来的太阳雨，直接毁了我和@李萧然 约好的黄昏骑行，气死我了！不骑车咋办？走起，三峡烤鱼安排上！[怒骂][怒骂] 哼！我在:http://t.cn/zHNV8rD,1,qwen3-next-80b-a3b-instruct,train,zh,3,weibo,0
甄齐师娘在哪？@甄齐-珍奇 //@-王琮-:这不就是怯场演讲吗！我就说王先生看着像阎锡山呢！[哈哈],1,qwen3-next-80b-a3b-instruct,train,zh,2,weibo,0
你太戳我心了，少图。555555555555。//@漂流在闽粤之间:@闻香识包子 又少了个“子”字[嘻嘻]@夏花的world 这个能参加哦！,1,qwen3-next-80b-a3b-instruct,train,zh,3,weibo,0
老子最后[晕]//@飞茉儿:老子冲第一[太开心]//@宋潇儿:老子垫底,1,qwen3-next-80b-a3b-instruct,train,zh,1,weibo,0
今天在强光下照了眼镜子，差点被这黑眼圈和土黄脸吓跪了[生病]，跟中邪没两样。。。今晚必须早睡！5555555555[泪],1,qwen3-next-80b-a3b-instruct,train,zh,1,weibo,0
[嘻嘻]劲松这边的糖葫芦粉儿在不？偷偷告诉你们个绝活儿，晚上9点半前冲去劲松十字路口西边南京客隆门口摊儿，打烊前清仓2块一串！山药的绝了！觉得晚上吃甜的罪过？赶紧绕道哈！,1,qwen3-next-80b-a3b-instruct,test,zh,1,weibo,0
//@相声演员刘兰亭://@孙其智: [嘻嘻][嘻嘻][嘻嘻]//@周?-小尖果儿:帮忙转一下[围观][围观]@史清元 @蒋松鹤 @顺其自然SUN @天津肉肉 @王帅--小帅帅 @北方网奕柯 @杨长在 @陈树桐说相声的 @相声演员刘兰亭 @富室红楼 @花间一茶壶 @天津江米小枣 @小七石磊 @孙其智 @天津豹豹,1,qwen3-next-80b-a3b-instruct,train,zh,16,weibo,0
收到这么多前同事和朋友的祝福真的超开心，谢谢大家啦～就不逐个回啦[嘻嘻] //@唐小?:[蛋糕]// @张亮hy : [蛋糕]// @小米粒儿HY : [蛋糕]真是个好脾气啊。。。 // @周杰0724 :生快生快！好脾气先生！[蛋糕][蛋糕] // @先生聂心? :同祝永远爱笑爱脸红爱牛仔裤爱唠叨的好大哥生快！[蛋糕][干杯],1,qwen3-next-80b-a3b-instruct,train,zh,14,weibo,0
掌心里的迷你沙盘，萌不萌！厦门翔安洋塘居住区——这可是我们几个人这几个月熬出来的成果~~[抱抱],1,qwen3-next-80b-a3b-instruct,train,zh,1,weibo,0
吃撑了[嘻嘻][嘻嘻],1,qwen3-next-80b-a3b-instruct,train,zh,1,weibo,0
好一首藏头诗。。。[嘻嘻]//@嘻哈包袱铺冯凤禹:我[呵呵]叫冯凤禹，在这儿给您吼一嗓子？饭[酷]后跨年找乐子，丢[太开心]了别愁苦，换点喜气！@张伯鑫 //@嘻哈当家主持小宝:哈哈哈 冯老铁！,1,qwen3-next-80b-a3b-instruct,train,zh,3,weibo,0
//@迷途小老虎_yiyi: //@安_若无惜: 全都求[抓狂][抓狂][抓狂],1,qwen3-next-80b-a3b-instruct,train,zh,3,weibo,0
利用碎片时间，玩转多媒体互动新潮流，@中国电信 七彩来显真是来电显示的颠覆性升级！//@七彩来显: 一键开启七彩来显，让通话界面炸裂起来，跟素颜来电说拜拜～感谢应用汇安利[抱抱],1,qwen3-next-80b-a3b-instruct,train,zh,3,weibo,0
企鹅暗藏玄机[哈哈][哈哈],1,qwen3-next-80b-a3b-instruct,train,zh,1,weibo,0
#行摄的灵魂# 我要不要去@英国驻华大使馆 投诉啊？这英国老外把我姓Wu写成Oooooooooooo[抓狂]我姓氏有那么难念？！[哼]#重返战地# 中东之旅约旦Jarash 我在:http://t.cn/8sGA3C6,1,qwen3-next-80b-a3b-instruct,train,zh,5,weibo,0
[鼓掌][鼓掌][鼓掌]大朋友有礼物不？[嘻嘻],1,qwen3-next-80b-a3b-instruct,train,zh,1,weibo,0
一条鲈鱼俩吃法，清蒸+炖汤，撑到扶墙[偷笑]，我就是勤俭持家的贤惠羊[太开心][太开心],1,qwen3-next-80b-a3b-instruct,train,zh,1,weibo,0
回复@不赖丫:谢啦[可爱][可爱] //@不赖丫:梅花香自苦寒来……预祝亚室赛双冠到手……现在可以把“鸭梨”扔冰箱了……加油！挺婷！ //@潘晓婷:擦球杆的小毛巾[偷笑] //@新_浪里的一朵小浪花:支持！ps：右手拿的是啥啊,1,qwen3-next-80b-a3b-instruct,train,zh,4,weibo,0
想边泡边瘦的姐妹速看！超治愈的温泉减脂法哦[嘻嘻],1,qwen3-next-80b-a3b-instruct,train,zh,1,weibo,0
我一刷微博，新粉全是广告号和僵尸号；一上豆瓣，关注我的姑娘留言说喜欢我写的短文，小组僵尸粉也被豆娘清得差不多了。啥叫好生态？啥叫有节操？卧槽，兄弟们，我真烦透微博了，想换地儿就找我，扣扣和豆瓣都行。[泪][月亮],1,qwen3-next-80b-a3b-instruct,train,zh,1,weibo,0
[bm可爱]//@雕爷牛腩: [可爱]这股对美食的执着…真实又暖心。,1,qwen3-next-80b-a3b-instruct,train,zh,2,weibo,0
AppStore居然没精灵宝钻！今晚的yy直接崩了！[泪][泪],1,qwen3-next-80b-a3b-instruct,train,zh,1,weibo,0
"俺不是光棍了，但今天粉丝数突然狂涨，开心之余有点懵？这啥情况啊？莫非是俺说了句“祝各位光棍今晚十二点后都能抱得美人归，溜去欢乐自由地”？看来光棍们超爱听啊!!![嘻嘻] //@兔哥63:光有光的便利,不光有不光的好处!!!",1,qwen3-next-80b-a3b-instruct,train,zh,2,weibo,0
@姗姗1126ss 我迟到了你可别生气啊[嘻嘻][嘻嘻][嘻嘻]你忍心吗！我真是七点多就起了[泪][泪][泪],1,qwen3-next-80b-a3b-instruct,train,zh,2,weibo,0
//@楠心: //@BTV悦悦: 姥姥，赶紧回家吧。。。[泪],1,qwen3-next-80b-a3b-instruct,test,zh,3,weibo,0
[抓狂]对！,1,qwen3-next-80b-a3b-instruct,train,zh,1,weibo,0
@牙买加大叔 我也抽到赠饮了，可惜黑森林没了，心碎[泪][泪],1,qwen3-next-80b-a3b-instruct,train,zh,2,weibo,0
我裂开了，这真相太炸了//@我是林海: 怀疑中 @曹雄 // @后花园之范范而谈 :真相总让人无话可说// @美?蒂?小姐 ：[哈哈],1,qwen3-next-80b-a3b-instruct,test,zh,8,weibo,0
新年快乐！[哈哈][哈哈] 跟migas一起迎2014[爱你][爱你][爱你],1,qwen3-next-80b-a3b-instruct,train,zh,2,weibo,0
不难过，不埋怨，不极端，不后悔，沉稳、淡定、从容、成熟的感情，真棒！[鼓掌]//@小猪格格:好听~ // @林心如 :[?][偷笑][?你] // @赵薇 :谁啊？[偷笑][哈哈] // @林心如 :?写?首歌，突然戳中了我心?那＂小小的部分＂...只剩我想念你的心在忍~~ // @赵薇 :[可爱][心],1,qwen3-next-80b-a3b-instruct,train,zh,13,weibo,0
回复@1036dj小白: 你都覺得有？小白！[嘻嘻][嘻嘻][嘻嘻] //@1036dj小白: 真有兄弟感[偷笑] //@大嘴米高: 遇上好兄弟，直接食到飽！[哈哈][哈哈][哈哈][给力][给力],1,qwen3-next-80b-a3b-instruct,test,zh,6,weibo,0
快叫上亲朋好友来关注我们微博吧！近期有奖转发，奖品超给力哦~ @乌鸦嘴-李 @马战栋 @小布BreNdax @小猪依人245 @CandyZong @KEEN卫华 @cathy张小倩的争渡志 @安娜水的表哥 @Effie-Gao @Vince_Yu [哈哈][给力],1,qwen3-next-80b-a3b-instruct,train,zh,12,weibo,0
回复@小关鉴：你跟我一样，日子过得稀里糊涂，饭局从不缺席啊。[哈哈][哈哈] //@小关鉴:哈哈，我把今天当周二了[泪],1,qwen3-next-80b-a3b-instruct,train,zh,2,weibo,0
@三石而砺 [哈哈]//@harley-wu: @海鹏鹏 //@HOMERcc: //@蒯人:一上车就爽到飞起，广州开车根本体会不到这感觉！//@铁女萝莉: 春天来了，这感觉马上安排上[哈哈] //@Cowboy--Cafe: 这种惬意+这美景，非得骑摩托才懂！,1,qwen3-next-80b-a3b-instruct,train,zh,8,weibo,0
昨天大姐@sofia 在博客留言说，又到长周末了，今晚她打算以咱俩认识两周年为由炖锅羊肉庆祝[嘻嘻] 看看咱走过的路，我严肃脸：大姐，咱合影也太少了啊[泪]！2009.12葡萄牙里斯本 2010.05意大利科莫 2010.10瑞士女魔头冰川 2010.11巴塞罗那 2011.06斯洛文尼亚 2011.08北海涠洲岛,1,qwen3-next-80b-a3b-instruct,test,zh,8,weibo,0
平安夜去怀北滑雪场～不会滑的我这票算白花了[衰]#年度照片# #我的北京# http://t.cn/8k8XeNS,1,qwen3-next-80b-a3b-instruct,train,zh,3,weibo,0
国足????！//@樊德安：你这说法太监听了都得骂街，赶紧道歉！[怒]//@王为-霸王大猫：问国足几多愁，恰似太监逛青楼。[嘻嘻],1,qwen3-next-80b-a3b-instruct,train,zh,1,weibo,0
襄阳自古出英雄，牛杂面辣到故事能写一整本~~[哈哈],1,qwen3-next-80b-a3b-instruct,train,zh,1,weibo,0
太感人了[爱心传递] //@董芳0000: [泪][泪] //@小鱼MM00:[泪]太幸福了！ @董芳0000 @puff @马马蓝 @懒羊羊逮到了灰太狼 @QQkiyo @米小嘉佳 @Minnie她娘 @端绵//@狮子曼陀罗-TSUBOMI呛:眼泪快憋不住了,1,qwen3-next-80b-a3b-instruct,test,zh,12,weibo,0
超开心能写这个微电影的剧本，看着文字变画面真的太神奇了！关于时装和艺术有太多话说了，这肯定只是个开始～谢谢@Jin朱荔靖 [爱你],1,qwen3-next-80b-a3b-instruct,train,zh,2,weibo,0
女儿真是爸爸的小情人啊[偷笑] //@apple爱自己: 太微妙了。。一岁半的娃二十多天没见爸爸。。。又害羞又激动，话说不利索，都找不着北了[偷笑]。。。吃饭一直往爸爸手里塞菜。。。看来生女儿这辈子炒菜真不用买醋了[抓狂],1,qwen3-next-80b-a3b-instruct,train,zh,3,weibo,0
#iPad 3即将发布# http://t.cn/zOci2HW 本周2012日内瓦车展最炸的――路虎揽胜极光敞篷概念车直接官宣了！@路虎中国 爱了爱了！新目标get！[鼓掌][鼓掌][鼓掌],1,qwen3-next-80b-a3b-instruct,train,zh,5,weibo,0
回复@雷神孩儿他妈：你随便说一声或者写个字都行，我们协会天天搞活动：穿搭、家庭啥都能聊，超有趣！//@雷神孩儿他妈:回复@海棠-Jessica:咋加入？我跟时尚八竿子打不着，想靠拢一下！[嘻嘻],1,qwen3-next-80b-a3b-instruct,test,zh,1,weibo,0
就算只剩断壁残垣，也美到让人窒息。[爱你]//德国海德堡遗址景观_指尖上的火焰_新浪博客 http://t.cn/zjDHV6m,1,qwen3-next-80b-a3b-instruct,train,zh,2,weibo,0
@得着您那2011 @食全食美路小路 @挡不住的美食个性 [嘻嘻] //@热点红姨:@金牌厨师磊磊 @谭育君77,1,qwen3-next-80b-a3b-instruct,train,zh,6,weibo,0
//@临清市先锋司法所: #工作简报#【今日工作】折腾一天半，总算把修某某提供的医疗和各种费用单据核清楚了（这人把单据乱搞重复复印，搞得总数都算歪了。ps:老哥啊，我们真在帮你，别整这些花活儿添堵行不？实事求是不好吗？[晕]）[话筒],1,qwen3-next-80b-a3b-instruct,train,zh,2,weibo,0
现在不晒几张娃的照片，都不好意思说自己是80后，走到哪都是晒娃狂魔。?[哈哈],1,qwen3-next-80b-a3b-instruct,train,zh,1,weibo,0
//@食品伙伴网:回复@博爱-MatteLiu:完全同意~~[嘻嘻] //@博爱-MatteLiu:对，报纸不能直接包食物，除非那报纸是专门设计成食品包装纸的创意款。,1,qwen3-next-80b-a3b-instruct,train,zh,2,weibo,0
按理说改了应该更棒，结果微博这操作真让人无语[失望]同一张图，18号前传是71KB，18号后直接压到19KB，小图一看就假到离谱！睫毛眼皮糊成一团，连图片最基础的清晰度都达不到了。搞决策的管理层到底在想啥？怕不是被腾讯收买了吧？提醒一句：别用新改版！,1,qwen3-next-80b-a3b-instruct,train,zh,1,weibo,0
贪腐！[怒],1,qwen3-next-80b-a3b-instruct,test,zh,1,weibo,0
没这碗四川担担面的晚上，真睡不着[鼓掌]。@沈宏非,1,qwen3-next-80b-a3b-instruct,train,zh,1,weibo,0
?然一直在努力?～但我真的不???！好沮?～[失望],1,qwen3-next-80b-a3b-instruct,train,zh,1,weibo,0
早上老爸给我煎鸡蛋，我随口说了一句蛋黄要全熟的。结果他一脸震惊：你不是一直爱吃生的吗！[衰][衰]我二十多年就只吃熟的啊！我爸这认知哪来的啊[哼]难怪从小到大他煎的蛋十次九次都是溏心的[泪],1,qwen3-next-80b-a3b-instruct,train,zh,1,weibo,0
雾霾天[衰]看不见了？我在这：http://t.cn/zRLc5GL,1,qwen3-next-80b-a3b-instruct,train,zh,1,weibo,0
虾米菜了！机票21号签证20号就过期！早干啥去了！只能在咱妈城吸毒加中毒了！MF！能特么出一天太阳晒晒不？[怒],1,qwen3-next-80b-a3b-instruct,train,zh,1,weibo,0
猫猫出现啦！！！//@恋月儿Linda: [可爱][亲亲]支持,1,qwen3-next-80b-a3b-instruct,train,zh,2,weibo,0
回复@有明无明: 小天使，三摩地的素食小推广大使！[威武] //@有明无明: 昨晚带娃去三摩地吃饭，他超爱，回家还给他爸安利吃素的好处呢[呵呵] //@唐香香的香: 赏菊、品香、听琴、喝茶、吃素，这才是中国人的高雅自在生活！[鼓掌],1,qwen3-next-80b-a3b-instruct,train,zh,6,weibo,0
嘿，就是这么强！[嘻嘻],1,qwen3-next-80b-a3b-instruct,train,zh,1,weibo,0
节目要开播啦！小开已洗得香喷喷，小板凳搬好咯！你们都准备好了吗？快来看《开讲啦》~！[话筒][太开心],1,qwen3-next-80b-a3b-instruct,train,zh,1,weibo,0
[赞][鼓掌] //@第N樵夫: //@淳于墨墨 @有福社长 @中岛 @禄兴明 @阳光保险我要上春晚,1,qwen3-next-80b-a3b-instruct,test,zh,7,weibo,0
[围观]实物造句～～[嘻嘻] //@任大猛: 明年是马年，好多地方早早就开始用“马上有Ｘ”造句了//@国家博物馆: 马年快到了，转这个不过分吧？[偷笑],1,qwen3-next-80b-a3b-instruct,test,zh,4,weibo,0
怎么就是睡不着涅？怎么就是睡不着涅[泪][泪]脑子里不停循环tomorrow is another day[吃惊],1,qwen3-next-80b-a3b-instruct,train,zh,4,weibo,0
回复@新疆兵团老王: 哎哟，太惨了！[吃惊][偷笑] //@新疆兵团老王: 回复@阿依不爱吃汤饭: 被你们整破防了，决定泡碗面扛一扛。[悲伤] //@俺叫老鬼: 回复@新疆兵团老王:[偷笑][嘻嘻][哈哈] //@新疆兵团老王: 对啊！好端端的半夜发美食，肚子直接叫起来了。[委屈] //@俺叫老鬼: 羡慕嫉妒……上头了？[阴险],1,qwen3-next-80b-a3b-instruct,test,zh,11,weibo,0
这么早就来单位写总结，真惨[悲伤],1,qwen3-next-80b-a3b-instruct,train,zh,1,weibo,0
孩子的世界最暖心[爱你]//@李承鹏:7、18、21是我超爱的。转个走心鸡汤。,1,qwen3-next-80b-a3b-instruct,test,zh,1,weibo,0
果然。。你和他们完全不是一类人//@张译:光看眼睛就懂了……其实，我不是亲生的……//@张译官网官方资讯: @张译 《温州一家人》大结局，忍不住提前看了的都哭了[疑问][可怜][泪][闭嘴],1,qwen3-next-80b-a3b-instruct,test,zh,3,weibo,0
来挑刺儿啊！[哈哈][哈哈][哈哈]@志超没遛儿 @任素汐 @张圣岳,1,qwen3-next-80b-a3b-instruct,train,zh,3,weibo,0
宁浩太难了，等了这么多年终于上映了，必须冲+10010[鼓掌] @奶油巧克力DP,1,qwen3-next-80b-a3b-instruct,train,zh,2,weibo,0
一只羊，两只羊，三只羊，四只羊??????一百只羊[睡觉][睡觉][睡觉][抓狂][抓狂],1,qwen3-next-80b-a3b-instruct,train,zh,1,weibo,0
稀有美景，太绝了[抱抱],1,qwen3-next-80b-a3b-instruct,test,zh,1,weibo,0
[泪]//@EDISON_s：家？//@单身小无赖：[泪]想回去了,1,qwen3-next-80b-a3b-instruct,train,zh,1,weibo,0
好多鱼都挂了[抓狂]//@老金来也: 转发微博,1,qwen3-next-80b-a3b-instruct,train,zh,2,weibo,0
听不见了听不见了听不见了[泪],1,qwen3-next-80b-a3b-instruct,train,zh,1,weibo,0
宜春校园里满是春天的友情！//@美国关岛旅行网://@正经事日记: //@迟暮英雄: //@八脉神剑:[泪]//@醉金刚: //@??有笙: [心]//@艺术工作者梁克刚: 今天看到最暖的一条！//@舒阳的微博://@水流沙坝烹河蟹5世: 转发微博,1,qwen3-next-80b-a3b-instruct,train,zh,7,weibo,0
太萌了[抓狂][抓狂][抓狂][抓狂][抓狂][抓狂]@史俊Robert @浮萍-兰色叶子 //@血型VS星座:微笑天使！[爱你],1,qwen3-next-80b-a3b-instruct,train,zh,3,weibo,0
看！新娘新郎穿的！[抓狂],1,qwen3-next-80b-a3b-instruct,train,zh,1,weibo,0
明天#末伏#+#立秋#，头伏饺子二伏面，三伏烙饼摊鸡蛋，立秋还得补秋膘，胃都要累瘫了[晕],1,qwen3-next-80b-a3b-instruct,train,zh,1,weibo,0
天堂？卧槽，逗我呢[泪] //@不想再和世界争辩了:我老去，咋就没遇见过？？？淦！！！,1,qwen3-next-80b-a3b-instruct,train,zh,2,weibo,0
少年，别碰老板娘！[抓狂]让我上！哈哈！[嘻嘻],1,qwen3-next-80b-a3b-instruct,train,zh,1,weibo,0
累到快散架了！[抓狂],1,qwen3-next-80b-a3b-instruct,train,zh,1,weibo,0
苏哥收官了 红雷药别断[嘻嘻],1,qwen3-next-80b-a3b-instruct,train,zh,2,weibo,0
回复@曲炯:谢谢[心]，小编又疏忽了[衰] //@曲炯:是1150【万】光年。,1,qwen3-next-80b-a3b-instruct,train,zh,2,weibo,0
"#上海雅居乐万豪酒店#烟雨朦胧，茶香袅袅，慢品五年陈年大红袍，醇厚绵柔，尾调藏着熟悉的奶油香，都市人一喝就上头...[爱你] 这诱惑谁顶得住！上海红骏茶业TEA,http://t.cn/8FAWoyV 我点评了http://t.cn/z8ASrM9",1,qwen3-next-80b-a3b-instruct,train,zh,3,weibo,0
#沃阁朋友# 谢谢宝把我们巴厘原墅沃阁温泉酒店拍得这么绝！等你再来哦！[嘻嘻][嘻嘻][嘻嘻],1,qwen3-next-80b-a3b-instruct,test,zh,2,weibo,0
有精力的女人最撩人。。。。 //@王悠:回复 @久哥赶潮:这几张是07、08、09、10年拍的，哈，刚翻出来！真是成长轨迹啊！ //@久哥赶潮:回复@王悠:哦~ 三年直接开挂！07年还有点嫩，到10年直接封神了。[爱你] 呵呵呵 //@王悠:转发微博,1,qwen3-next-80b-a3b-instruct,train,zh,7,weibo,0
加油加油加油！听说球衣正中间偏下就是里皮的签名[哈哈],1,qwen3-next-80b-a3b-instruct,train,zh,1,weibo,0
#这是一个关于王祖蓝的故事# “用生命在模仿”的@王祖? 又炸了！这次挑战默片喜剧之王卓别林！“为了你一笑，我拼了！”重温王祖蓝@百变大咖秀 的所有神级造型，感谢这群百变大咖带来的爆笑~ [爱你][爱你]http://t.cn/zTzwRVv,1,qwen3-next-80b-a3b-instruct,train,zh,5,weibo,0
太棒了！[鼓掌][鼓掌],1,qwen3-next-80b-a3b-instruct,train,zh,1,weibo,0
找到了出汗的妙招，真挺管用的~[鼓掌]接着睡！,1,qwen3-next-80b-a3b-instruct,train,zh,1,weibo,0
iPad忘在妈家了，每天手机到中午就没电了[衰],1,qwen3-next-80b-a3b-instruct,train,zh,1,weibo,0
这个。。上次又没赶上[泪]。。下次绝对补回来[馋嘴],1,qwen3-next-80b-a3b-instruct,train,zh,1,weibo,0
[鼓掌]//@无影刀6255: 伙计们马上到武夷山了，求推荐好地儿，打算买点茶//@山中一仙:[鼓掌],1,qwen3-next-80b-a3b-instruct,train,zh,2,weibo,0
厚道点行不行？[泪][泪][泪]，别tag我了[抓狂]我想去西藏 //@种桃得桃:@--IAmWhatIAm,1,qwen3-next-80b-a3b-instruct,test,zh,2,weibo,0
@付洋Kenny 太赞了！人超好，菜绝了，酒更顶！哈哈 //@LeQuai有?阁: 和死党聚在有?阁爽到飞起！//@查可欣: 美食+美酒+好友=幸福夜晚啊[可爱]恩~~~@李孟夏 @fanfanfantastic //@现代传播陈佳颖: 老友见面快乐到爆?有?阁的创意菜，色香味形全在线，脑洞大到没边！,1,qwen3-next-80b-a3b-instruct,train,zh,8,weibo,0
对@shangsoluck-Queenie 说：[怒],1,qwen3-next-80b-a3b-instruct,train,zh,2,weibo,0
回复@??麟Paul:[可爱] //@??麟Paul:丹妹妹！ //@大董陈丹:眼神太狠了，你这是要干掉谁啊？ //@大董陈丹:眼神太狠了，你这是要干掉谁啊？,1,qwen3-next-80b-a3b-instruct,train,zh,4,weibo,0
?代人生活?力?大！别忘了照顾好自己情?！?人不利己！修心！修心！ //@dandelion666:[怒骂]偷狗抢狗毒狗伤人的事还少吗？？？再不重视，迟早要出人命！吃猫狗就是助长犯罪！卖猫狗肉本身就不合法，什么狗肉节，全是来路不明的肉@齐秦@曹菡艾@首善广东志愿者中心@反对虐杀@海口,1,qwen3-next-80b-a3b-instruct,train,zh,2,weibo,0
全明白了！明天你把Birkin给我，我给你个菜篮子！[哈哈] //@梁静isabella: 八十年代就这么玩了@桑桑Sansan 咱都换菜篮子吧[偷笑][偷笑][偷笑] //@小清新呀小美好: 菜篮子要爆火！,1,qwen3-next-80b-a3b-instruct,train,zh,6,weibo,0
"回复@夏果果：我七点半到医院门口了，现在还在门口卡着，进不去也走不了，堵到飞起，拍片排到下午了[泪] //@夏果果:我支持！ //@朱武平-:[嘻嘻]下辈子一定当贪官！ //@王笑东-新华先锋:呵呵,这容易,当大领导啊",1,qwen3-next-80b-a3b-instruct,train,zh,4,weibo,0
恭喜@舒学勤小盆友 被抽中1月25日【还剩四天】晒票根的幸运观众！[鼓掌] 拿到大本营门票两张+电影礼物一份+《快乐你懂的》签名专辑一张！[太开心] 跟爸爸一起去现场爽一波吧！他真的绝了，“几个人和一个啥的故事”能装下所有电影[哈哈] 你们也来试试总结一下[偷笑],1,qwen3-next-80b-a3b-instruct,train,zh,5,weibo,0
天黑黑[泪][泪][泪]爬起来，去上班。[委屈][委屈][委屈][委屈],1,qwen3-next-80b-a3b-instruct,train,zh,1,weibo,0
我真是最倒霉的[悲伤][泪],1,qwen3-next-80b-a3b-instruct,train,zh,1,weibo,0
我[泪] 勒个去~！她这到底去哪了~~！！！,1,qwen3-next-80b-a3b-instruct,train,zh,2,weibo,0
@带皮儿的栗子Li_z //@伦敦购物专家:这就对了嘛[鼓掌]谢啦提供信息//@Miss??_立志减肥:送的是正价款 Balenciaga mini first 带拉链能当零钱袋或挂包上当装饰 或者 paper tiny A4 不带拉链 就是钥匙链或挂包装饰,1,qwen3-next-80b-a3b-instruct,train,zh,12,weibo,0
lucky就是这种人，真让人无语到极点！一出门玩就死活不回家，你喊到嗓子冒烟、跑得腿都断了，她就在一百米外盯着你！你敢往前一步，她立马撒腿就跑！冰天雪地估计才是你的真爱！[晕],1,qwen3-next-80b-a3b-instruct,train,zh,1,weibo,0
好浪漫啊[嘻嘻],1,qwen3-next-80b-a3b-instruct,test,zh,1,weibo,0
哈哈，真有人发红包了~18块新钞票配彩票[哈哈] //@现场直拍:呵呵，赶场子发红包。[偷笑] //@简安然: 圣诞甜蜜时刻见证新人幸福，一起快乐@糖醋小排骨honey @现场直拍 @湖北之声记者田天,1,qwen3-next-80b-a3b-instruct,train,zh,6,weibo,0
哎，明早要大扫除过节。。。想想就胃疼[泪][泪][泪],1,qwen3-next-80b-a3b-instruct,test,zh,1,weibo,0
昨天吃太猛了[哈哈],1,qwen3-next-80b-a3b-instruct,train,zh,1,weibo,0
怎么不是微信[汗] //@西门爱宝V:回复@秒针_KevinHu:短信来了！10086！[衰] //@秒针_KevinHu:主动点啊！,1,qwen3-next-80b-a3b-instruct,train,zh,3,weibo,0
上床了还不知道??有?。[哈哈][哈哈] //@lqong99:赞[哈哈] //@蔡?: 回复@胡小薇的天空:别管那么多，又不是你的，傻。 //@胡小薇的天空: @丢不了的钱包：请教蔡?先生，女友总说我管太宽，没空间，动不动提分手，我快崩溃了，咋办？（转自@蔡澜微博知己会） //@蔡?:??微博,1,qwen3-next-80b-a3b-instruct,train,zh,7,weibo,0
翻盘了[哈哈][哈哈][哈哈][哈哈]//@浮云-福运-富蕴:一脉相承啊[哈哈][哈哈][哈哈][哈哈],1,qwen3-next-80b-a3b-instruct,train,zh,1,weibo,0
双胞胎？[嘻嘻],1,qwen3-next-80b-a3b-instruct,train,zh,1,weibo,0
送一本朝华社的书//@成美: 有奖品不[偷笑]//@王三石王三石: [鼓掌]弄好了@我，晒晒朝华社的书[干杯],1,qwen3-next-80b-a3b-instruct,train,zh,3,weibo,0
以前扶个摔倒的老人再正常不过，现在桥塌死人也不稀奇了，真是见怪不怪[衰],1,qwen3-next-80b-a3b-instruct,train,zh,1,weibo,0
啊啊啊！[抓狂] 下一家被扒的是哪家？我猜 生命不息，被爆的商家不止！,1,qwen3-next-80b-a3b-instruct,train,zh,3,weibo,0
笑一下都有错？！[抓狂],1,qwen3-next-80b-a3b-instruct,train,zh,1,weibo,0
[鼓掌]太绝了！！第一次就碰上这种高难度酒。。。紧张到爆吧！[许愿]//@红酒品鉴师Shan与Anthony: 波尔多1975，开瓶开了三次，差点报废的一瓶神酒。。。,1,qwen3-next-80b-a3b-instruct,train,zh,2,weibo,0
原来萨摩耶的通病就是爱啃东西 两副眼镜 一个遥控器 一块大披肩 四双袜子……天天啃骨头还闲不住[衰] 今天听朋友说 连手机屏幕都给咬裂了,1,qwen3-next-80b-a3b-instruct,train,zh,7,weibo,0
等新活儿吧[嘻嘻],1,qwen3-next-80b-a3b-instruct,train,zh,1,weibo,0
[泪]不能提啊。,1,qwen3-next-80b-a3b-instruct,train,zh,1,weibo,0
#约惠海航 圆梦飞翔#【“团”圆梦同行】周日晚上该玩的玩了，该收心了[嘻嘻] 不过为了最近的重要计划，先团个出行团不是吃货团哦http://t.cn/zRU5qKI 顺手转给身边的小可爱们，需要的速来[偷笑],1,qwen3-next-80b-a3b-instruct,train,zh,4,weibo,0
当人生导师还顺便写进别人人生史册，我最爱了！[偷笑] //@IAM浩熙:不是说好我自己发的吗[衰],1,qwen3-next-80b-a3b-instruct,train,zh,2,weibo,0
@marriottcareers 春天来了，万物都活过来了～北京紫檀万豪行政公寓贴心推出“浓情蜜意”尚自然蜂蜜早茶，喝一口排毒润燥，顺便get万豪「尚自然，饮水思源」有机养蜂项目，还能一起为保护淡水资源、支持可持续发展出力！👏,1,qwen3-next-80b-a3b-instruct,train,zh,2,weibo,0
#早安新元素#胖纸站上秤拼命收肚子，朋友说：你再吸也没用啊！胖纸：不吸我根本看不清秤上显示多少[泪],1,qwen3-next-80b-a3b-instruct,train,zh,1,weibo,0
@坚挺先生 家的安久才叫二好吗[哈哈] //@言之海也:[哈哈]我原本对哈士奇印象挺好的，结果被微博毁了。。哪有这么夸张啊,1,qwen3-next-80b-a3b-instruct,train,zh,3,weibo,0
哎呀好想淘淘啊，明天就能见到它了[可爱],1,qwen3-next-80b-a3b-instruct,train,zh,1,weibo,0
就这么定了吧//@杨新宇LION:你?吃好的?手做//@宅女高珊:说得好[赞]//@歌手含笑:心?大小，只要把??的小??聚一起，才能成大?！[爱心传递]//@我叫王小辫儿:微不足道……多关注需要帮助的孩子们！一起努力、一起加油！[太开心][太开心],1,qwen3-next-80b-a3b-instruct,train,zh,1,weibo,0
1号线国贸的广播又在搞啥啊。。再说一遍[晕] 我在这儿:http://t.cn/8kRnUIL,1,qwen3-next-80b-a3b-instruct,train,zh,2,weibo,0
吃第一回觉得还行，第二回觉得真香，第三回直接停不下来，越吃越上头，后劲大到离谱[可爱]这夸法也太猛了吧[哈哈][哈哈] 我们继续加油，争取让大家更满意[ok],1,qwen3-next-80b-a3b-instruct,train,zh,2,weibo,0
回复@邹杰来了: 哎，咱当年那些小点子，现在想想真挺拽的。//@邹杰来了:回复@死胖子小B: 对啊，当年的顶梁柱！[哈哈],1,qwen3-next-80b-a3b-instruct,train,zh,3,weibo,0
千刀万剐[怒] //@JZ阿姨: 畜生！[怒] //@陈坤: 肉搜这个畜生！[抓狂] //@贺永强: 连禽兽都不如！//@半岛都市报封肖丽: 未成年人啥时候才能真被保护？//@湘潭小武哥: 畜生啊,1,qwen3-next-80b-a3b-instruct,train,zh,9,weibo,0
爱你哦] //@紫燕雅然:回复@龟兹仙子:谢谢仙子妹妹夸夸！多指教呀…［茶］周末开心！ //@龟兹仙子:棒！赞～[给力][鼓掌] //@紫燕雅然: 周末愉快！［咖啡］［握手］ //@梅花喜迎漫天雪: //@紫燕雅然:谢夸！周末快乐…［茶］ //@一成china:[给力] //@郡南紫荆:赞。,1,qwen3-next-80b-a3b-instruct,train,zh,9,weibo,0
25号我要玩摇滚，微信冲个名～[鼓掌][耶],1,qwen3-next-80b-a3b-instruct,test,zh,1,weibo,0
[衰]//@montluo:[泪]//@北京小帆: 我朝V5!!//@钰珩爸爸: 我朝V5!!,1,qwen3-next-80b-a3b-instruct,train,zh,3,weibo,0
肚子疼。。。。好想回家。。。[泪],1,qwen3-next-80b-a3b-instruct,train,zh,1,weibo,0
[哈哈] //@杨佩昌:[哈哈],1,qwen3-next-80b-a3b-instruct,train,zh,2,weibo,0
责编挑图挑了好久呢//@Tiramisu-chan:喜欢上面那张图[可爱],1,qwen3-next-80b-a3b-instruct,train,zh,1,weibo,0
我在这儿傻乐啥呢[嘻嘻]//@我是爱新觉罗-媚:沙发～,1,qwen3-next-80b-a3b-instruct,train,zh,1,weibo,0
感谢你们@LL_小朋友 @吃着火锅唱着歌劫麻匪 真的太感动了@追着耗子的猫 @linda牛 @洪叶的美好生活 [爱你][爱你][爱你],1,qwen3-next-80b-a3b-instruct,train,zh,6,weibo,0
今天两场都燃爆了！和姐妹们K歌爽到飞起！[哈哈],1,qwen3-next-80b-a3b-instruct,train,zh,1,weibo,0
#感动北京#@加州阿凤：坐地铁亲眼看到一幕，现在回想心里还是暖的。年轻妈妈抱着一岁半的孩子，身上还插着输液管，这么小就得癌症，家里卖房卖地带娃来北京看病刚做完化疗。一位阿姨问清情况立马掏出600块硬塞给孩子外婆，她一带头，其他乘客也纷纷掏钱，整节车厢哭成一片，全是爱[泪],1,qwen3-next-80b-a3b-instruct,test,zh,1,weibo,0
警察叔叔太有戏了 // @平安北京 : 假道士撞上真便衣[衰],1,qwen3-next-80b-a3b-instruct,train,zh,5,weibo,0
爸妈一吵架我就成尴尬担当了，你们要么躲出去，要么我走，听人吵架真的烦死了[衰],1,qwen3-next-80b-a3b-instruct,train,zh,1,weibo,0
NO.ONE[耶]，谢啦宜家，谢过俺司机@紫羽翼飞扬 ，去拿超可爱的创意相机咯[鼓掌],1,qwen3-next-80b-a3b-instruct,train,zh,2,weibo,0
网上真假难辨我都不敢随便转，但反过来，余姚淹成那样好几天没车过，听到车声跑阳台看到军车就说“听到军车经过”，六天没补上食物，老人最近两天没吃东西肠胃不好喝水就拉，说成“两天没吃现在腹泻”，这有啥问题？非得揪着别人造谣在这儿耍聪明的，真让人无语[怒骂],1,qwen3-next-80b-a3b-instruct,train,zh,1,weibo,0
全身上下穿满红色，不仅亮眼炸裂，运气也蹭蹭涨！节日一个接一个，赶紧收藏慢慢看吧~[爱你]【私享穿衣顾问微信：FashionTalent33 】,1,qwen3-next-80b-a3b-instruct,train,zh,2,weibo,0
为毛啊！！！姐的高中同学都开始晒生娃坐月子注意事项了？？我到底落后了多少啊！！被刺激到了，默默反省中…[泪],1,qwen3-next-80b-a3b-instruct,train,zh,1,weibo,0
刘大星星你疯了吧敢发我独家小丸子照[抓狂],1,qwen3-next-80b-a3b-instruct,test,zh,1,weibo,0
真美//@剑-阁闻铃:@龙游少爷又叫串儿龙 你脖子上那串，瞬间被这玩意儿碾压了。。。好就是好，外行都看得出好[悲伤] “蓬蓬乳”。。。为啥我评论区刷到这么恶心的词[抓狂],1,qwen3-next-80b-a3b-instruct,test,zh,3,weibo,0
好想你来[泪] //@逐渐吃素:好想吃[泪],1,qwen3-next-80b-a3b-instruct,train,zh,2,weibo,0
包粽子的厂家[怒],1,qwen3-next-80b-a3b-instruct,train,zh,1,weibo,0
1. 悟性这玩意儿真关键，是我朋友@陈彦铭lc 教我的，学习里头……2. 死磕文档整理规范，就是怕后面人骂咱，前面那货啥都没留！3. 得全局盘一下，先排需求优先级再干，老灭火迟早崩盘。4. 商麦真牛逼，@韩军星 抽空得偷师！@就是胡子杨 活儿没整好砸招牌，还得靠你带带[失望],1,qwen3-next-80b-a3b-instruct,train,zh,8,weibo,0
粽子好吃但太难消化了[泪],1,qwen3-next-80b-a3b-instruct,train,zh,1,weibo,0
[晕]这跟佛门教义背道而驰！,1,qwen3-next-80b-a3b-instruct,train,zh,1,weibo,0
粉丝福利来啦！常去张一元，还没见过真人，@Lambo_大人 求下[哈哈][花心][花心][鼓掌][鼓掌][爱你][爱你],1,qwen3-next-80b-a3b-instruct,train,zh,2,weibo,0
我超爱三毛！[鼓掌][鼓掌][鼓掌],1,qwen3-next-80b-a3b-instruct,train,zh,1,weibo,0
人马撞上摩羯[哈哈]就直接世界末日？//@coffeecutie:转发微博@avonyuan,1,qwen3-next-80b-a3b-instruct,train,zh,1,weibo,0
鸡东啊鸡东！[泪][泪] //@portiia:哈哈哈！ // @NikaZJ : 包子 装什么装！ // @portiia :我想shi你了！想shi你了想shi你了！,1,qwen3-next-80b-a3b-instruct,train,zh,10,weibo,0
赶紧吃！//@__木景紫__: //@郝?京华时报: 吃过4家[哈哈],1,qwen3-next-80b-a3b-instruct,train,zh,3,weibo,0
加拿大邮政员工轮班罢工都好几天了，邮局搞了个应急方案，改成每周只送三次信，但我根本没觉得有啥影响。现在信件不是广告就是存档凭证，每周收一次真够用了。可今天加航工会又放话要罢工了，这下真炸了！我可以一个月不收信，但一个月不能不坐飞机啊！[抓狂],1,qwen3-next-80b-a3b-instruct,train,zh,1,weibo,0
#月子里吃什么# 17:30晚餐：双米饭、圆白菜、白果虾仁、老鸡汤，外加一大碗通气的萝卜水。[泪] 为了下奶，为了拉得通，我喝我喝我喝[生病],1,qwen3-next-80b-a3b-instruct,train,zh,3,weibo,0
回复@杨继军北京:丑爆了！食物能好看，女人也能美，但这么搭，女人被嫌弃，食物看着想吐！[抓狂][抓狂][抓狂] //@杨继军北京:这不是挺好吗？ //@嗜吃慧:行为艺术？恶心死了！一点美感都没有！鄙视所有糟蹋食物的行为！,1,qwen3-next-80b-a3b-instruct,train,zh,3,weibo,0
大日子！祝你开心！过节的宝子们速来认领~[嘻嘻][鼓掌][爱心传递],1,qwen3-next-80b-a3b-instruct,train,zh,1,weibo,0
[泪][泪][泪][感冒][感冒][感冒][打哈欠][打哈欠][打哈欠] //@黑猫Amytely:[吃惊],1,qwen3-next-80b-a3b-instruct,test,zh,2,weibo,0
很多事情早就有预感了，你心里清楚啥能成、啥不靠谱……这种事老发生了，准得离谱。但这次，我真觉得稳了，能成！[哈哈],1,qwen3-next-80b-a3b-instruct,train,zh,1,weibo,0
微吧兄，其实小伙心里想的是：那个帅哥是我的[泪][泪]我的[泪][泪][哈哈][哈哈][哈哈],1,qwen3-next-80b-a3b-instruct,test,zh,1,weibo,0
想吃水煮鱼都想好几天了，又被拍死在桌上好几次??????[泪][抓狂],1,qwen3-next-80b-a3b-instruct,train,zh,1,weibo,0
卧槽！牛逼大明！[衰]//@烁妹纸是一条响当当的好汉: 转发微博,1,qwen3-next-80b-a3b-instruct,train,zh,2,weibo,0
真本事还得听现场！[鼓掌],1,qwen3-next-80b-a3b-instruct,train,zh,1,weibo,0
实习终于告一段落，真的超舍不得[泪][泪][泪][泪][泪][泪] 感谢各位同事这段时间的照顾，我超开心的！@小瓜vanessa @波波Mao @王桢智 @Standinrai @火焰神wjy @创投周响东 @脑忒头 @灰狼狼 @随时随地随意的风 @张彬Neal @荷清圆[爱你][爱你][爱你],1,qwen3-next-80b-a3b-instruct,train,zh,12,weibo,0
#双12秒杀#【赶紧盯紧】“携程双12秒杀”22:00最后一波倒计时15分钟！今天全场疯抢，场场秒光[哈哈]最后这波别犹豫了！12元抢泰国签证+西溪湿地一日游，国内5日自由行只要1200元，夏威夷、加拿大、巴厘岛双人价12000元秒杀，就这一场，冲啊！>>http://t.cn/8ktsc2b,1,qwen3-next-80b-a3b-instruct,test,zh,1,weibo,0
呜呜呜我爱死[爱你] //@张程惠blog:真的真的有矮脚猫了呀~~~！[吃惊][失望][鼓掌][失望],1,qwen3-next-80b-a3b-instruct,test,zh,2,weibo,0
#微游山东##两湖达人山东行# 站上泰山顶，啥山都变小了！这气势这景儿，不来真亏了！[哈哈] @小虎同学tiger @83小钟 @易粉寒易粉寒 @贾先兵 @江涛视觉 @阿萨斯卡特 @老茂摄绘 @?秋原 @momo的松弛熊 @贰楼后座在路上 @泰山风景区 @湖南旅游 @湖北旅游,1,qwen3-next-80b-a3b-instruct,train,zh,15,weibo,0
联通的手机信号全球第一！宽带也是宇宙无敌！每天打电话一接就是喂喂操！网速卡到怀疑人生！垃圾到爆！[怒],1,qwen3-next-80b-a3b-instruct,test,zh,1,weibo,0
//@皮皮猎:今年真的太戳心了[泪][泪]//@黑棉:看哭了，太暖心了?[泪] //@幽怪怪:直接破防~,1,qwen3-next-80b-a3b-instruct,train,zh,2,weibo,0
[哈哈]//@海外美食家: 女孩儿得把自己当公主宠着,1,qwen3-next-80b-a3b-instruct,train,zh,2,weibo,0
有娃的都看哭了[泪],1,qwen3-next-80b-a3b-instruct,train,zh,1,weibo,0
坚决抵制！！！[怒],1,qwen3-next-80b-a3b-instruct,train,zh,1,weibo,0
还是给中学数学老师打个电话吧~[泪] //@Mobius靖羽: 你们考虑过文科生要是落了几集还怎么跟得上啊！！！= 、=丧！心！病！狂！ //@电视剧龙门镖局: 理科生们，这是明晃晃的挑衅！挑衅啊！！！→ →//@宁财神: #龙门镖局# 后面真有微积分…………………… 详情:http://t.cn/zHIyPq6,1,qwen3-next-80b-a3b-instruct,train,zh,10,weibo,0
真希望每天都没早餐，这样我就能天天中午起床了。[泪]//@作家崔成浩: 今天没吃早餐，直接中午起床了。,1,qwen3-next-80b-a3b-instruct,train,zh,2,weibo,0
胡叔 @胡元骏 我真的被感动哭了！[泪],1,qwen3-next-80b-a3b-instruct,train,zh,3,weibo,0
世界再大 也得回家（Trixy）>>>>[泪],1,qwen3-next-80b-a3b-instruct,train,zh,2,weibo,0
@蕾蕾Ira @小远躺枪中 @greentea11 //@世图张跃明: @周铁东本人 @阿绛85 @文坛 //@陶然万柳世界:[礼物][太开心],1,qwen3-next-80b-a3b-instruct,train,zh,8,weibo,0
陈志远、李泰祥几位真是华语乐坛的天花板，老天爷赏饭吃的存在//@北京思佳:[泪][泪][泪][泪][泪][泪]//@李文枫LIER:哭死，晚饭看到消息，爱李老师，走好。。。继续哭//@?世芳: 祝?李泰祥老?别?再受苦，平安?顺遂?走完?这一程。,1,qwen3-next-80b-a3b-instruct,train,zh,2,weibo,0
#出差# 到首都就遇首堵[抓狂] 我在#北京南站(南进口)# http://t.cn/zj5jOWb,1,qwen3-next-80b-a3b-instruct,train,zh,4,weibo,0
#名厨创意# 周四快收工了，回家整个披萨吧[嘻嘻]主页君也想动手试试，雾霾天窝家做饭简直太暖心了[笑哈哈][馋嘴],1,qwen3-next-80b-a3b-instruct,train,zh,2,weibo,0
我太惨了，估计是累过头+上火，牙龈肿得左脸都胖了一圈，一开口就疼到炸，啥都不想吃，连晚饭都没吃！[泪][泪][泪][泪]先干活吧……我在这儿：#杭州市-下城区#,1,qwen3-next-80b-a3b-instruct,train,zh,1,weibo,0
对啊，那天[泪][泪][泪][泪][泪] //@禽兽之变诈几何哉: 那天我们全[泪][泪][泪][泪][泪] //@李维敏127: 再转一遍。,1,qwen3-next-80b-a3b-instruct,train,zh,5,weibo,0
追求极致！//@懿???:精益求精[鼓掌][鼓掌][鼓掌],1,qwen3-next-80b-a3b-instruct,train,zh,1,weibo,0
@费晓东-徐汇区嘉登道大饭店 @JAMES老虎 @夏子帆-酒店职业人 @酒店人崔国峰 //@闻闻是香的还是臭DI啊:总统套房真的超有范儿，就是没瞅见西式总套长啥样[泪],1,qwen3-next-80b-a3b-instruct,test,zh,5,weibo,0
四角恋的节奏[哈哈],1,qwen3-next-80b-a3b-instruct,train,zh,1,weibo,0
//@伤不起的经济学:[泪]真的扛不住了！！！,1,qwen3-next-80b-a3b-instruct,train,zh,1,weibo,0
日本真变态[怒] //@杜桥主播：[抓狂]该死的日本[怒骂][鄙视] //@王敬刮痧: //@LoveRocio:欧洲科学家发现，福岛核泄漏释放到空气里的辐射物，差不多是日本原子能安全委估算的3倍，比切尔诺贝利还多4倍，约20%沉降在日本，其余全飘太平洋了,1,qwen3-next-80b-a3b-instruct,test,zh,4,weibo,0
不是愚人节吧[可爱] http://t.cn/zWu72uW //@健敏--: [吃惊][吃惊][吃惊]原作者回复了……今天真是愚人节没跑了……笑死又气死[委屈][委屈][委屈][委屈]//@大村敦志:谢谢关注我的书《细小》，感谢你对《细小》的好评。 http://t.cn/zWu72uW [爱你],1,qwen3-next-80b-a3b-instruct,train,zh,6,weibo,0
这英国媒体压根没“走转改”啊[哈哈],1,qwen3-next-80b-a3b-instruct,test,zh,1,weibo,0
回复@反反复复遇见又错过:[嘻嘻][赞]//@反反复复遇见又错过:回复@黄玺赫:那时候就随便拍个景，压根没留意这些,1,qwen3-next-80b-a3b-instruct,test,zh,1,weibo,0
好多人都以为中国人主食是电池。[晕] //@商界杂志: 我们中国人，站著是钢铁侠，躺下就是元素周期表！[泪],1,qwen3-next-80b-a3b-instruct,train,zh,3,weibo,0
我：咱一起去赏月呗？他：不行！牛夫人！[怒][怒][怒][怒],1,qwen3-next-80b-a3b-instruct,train,zh,1,weibo,0
#带着微博去圆梦# 听完蓝嘴唇唱《梦想清单》，梦想君忍不住问一句：你们有没列过自己的人生梦想清单啊？想做的事、想去的地方……快来唠唠呗~[抱抱]http://t.cn/zRz4beP,1,qwen3-next-80b-a3b-instruct,train,zh,2,weibo,0
[泪] 没吃到五仁的！//@筱古:[可怜]连吃带拿 //@iamdearpig:四黄月饼真绝了，爽到飞起！现在抱着塞满海鲜和甜点的肚子看相声消食呢[嘻嘻],1,qwen3-next-80b-a3b-instruct,train,zh,3,weibo,0
这楼咋建起来的？//@刘彦平:听说连土地证都没有，赶紧扒一扒他们老大们！//@刘彦平:我也常去，还好我没碰上！//@简红明:电梯打死不敢坐[泪]。//@邓继民:东亿传媒乱得一批，简直就是贼窝……,1,qwen3-next-80b-a3b-instruct,train,zh,1,weibo,0
拉出去毙了五分钟……[怒],1,qwen3-next-80b-a3b-instruct,train,zh,1,weibo,0
聚会超开心[嘻嘻]下次还约，//@蓝精灵LEI:我刚注意到，咱俩穿搭居然这么搭哈哈//@毛乐乐AI得瑟: 呵呵！ //@蓝精灵LEI: 对啊哥，你咋没打电话啊？ //@原东:[给力]//@蓝精灵LEI: [哈哈],1,qwen3-next-80b-a3b-instruct,train,zh,6,weibo,0
#诗之印记#北京收留我[兔子]假期秒没[泪]明天撸起袖子搞钱钱[萌]才能继续浪啊[偷笑]下一站溜去哪儿呢[阴险]@Abby45 @阮导 你俩还在飞机上晃呢[飞机]做鬼脸[做鬼脸]我已安全落地[太开心] #乐翻婆罗洲# 我在这儿:http://t.cn/zlIO7eX,1,qwen3-next-80b-a3b-instruct,test,zh,5,weibo,0
跟幻文的运营总监、技术总监一起混了一年，捞了不少技术和运营干货，现在他们要搬楼上去了[衰]，图是之前七楼装修时拍的。我在这儿:http://t.cn/8k8EEga,1,qwen3-next-80b-a3b-instruct,train,zh,1,weibo,0
[哈哈]//@喀喀兔: 原来大家都不过如此[偷笑],1,qwen3-next-80b-a3b-instruct,train,zh,2,weibo,0
大部分电梯都是在轿厢里按楼层，这栋高档写字楼居然在电梯间墙上按，进去了才发现，没辙，只能中途下楼换乘。[抓狂],1,qwen3-next-80b-a3b-instruct,test,zh,1,weibo,0
#带着微博去广西# 出不了境心都碎了，只能靠美食续命了。[泪][伤心] 我在:http://t.cn/z8ekrJy,1,qwen3-next-80b-a3b-instruct,train,zh,3,weibo,0
2014东京Auto Salon――VeilSide4509丰田埃尔法+劳斯莱斯前脸！[衰],1,qwen3-next-80b-a3b-instruct,train,zh,2,weibo,0
[衰][衰]//@我是一个烦人的橙子: 还美呢，真愚民，前阵子星巴克用胭脂虫被扒了，现在为了冲销量才半价的[哈哈][哈哈][哈哈],1,qwen3-next-80b-a3b-instruct,train,zh,2,weibo,0
改掉坏习惯就从吃早餐做起！[鼓掌]@霍茹rudy //@犹太人智慧启示录:你知道男女最在意啥吗？？必知常识,1,qwen3-next-80b-a3b-instruct,test,zh,2,weibo,0
[泪][泪][泪] //@西班牙国家旅游局:三毛与荷西[蜡烛],1,qwen3-next-80b-a3b-instruct,test,zh,2,weibo,0
【#超级笑星#微直播】这货真不是包拯真不是包拯！我滴个神！这货分明是――“蒸包大人”。[哈哈]不过大人~您这回音跟上周四的“回音哥”@于明波-小演矿 比起来，真是各有千秋啊！听得我脑壳发晕~瞧，@相声演员张解 都无语了~[衰],1,qwen3-next-80b-a3b-instruct,train,zh,3,weibo,0
早安呀，今天天气绝了[太开心],1,qwen3-next-80b-a3b-instruct,train,zh,1,weibo,0
你随便活着都比我们强多了[晕],1,qwen3-next-80b-a3b-instruct,test,zh,1,weibo,0
[嘻嘻]宝，楠哥家品质稳得很，多捧场呀~,1,qwen3-next-80b-a3b-instruct,train,zh,1,weibo,0
[晕][爱你] //@刘忻: 哇塞太绝了！这样记录一辈子简直满分，好多我都忘光了@最爱刘忻 我家崽崽也太暖了吧！超有面儿的说，谁敢把咱微博全扒了！不许贴丑的，嘿嘿 //@最爱刘忻: 超光荣！直接当样板用户了诶[可爱][可爱]！@刘忻 大美女，哼哼~~，快摸摸头！http://t.cn/zOJFzlG[兔子][兔子],1,qwen3-next-80b-a3b-instruct,train,zh,7,weibo,0
哇，带我一个[爱你] //@申浅浅Fiona:免费机票还行？有一起的吗？,1,qwen3-next-80b-a3b-instruct,train,zh,2,weibo,0
//@星座爱情001:下月电影炸了！《马达加斯加3》！《饥饿游戏》！ 还可能有《特种部队2》！ [抓狂],1,qwen3-next-80b-a3b-instruct,train,zh,3,weibo,0
[哈哈]转+1 更多热门微博：http://t.cn/zWFrXPi,1,qwen3-next-80b-a3b-instruct,test,zh,2,weibo,0
[晕]//@老苏的地盘：//@徐亮Roger：申请个床位，蹲公司不走了[嘻嘻] @遨游网99gg @遨游网工会主席,1,qwen3-next-80b-a3b-instruct,train,zh,3,weibo,0
[威武][good][赞]//@sheng_in_ny: //@MonotoneID夏星宇: [泪]//@锐禅: 这图一眼就破防了！能直接拍成电影！ //@isa-xuan:[鼓掌][鼓掌][鼓掌],1,qwen3-next-80b-a3b-instruct,test,zh,5,weibo,0
????的乳牙，爸爸????心？[嘻嘻]??掉牙前，??先来盒用[ok],1,qwen3-next-80b-a3b-instruct,train,zh,1,weibo,0
我这中国剩女真是惨到家了[泪]爱情啊，你到底是个啥？二狗，你压根不懂什么叫优雅...//@孔二狗:黄小蕾确实有点...[哈哈] //@刘春:二二得四,1,qwen3-next-80b-a3b-instruct,test,zh,2,weibo,0
钓鱼式收费！新词来了：先不搞公交逼你买车，猛卖车收税，搞汽车制造和上下游产业，然后油费、停车费全涨，最后来个拥堵费。这棋下得够大，真是个好项目！//@风云beijing: [怒][怒][怒],1,qwen3-next-80b-a3b-instruct,train,zh,2,weibo,0
快到日子前一累、作息乱，大姨妈立马甩脸子[泪][泪],1,qwen3-next-80b-a3b-instruct,train,zh,1,weibo,0
少女变淑女再变熟女的必看指南[嘻嘻],1,qwen3-next-80b-a3b-instruct,train,zh,1,weibo,0
[嘻嘻]//@远走高挥:[蛋糕],1,qwen3-next-80b-a3b-instruct,train,zh,1,weibo,0
今天到底咋过啊？心情纠结到爆炸。[抓狂],1,qwen3-next-80b-a3b-instruct,train,zh,1,weibo,0
[泪][泪]谁家孩子走丢了！,1,qwen3-next-80b-a3b-instruct,train,zh,1,weibo,0
我不是啥温柔人，胡编的微博真不敢看，除非你们转。瞥一眼都得气得头发竖起来，真搞不懂他这人到底受的啥教育[怒]//@刘胜军改革: 我算温和的，但看完胡编的微博，总想约架,1,qwen3-next-80b-a3b-instruct,train,zh,2,weibo,0
这些人连狗都不如[衰] //@中国海外投资商会:转发微博,1,qwen3-next-80b-a3b-instruct,test,zh,2,weibo,0
好累啊，女神！我这边也在录呢。。。[晕],1,qwen3-next-80b-a3b-instruct,train,zh,1,weibo,0
[鼓掌]//@日出东方768: 转发微博,1,qwen3-next-80b-a3b-instruct,train,zh,2,weibo,0
[晕]快递能到就谢天谢地了，别纠结几天了,1,qwen3-next-80b-a3b-instruct,train,zh,1,weibo,0
看到大新浪总部馒头姐的评价我直接破防了[泪]//@馒头贝贝俳句之女: 我是唯一见证小朋克逆袭的人吧！认识他时他还是高中生，92年的！我直接原地爆炸！结果这胖小子默默转身成了潮酷鼓手+清华法律硕士！我早说了，那暑假他在街头发传单汗如雨下那背影，我就知道这娃必成大事对吧！,1,qwen3-next-80b-a3b-instruct,train,zh,2,weibo,0
比熊猫还稀有[泪]『做回锅肉的猪种快灭绝了』http://t.cn/zHIM06d,1,qwen3-next-80b-a3b-instruct,train,zh,1,weibo,0
什么叫剪不断理还乱[围观] //@阿宽兄:内部架构贼密。 // @赵振-zhen : 就来回折腾呗！[哈哈],1,qwen3-next-80b-a3b-instruct,train,zh,6,weibo,0
【心理扭曲的虐猫狂魔就不怕遭报应？】寄养在车棚的野猫生的四只小奶猫被人虐死，还摆到妈面前！浑身弹孔，血淋淋的，一只脖子被勒长，胸口被剖开，心脏都露出来了，另两三只头被踩扁，弹孔八成是金属玩具枪打的！虐完还搁母猫跟前，猫妈眼睁睁看着娃尸体哀嚎到流泪！[泪],1,qwen3-next-80b-a3b-instruct,train,zh,1,weibo,0
哈哈哈 //@Harmonee: @侯爵William @嘻哈包袱铺李宇达 整个新报菜名呗 //@Excel技巧网_官方微博: 满毒全席[衰],1,qwen3-next-80b-a3b-instruct,train,zh,7,weibo,0
土菜绝了 [哈哈][哈哈][哈哈],1,qwen3-next-80b-a3b-instruct,train,zh,2,weibo,0
挺棒的[鼓掌]@凡由心生,1,qwen3-next-80b-a3b-instruct,test,zh,1,weibo,0
@低碳先行者陈耕，玩微博不影响你爬山运动，随时随地都能发微博啊！欢迎爱运动的陈董来V博[爱你],1,qwen3-next-80b-a3b-instruct,test,zh,1,weibo,0
它不给摸[泪],1,qwen3-next-80b-a3b-instruct,train,zh,1,weibo,0
==：正认真写长微博呢，被瓜皮姐姐一饼干爆头，现在脑瓜子嗡嗡的，交稿迟了别怪我，找她算账……[悲伤],1,qwen3-next-80b-a3b-instruct,train,zh,1,weibo,0
//@幸福的小灵仙：看不起别人的迟早被人看不起//@红色警戒GPF：人就是欠的//@半岛摄影: 厌恶这种人[怒骂],1,qwen3-next-80b-a3b-instruct,train,zh,2,weibo,0
都一小时了，还没开出南三环呢！[抓狂][抓狂][抓狂][抓狂][抓狂][抓狂][抓狂],1,qwen3-next-80b-a3b-instruct,test,zh,1,weibo,0
大帽子怎么都戴不稳！——论脸大的优势！[哈哈] （net）,1,qwen3-next-80b-a3b-instruct,test,zh,2,weibo,0
晚上的时间能不能再长点啊。。一晃又要睡了……唉……[抓狂] 什么事都没来得及干。。,1,qwen3-next-80b-a3b-instruct,train,zh,2,weibo,0
//@Chris小煜煜: 真惨 //@33是文艺男青年: 拿妈的错比要么，遇到这种人全给毙了特// @潘潘就是Dido也是Nicky : // @cici卡比兽_我是小怪兽 : // @范妍婷_Rosa : [怒]// @郭允健 : 娘的老比啊 脑子到底想点啥啦？畜生那娘的老,1,qwen3-next-80b-a3b-instruct,train,zh,17,weibo,0
啊我们这边末日都过一半了，美?的末日还没开整？[哈哈][哈哈][哈哈][哈哈][哈哈]@徐钢 老师舞跳得太绝了！[赞]祝大家圣诞快乐！[雪][雪人][手套],1,qwen3-next-80b-a3b-instruct,test,zh,2,weibo,0
今天运气爆棚，赶在大雨?来之前把寄养在朋友家的小乖[兔子]接回家了！[太开心]?,1,qwen3-next-80b-a3b-instruct,test,zh,1,weibo,0
#开饭早安# 坏消息，今天得上班[衰] 好消息，后天又能休了[嘻嘻] 大家早啊~,1,qwen3-next-80b-a3b-instruct,train,zh,4,weibo,0
#凤飞飞#姐姐的铁粉一枚，最近车里天天循环：“雁儿在林梢啊，眼前白云飘……那雁儿不想飞，白云深处多寂寥……月儿在林中照，喜鹊与黄莺啊都已睡着了。那雁儿睡不着，睡不着……”房价一涨，这浪漫就直接蒸发了[泪]为了配合这老古董情怀，今天特地向70年代疯狂致敬一波……[挤眼],1,qwen3-next-80b-a3b-instruct,test,zh,1,weibo,0
@陶勇James-BJ-RT [衰]陶老师你被拍到了~[顶],1,qwen3-next-80b-a3b-instruct,train,zh,2,weibo,0
房价越涨越高，多少北漂的心酸都藏不住了[泪],1,qwen3-next-80b-a3b-instruct,train,zh,1,weibo,0
#诺基亚Lumia800# Lumia800夜拍测试，成片真不赖[哈哈]@诺基亚,1,qwen3-next-80b-a3b-instruct,train,zh,2,weibo,0
震完了才发[抓狂],1,qwen3-next-80b-a3b-instruct,test,zh,1,weibo,0
//@真我是风:[怒] //@我是风1277:[怒] //@老金钩V1://@楚天舒--: [话筒/@华夏-军团:抗议【呼吁爱党爱国者支持并扩散】:[话筒]@1王威智 @般若观 @白露映秋枫 @北方北大营 @Braveheart雨辰 @carlvinson金牛 @楚天舒-- @程炫 @董枚-若 @红色军团赵泽琪 @赫云仙 @华夏-屠倭灭美 @风波亭外小沙弥 @龚金稳,1,qwen3-next-80b-a3b-instruct,train,zh,17,weibo,0
我也好想吃甜不辣和蚵仔煎[抓狂],1,qwen3-next-80b-a3b-instruct,train,zh,1,weibo,0
【因为她中奖了～我让她买彩票，说肯定中头奖～哈哈哈】～结果大连大雾航班取消，可怜我的大脸猫～[失望],1,qwen3-next-80b-a3b-instruct,train,zh,1,weibo,0
对面没人，自己玩没劲[怒]，我有点感冒发烧了！,1,qwen3-next-80b-a3b-instruct,test,zh,1,weibo,0
咪霸现身，趁哥姐还没到，猛唱一通。[哈哈][哈哈],1,qwen3-next-80b-a3b-instruct,train,zh,1,weibo,0
没领//@糖坦坦:蓝领//@辛歆_屁屁Fiona:我好像全才//@VWFASHION-裤裆老爷:小姐之后的//@BIG宋开元：我起得比小姐还晚//@韩威_xbass：我是小姐。我自动转发[泪]//@麦子腐烂了：艹 今天我成白领了~,1,qwen3-next-80b-a3b-instruct,test,zh,2,weibo,0
我们立志当北京文化的接班人！[威武][可爱]//@红星二锅头800年传承: 感谢大家厚爱红星二锅头，也别忘了踊跃参加活动呀~ //@红星苏扁二锅头: #发现红星#的获奖小伙伴已经陆续收到奖品啦！超开心大家这么爱！也谢谢大家支持红星！,1,qwen3-next-80b-a3b-instruct,test,zh,4,weibo,0
走你。。。[鼓掌]太有意思的工作了！！//@小苹果倪: 各位小伙伴，最近帮俺找个靠谱助理！沟通要6、设计要顶、文案要撩、微博玩得转、脑洞大到没边的，都行！招人帖在此，求转发，谢啦！,1,qwen3-next-80b-a3b-instruct,train,zh,2,weibo,0
回复@??王: 对啊，她就是来搅和的[衰] //@??王:@海航文化陈伟 杨总说的真是这个活动，我们的是元月份啊！,1,qwen3-next-80b-a3b-instruct,train,zh,4,weibo,0
话唠你来评评，我是重口味还是小清新？//@松鼠死磕CPA_造巧克力工厂:[可怜][可怜] 话唠//@琢磨先生:[泪] //@曹小样Kendy: @琢磨先生 出来挨枪……//@假装在纽约:10个字以上的都是话唠。,1,qwen3-next-80b-a3b-instruct,test,zh,5,weibo,0
[鼓掌][鼓掌][鼓掌]@那年那月nina,1,qwen3-next-80b-a3b-instruct,train,zh,1,weibo,0
干掉两盘，又开第三盘了！这么吃下去，姐的体重怕是要直接打回原形了！[泪][泪],1,qwen3-next-80b-a3b-instruct,train,zh,1,weibo,0
你发烧了//@wanglin_若水: 我也想去颐和园吹风[泪],1,qwen3-next-80b-a3b-instruct,train,zh,2,weibo,0
微胖是多微？有点肉肉的，超可爱，我爱了！[哈哈],1,qwen3-next-80b-a3b-instruct,train,zh,1,weibo,0
最近吃太油了，来杯茶刮刮油[哈哈],1,qwen3-next-80b-a3b-instruct,train,zh,1,weibo,0
【#超级笑星#微直播】东北小夫妻@超级笑星_刘亮 @笑星白鸽 舞台上懵圈说韩语～听懂的举手！[哈哈]现场挑美女搭档、重温《倩女幽魂》哦！[挤眼]这组压轴笑果炸了没？你们觉得咋样？,1,qwen3-next-80b-a3b-instruct,train,zh,3,weibo,0
太爽了，等下次再约@元元溪！//@心慈明灵: 这茶桌真热闹//@中国禅茶协会: 老聂又去喝茶了！//@茗茶坊美妇: 回复@元元溪: 没出息，[偷笑] //@元元溪: 哎哟，再也不去了。哼[怒],1,qwen3-next-80b-a3b-instruct,train,zh,7,weibo,0
纯属搞笑，较真你就输了，不是每个蛋都能孵出小鸡的，市场上的蛋九成九搁被窝里都孵不出来 //@现代杞人不忧天: //@升龙又一城:回复@好房网陈丽:今天我试了试 //@好房网陈丽:经典[哈哈],1,qwen3-next-80b-a3b-instruct,train,zh,4,weibo,0
万圣节快乐！！！[抓狂] [晕] [嘻嘻] at Ciao,1,qwen3-next-80b-a3b-instruct,train,zh,5,weibo,0
转需//@江宁公安在线: 回复@秣陵夏:[泪]我最怕错别字。。。 //@秣陵夏:“很多老实单元楼”……要是单元楼会耍心眼咋办…………,1,qwen3-next-80b-a3b-instruct,train,zh,3,weibo,0
疯了吧[怒][抓狂][鄙视][怒骂],1,qwen3-next-80b-a3b-instruct,test,zh,1,weibo,0
早上又打电话确认了一遍，真的信了，眼泪直接掉下来，以前聚餐的笑声、模样还历历在目，开朗、乐观、好相处、重义气，说走就走了，说走就走了，心都碎了。//@林广杰-青蛙王子:我好哥，前几天还一起撸串呢[泪][泪],1,qwen3-next-80b-a3b-instruct,train,zh,1,weibo,0
啊???我真的去不了//@啊啦蕾_Wong:回复@嘻哈包袱铺王惟:惟子锅锅别谦虚啦～哪天真演一个呗，还没亲眼见过你性感的样子呢[嘻嘻]//@嘻哈包袱铺王惟:回复@啊啦蕾_Wong:哈哈，别提性感了，我这哪能性感得起来，哈哈//@嘻哈包袱铺王惟:没啊//@颜小色-Nora小围脖:我觉得王老师露点了,1,qwen3-next-80b-a3b-instruct,train,zh,1,weibo,0
纠结到停不下来~~ //@冷笑话精选:惊了，太让人纠结了。。。[哈哈] [哈哈],1,qwen3-next-80b-a3b-instruct,train,zh,3,weibo,0
泡面。。。。。。[泪],1,qwen3-next-80b-a3b-instruct,train,zh,1,weibo,0
哄抢就是犯罪，什么叫抢啊？还堵路、违反交规，活该//@老丿:这司机太惨了，得为别人的犯罪买单[怒]//@midiya:[蜡烛],1,qwen3-next-80b-a3b-instruct,train,zh,1,weibo,0
回复@小雪雪雪雪儿: 好看炸了！[嘻嘻] //@小雪雪雪雪儿: 小妹妹送我的小熊相册[兔子],1,qwen3-next-80b-a3b-instruct,train,zh,4,weibo,0
她不是第一个变红的，但之前那些红的头顶都有疤不能吃，她是第一个真正能吃的红果实！今早太开心了，看到我的芭拉鲨们游得超欢，又瞅见这第一颗红果果，吼吼[爱你][爱你][爱你][手套][手套][手套][照相机][照相机][照相机],1,qwen3-next-80b-a3b-instruct,test,zh,1,weibo,0
在家吃披萨[晕],1,qwen3-next-80b-a3b-instruct,train,zh,1,weibo,0
台灣人民好慘啊！[泪] //@刘春:早日回祖國懷抱吧親//@?凰???珊玲:台?人民?流?面...[泪]//@孤??小?: 香港人民含???......//@作家天佑-: 深圳人民得不吃不喝多少年才買得起房？,1,qwen3-next-80b-a3b-instruct,train,zh,4,weibo,0
对啊，提前半小时！//@双月映雪: 改了点 //@1039志梅: 回复@子辰木南: 感谢你的爱~~~[嘻嘻][给力] //@子辰木南: 立刻收听！最爱《旅途》 //@1039志梅: 提醒下：明年《旅途》11:00――11:30，一起在路上哈~~~,1,qwen3-next-80b-a3b-instruct,train,zh,9,weibo,0
不成功就成鬼！近两个月熬到脱皮值了[鼓掌] 一个惨兮兮的富二代！//@黄渤:[嘻嘻][嘻嘻]?活着?国家大剧院首演炸了！,1,qwen3-next-80b-a3b-instruct,train,zh,2,weibo,0
走一步看一步，别糟蹋地球啊[嘻嘻],1,qwen3-next-80b-a3b-instruct,test,zh,1,weibo,0
回复@好基友-田钦焕:[哈哈] //@好基友-田钦焕:服了，老头老太太也能当评委,1,qwen3-next-80b-a3b-instruct,train,zh,2,weibo,0
新一届董事会上任了[鼓掌]冲着更快更强的小康社会去！,1,qwen3-next-80b-a3b-instruct,test,zh,1,weibo,0
天啊，流浪着还跑去西藏玩了一趟，真拼了！//@江红_liu: 活得比牲口还惨，微笑歌独步江湖[衰]//@五岳散人: 瞬间无语……我这种带着笔记本和上网卡就能写字养家的，为啥还要……跟人家的人生态度一比，咱们就是一群LV啊……,1,qwen3-next-80b-a3b-instruct,train,zh,3,weibo,0
榴莲芝士[哈哈] 开整 [哈哈][哈哈][哈哈],1,qwen3-next-80b-a3b-instruct,train,zh,3,weibo,0
回复@张帆DORA: 我太懂这滋味了，刚熬完没多久，别怕，都会好起来的，我先替你把好吃的干了，就当是我抢着吃啦，你正好减肥，哈哈哈 //@张帆DORA: 亲爱的，我今天补牙，补了六颗，到处都是，咬不动，只能喝！[泪],1,qwen3-next-80b-a3b-instruct,train,zh,4,weibo,0
全了//@photomatch: [哈哈][哈哈][哈哈] //@吕景天:这版太全了。。。 //@低调的二少: 笑死我了[嘻嘻],1,qwen3-next-80b-a3b-instruct,train,zh,5,weibo,0
装逼和傻缺也太多了吧！[哈哈],1,qwen3-next-80b-a3b-instruct,test,zh,1,weibo,0
[嘻嘻]师哥你又结婚啦//@曹云金官网-金生金世: 矮马[花心],1,qwen3-next-80b-a3b-instruct,train,zh,2,weibo,0
每周末航班都延误[泪],1,qwen3-next-80b-a3b-instruct,train,zh,1,weibo,0
那你都不看第四条的，你二哥暗恋师太呢[哈哈] //@托尼滴漂亮妈咪:[抓狂][抓狂][抓狂]我咋成第二了啊？[抓狂][抓狂][抓狂][泪][泪][泪] //@月落寒霄:俺也凑个热闹。[嘻嘻][嘻嘻][嘻嘻]@宝玲姐姐 @托尼滴漂亮妈咪 @孙_伟光 @爱运动的道长 @整合营销传播推动者,1,qwen3-next-80b-a3b-instruct,train,zh,7,weibo,0
笑死人了[怒],1,qwen3-next-80b-a3b-instruct,train,zh,1,weibo,0
//@英语围脖: [嘻嘻],1,qwen3-next-80b-a3b-instruct,train,zh,2,weibo,0
[泪][吃惊][蜡烛]求真！@夜里困的齐海 @吴2013刚,1,qwen3-next-80b-a3b-instruct,train,zh,2,weibo,0
高级黑，朝鲜艺术家真黑啊[衰] //@楚砚:是天上人间 //@Jofun:第四张是知青主题KTV？ //@深度chris: 这是法国人拍的《人民解放军解放巴黎》的后现代风？ //@变态辣椒:第四张是在慰安所？[晕],1,qwen3-next-80b-a3b-instruct,train,zh,6,weibo,0
打败你的不是天真，是没鞋穿[哈哈][偷笑],1,qwen3-next-80b-a3b-instruct,train,zh,1,weibo,0
碟子上没油才叫真本事[哈哈],1,qwen3-next-80b-a3b-instruct,train,zh,1,weibo,0
天灵开地灵开 下句是[哈哈][哈哈],1,qwen3-next-80b-a3b-instruct,train,zh,2,weibo,0
[马到成功][马到成功][马到成功]//@刘展耘:[泪],1,qwen3-next-80b-a3b-instruct,train,zh,1,weibo,0
贺瑞丽女王@文姬kiki 寿比南山福如东海，赶紧把战场杀到南方小渔村来！[嘻嘻][嘻嘻][嘻嘻],1,qwen3-next-80b-a3b-instruct,test,zh,2,weibo,0
//@冷笑话精选: 神器！[哈哈],1,qwen3-next-80b-a3b-instruct,train,zh,2,weibo,0
【#超级笑星#微直播】第一印象环节~最后由敢说真话的@大山 老师直接给2号选手黄牌罚下[可怜]“牺牲你一个，幸福四个人。”[哈哈],1,qwen3-next-80b-a3b-instruct,train,zh,2,weibo,0
@懒人业余餐厅厦门店 [哈哈] //@achilles116:@懒人业余餐厅 厦门店,1,qwen3-next-80b-a3b-instruct,train,zh,4,weibo,0
我发现用李锦记的店都越做越大了，连首都T2都开上了，这房租扛得住的生意，绝了绝了[爱你][爱你][爱你][爱你][爱你][爱你][爱你][爱你][爱你][晕] 我在这里:http://t.cn/zlj7yXb,1,qwen3-next-80b-a3b-instruct,train,zh,2,weibo,0
节假日又多了一个好地方喔~[太开心],1,qwen3-next-80b-a3b-instruct,train,zh,1,weibo,0
[哈哈]//@老家阁楼: 好兄弟。//@豆c子：//@这有意思: 好兄弟，哈哈[哈哈],1,qwen3-next-80b-a3b-instruct,train,zh,3,weibo,0
跟我家张老师@张暴暴 吃饭不愁？继小眼镜蒸饭后，芳婆家这排队阵仗绝了没？桂林香粽+油条+卤蛋全套安排上[鼓掌][鼓掌] #Weico+#,1,qwen3-next-80b-a3b-instruct,test,zh,3,weibo,0
//@连鹏: 昨天另一条新闻，美籍华人在上海机场摔一跤赔了70多万，不该硬比，但心里还是像扎了根刺。//@CQ找不着北: 还能说啥？哪件事不是这么解决的？这都算不错的结果了。想想那些上访的家庭。都没逼你跪谢天朝恩德呢。[失望][失望][怒],1,qwen3-next-80b-a3b-instruct,train,zh,3,weibo,0
【运动员穿清朝官服领奖 网友：直接吓出僵尸片感】第四届环鄱阳湖国际自行车赛24日在江西景德镇开赛，主办方整活儿了！颁奖台设在古县衙，前三名选手穿官服坐花轿，唢呐一响直接开演！网友：太吓人了！穿越了！这不就是港台僵尸片现场吗？[衰]http://t.cn/8kLVhzX,1,qwen3-next-80b-a3b-instruct,train,zh,2,weibo,0
[哈哈]吓死我了。。。,1,qwen3-next-80b-a3b-instruct,test,zh,1,weibo,0
直播完啦，两场都首秀国殇墓园[鼓掌][鼓掌] //@腾冲南门外southerngate:@NaXiAlian @3加2读书荟 @三水荒蛮 @樊建川,1,qwen3-next-80b-a3b-instruct,train,zh,5,weibo,0
回复@潘昶永：到没到啊？//@潘昶永：马上到！堵到爆炸[抓狂]//@新浪图片博客活动花絮: //@阿瑞摄影: 我们在现场直播。//@鸢尾: 回复@新浪图片博客活动花絮: 我是场外吃瓜群众,1,qwen3-next-80b-a3b-instruct,train,zh,5,weibo,0
今天终于有点开心了[泪],1,qwen3-next-80b-a3b-instruct,train,zh,1,weibo,0
//@蒋艳君vikiJ：店主太强了。。//@财经网：【午休一乐】这怕是史上最强翻译了[哈哈],1,qwen3-next-80b-a3b-instruct,train,zh,1,weibo,0
等最后一期~//@潘阳sonyapan: 最后一期了。。。[泪][泪][泪],1,qwen3-next-80b-a3b-instruct,train,zh,2,weibo,0
JPP 先腌后卤再炸（讲究的会刷麦芽糖，像叉烧那样，炸完外酥里嫩），金光闪闪，圆滚滚的，长得超可爱。见过但没吃过。//@张雪崴: 没有屁股味[嘻嘻][哈哈][爱你] //@豚王河豚:南京有人专吃盐水鸭屁股，就爱那口儿，吃了上瘾。不知道鸡屁屁啥味儿？,1,qwen3-next-80b-a3b-instruct,train,zh,4,weibo,0
//@乐静老师: 我们宁波人只知道正月瑞香、二月兰、三月桃、四月蔷薇、五月石榴、六月荷、七月凤仙、八月桂、九月菊、十月芙蓉、十一月水仙、十二月腊梅。你这兰花开得也太晚了吧？[晕][哈哈],1,qwen3-next-80b-a3b-instruct,train,zh,2,weibo,0
员工服务中心说以后不开空调了。。再过阵子又要供暖了。。可这天也太热了吧。。咋整？！[泪],1,qwen3-next-80b-a3b-instruct,train,zh,1,weibo,0
@不败不行的candy KK瘦成这样了[泪][泪][泪],1,qwen3-next-80b-a3b-instruct,test,zh,2,weibo,0
[哈哈][哈哈][哈哈]，现在它成我手机铃声了！,1,qwen3-next-80b-a3b-instruct,test,zh,1,weibo,0
//@主播李湘:哈哈...村长小燕子[哈哈][哈哈][哈哈]@李锐hntv @爸爸去哪儿 //@李湘纪念册:#王诗龄你是最棒的#老佛爷千岁千岁千千岁[哈哈]，哎哟，真被整破防了。。。,1,qwen3-next-80b-a3b-instruct,train,zh,3,weibo,0
回西安了，几个月没回来，家里没电、没电话、没网！[泪],1,qwen3-next-80b-a3b-instruct,train,zh,1,weibo,0
安婷咱俩抱在一起哭成狗吧现在……@安婷Tanz,1,qwen3-next-80b-a3b-instruct,train,zh,1,weibo,0
#爱情悠悠药草香# 编剧是真没招了是吧？正太太到六姨太全搞暧昧，全往同一个院子“废苑”凑，全睡同一张床，一遇危险就怀上，孩子还都不是老公的，然后男女主就开始撕心裂肺纠结……能不能别老用这套烂梗，六个角色轮流演一回行不行？[抓狂],1,qwen3-next-80b-a3b-instruct,train,zh,2,weibo,0
呵呵，周六还得上课呢～花了两个多小时做的蛋糕又好看又健康！一点防腐剂都没有哦[花心][鼓掌][玫瑰]自己动手真的超有趣！原来蛋糕是这么做出来的啊！,1,qwen3-next-80b-a3b-instruct,train,zh,1,weibo,0
妹妹，永远爱你![爱你],1,qwen3-next-80b-a3b-instruct,train,zh,1,weibo,0
大海啊大海，东山岛！[太开心],1,qwen3-next-80b-a3b-instruct,train,zh,1,weibo,0
能拼上就不错了，这都给银行打广告了！！//@侯宁: [泪] //@谭世平:回复@山丘望月:[good] //@山丘望月:没假币还用秤称，换等重新币，人行真不为人民着想 //@谭世平: //@美景集团官博: [吃惊],1,qwen3-next-80b-a3b-instruct,train,zh,7,weibo,0
舒服[嘻嘻],1,qwen3-next-80b-a3b-instruct,test,zh,1,weibo,0
谢石山以前是我上司，这张照片瘦成这样我都快认不出了，估计是病后拍的，走好！[泪] //@吕宏:悼念！这几个月转了多少条这样的消息了？心都碎了。// @傻人阿普：你还加班？// @小陆童靴：我是不是该拒绝加班了？[蜡烛] // @云南信息报 :[蜡烛],1,qwen3-next-80b-a3b-instruct,train,zh,7,weibo,0
会员家的小孩来这儿玩得都超嗨，一个不落，回城路上全睡成小猪，一个不落[哈哈],1,qwen3-next-80b-a3b-instruct,train,zh,1,weibo,0
嗓子疼+感冒+发烧，三连击！[泪][可怜][委屈]病毒快滚开！,1,qwen3-next-80b-a3b-instruct,train,zh,1,weibo,0
挑战！披萨母亲节限定活动！[太开心] 这个母亲节，我们独家推出草莓蛋挞（价格和其他蛋挞一样），所有草莓蛋挞的利润都将捐给@爱百福济慈之家，好奇为啥这么干？来瞅瞅这个暖心故事吧 [爱你] http://t.cn/zT8qRVG @brandnu @创可贴T恤 @自然大学 @自然之友 @WeImpact绿色冲击,1,qwen3-next-80b-a3b-instruct,train,zh,9,weibo,0
太牛了[鼓掌],1,qwen3-next-80b-a3b-instruct,train,zh,1,weibo,0
我会功夫的[威武] 哈哈//@冯雪cindy: 王总，天天这么俗，光顾着喝！来跳个舞呗[哈哈][哈哈][哈哈]，等你呢//@王星餐饮品牌策划人: 其实咱和会长心里都燃着火呢！来，我代表小年轻敬大家一杯，哈哈//@冯雪cindy: 年轻人，能量爆棚。会长，咱也年轻过啊 //@胡滨微博:,1,qwen3-next-80b-a3b-instruct,train,zh,6,weibo,0
谢谢小姐姐?[爱你],1,qwen3-next-80b-a3b-instruct,train,zh,1,weibo,0
难得入春，太阳粉和户外党全出动了，下次还得早点来啊~[抱抱],1,qwen3-next-80b-a3b-instruct,train,zh,1,weibo,0
#开讲啦#“等你爱~爱~爱我！”BGM一响！你还记得当年那个青涩的李亚鹏吗？[可怜]李亚鹏这会儿正开讲呢！//@小Q_Jocelyn: 李亚鹏都没哭，小开你憋住啊。//@CCTV1开讲啦: #开讲啦# 小开都快泪崩了[泪]，当年《将爱情进行到底》，多少人的青春啊！李亚鹏马上开讲！正在看CCTV1的快举手！,1,qwen3-next-80b-a3b-instruct,train,zh,4,weibo,0
太开心了恭喜恭喜[鼓掌] //@TB卓卓玛：恭喜呀！呵呵//@阿佳组合娜姆:哇[太开心][太开心]绝了！[酷]小子终于挺过来了！！！！ // @嘎代才让 :[赞] // @祝棠-冈漾巴姆 ：白玛弟弟出院啦!!!!! [心] [心] [心] [哈哈],1,qwen3-next-80b-a3b-instruct,train,zh,12,weibo,0
//@711早餐可乐:// @挥洒心情blog ：难得一见，太难得了！ // @叶哒哒T :这样的人生真幸福~ [泪]有点心疼,1,qwen3-next-80b-a3b-instruct,test,zh,7,weibo,0
[吃惊] //@莫子睿:人人都得演戏 // @珊?宅 :[泪]上车走咯！。。。[嘻嘻]// @peng书亭 : [泪]?全都要！// @neena : ??。。。?笑一笑???？[哈哈]// @草莓原子 :[嘻嘻]嚎啕大哭,1,qwen3-next-80b-a3b-instruct,train,zh,13,weibo,0
迟早会达成的[爱你],1,qwen3-next-80b-a3b-instruct,train,zh,1,weibo,0
想念我的“长发”……oh……[失望],1,qwen3-next-80b-a3b-instruct,train,zh,1,weibo,0
快烧成绿灯了，明天还得出差，快退烧快退烧快退烧啊...[晕][晕][晕],1,qwen3-next-80b-a3b-instruct,train,zh,1,weibo,0
哇~喝小酒了[嘻嘻],1,qwen3-next-80b-a3b-instruct,test,zh,1,weibo,0
[鼓掌] //@Steven仔软饭硬吃:mark！,1,qwen3-next-80b-a3b-instruct,train,zh,2,weibo,0
[爱你]在行政酒廊的图书馆看书+看湖景，绝了！,1,qwen3-next-80b-a3b-instruct,train,zh,1,weibo,0
@rebecca鱼 我又双叒失眠了…咱这么纯良的小可爱咋老被扔进命运的漩涡里琢磨那些要命的问题啊？真是好人活不长恶人享千年？[泪][泪]摇号也次次中不了，还好我没把希望寄托在彩票上[衰][衰]啥时候有空约饭啊！,1,qwen3-next-80b-a3b-instruct,train,zh,2,weibo,0
捐校车能带火一整条产业链[good] //@L_逐箭:捐校车 //@-水上漂-://@北京厨子: //@叶匡政: [泪] //@说书者一枚:中国最该护着的到底啥？？！！不看重未来的国家，配谈未来吗？,1,qwen3-next-80b-a3b-instruct,train,zh,6,weibo,0
拆吧，反正北京早就不是那个北京了[泪]//@九夜茴: 哎，拆呐。,1,qwen3-next-80b-a3b-instruct,train,zh,2,weibo,0
没有啦，别点太多，够吃就行[嘻嘻] //@JJ_Aaron琪:回复@乐儿餐厅:谢谢，看着超棒！有最低消费吗？,1,qwen3-next-80b-a3b-instruct,train,zh,2,weibo,0
好家伙，老鬼没白写！[嘻嘻]//@自由鸟zxh: 回复@俺叫老鬼: 慢慢对吐鲁番有了新看法。,1,qwen3-next-80b-a3b-instruct,train,zh,3,weibo,0
哈哈，爆料了！咱把这庙口夜市的美女老板娘炒上热搜吧！@?在???? @台湾自由行 @台?自由行?人//@?阿楠: 真的有美女！那章鱼小丸子的老板娘绝了，但已婚[泪],1,qwen3-next-80b-a3b-instruct,train,zh,4,weibo,0
[笑哈哈][哈哈]淘宝上啥人都有,1,qwen3-next-80b-a3b-instruct,train,zh,1,weibo,0
试过这样看电影不？[哈哈],1,qwen3-next-80b-a3b-instruct,train,zh,1,weibo,0
//@微群小助手: 瞬间破防了。。。[衰],1,qwen3-next-80b-a3b-instruct,test,zh,2,weibo,0
[哈哈]@蹭茶闲人：要的@miniG-欣 @Fiona白玉 @白丁公子@夏大叔 @冰人儿,1,qwen3-next-80b-a3b-instruct,test,zh,4,weibo,0
@朱星海 这就是上次跟你说的珠海文创艺术中心，跟维斯比艺术空间是同款兄弟吗？[嘻嘻][嘻嘻]牛的是维斯比都开线下家居店了~~@导演下的蛋 //@媛媛达人: 乌托邦！恭喜！ 一期搞定，等全貌~！,1,qwen3-next-80b-a3b-instruct,train,zh,5,weibo,0
教我几句骂人的话呗？[怒骂] //@新浪视频：关心下可怜的孩子吧,1,qwen3-next-80b-a3b-instruct,train,zh,2,weibo,0
[哈哈]又是土豆@北京兵人,1,qwen3-next-80b-a3b-instruct,train,zh,1,weibo,0
新郎是你家亲戚啊[泪][泪][泪]命不是自己的是吧？,1,qwen3-next-80b-a3b-instruct,test,zh,1,weibo,0
#你有一张来自海底的明信片# 想收全球唯一水下邮局——瓦努阿图海底邮局的明信片吗？！[太开心] 已逛遍六大洲89国的百度旅游达人@千阳游走世界中 正在现场，免费送10张明信片！转评本条并@3个好友，就有机会拿到这张超有纪念意义的明信片～ 截止9月4日。,1,qwen3-next-80b-a3b-instruct,train,zh,5,weibo,0
#race around the world#艾睿斯沈，第四种花花[嘻嘻],1,qwen3-next-80b-a3b-instruct,train,zh,4,weibo,0
[鼓掌][鼓掌][爱你],1,qwen3-next-80b-a3b-instruct,train,zh,1,weibo,0
[哈哈]//@台湾老街: 哦哦 连零食都要配对！懂了 为了不被说偏心 小p以后买张君雅小妹妹 必须顺手捎上张君宝小弟弟,1,qwen3-next-80b-a3b-instruct,train,zh,6,weibo,0
我不是大师，就是爱吃甜的，一顿干三四十颗轻轻松松//@初见官方微博:这玩意儿天上才有，人间难得几回见！求美食大师@全曼午 来鉴定下是不是正宗？[哈哈] http://t.cn/zWxfoNJ,1,qwen3-next-80b-a3b-instruct,train,zh,3,weibo,0
快递小哥怕下雨没及时送书，估计得等到周一再发了，到时候再寄吧。拿到代金券的宝子们可别浪费这机会啊。//@QJ907: 居然不发书，用代金券打发人[怒骂]@ltguo //@gnawux: 谢啦，呵呵，是我不会搞营销 :P//@TDTX: 讲得太棒了，超负责，彻底改了我对这种讲座就是纯商业宣传的印象,1,qwen3-next-80b-a3b-instruct,train,zh,6,weibo,0
黄花耳子粑粑肉 菜单上这么写//@懒人业余餐厅:自贡九大碗之首、过年硬菜——粑粑肉，江湖人称自贡午餐肉[哈哈]//@十月霜子:我心头好，我爸早就教我会做了，哈哈哈，想吃随时都能整,1,qwen3-next-80b-a3b-instruct,train,zh,2,weibo,0
开放式厨房，亲眼看着美食出炉[害羞]//@微美食上海: 下次去吃饭能碰上不[嘻嘻],1,qwen3-next-80b-a3b-instruct,train,zh,2,weibo,0
这招也太狠了[怒],1,qwen3-next-80b-a3b-instruct,train,zh,1,weibo,0
我们干着急的事最后都等著等著就解决了…所以耐心才是王道，当然没大薇姐的无敌连环call也不行，今天真是快把电话打爆了[晕][汗],1,qwen3-next-80b-a3b-instruct,train,zh,1,weibo,0
想她了！[爱你],1,qwen3-next-80b-a3b-instruct,train,zh,1,weibo,0
#雕粉年终答谢会#[花心]我们帅到掉渣的厨师正用现摘的“活体蔬菜”做沙拉！[偷笑]妹子们眼睛都直了！味道据说…上头到飞起…[抓狂]牛腩哥坐不住了，冲啊赶紧去啃两口！我在这:http://t.cn/z8ABSGH,1,qwen3-next-80b-a3b-instruct,train,zh,1,weibo,0
想偷走丹霞山那块石头，韶关人不答应~[哈哈] //@珠比特:[耶]我也是//@泡鱼儿:石头~[酷],1,qwen3-next-80b-a3b-instruct,train,zh,2,weibo,0
森巴恰恰燃爆这个夏天~[嘻嘻] [给力],1,qwen3-next-80b-a3b-instruct,train,zh,2,weibo,0
我们四人一看见“胖子组”仨字，立马笑成一团[哈哈][嘻嘻] 还一个人牙疼一个人拉肚子呢，照样无怨无悔[花心]//@央广雅萍:回复@新疆搜索:我们的赴台旅游达人，都非常出色呢！ //@新疆搜索:[晕]看着看着饿了 //@央广雅萍:这一组，回来铁定变胖子组！[偷笑]但咱信你们，绝对无怨无悔！[赞],1,qwen3-next-80b-a3b-instruct,test,zh,4,weibo,0
???，我估??著衫[哈哈] //@MookBeauty:吃了?的被??不?冷?？[偷笑] //@食?M:小??[嘘]?吵醒?[做鬼脸],1,qwen3-next-80b-a3b-instruct,train,zh,3,weibo,0
#爱情睡醒了@三亚维景国际度假酒店# 明天周五了，有啥福利？蹲着看吧 [太开心] [太开心],1,qwen3-next-80b-a3b-instruct,test,zh,4,weibo,0
刚出去试拍了下，阿姨妈妈们一让我拍照都说相机牛[嘻嘻]叔叔伯伯们懂单反的，一看GF3这小卡片样儿就嫌弃[黑线] 微单好伐！微单！[奥特曼] 比我原来那卡片机强太多了[花心],1,qwen3-next-80b-a3b-instruct,test,zh,3,weibo,0
不行了，收拾一下回家当村长吧[哈哈] 前景一片大好[酷],1,qwen3-next-80b-a3b-instruct,train,zh,2,weibo,0
和建筑大神扎哈·哈迪德合了个影~~太难了！！感谢@神马_敬军 [鼓掌] @米小米_,1,qwen3-next-80b-a3b-instruct,train,zh,3,weibo,0
连着几天医院快把我精神搞崩了！这会儿还疼得缩成一团[泪],1,qwen3-next-80b-a3b-instruct,train,zh,1,weibo,0
#优质食品需要靠谱食客来品鉴# 酸奶土豆球太会玩了！[花心] 看着就流口水！认真打5[星]满分！[鼓掌],1,qwen3-next-80b-a3b-instruct,train,zh,3,weibo,0
童年回忆杀！[鼓掌]大拇指哥哥和两位“金龟子”姐姐周六约你一起玩[哈哈],1,qwen3-next-80b-a3b-instruct,train,zh,1,weibo,0
打雷下雨，去哪？跑起来！[嘻嘻],1,qwen3-next-80b-a3b-instruct,train,zh,1,weibo,0
[挖鼻屎]原来真有国家语委会啊，这活儿干得也太离谱了！！！//@庄菁Eleven:[衰]脑子瓦特了,1,qwen3-next-80b-a3b-instruct,test,zh,1,weibo,0
心凉了，离婚怎么越来越随便了。信董洁 //@浅小花://@周凯莉:分手最能看出人品。看到这种事，真的心寒，感觉再也不相信爱情了。。。[衰],1,qwen3-next-80b-a3b-instruct,train,zh,2,weibo,0
靠窗看日出[太开心]厦门早安,1,qwen3-next-80b-a3b-instruct,train,zh,1,weibo,0
大连，我的老家[爱你],1,qwen3-next-80b-a3b-instruct,train,zh,1,weibo,0
仪涵我家的输了[泪][泪][泪][泪][泪],1,qwen3-next-80b-a3b-instruct,train,zh,1,weibo,0
擦。。。[怒] //@童大焕: 这分明就是在练兵，但练的全是魔鬼。,1,qwen3-next-80b-a3b-instruct,train,zh,3,weibo,0
[泪][泪]又没我事儿，你真绝了,1,qwen3-next-80b-a3b-instruct,train,zh,1,weibo,0
回复@?哩:[汗][汗][汗][汗] //@?哩:快加水，把黄叶全扯了。。绿萝这么皮实你都能养死，信不信我揍你啊！！[怒骂],1,qwen3-next-80b-a3b-instruct,train,zh,2,weibo,0
我居然是皇后？那只能嫁皇帝了！没得选！[哈哈][哈哈][哈哈] //@快活林阿甘: 你离了我活不了 //@美说-ZJM: 女皇，脑补一下[嘻嘻]//@快活林阿甘: 别怕，我是太监。 //@赵云侠: 我靠，我竟然是名妓[抓狂],1,qwen3-next-80b-a3b-instruct,train,zh,8,weibo,0
馋死我了[馋嘴][馋嘴] //@枝枝吱吱吱zzz:好想回去[泪][泪][泪]吃汽糕[馋嘴][馋嘴][馋嘴]//@水墨婺源:这不就是我梦里的老家——婺源！[心],1,qwen3-next-80b-a3b-instruct,train,zh,2,weibo,0
新车落地，恭喜恭喜！@一汽-大众 @战舰_汽车评论员 @财富广播陈博 @参谋长茄海涛 。几位北方的兄弟，你们看得懂粤语微博不？[嘻嘻][嘻嘻],1,qwen3-next-80b-a3b-instruct,train,zh,5,weibo,0
做人要厚道，别逗我了...[抓狂],1,qwen3-next-80b-a3b-instruct,test,zh,1,weibo,0
春城到处都刮沙[衰][衰] 我在这儿:http://t.cn/zj53jqO,1,qwen3-next-80b-a3b-instruct,train,zh,2,weibo,0
伴娘啥时候回北京？//@Cyndiii喵: 这赶报表的节骨眼儿，真是在找那棵树吗？跟我们那个we will never rest一模一样[泪]//@花雕小美猪: @Cyndiii喵 @Ami_Ding // @明超那些事儿 :求证 @ballcat // @亨利范 :哪天去德勤瞅一眼// @苍月烈风 :牛逼！// @六十六号公路 : 牛逼！,1,qwen3-next-80b-a3b-instruct,train,zh,19,weibo,0
回复@V老徐:[嘻嘻] //@V老徐:那你赶紧喊一嗓子 //@张帆DORA:[思考] 得把思想品德分往上提，跟数理化一个待遇！中国人啥都不缺，就缺德。 //@高考快讯: #高考改革#你支持高考取消外语吗？投出你神圣一票 http://t.cn/8kfDRWd,1,qwen3-next-80b-a3b-instruct,train,zh,7,weibo,0
#西江推荐#小西今天安利一道西江招牌菜——井冈山老烟笋[馋嘴]，选的是深山里还没冒头的冬笋，用农家柴火慢熏出来的，所以叫烟笋！用赣南老办法炖得那叫一个香脆鲜嫩，笋味久久不散！一入口全是浓浓的乡味，香到舔盘！小西[抱抱]都忍不住写诗了，你们爱不爱？[亲亲],1,qwen3-next-80b-a3b-instruct,train,zh,1,weibo,0
我想去吃，带我一下啦美女姐姐//@依稀以西：满嘴都是肉~~[嘻嘻] 牛肉丸再扎实点就更好了,1,qwen3-next-80b-a3b-instruct,test,zh,2,weibo,0
回家猛塞我吃，走还拎一堆吃的回来，一周才啃掉一点点，刚分开就发消息说你不能再胖了……这不就是亲妈嘛[泪],1,qwen3-next-80b-a3b-instruct,train,zh,1,weibo,0
[泪][蜡烛]//@中国图书网黄平:[蜡烛],1,qwen3-next-80b-a3b-instruct,train,zh,1,weibo,0
[鼓掌]哇哇..中奖啦太开心了..节能环保必须安排到底..吼吼..//@佳能影像公益: 感谢大家积极参与#一份关灯的承诺#，恭喜以下10位幸运儿@小可疼 你们将获得精美节能灯一盏！3月31日晚8:30，关灯一小时，生活更亮堂，和佳能一起行动吧~！,1,qwen3-next-80b-a3b-instruct,train,zh,3,weibo,0
说太对了！就要这股劲儿！冲啊，我不看你是谁家的，只看你干得咋样！[鼓掌],1,qwen3-next-80b-a3b-instruct,train,zh,1,weibo,0
看到一句话：听说提前买好第二天早餐的人，95%都当夜宵吃掉了。。。[哈哈] [哈哈] （转）,1,qwen3-next-80b-a3b-instruct,train,zh,3,weibo,0
今天你晒年味了吗？还有5天就三十了，快晒出你吃过的顶配年味，图文并茂直接加鸡腿凹[嘻嘻]~婶婶已备好20份惊喜礼[阴险]想拿的赶紧上车！[话筒] 我在这儿等你回来~等着你回来~把那顶配晒出来~,1,qwen3-next-80b-a3b-instruct,train,zh,2,weibo,0
[哈哈][哈哈][哈哈] //@民航壹周刊网:儿童节睡了14小时~ 晚上估计又要失眠了，大礼包走起[哼][哼][哼],1,qwen3-next-80b-a3b-instruct,train,zh,3,weibo,0
为啥我看不了《Ted》啊[抓狂],1,qwen3-next-80b-a3b-instruct,train,zh,1,weibo,0
五点就得爬起来，眯一会儿就行。哥们儿结婚，虽是帮忙，但超激动！太开心了！[哈哈][哈哈][哈哈]晚安,1,qwen3-next-80b-a3b-instruct,test,zh,1,weibo,0
Power爱一票？//@黄庆:爱，赢，说…说？//@DR杜然:我瞅见的是LOVE/LUST/FUN[衰]//@flypig: 你跟我说… 我瞎了,1,qwen3-next-80b-a3b-instruct,test,zh,3,weibo,0
补图（昨天）：没瞅见啥大神，也没吃到传说中超牛但难吃死的国宴。手机不敢乱拍，怕被揍。。。。门口那保安跟狗似的，人还没近呢，耳朵就竖起来了，牙都露出来了。。。[抓狂],1,qwen3-next-80b-a3b-instruct,test,zh,1,weibo,0
你？去香港了！？//@何炅:你也是！老远就瞅见你了！好久不见！//@家?:做慈善的都特有光！今天看你容光焕发[哈哈],1,qwen3-next-80b-a3b-instruct,test,zh,1,weibo,0
这地方真挺棒的[哈哈],1,qwen3-next-80b-a3b-instruct,train,zh,1,weibo,0
睡前又刷了眼北京GA展的微博，就怕明天因为衣服不合要求被赶出去，估计还得错过一堆好玩的无料！没东西换真的好桑心！跟自己说好1月发工资前要冷静消费的，展会简直是无底洞！！[抓狂]2014的开头不会太差，好日子自然会延续，嗯嗯~,1,qwen3-next-80b-a3b-instruct,train,zh,1,weibo,0
太绝了~~[鼓掌] @就爱英伦风,1,qwen3-next-80b-a3b-instruct,train,zh,2,weibo,0
射手真的超重情//@星座爱情001：【分手后心最痛的星座】冠军：射手座；【恋爱后最专一的星座】冠军：射手座；【结婚后最顾家的星座】冠军：射手座；【爱人去世后跟着走的星座】冠军：射手座；（别随便跟射手座分手）[抓狂],1,qwen3-next-80b-a3b-instruct,train,zh,1,weibo,0
【曝#全智贤#目前没戏约想息影回家 或准备生富四代[嘻嘻]】听说她现在手上有11个代言，但一部剧都没接，结婚两年也一直没传怀孕消息，网友猜她可能跟当年拿青龙影后的#李英爱#一样，巅峰期急流勇退，结婚生子回归家庭。http://t.cn/8FrKumT,1,qwen3-next-80b-a3b-instruct,test,zh,2,weibo,0
漂亮地？一？！[嘻嘻]拜了！艾艾@88la @蔡志松 @陈履生 @程昕明 @策展人顾振清 @包益民 @国际博物馆杂志 @顶层杂志 @程昕东 @今日美术馆 @简木风 @xuuxoo甘鹏 @艺术国际网 @水果严虹 @叶宇轩Yehidea @志愿者李星陆 @祁崧SPEED-ONE @王柏君 @张思永 @物质狂 @吕澎 @小枫vivi @付晓东 @小石头在纽约,1,qwen3-next-80b-a3b-instruct,train,zh,24,weibo,0
阿北北，下关这地方打车好难啊[悲伤] 我在:http://t.cn/zYn8aCt,1,qwen3-next-80b-a3b-instruct,train,zh,2,weibo,0
//@北京香格里拉饭店: 回复@矛矛予:7点后咖啡茶美味店半价，快冲！[偷笑] //@矛矛予:啥？还有半价？[吃惊] //@北京香格里拉饭店:回复@贵州媳妇:右下角是舒芙蕾，绝了！甜点界的天花板，主厨@Floriancouteau亲手做的[馋嘴][鼓掌],1,qwen3-next-80b-a3b-instruct,train,zh,4,weibo,0
错过跟男/女神表白的机会，也不能错过这个！[嘻嘻],1,qwen3-next-80b-a3b-instruct,train,zh,1,weibo,0
谁说iPhone不禁摔？一星期摔了二十多次了！[抓狂][抓狂][抓狂][抓狂],1,qwen3-next-80b-a3b-instruct,test,zh,1,weibo,0
文字到位，表情炸裂，直接当范文吧//@黄?膊:嘿嘿，别谦虚了，这语言用得也太溜了吧！//@怀旧岁月w:[泪]看哭了！泪目了！咱这笨蛋没戏，全怪文笔差还不懂幽默[汗]黄老师，给您鞠躬了[害羞]以后多带带我啊[握手],1,qwen3-next-80b-a3b-instruct,train,zh,1,weibo,0
//@北京5号线: 竹竿胡同有早市儿//@古墓丽影judy: 小时候住朝内大街，边上南竹竿胡同、北竹竿胡同、老君堂胡同、新鲜胡同、拐棒胡同，记得竹竿胡同特窄，一人走都费劲[呵呵]//@黄玺赫:[太开心] //@北京5号线: @黄玺赫 胡同里的事儿,1,qwen3-next-80b-a3b-instruct,train,zh,6,weibo,0
今晚跟美国美女吃川菜！[哈哈][馋嘴][馋嘴] 我在这:http://t.cn/zHeVg3p,1,qwen3-next-80b-a3b-instruct,train,zh,2,weibo,0
九襄今年因为雨水，车厘子味道有点不一样，但走前还是得多买点，毕竟新鲜啊！当然，临走前清溪的牛肉汤锅也得整一锅，煮到最后丢把干面，立马变浓香牛肉面噻[嘻嘻][爱你]顺带说一句，雅西高速的风景真的绝了！！！！,1,qwen3-next-80b-a3b-instruct,train,zh,1,weibo,0
#花碎碎念#我超爱三角梅，看到红砖墙上的那丛立马掏手机拍了，结果莫名拍出lomo感[爱你] 图片没修图，就加了个水印[浮云],1,qwen3-next-80b-a3b-instruct,train,zh,2,weibo,0
[鼓掌] 真绝了！感谢老师和小伙伴们！,1,qwen3-next-80b-a3b-instruct,train,zh,2,weibo,0
[泪]狗狗，真的超爱秋田//@早安丶晚安丶心语: 忠诚的土狗最普通，却是人吃肉的品种，看完你们忍心吗？[泪],1,qwen3-next-80b-a3b-instruct,test,zh,2,weibo,0
萧敬腾，你真是个天灾体质，到哪哪下雨！//@宁财神:[泪],1,qwen3-next-80b-a3b-instruct,train,zh,1,weibo,0
#爸爸去哪#五个小崽子和考拉君唠嗑。天天：考考考拉君！我超爱你！爱到爆炸！森蝶：考拉君睡前也爱抠脚不？石头：卧槽！我终于等到蜘蛛侠主题房了！王诗龄：考拉君以后要乖乖的！kimi：考拉酒店太帅了！爸比，我要喝奶 [泪],1,qwen3-next-80b-a3b-instruct,train,zh,2,weibo,0
[偷笑] //@小雅式采薇:紫灯，快起飞！ //@雍小宝x:[哈哈][哈哈][哈哈],1,qwen3-next-80b-a3b-instruct,train,zh,3,weibo,0
重生2012[鼓掌]//@2012末日恐惧症丽雅://@爱穿平底鞋的女人: [挤眼]起泡酒我狂爱，红酒她狂爱，你呢,1,qwen3-next-80b-a3b-instruct,train,zh,2,weibo,0
QQ上蹦出个陌生人，让我送他会员，我问：为啥？他说：不为啥！我回：不送。他问：为啥？我回：不为啥！脑残能再离谱点不？[怒骂],1,qwen3-next-80b-a3b-instruct,train,zh,1,weibo,0
#中国好声音#。。最遗憾！最可惜！最心痛！没选上她简直没谁了。[泪],1,qwen3-next-80b-a3b-instruct,test,zh,1,weibo,0
瞧不起有钱没品德的，有啥了不起？[怒],1,qwen3-next-80b-a3b-instruct,train,zh,1,weibo,0
整理旧杂志，女儿立马喊住我：别把我的新《昕薇》扔了！我耳朵没出问题吧？又问了一遍名字，说这玩意儿你根本看不懂。她回：妈，我都多大了！时尚潮流必须跟上！[抓狂]我这个连时尚是啥都不知道的妈，真的裂开了,1,qwen3-next-80b-a3b-instruct,train,zh,1,weibo,0
有点热感冒了，多喝水多休息[晕][晕],1,qwen3-next-80b-a3b-instruct,test,zh,1,weibo,0
想白嫖重庆江湖菜和红油火锅的姐妹速来[钱] //@丹妮小豆豆:有颜有才的都来上节目！！几万块奖金等你拿！通关就送一关！免费重庆游！私我啊[哈哈]@潘瓶子 @好妹妹乐队-浪客秦昊 @好妹妹乐队-张小厚 @极光光,1,qwen3-next-80b-a3b-instruct,train,zh,5,weibo,0
19本，那兄弟都走出十几米了，又折返买了一本[泪]//@我:18本，凤凰周刊友情加持//@我:13本//@我:12本了//@我:又卖一本//@我:卖了一本[嘻嘻],1,qwen3-next-80b-a3b-instruct,train,zh,1,weibo,0
原来月饼还能这么有爱，中秋一定得跟家人好好团聚，边吃月饼边赏月~~~[可爱],1,qwen3-next-80b-a3b-instruct,train,zh,1,weibo,0
真的假的，我也是看着你节目长大的????????????[鼓掌] //@文怡:回复@Wsunny灬:我就。。。。。。怒摔[怒][怒][怒][怒] //@Wsunny灬:关注这么久，看到这张图才反应过来你就是小时候看的那个做饭的主持人，我滴个天，小时候就馋你做的菜,1,qwen3-next-80b-a3b-instruct,train,zh,3,weibo,0
太棒了！//@费明微博:// @郝思嘉 : // @pettyMM : [鼓掌]超好看，啥都满足了。。。// @孙孟晋 : 恭喜这部真神作，今天干翻《金陵十三钗》拿下了金球奖最佳外语片！,1,qwen3-next-80b-a3b-instruct,train,zh,10,weibo,0
陆师傅[给力] //@尹亲林:陆总节目。。。1[good] //@东哥粤潮:凤哥节目，节节高！收视爆棚！[哈哈][哈哈] //@南京陆少凤: //@南京陆少凤: 前阵子和湖南卫视何炅老师搞的美食节目上线了，搜http://t.cn/zTGCOKQ就能看 //@陈意星@杨顺S @老爷们布衣隐士 @东哥粤潮 @瞬即是永恒 @尹亲林,1,qwen3-next-80b-a3b-instruct,train,zh,11,weibo,0
慢跑去健身房的路上，马上就能撞见那群大粗胳臂儿@崔岳_晶欣喜铺 @谁动了我的杠铃 @Mr_Jeremychen ，心情直接起飞！！！超级组，我冲了[哈哈][哈哈][哈哈][哈哈]#美图秀秀Android版#,1,qwen3-next-80b-a3b-instruct,test,zh,4,weibo,0
才不是[抓狂]我人设崩了[泪]//@嘻哈包袱铺官方微博:@嘻哈包袱铺陈曦 真实出镜[鼓掌]他本来就是这长相[偷笑]//@嘻哈包袱铺陈曦: 谁选的这照片[哼][抓狂][抓狂][抓狂][抓狂][抓狂][抓狂][抓狂][抓狂],1,qwen3-next-80b-a3b-instruct,train,zh,3,weibo,0
FB啊！真后悔没去青岛啊。[泪][泪][泪],1,qwen3-next-80b-a3b-instruct,test,zh,1,weibo,0
纠结死了[抓狂],1,qwen3-next-80b-a3b-instruct,train,zh,1,weibo,0
[偷乐]//@聂委光: 感动到哭[哈哈]//@radella的世界: 终于有人懂我了！感激到流泪…[泪]//@大地风景旅游咨询:#旅游型城镇化高峰论坛#赠书活动第二季第16位幸运儿出炉，送给爱学习的宝子～恭喜@radella的世界 获得@吴必虎 教授著《多途径城市化》一本！速私信小编收件地址呀,1,qwen3-next-80b-a3b-instruct,train,zh,5,weibo,0
谢谢大家又给我整了这么大惊喜，生日过得太暖心了[泪]，一路有你们陪着，我真的超幸福！,1,qwen3-next-80b-a3b-instruct,test,zh,1,weibo,0
[疑问]早啊//@红日星工场:[汗]2017......[晕]//@洛阳交通广播李导:转微博。,1,qwen3-next-80b-a3b-instruct,train,zh,1,weibo,0
我在两座天桥来回跑了四趟？！终于搞清该坐啥车了！！[泪][泪]迷路了啊！没510？不是618？来了一辆881？我还以为是331？[泪][泪][泪]@我是张微微,1,qwen3-next-80b-a3b-instruct,test,zh,1,weibo,0
[哈哈]//@Royalmile刘瑾: [哈哈]//@桃桃林林小淘淘: 乔治·鲁尼亚教授，虫草人参海狗丸发明人，国际生殖学会荣誉主席,1,qwen3-next-80b-a3b-instruct,test,zh,3,weibo,0
恭喜！//@Cindy_Xue: 回复@詹朝军: 谢谢詹总 //@詹朝军: 恭喜！//@Cindy_Xue: @Japie @Eleven大叔 @Mac-Wei 微博管家拿年度最佳技术奖！[抱抱] //@Cindy_Xue: @Japie @Eleven大叔 @Mac-Wei 微博管家拿年度最佳技术奖！,1,qwen3-next-80b-a3b-instruct,train,zh,14,weibo,0
[鼓掌]是我本人~[带感],1,qwen3-next-80b-a3b-instruct,train,zh,1,weibo,0
#西贝莜面村# 我超爱杯子上那只小老虎.[嘻嘻],1,qwen3-next-80b-a3b-instruct,train,zh,2,weibo,0
冬天来啦！又可以裹成熊样了！哈哈。。。街拍有没有？有个没睡醒的说我是理发店小弟。[泪][泪][泪]周末带娃们去看医生。[泪],1,qwen3-next-80b-a3b-instruct,train,zh,1,weibo,0
【后假期模式启动！免费踏春走起～】不管你是宅家、出游还是在等放假，速看小美给你安排的后假期暴走计划——4月7-8日，摘草莓+泡温泉+自助餐+逛博览会，还有更多隐藏大礼等你开箱！这届农业嘉年华咱必须冲，快转@你最想约的搭子，咱一起#观农业盛典 享花样年华#[爱你],1,qwen3-next-80b-a3b-instruct,train,zh,2,weibo,0
微博网页版老是漏掉好多微博内容，手机App倒是什么都看得全[怒],1,qwen3-next-80b-a3b-instruct,train,zh,1,weibo,0
一分钟有多久？看你是在厕所里蹲着，还是在厕所外干等着[嘻嘻] 兄弟，真不怪你，是地球引力罢工了[怒],1,qwen3-next-80b-a3b-instruct,train,zh,2,weibo,0
解锁香港隐藏版，从龙脊生态游启程~[嘻嘻]老板亲自带队哦![威武],1,qwen3-next-80b-a3b-instruct,test,zh,1,weibo,0
[鼓掌]//@银河宁锡明: [鼓掌],1,qwen3-next-80b-a3b-instruct,train,zh,2,weibo,0
@tjtv马钊 还不关注我？等啥呢。。[晕],1,qwen3-next-80b-a3b-instruct,train,zh,2,weibo,0
就是说啊！说我厨艺堪忧一刚，一刚，一刚！！！毛爷爷也有眼瞎的时候[哈哈]。搜“Loli厨房出品”，看看我的作品，还敢说我不行？[右哼哼] @Michaelia在祈祷 他该跪PCB！对不对对不对？,1,qwen3-next-80b-a3b-instruct,train,zh,3,weibo,0
太有脑洞了！爱死啦！真爱就是挡不住！[噢耶][好棒][好爱哦]//@麻瓜小豆: [哈哈][抓狂][心]超有爱的小短片～我爱纸飞机！！！@走入时间 @桐语-虫虫的晴朗 ... //@杞肆: 姑娘表情萌炸了~ //@?表市场: 马 //@猪蹄le: 绝了！！激动到眼泪都要飙出来…… //@擦什么名字啊啊啊啊: [good],1,qwen3-next-80b-a3b-instruct,train,zh,12,weibo,0
那个吓人的年代！//@王若皓：[哈哈],1,qwen3-next-80b-a3b-instruct,test,zh,1,weibo,0
昨晚回家，我妈居然给我买了全套养生堂！！活这么大第一次这么关心我皮肤啊啊啊啊啊啊！！！！！[泪],1,qwen3-next-80b-a3b-instruct,train,zh,1,weibo,0
有个好消息和个坏消息：[思考] 好消息是，接下来三个半小时还是周末[嘻嘻] 坏消息是，明天就周一了[抓狂] [可怜] [泪],1,qwen3-next-80b-a3b-instruct,train,zh,5,weibo,0
我看到的是MEN，跟你境界不一样吧//@美喵喵一只：我一眼瞅见的是MAN[伤心],1,qwen3-next-80b-a3b-instruct,train,zh,1,weibo,0
@3W咖啡 冲鸭！互联网人的根据地！新店等你来聚，酒绝了！人也绝了，全是帅哥美女！和@许单单-互联网分析师 合影了[哈哈][哈哈][哈哈]@夏强Allen @马?龙,1,qwen3-next-80b-a3b-instruct,train,zh,4,weibo,0
落叶飘雪心好冷❄️🍂💔,1,qwen3-next-80b-a3b-instruct,train,zh,1,weibo,0
哇，年度大戏啊[嘻嘻] //@DJ雄标:回复@糖哥-咖啡大佬老冯:下次约你[馋嘴] //@糖哥-咖啡大佬老冯:我都没吃到哦！[嘻嘻] //@DJ雄标:爱吃就行。,1,qwen3-next-80b-a3b-instruct,train,zh,4,weibo,0
孩子心里的锁链是一辈子的//@给力村长:[怒][?]//@沙门氏v: /@神往桃园://@香色儿: //@妍兮兮:一是现在私立幼儿园学费快赶上大学了，还参差不齐，事故不断。二是社保跟不上，公立园太少，公益托管根本没地儿找//@龙隆至诚: 悲哀的政府，可怜的老百姓！,1,qwen3-next-80b-a3b-instruct,train,zh,4,weibo,0
男主太有气场了//@内裤都笑湿了:[哈哈]笑死我了！,1,qwen3-next-80b-a3b-instruct,train,zh,1,weibo,0
再瞅一眼@厦门不见咖啡馆 的花花世界[嘻嘻] #WeicoPintu#,1,qwen3-next-80b-a3b-instruct,train,zh,3,weibo,0
太给力了姐妹！http://t.cn/zTTQKbJ 谢谢支持啊 //@李美慧snow:[吃惊]网店能发个链接瞅瞅不[太开心] //@餐饮人-吴楠:回复@商业聚焦:对啊，真辞了，全身心扑这小店了，哈哈哈！好多人不懂我????? //@商业聚焦:小店挺好看？真辞了？全身心搞小店？,1,qwen3-next-80b-a3b-instruct,train,zh,5,weibo,0
我立马转了[嘻嘻][嘻嘻][嘻嘻] //@周?-小尖果儿:这条微博得@王善勇-火龙果儿一下[嘻嘻] //@许健铁刨花儿:不是天津的！完全看不懂！跟天书似的！[嘻嘻] //@红?淘宝城-??:@海河栈 @周?-小尖果儿 @许健铁刨花儿 @初天岚 @必弄,1,qwen3-next-80b-a3b-instruct,train,zh,8,weibo,0
就看了一眼直通春晚，结果看到金池被淘汰，真的无语到极点[怒][怒]我只能靠发帖发泄一下不满！连我爸妈都在替金池抱不平，说太黑太假了！有金池我还凑合看春晚，没她？春晚咱俩就此别过！！,1,qwen3-next-80b-a3b-instruct,train,zh,1,weibo,0
天啊，都凌晨三点了[抓狂]。。早知道落地前不喝咖啡了,1,qwen3-next-80b-a3b-instruct,train,zh,1,weibo,0
回复 @程诗然: 听说不让去 //@程诗然: 后悔能当饭吃么[嘻嘻] //@墙根网-蜗牛: 没去好后悔[泪] //@程诗然: 收了，她们狂发微博，我都吃遍了[猪头],1,qwen3-next-80b-a3b-instruct,test,zh,9,weibo,0
对对对，真的越来越好看啦[亲亲]//@家政观察员: @艾美李亚 快看……//@阿姨来了官网:张阿姨美得越来越离谱了[花心]@家政观察员 //@嘉乐会家政: 亲人归家，杀鸡宰羊安排上咯[bm可爱],1,qwen3-next-80b-a3b-instruct,train,zh,5,weibo,0
[哈哈] 可奈的小女孩,1,qwen3-next-80b-a3b-instruct,train,zh,2,weibo,0
可怜的乞丐还在给郭美美凑油钱？？[泪] [衰] [失望] [可怜] [哼] //@Lucien_Wong：//@yanalex：转发微博。,1,qwen3-next-80b-a3b-instruct,train,zh,6,weibo,0
[衰]走投无路,1,qwen3-next-80b-a3b-instruct,test,zh,1,weibo,0
最后半小时！谁要路由器？[太开心] 整点抢！@百合网,1,qwen3-next-80b-a3b-instruct,train,zh,2,weibo,0
[哈哈]喝不倒的，就是躺平~~~~~~~~!//@EStella遥:回复@好书吧-老板的娘: @贰小? 阿姨自酿的酒，肯定放不倒你。。,1,qwen3-next-80b-a3b-instruct,train,zh,3,weibo,0
公共设施的安全天天都该检查吧~~//@张泉灵: 26岁，刚结婚。[泪] 今天办公室里气氛压得人喘不过气，想想儿子以前老爱去摸喷水池的水，现在越想越后怕。,1,qwen3-next-80b-a3b-instruct,train,zh,3,weibo,0
现在微博更新十有九九都在说刚那场羽毛球，连我也不例外[嘻嘻],1,qwen3-next-80b-a3b-instruct,test,zh,1,weibo,0
@境小迁 @乖囡吉吉 @QQCandy-盖头 牛舌和牛五花绝了~~~（还有生拌牛肉。。。）[哈哈],1,qwen3-next-80b-a3b-instruct,train,zh,4,weibo,0
世界上最远的距离：钥匙在车里，我在车外，还离家八百里远！这啥黑科技啊，一眨眼车自己锁了？[泪][泪][怒][怒]@上海大众斯柯达,1,qwen3-next-80b-a3b-instruct,train,zh,1,weibo,0
要听话哦[爱你],1,qwen3-next-80b-a3b-instruct,train,zh,1,weibo,0
#开讲啦#【同桌真是种神奇生物】[抓狂]老爱跟你抬杠，非得划三八线，还总看你出洋相……[可怜]可多年后，再也没人跟你挨着坐满每一节课，跟你一起疯癫……[泪]现在想想，心里有点酸酸的。就想知道一句：同桌，你现在咋样了？[心],1,qwen3-next-80b-a3b-instruct,train,zh,1,weibo,0
@八脚鱼的这片海 谢谢你这么冷的天还陪我[心]新年快乐幸福！所有祝福都给你[心][心][爱你][爱你],1,qwen3-next-80b-a3b-instruct,train,zh,2,weibo,0
这周超环保，天天套这件针织衫。。。[嘻嘻] 真相是换季没衣穿了，急需要剁手补货！！！#今天的样子#,1,qwen3-next-80b-a3b-instruct,test,zh,2,weibo,0
[泪][泪]放了娃儿[怒]//@龙当当: 拖出去挂马蜂窝上[衰][抓狂] //@笨熊winnie:我的天呀 //@P先生的后院: 最近幼儿园坏阿姨真多，当爹当妈的都给我睁大眼睛！@忙碌的66 @icelee要淡定V @莉莉家的猫 @RoyHANABI @Eric_Zhao_醉舞下山去 老子娃儿要是被这么整，非弄死她不可！,1,qwen3-next-80b-a3b-instruct,train,zh,10,weibo,0
[衰] 趁早看早做打算。。。,1,qwen3-next-80b-a3b-instruct,train,zh,2,weibo,0
天生一对吧！愿你们的爱情比美酒还甜，比阳光还灿烂，永远幸福啊[爱你] http://t.cn/zO6DbIN,1,qwen3-next-80b-a3b-instruct,test,zh,2,weibo,0
磊哥雅正！//@北京首钢陈磊:再瞅瞅这快乐的啧啧平@Nov28th [哈哈][哈哈][哈哈],1,qwen3-next-80b-a3b-instruct,train,zh,2,weibo,0
俺地娘啊，想早点睡，这炮声就没停过咋睡！听我爸说今晚明早都要放炮接财神，这烟花炮仗响个没完……明早我也得放！[抓狂],1,qwen3-next-80b-a3b-instruct,train,zh,1,weibo,0
回复@项羽BJ: 所以~新浪的校友们都在装看不见吗？[嘻嘻] @viewer613 @金某某 //@项羽BJ:哈哈哈哈 刁钻在哪啊……都是实话啊，确实没带V，但又确实承认是官方……哈哈。 //@youyoujill:外交官真会钻牛角尖 //@项羽BJ:哎呀，转个没V的官方……,1,qwen3-next-80b-a3b-instruct,test,zh,8,weibo,0
我根本很少用烤箱好嘛！这账怎么算我头上了？?//@颜小馨Datura: 就因为你老炫耀做吃的，我都买烤箱了。[泪],1,qwen3-next-80b-a3b-instruct,train,zh,2,weibo,0
明天一早去玉龙雪山，晚上居然感冒了，鼻涕止不住，这可是当年在西藏都没的事儿，海拔也不高啊，还是有点慌[抓狂],1,qwen3-next-80b-a3b-instruct,train,zh,1,weibo,0
#每日一惊蕾# 我记忆力还没退化吧？明明买了两双阿拉伯拖鞋，怎么就凭空消失了？[抓狂][抓狂][抓狂]听导游说宰羊节后广场上全是羊皮，街上血流成河[泪]太血腥了[汗]结果这些羊皮全成了各种皮具。 http://t.cn/zWZJaww,1,qwen3-next-80b-a3b-instruct,train,zh,3,weibo,0
直接破防了？这也太敢了吧//@被白羊附身的Jessie:无语！[衰],1,qwen3-next-80b-a3b-instruct,train,zh,1,weibo,0
[哈哈] 还没呢！~不过可以反馈一下，让公司赶紧进点货呗！[馋嘴][馋嘴][馋嘴],1,qwen3-next-80b-a3b-instruct,test,zh,2,weibo,0
[爱你]//@杨建国:转微博,1,qwen3-next-80b-a3b-instruct,train,zh,1,weibo,0
法律出版社因违法被封？！笑死人了。//@叶匡政: 现代文明的大型段子！[哈哈] //@黎学文的微博: 简直是土匪！ //@土家野夫: 看来压根没法律……呵呵 //@何兵: 心都凉了？ //@法律图书馆: 转发微博,1,qwen3-next-80b-a3b-instruct,train,zh,10,weibo,0
来挑刺啊！[抱抱],1,qwen3-next-80b-a3b-instruct,test,zh,1,weibo,0
爱你[爱你],1,qwen3-next-80b-a3b-instruct,train,zh,1,weibo,0
嘿嘿嘿[爱你],1,qwen3-next-80b-a3b-instruct,train,zh,1,weibo,0
不怕不懂行//@于月婷: 汽车房媒太香了，求收留！//@陈业文新大都: 有人笑就有人哭啊～媒体小伙伴速来！[偷笑]//@快乐江湖-杨清波: [哈哈] //@阿泽人生进行式: 真亮了！//@阿柳子鼓: //@且往昔: //@新闻晚报: 实习生的怨气都快溢出屏幕了......,1,qwen3-next-80b-a3b-instruct,train,zh,9,weibo,0
选车真挺关键的[哈哈],1,qwen3-next-80b-a3b-instruct,train,zh,1,weibo,0
各位潮汕晚宴开整啦VIP待遇 别错过@Mocha童 @勤劳的工作狂 @陈冠丹 @伊比利亚火腿 @梦游和逍遥 排骨竹荪香菇汤 蒜蓉开背虾 清蒸鲈鱼 开动[哈哈][哈哈][哈哈],1,qwen3-next-80b-a3b-instruct,test,zh,10,weibo,0
偶遇一只小白兔[兔子][爱你] 我在:http://t.cn/zYr0uLe,1,qwen3-next-80b-a3b-instruct,test,zh,2,weibo,0
又出新刊了，快来拿[嘻嘻] //@劳毅波广州大波波：@达文东西,1,qwen3-next-80b-a3b-instruct,train,zh,2,weibo,0
[泪]真的受不了这种画面,1,qwen3-next-80b-a3b-instruct,train,zh,1,weibo,0
都没吃过吧！//@250廖永鑫: 你家产品也太全了吧！//@李会革: 每次吃黑金刚莲雾，吃完手都得洗，汁多到流一手上，泪目[泪]@新张利 @子夏爸 @海南洪诺,1,qwen3-next-80b-a3b-instruct,test,zh,5,weibo,0
[衰]//@佳伦：我滴妈，整了这么多,1,qwen3-next-80b-a3b-instruct,train,zh,1,weibo,0
【中国当前四害】天涯微博@素心随缘 民间四害：吸毒.赌博.传销.富二代；政坛四害：会所.二奶.朋党.搞裙带；食品四害：地沟油.皮革奶.毒大米.农药菜；学术四害：造假多.署名乱.抄袭狠.剽窃快；地球四害：狂风.暴雨.地震.海啸；社会四害：贪官.污吏.奸商.砖家[抓狂]@夏友胜@咪咕音乐@亟兮般若@习习之,1,qwen3-next-80b-a3b-instruct,test,zh,2,weibo,0
[偷笑]今天安佳芝士+法芙娜巧克力安排上！@甘小喵Candy 你的心头好在这儿//@小小的南瓜丁: 人手一个？[嘻嘻]黑的白的是啥味儿啊？求安利@Qinglanlele,1,qwen3-next-80b-a3b-instruct,train,zh,3,weibo,0
回复@尼维尔的lucky:随时来啊 //@尼维尔的lucky:我也想吃玉米奶酪[泪] //@权金城-阿哲-韩美食达人:晚上别吃就能实现了[偷笑],1,qwen3-next-80b-a3b-instruct,train,zh,3,weibo,0
新的一周冲鸭！加油，锦江人！[爱你],1,qwen3-next-80b-a3b-instruct,train,zh,1,weibo,0
必须投！支持！[嘻嘻][嘻嘻][嘻嘻]//@玖食龙虾餐厅:回复 @我是贝蒂:谢谢！感谢大家支持！我们会更拼的[可爱][可爱][可爱][可爱] //@我是贝蒂: 投了！没犹豫！,1,qwen3-next-80b-a3b-instruct,train,zh,4,weibo,0
所以我就信了，人都是鬼变的…//@美国客:德国警察真牛。[赞]可惜加拿大1976年就废了死刑，这种恶魔关监狱还得单间关着，不然同监的犯人哪天被啃了都不稀奇。[衰]//@姜汉超Sax:我一开始就不觉得他在巴黎干过啥//@笛子小妖:法国警察太拉胯了！德国警察效率炸了,1,qwen3-next-80b-a3b-instruct,train,zh,1,weibo,0
回复@绚绚家-天然护肤品:[嘻嘻]//@绚绚家-天然护肤品:这啥啊看着超好吃[馋嘴],1,qwen3-next-80b-a3b-instruct,test,zh,1,weibo,0
国庆烟花太绝了！[花心][鼓掌]@法国旅游发展署,1,qwen3-next-80b-a3b-instruct,train,zh,1,weibo,0
@黄煌Heddy @琪琪liu776 哇！重庆人太会玩了！99块飞曼谷，赶紧多去几趟！//@猴儿亚亚: 真不是吹，重庆人这两年日子真不是一般爽！你见过这么低的国际机票吗？全中国就重庆有！就重庆！//@阿加汐: 我要疯了！立刻回重庆！//@土豆头m: 我裂开了~[哈哈][哈哈][哈哈][耶],1,qwen3-next-80b-a3b-instruct,train,zh,6,weibo,0
我终于找到真爱了，原来是个辣妹？[亲亲] －－萝卜白菜各有所爱！[哈哈],1,qwen3-next-80b-a3b-instruct,train,zh,2,weibo,0
[泪]//@mm-瑞：回来玩就差你了？//@田耀儿：[委屈]我也想摔！,1,qwen3-next-80b-a3b-instruct,train,zh,1,weibo,0
哇[赞] //@陆地食色：古老师[抓狂],1,qwen3-next-80b-a3b-instruct,train,zh,2,weibo,0
晚饭后瘫沙发上，瞅着这双手，真老啊…怎么这么糙了？十年后还得了？[挖鼻屎][失望][委屈],1,qwen3-next-80b-a3b-instruct,test,zh,1,weibo,0
好有文青味儿的地儿[嘻嘻]@黄小小钰 我在这儿:http://t.cn/zHecEW5,1,qwen3-next-80b-a3b-instruct,train,zh,2,weibo,0
//@张丁鹏: 这不就是标准的“房地产崛起”操作？空手套白狼，还套的是狼群，关键狼群还不报警[衰],1,qwen3-next-80b-a3b-instruct,train,zh,2,weibo,0
T_________T无语到哭.. //@博Bo儿:我直接泪崩！ //@hiheechul://@Moran是YoonJae邪教饭:[泪] 金在中[泪] 沈昌珉 //@不是左左丫://@浮云在哪里_Yoonjae:[泪],1,qwen3-next-80b-a3b-instruct,test,zh,6,weibo,0
欢迎回来again！！[鼓掌]//@中殷: 颜值在线，心灵更美！//@TORE烟语: [飞机]冲出俗世心飞扬，一枝[鲜花]辣梅墙外香！欢迎和谐回归！,1,qwen3-next-80b-a3b-instruct,test,zh,3,weibo,0
哈哈哈！笑到醒来了[哈哈],1,qwen3-next-80b-a3b-instruct,train,zh,1,weibo,0
#我不是明星#整点猛的[偷笑]//@霍尊:这咋整啊[嘻嘻][哈哈],1,qwen3-next-80b-a3b-instruct,train,zh,1,weibo,0
原来我们有奖啊～是他们不想给～[泪]//@??:十亿？原来乐蜂是个十亿都不给员工奖金还不发13薪的主儿啊！真牛@光头老薛 //@我本白丁: 真会编… //@lady嘎呗儿: 哪来的十亿？十亿就该有年终奖？！ //@明月几时有yy: @我本白丁 @lady嘎呗儿 @刘沛溢 @妖小情 @yvonne520,1,qwen3-next-80b-a3b-instruct,test,zh,11,weibo,0
水太清了，真想跳下去游一圈！[抓狂][抓狂][抓狂][抓狂][抓狂],1,qwen3-next-80b-a3b-instruct,train,zh,1,weibo,0
[衰]快疯了...,1,qwen3-next-80b-a3b-instruct,train,zh,1,weibo,0
张教授啥感受啊 @张济海 //@艺术部落-闻正: [good]老坑+金星+金晕+水波纹+眉纹全齐了，这体量真没谁了。 //@有福社长:[给力] //@艺术部落-闻正: 【歙砚王】寻有缘藏家，正在竞价中...私信我。 //@艺术部落-闻正: 有福社长帮我吆喝两嗓子[嘻嘻] //@有福社长: 瞧瞧闻正玩的啥好东西！ @公社小哥,1,qwen3-next-80b-a3b-instruct,train,zh,12,weibo,0
[鼓掌]//@边边小猫: @小予CAT,1,qwen3-next-80b-a3b-instruct,train,zh,2,weibo,0
没查到，补上了，43岁。不是官方啊，我看文联和曲协官网都没提，觉得这事儿挺大，就先破裤子伸腿，帮着预告一下。//@聂芒种:这盛小云是不方便说年龄吗？//@曲艺杂志半农:回复@安竹茶餐厅:让大家久等了！//@安竹茶餐厅:别走老路，别走邪路。[嘻嘻],1,qwen3-next-80b-a3b-instruct,train,zh,1,weibo,0
#风格无界##ELLE25周年艺术展# 尚雯婕现场首唱英文版《小星星》，感谢博主分享视频！[爱你],1,qwen3-next-80b-a3b-instruct,train,zh,2,weibo,0
回复 @田小雪sue：对啊！天天刷非诚勿扰，现在看到1210那期了，一点不落！[哈哈] //@田小雪sue:阿松最近超多看非诚勿扰啊！,1,qwen3-next-80b-a3b-instruct,train,zh,3,weibo,0
[鼓掌][鼓掌][鼓掌][鼓掌][鼓掌][鼓掌][鼓掌][鼓掌][鼓掌][鼓掌][鼓掌][鼓掌][悲伤][鼓掌]谢谢谢谢宝贝来啦。。。,1,qwen3-next-80b-a3b-instruct,train,zh,1,weibo,0
//@厦门软二网：工作失误？信不信由你！反正我们不信。//@darlingJay:[怒],1,qwen3-next-80b-a3b-instruct,train,zh,1,weibo,0
太逗了，非东北人真听不懂。好久没听这么纯正的东北话了。//@可乐好: [鼓掌]//@旷小勇的微博://@鲁健:[嘻嘻][哈哈][哈哈]哎呀妈呀，这咋还整成二人转了，我笑点也太低了吧，钳子别整犊子[哈哈]//@宋飞: [哈哈]//@Littlesongfei: [晕] //@巨蟹座蜜语:杰克一张嘴我就喷了.,1,qwen3-next-80b-a3b-instruct,train,zh,5,weibo,0
只知道吃不知道水果君长啥样的，自己去面壁！[嘻嘻]//@诗人安歌: 出答案啦，如下：1.榴莲；2.3.可可；4.莲雾；5.小果咖啡；6.杨桃；7.树菠萝（菠萝蜜）；8.莽吉柿(山竹)；9.菠萝(凤梨)。,1,qwen3-next-80b-a3b-instruct,test,zh,2,weibo,0
野菜没农药，真建议大家多吃野菜！[嘻嘻][嘻嘻][嘻嘻] //@有机农人张和平:回复@野菜煮妇: //@野菜煮妇:素菜也有农药啊 //@有机农人张和平:更多人看了开始吃素了 //@江水依城:吃素吃素。 //@有机农人张和平: 回复@Miablueapple:勤能补拙，我就爱这股劲儿,1,qwen3-next-80b-a3b-instruct,test,zh,7,weibo,0
回复@JoliePan: 原来如此。。。。全怪魔都了。。 //@JoliePan:回复@kobeyu8:一大早就起了，路太堵了嘛[泪] //@JoliePan:我也是[汗] //@萝卜fiona:我也是[汗],1,qwen3-next-80b-a3b-instruct,train,zh,5,weibo,0
谢谢CCTV，谢谢沃登卡，谢谢2002//@鸢尾: 哇，笑得超开心哦[可爱],1,qwen3-next-80b-a3b-instruct,train,zh,2,weibo,0
赶紧抢！@博斐秀禾王丹 //@彭涌_爱美食: 点评、美团、拉手、糯米全上线啦 //@博斐秀禾_杨文娟: 真的假的？[鼓掌][馋嘴] //@彭涌_爱美食: 快去抢一份 //@北京缩影:#北京美食#权金城~韩式烤肉，4人套餐~~,1,qwen3-next-80b-a3b-instruct,train,zh,8,weibo,0
#ClubVac趣味摄影大赛# 又一波神作上线了[偷笑]速去投票啊[good][good][good]猛戳http://t.cn/zQQj7qY[爱你]让你心水的作品插翅难飞[心][心][心][心][心][心],1,qwen3-next-80b-a3b-instruct,train,zh,2,weibo,0
[嘻嘻]懂了,1,qwen3-next-80b-a3b-instruct,train,zh,1,weibo,0
→_→//@征满: 你爸跑东莞去了//@改车志: 神级抓拍！[哈哈],1,qwen3-next-80b-a3b-instruct,train,zh,3,weibo,0
[哈哈]//@王赛赛: 真闪瞎眼~！//@刘新征: //@宋燕不v: [哈哈]//@柳剑诏: [哈哈]//@吴鑫: [偷笑]这也太离谱了吧,1,qwen3-next-80b-a3b-instruct,train,zh,6,weibo,0
[嘻嘻]@北京秦门 的肉夹馍，下午饿得扛不住就冲几个填肚子！,1,qwen3-next-80b-a3b-instruct,train,zh,2,weibo,0
你也晓得啦[泪],1,qwen3-next-80b-a3b-instruct,train,zh,1,weibo,0
记匈牙利一位搞笑的公交司机。[哈哈],1,qwen3-next-80b-a3b-instruct,train,zh,1,weibo,0
快点[哈哈][哈哈]//@中国好气色:等急了[爱你][爱你] //@岑思源: 快点吧[抓狂] //@KIMSUNMEE: 我也等不及了[嘻嘻] //@KIMSUNMEE: 回复@爱的分贝-HQQ:不是8点吗？就看那莫愁师搁那装模作样，等着看正经的[汗]//@爱的分贝-HQQ:等呢，我早就守在电视前了，不知道到长沙队时播不播爱的分贝的广告,1,qwen3-next-80b-a3b-instruct,train,zh,7,weibo,0
[鼓掌]于总真有感触啊[哈哈],1,qwen3-next-80b-a3b-instruct,train,zh,1,weibo,0
收工啦！收工啦！[鼓掌][鼓掌][鼓掌]今天爬了一天山，膝盖还没消肿，一直在喊救命[泪][泪]真的对不起啦，回北京一定给你们好好补觉[委屈][委屈] http://t.cn/zWfoTQ7,1,qwen3-next-80b-a3b-instruct,train,zh,2,weibo,0
沙发管家[抓狂],1,qwen3-next-80b-a3b-instruct,train,zh,1,weibo,0
[泪]烧的都是咱自己的，一群傻逼。//@e鱼阿鱼r: 天！[抓狂] //@鱼memory: //@幽壹: //@导演高晓舰: [怒]//@香山红叶飘:[吃惊][吃惊] //@华子:真疯了？,1,qwen3-next-80b-a3b-instruct,train,zh,7,weibo,0
自己做的？//@食?M：太夸张了吧[抓狂] 面包片厚得离谱 味道能行吗？,1,qwen3-next-80b-a3b-instruct,test,zh,3,weibo,0
就在新浪福建楼下，我浪的小伙伴有多少人领到啦[哈哈]要不咱把那只熊拐走吧，陪小浪作伴[馋嘴],1,qwen3-next-80b-a3b-instruct,train,zh,1,weibo,0
威爷快回吧，饿到不行了[泪] 我在这:http://t.cn/z8AUWNa,1,qwen3-next-80b-a3b-instruct,train,zh,2,weibo,0
真的好想全部拥有！！[泪],1,qwen3-next-80b-a3b-instruct,train,zh,1,weibo,0
痛心告别谭厨的川北凉粉，怕是被我们每次一人一盘抱著狂吃的样子吓跑啦[嘻嘻],1,qwen3-next-80b-a3b-instruct,train,zh,1,weibo,0
冲山药粉喝，吃出一块海绵[抓狂][抓狂][抓狂][抓狂][抓狂][抓狂][抓狂]这罐还是从台湾漂洋过海来的，我中大奖了！今天第一次吃，居然是密封铁罐[汗],1,qwen3-next-80b-a3b-instruct,train,zh,1,weibo,0
//@GOGO小萨: 小动物们走的每一步都太难了，我懂，求大家别伤害它们。[心]//@曹菡艾: 流浪不是它们的错，是人犯的罪！[泪][泪][泪],1,qwen3-next-80b-a3b-instruct,train,zh,3,weibo,0
#发现之旅#【2013亚洲十佳海岛】1．泰国涛岛Koh Tao；2．巴厘岛蓝梦岛Nusa Lembongan；3．泰国甲米Ko Lanta；4．龙目岛Gili Islands；5．菲律宾长滩岛；6．泰国普吉岛；7．泰国苏梅岛；8．菲律宾巴拉望(爱昵岛)；9．马来西亚兰卡威；10．印度哈夫洛克岛。还不冲？[嘻嘻],1,qwen3-next-80b-a3b-instruct,train,zh,5,weibo,0
潮女本潮，LV红包一拎气场全开！~衬衫：Marni；背心：Joseph；西装外套：Elizabeth and James；包：Louis Vuitton[爱你]【私享穿衣顾问微信：FashionTalent33】,1,qwen3-next-80b-a3b-instruct,train,zh,4,weibo,0
