text,label,multi_label,split,language,length,source,potential_noise
chỉ dân đen là khổ thôi . chả trách được họ khi cố gắng đi tìm may mắn ở nơi chùa chiền,0,human,train,vi,22,vsmec,0
thôi xong . chia buồn cùng quý quốc,0,human,train,vi,8,vsmec,0
per tao bị con mặt nồi này dí 2 lần táp vào chân bầm tím chạy muốn súc quần .. đang đi không làm gì nó nó cũng dí .. mẹ bà kkk,0,human,train,vi,33,vsmec,0
thanh xuân rồi cũng sẽ qua có những người trong ta mãi chẳng thể xoá nhoà !,0,human,train,vi,17,vsmec,0
một giây rung động con tim :))))),0,human,train,vi,7,vsmec,0
nóng cỡ nào nhĩ,0,human,train,vi,4,vsmec,0
thiết kế tinh tế quá,0,human,test,vi,5,vsmec,0
"buồn cho những ai thờ ơ , vô cảm trước một sự việc như thế .",0,human,train,vi,16,vsmec,0
"mất đi một di sản , chứng tích của lịch sử 😓",0,human,test,vi,12,vsmec,0
tao ấn tượng anh đầm hường ghê 😂,0,human,train,vi,8,vsmec,0
dở hơi,0,human,train,vi,2,vsmec,0
buồn quá buồn,0,human,train,vi,3,vsmec,0
moá hồi hợp chờ main thắng ai dè thua bởi cái mông huhu,0,human,test,vi,13,vsmec,0
mày xinh ghê vậy :d,0,human,train,vi,5,vsmec,0
đúng là chân thật luôn luôn tổn thương !,0,human,test,vi,9,vsmec,0
nguy hiểm lắm,0,human,train,vi,3,vsmec,0
xạo xạo ... thằng cải suốt ngày bị nó dụ,0,human,train,vi,10,vsmec,0
3 giờ sáng nằm xem xong khóc miên man 😢😢,0,human,test,vi,10,vsmec,0
"kết nó ở cái câu "" đất nước gia lai là một đất nước giàu tài nguyên , có anh per ""😑",0,human,train,vi,22,vsmec,0
lần sau nhìn thấy hắt nước tiểu vào người nó ngay,0,human,train,vi,11,vsmec,0
"đừng bao giờ sợ trở thành chính mình , bạn hãy nhớ bản gốc luôn có giá trị hơn bản sao",0,human,train,vi,21,vsmec,0
sao không ghé quán rồi nhờ người nhà cầm nón qua cho :))) tự làm khó mình vậy,0,human,train,vi,18,vsmec,0
tuổi thơ tôi bị ám ảnh mấy con ngỗng này . mấy con màu xám cứ mỗi lần đi học ngang qua ngõ nhà hàng xóm là nó đuổi . tao lại chạy thục mạng . cứ phải đắn đo mỗi lần qua đó xem có chúng nó không rồi ù chạy như ma đuổi . haizz tuổi thơ tôi ....,0,human,train,vi,61,vsmec,0
có người yêu coi bộ cũng vui 🙂,0,human,test,vi,8,vsmec,0
xem xong rồi mà có cảm thấy gì đâu ??,0,human,train,vi,10,vsmec,0
"đang tính đi nhổ răng khôn ( à quên , nó ngu chứ khôn đéo gì ..) nghe được cảnh báo này chắc không dám đi nhổ luôn .",0,human,train,vi,29,vsmec,0
tiên sư cái thằng ghép nhạc cười rớt mồm quả ghép,0,human,test,vi,11,vsmec,0
đời tao ghét con súc sinh này vãi .. nhiều khi tao tự vấn tao làm gì sai mà mỗi lần tao đi qua nó là y như rằng tao phải chạy như chó chứ không thể nào hiên ngang đi 1 cách như người bình thường,0,human,train,vi,47,vsmec,0
"đừng so nó với chó ., vì chó nhà tao cũng từng bị nó cắn rồi 🤧. nó đéo ' sợ bố con thằng nào cả .",0,human,train,vi,27,vsmec,0
có tất cả các vị mày niếm được,0,human,test,vi,8,vsmec,0
"nhìn là biết cái quả này fa lâu lắm rồi này , cũng may chưa đóng 🕸🕸🕸😂",0,human,test,vi,17,vsmec,0
nhiều khi nghĩ mình không phải con gái mà là 1 thằng đàn ông chính hiệu kkkk ....,0,human,train,vi,18,vsmec,0
"về thôi , nghỉ ngơi rồi nở rộ tiếp",0,human,test,vi,9,vsmec,0
dĩa bay . trả lại để tôi về,0,human,test,vi,8,vsmec,0
chỉ có trong truyền thuyết . mà khái niệm truyền thuyết trong ngữ văn lớp 6 là không có thật,0,human,train,vi,20,vsmec,0
per đây . cô gái bán hàng thú vị đây . phải xem cho hết,0,human,train,vi,15,vsmec,0
dume cho vào bảo tàng làm lồn gì -.- nhà khoa hc đã nghiên cứu sừng tê giác như móng tay của bạn thế sao không đem về mà chữa bênh đụ má rảnh ghê :((,0,human,train,vi,36,vsmec,0
mua thuốc ngoài thú y sức vào vài ngày nó không bám nữa,0,human,train,vi,13,vsmec,0
mở máy lên .. rồii lại đặt xuống ... cả ngày nay tôi đều như vậy để chờ anh nhắn chúc tôi .. giờ này chắc anh quên ngày này thật rồi .. cô đơn quá mức rồi đấy 😭😭,0,human,train,vi,40,vsmec,0
per trung thu đéo liên quan đến việc có gấu cho lắm bạn nhể .... nhưng mà lễ gì cũng thế thì đúng là bất hạnh mà huhu,0,human,train,vi,28,vsmec,0
1 lần thôi cũng đủ xao xuyến anh rồi,0,human,train,vi,9,vsmec,0
per đưa anh nè không cần năn nỉ . chỉ cần em cởi hết đồ ra thôi . đúng không,0,human,train,vi,20,vsmec,0
nhiều lúc ngáo ngáo thoải mái đến mức người yêu cũng đéo bằng nó và đến khi nó thổ lộ tình cảm thì tao đéo tin :v,0,human,train,vi,27,vsmec,0
tránh xa tao ra,0,human,train,vi,4,vsmec,0
tạm biệt ánh sáng của đời tao,0,human,test,vi,7,vsmec,0
giận con mẹ mày nữa chứ giận :),0,human,test,vi,8,vsmec,0
cười trước nỗi đau của người khác,0,human,train,vi,7,vsmec,0
và rồi xung quanh thắc măc rằng mày đã không còn là con gái từ khi nào,0,human,train,vi,17,vsmec,0
đéo hiểu sao có đứa nghĩ là cứ chơi với nhiều trai là bị sờ soạn kiến thức hạn hẹp vãi cậu ạ,0,human,train,vi,23,vsmec,0
"nói chung thánh này không ai ghét được , trừ hlv kkk , dễ thương gắp trăm thằng pogba ,,, mong cho thằng đó nhanh biến khỏi mu",0,human,train,vi,28,vsmec,0
chẳng bằng bố tao 13 năm tự nhiên hỏi bố biết tên con là gì không thì chần chừ một lúc rồi phun ra tên chị tao,0,human,train,vi,27,vsmec,0
dume sự nghiệp vứt đi đâu,0,human,test,vi,6,vsmec,0
nhưng vẫn tồn tại nhiều đứa con gái không như vậy mà ??,0,human,test,vi,13,vsmec,0
cô gái này thật dễ thương “ anh cứ nhắm mắt làm đại một lần thôi mà “ 😂😂,0,human,train,vi,19,vsmec,0
per ơ ơ ơ đây là đâu vậy,0,human,train,vi,8,vsmec,0
tại sao mày nằm viện mà vẫn xinh thế ??,0,human,train,vi,10,vsmec,0
per đi làm công tình yêu cẩn thận ăn uống nhé,0,human,test,vi,11,vsmec,0
may mà không mua laptop này không thì ăn lìn lâu rồi :(,0,human,train,vi,13,vsmec,0
những cái đáng làm không làm những cái không đáng làm thì làm cho tới,0,human,test,vi,15,vsmec,0
đơn giản 🙂,0,human,train,vi,3,vsmec,0
"hai đứa chia tay , tao nhảy vào .",0,human,train,vi,9,vsmec,0
"cái ly hương nó cũng cướp , hết biết nói gì luôn . 😑",0,human,test,vi,14,vsmec,0
mưa lắm các con giời ở nhà ngủ cho khoẻ nhé .,0,human,train,vi,12,vsmec,0
tình anh em thật đáng khâm phục 😍😍😍,0,human,test,vi,8,vsmec,0
không ngờ tin nhắn riêng tư cũng phải kiêng nể nhắn tin để lỡ có bị chụp vẫn thấy chả sao,0,human,train,vi,21,vsmec,0
lại đến giờ giải trí rồi mềnh ơiiii per =))))),0,human,train,vi,10,vsmec,0
cho bỏ cái ngu đậu xe ẩu tả .,0,human,train,vi,9,vsmec,0
"nhạc buồn quá . bài này là bài "" chia tay trong chiều hoàng hôn nắng úa màu "" - justin bieber cho bạn nào chưa biết nhé . :'(",0,human,train,vi,30,vsmec,0
mình bị say xe bạn à :(((,0,human,train,vi,7,vsmec,0
ăn ở cái gì huhu,0,human,test,vi,5,vsmec,0
có ai như tao không đọc đề thì quen nhưng lại quên phương pháp giải . chắc mất gốc rồi :((,0,human,test,vi,21,vsmec,0
:((( tôi vẫn chưa sẵn sàng để đi học mà,0,human,train,vi,10,vsmec,0
"lũ âm binh khí đụ này phải truy gấp , tao tính đi bơi mà bọn bây làm vậy mất mặt đàn ông chân chính bơi vì đam mê như tao quá 😡",0,human,train,vi,33,vsmec,0
khớp vãi =))))))) mặt con bé,0,human,test,vi,6,vsmec,0
hk động chạm nó cũng dí sấp mặt luôn rồi . dm . 😌,0,human,train,vi,14,vsmec,0
nó lại hợp lí vãi :v,0,human,train,vi,6,vsmec,0
per gần nhà c ơi . hic hic,0,human,test,vi,8,vsmec,0
"ở việt nam một số người không giàu đơn thuần , tiền của họ không biết từ đâu ra nên khi lập sân sau họ có thể chơi trò này .",0,human,train,vi,31,vsmec,0
rồi lỡ ai có bầu mà đi qua không biết nhảy kiểu gì nữa 😂😂,0,human,train,vi,15,vsmec,0
tôi đã giữ lại mấy cái giấy note đã ghi chú khi nào kiểm tra =))))),0,human,train,vi,16,vsmec,0
cách tốt nhất là đứng lên và chọn 1 nơi khác để tìm 1 thứ tốt đẹp hơn và dễ viết hơn :)),0,human,test,vi,23,vsmec,0
"tao ghét mấy thằng có tiền , nhìn ngứa mắt . tính kiểu gì cũng có chỗ không ra gì . có tiền là bố thiên hạ hả .",0,human,train,vi,29,vsmec,0
chia buồn cùng nước pháp,0,human,train,vi,5,vsmec,0
nếu địa phương không xây cầu thì người dân cũng có thể tự làm cầu cây mà . phóng lỡ hụt chân thì xác định nát người .,0,human,train,vi,28,vsmec,0
đọc bình luận mới thấy nhiều người hãm thật sự :))),0,human,train,vi,11,vsmec,0
chụp xong về chia tay ráng chịu :))),0,human,train,vi,8,vsmec,0
phim này thật ra hay nhưng không có tính thực tế . không hay bằng truyện .,0,human,train,vi,17,vsmec,0
ôi đàn bà là những niềm đau 🤣,0,human,train,vi,8,vsmec,0
các cô không chịu mở lòng thì sao chúng tôi lấy được ????? hả các cô gái,0,human,test,vi,17,vsmec,0
kinh vãi 😡,0,human,train,vi,3,vsmec,0
doume khó vậy mà cũng nghĩ ra được 🤣,0,human,train,vi,9,vsmec,0
đây là hình ảnh của boss trước khi có vợ và sau khi có vợ là một tr một vực,0,human,train,vi,20,vsmec,0
lúc thì cuốc đất è cổ ra không có giun mà câu cá 😒,0,human,train,vi,14,vsmec,0
"aaaaa con nhện 😨 "" aaaaaaa con ế !"" - nhện said 😂😂😂",0,human,test,vi,13,vsmec,0
"cưỡng hôn 200 nghìn , thu trăm tỷ phạt 5 triệu , đói trộm 2 cái bánh mỳ 45k phạt đi tù",0,human,train,vi,22,vsmec,0
ê có khi nào đọc bài này xong buồn cười quá cười toác hàm có khi nào đi bệnh viện không các cụ :v,0,human,train,vi,24,vsmec,0
làm nghề không có tâm 🙂,0,human,train,vi,6,vsmec,0
dm con già mà hành xử trâu chó . đời nó sẽ gặp báo ứng,0,human,train,vi,15,vsmec,0
con tao mà bị như này . cả nhà bon kia không quỳ mà xin thì xác con mẹ định luôn,0,human,train,vi,21,vsmec,0
"tính tao tao biết , chẳng có chuyện gì có thể làm tao phát điên cả",0,human,train,vi,16,vsmec,0
per hình như nhà bác có 01 chiếc thì phải ?,0,human,train,vi,11,vsmec,0
per c . bị tinh thần đi xem đi 👻,0,human,train,vi,10,vsmec,0
môi trường làm việc là yếu tố quyết định,0,human,test,vi,9,vsmec,0
mai xem lại phim nay . phim rất hay .,0,human,train,vi,10,vsmec,0
sắp được cống hiến cho tổ quốc rồi . vui quá ...,0,human,train,vi,12,vsmec,0
t chỉ muốn khoe là tao vẫn được nghỉ 1 tuần nữa =))))),0,human,train,vi,13,vsmec,0
dume nhát ma vậy ai coi,0,human,train,vi,6,vsmec,0
tán gái hay vãi,0,human,train,vi,4,vsmec,0
"nó dựng lên nó quay đấy , nghe giọng thằng quay như giọng 2 con bede hôm bữa đánh nhau ở quán nước",0,human,train,vi,23,vsmec,0
ông nào viết vui tính thế =)) cưng thật,0,human,test,vi,9,vsmec,0
"gặp chị này ngoài đời rồi , giọng nhẹ mà hiền lắm nuôn ❤",0,human,train,vi,14,vsmec,0
nhưng mà người khác nhìn vào bảo thế là lẳng lơ,0,human,train,vi,11,vsmec,0
"đừng nên thích mấy ông anh cơ bắp , sợ lắm 😆",0,human,train,vi,12,vsmec,0
"t đề nghị tụi mày trả cái đĩa bay cho con bé đi nghe , tới ca mà vào điều tra thì tụi mày mệt :))",0,human,train,vi,26,vsmec,0
"bác nói v thì tôi cũng xin thua , có tranh luận cũng không như không",0,human,train,vi,16,vsmec,0
cái này là ở đâu vậy ?,0,human,train,vi,7,vsmec,0
đù . ?????? sợ tụt lol,0,human,train,vi,6,vsmec,0
"thanh niên bỏ nhà theo trai rồi bầu bắt sen chăm , thứ hoàng thượng dâm tà",0,human,train,vi,17,vsmec,0
xin chúa thương xót chúng con,0,human,train,vi,6,vsmec,0
như lol,0,human,train,vi,2,vsmec,0
nước biển sao đục quá nhỉ,0,human,test,vi,6,vsmec,0
anh thích em rồi đấy 😂,0,human,train,vi,6,vsmec,0
loại không biết trân trọng những gì mik nhận được thì mãi mãi chỉ là những kẻ nghèo hèn bẩn thỉu 😒,0,human,train,vi,22,vsmec,0
"nhẹ tay quá phải hơn nữa , may mắn là nó chưa cắn ai hay làm gì ai",0,human,train,vi,18,vsmec,0
nhưng công nhận nhìn ngáo cỏ yêu thật =)),0,human,test,vi,9,vsmec,0
"hí hí . tiến sĩ cừu , thạc sĩ cừu ... chẹp chẹp 😃",0,human,train,vi,14,vsmec,0
"cưỡng hôn thì phạt 200 . lừa đảo , chiếm đoạt phạt nhằng 5 cu ( củ ).",0,human,train,vi,18,vsmec,0
vl thánh nào ghép nhạc lầy vãi,0,human,train,vi,7,vsmec,0
"mất 1 phút để say mê một người , một giờ để thích một người và một ngày để yêu một người nhưng có thể lại mất một đời để quên đi hình bóng ấy . đấy là câu xạo lol trong ngôn tình thôi chứ tin thế đéo nào được",0,human,train,vi,51,vsmec,0
per quan tâm per như là 1 đứa em gái thôi . đừng có mà ảo tưởng nha .,0,human,train,vi,19,vsmec,0
"đúng vô cùng , không cần biết làm mệt việc nhiều lương thấp ra sao , làm ở 1 nơi đồng nghiệp như những ngừoi chị trong gia đình , đi làm mà cảm giác thoải mái vui vẻ như ở nhà . nơi có thể ở 9 tiếng 1 ngày",0,human,train,vi,51,vsmec,0
má đớp chanh hùi hụi thế kia mà mặt không nhăn à,0,human,train,vi,12,vsmec,0
đánh cho lắm đéo thấm miếng nào khi main chỉ hất mông 1 phát bay mất tiêu :)),0,human,train,vi,18,vsmec,0
2 thằng chúng mày lại không làm gì được ư ?,0,human,train,vi,11,vsmec,0
ta sao khúc cuối cậu bé xịt nói chuyện hoa làm gì vậy,0,human,test,vi,13,vsmec,0
"đi viện mà tưng tưng ăn uống được là tốt rồi , mừng mày sớm ra viện nhé cô",0,human,train,vi,19,vsmec,0
thỉnh thoảng lại xem lại phim này quá hay và ý nghĩa,0,human,train,vi,12,vsmec,0
ý thức như lol . 😂😂,0,human,train,vi,6,vsmec,0
em nó đây nha các bác . kkkkk :))))),0,human,train,vi,9,vsmec,0
có khi nào là chủ tịch giả vờ không ?,0,human,test,vi,10,vsmec,0
công nhận già thật,0,human,train,vi,4,vsmec,0
nếu để ý kĩ thì lái tàu có thể bước xuống và kéo đường ray qua một bên rồi cho tàu bẻ tay lái một chút là cứu được cái xe . tiếc cái xe quá,0,human,train,vi,36,vsmec,0
sang năm quyêt định đi ngủ cho đỡ mỏi mắt,0,human,train,vi,10,vsmec,0
lụm điều cho ba má . 2 ngàn 1 ngày bỏ heo đất . thằng hàng xóm vô trộm mất . khóc lóc mấy ngày .,0,human,train,vi,26,vsmec,0
gia đình có nhưng tình yêu không thì sao,0,human,test,vi,9,vsmec,0
điện cho đứa bạn . đem mũ ra . coi ai hơn ai . kakaa .,0,human,train,vi,16,vsmec,0
t chỉ chờ đết lúc nó lôi ra xem được cục to như ngón tay không,0,human,train,vi,16,vsmec,0
yêuc nhau một cách tự do . tôn trọng sư riêng tư của nhau,0,human,train,vi,14,vsmec,0
khi bạn ngu tất cả các lĩnh vực như toán học văn học nhưng vẫn cố tỏ ra nguy hiểm,0,human,train,vi,20,vsmec,0
cái gì nó cũng có hạn sử dụng cả 🙂,0,human,test,vi,10,vsmec,0
nghĩ cũng tội mà thôi cũng kệ,0,human,train,vi,7,vsmec,0
lâu lâu mới có dịp ăn bánh trung thu mà gặp bán hàng halo thế này thì cho ế mẹ luôn không mua bán gì hết . xem ai bất hạnh hơn ?,0,human,train,vi,33,vsmec,0
nước tớ nhiều thành phần hãm lồn thế đấy các bạn ạ . tớ gặp là tớ còn ghét nữa là các bạn nước ngoài,0,human,test,vi,25,vsmec,0
vợ dùng phá quá nên boss mới thế 🤧🤧🤧,0,human,train,vi,9,vsmec,0
tao cười tao ỉa =)))))) hâhhahhahahahaha,0,human,train,vi,6,vsmec,0
làm như chỉ có chúng mày biết yêu nhau ý .,0,human,train,vi,11,vsmec,0
trong khi đó lũ con trai lớp tao mỗi lần cắt tóc xong là một vở kịch mới được mở màn :vv,0,human,test,vi,22,vsmec,0
còn tao thì còn không có nổi 1 người tỏ ra thân thiết quan tâm cơ . _ .,0,human,test,vi,19,vsmec,0
một câu chuyện cổ tích xiaolon đầy tính nhân văn !!!,0,human,train,vi,11,vsmec,0
chú này hay ở ngã tư hậu giang với phạm đình hỏ q6 thì phải,0,human,train,vi,15,vsmec,0
giờ cứ thành lập các tổ an ninh . bắt được bao nhiêu . chiên free cho các tiệm bia hết là bao tuyệt chủng 😂😂,0,human,train,vi,26,vsmec,0
tuổi thơ tao dùng n để nướng thằn lằn 😂😂,0,human,train,vi,10,vsmec,0
về nhanh thế,0,human,train,vi,3,vsmec,0
máy xay sinh tố chớ gì .,0,human,train,vi,7,vsmec,0
thật tình là rất xin lỗi anh ở trog video . hi vọng sẽ gặp đuợc anh để xin lỗi và tạ tội với anh . thật ra hộp quà trong video là của con lol per với người yêu nó tặng nhau dịp sinh nhật . híccc,0,human,train,vi,48,vsmec,0
đáng yêu quá,0,human,train,vi,3,vsmec,0
đag bị cuồng mấy video của chế này . ai có ngoài video này tag cho mình xem với nhé 😂😂,0,human,test,vi,21,vsmec,0
dume mặc dù tao rất yêu chó nhưng tao cũng sợ chó nữa :((,0,human,train,vi,14,vsmec,0
ở miền nam nó vẫn không được giá như trước nhưng cũng dư giả,0,human,train,vi,14,vsmec,0
ad hỏi thế này thì có khác gì giữa thịt lợn và thịt chó ăn món nào ? ad hỏi thế này là hơi coi thường chị em đó 🤨,0,human,train,vi,30,vsmec,0
chị khổ mấy cô giáo viên giám đứng ra tố cáo . sau này bị làm khó hoặc trả thù,0,human,test,vi,20,vsmec,0
chỉ tại nó không có ai để nói chuyện nên nói chuyện với mày giết thời gian thôi . ai bỉu mày tưởng tượng chi,0,human,train,vi,25,vsmec,0
buôn bỏ nhưng tình cảm ko thuoc về mình nua . bat đầu kiem tiên,0,human,train,vi,15,vsmec,0
cơm từ thiện không tốn tiền nên không biết quí trọng ý thức còn thấp quá,0,human,test,vi,16,vsmec,0
"má , sờ mông có cái mà táng bố ..??",0,human,test,vi,10,vsmec,0
anh tao làm trò đùa cho chúng mày à :'(,0,human,train,vi,10,vsmec,0
quá nguy hiểm,0,human,train,vi,3,vsmec,0
tôm này vào là nó diệt hết tôm bản địa luôn,0,human,train,vi,11,vsmec,0
con gái con đứa thứ gì vô duyên không mặc cả quần lót,0,human,test,vi,13,vsmec,0
cảm ơn mày đã khai phá cho tao thêm một nét văn hoá đẹp :)),0,human,test,vi,15,vsmec,0
hạnh phúc to nè,0,human,train,vi,4,vsmec,0
tao chỉ tag thế thôi mày hiểu thế nào thì hiểu per,0,human,train,vi,12,vsmec,0
vật chất quyết định ý thức,0,human,train,vi,6,vsmec,0
ủa xây cầu ngắt khúc để troll nhau à,0,human,test,vi,9,vsmec,0
thiệt là dễ thương quá đi mất . 💕,0,human,test,vi,9,vsmec,0
để anh dẫn em đi ăn nha :)),0,human,train,vi,8,vsmec,0
không phải crush :v nhưng mà nhìn ổng cười mỉm nhìn cute vãi -.-😑😆❤,0,human,train,vi,14,vsmec,0
"uống hết bia rồi mới về ,😂😂😂",0,human,train,vi,7,vsmec,0
"đấy , nó đấy . con tim tao đau quá .",0,human,test,vi,11,vsmec,0
"chưa muốn lấy , cơ hội vẫn chia đều cho tất cả các anh : ))",0,human,train,vi,16,vsmec,0
tao chắc chắn là cái sừng đã mọc,0,human,train,vi,8,vsmec,0
tội còn nặng hơn cả khẩu nghiệp nữa 😌😌😌,0,human,train,vi,9,vsmec,0
a cũng ở trong đây à,0,human,test,vi,6,vsmec,0
"ngày xưa toàn ăn cơm với nước mắt , ngày trước giận bố lắm , nhưng giờ mới cảm ơn bố vì như thế mới có mình ngày nay",0,human,train,vi,29,vsmec,0
"bọn tàu copy kịch bản phương tây , chắc bữa sau lại có mấy video make in việt nam như vậy và kịch bản tàu haha",0,human,test,vi,26,vsmec,0
bình tĩnh vãi_chưởng =)),0,human,train,vi,4,vsmec,0
hôm qua tao xem xong ngất xỉu tới giờ mới tĩnh chúng mày ạ 😌😌😌,0,human,test,vi,15,vsmec,0
an toàn cho mình chứ cho ai đâu mà cứ thích kiểu trốn tránh ấy nhỉ ..,0,human,train,vi,17,vsmec,0
hú hồn cái lồn còn nguyên :),0,human,train,vi,7,vsmec,0
per đến con nít chúng ta cũng không bằng là sao ......... tuổi thơ và tuổi thanh xuân nợ chúng ta quá nhiều thứ rồi 😭😭😭😭,0,human,train,vi,26,vsmec,0
yêu quá nè nè,0,human,train,vi,4,vsmec,0
vì bạn chỉ là con trai nắng hoặc em gái mưa thô :(,0,human,train,vi,13,vsmec,0
thế tao mới quyết tâm tìm ra facebook thật của nó để no hết đường lừa các em mới lớn đó,0,human,train,vi,21,vsmec,0
anh nói vậy với em lần nửa đi 🙃,0,human,test,vi,9,vsmec,0
khổ thân em ý .,0,human,train,vi,5,vsmec,0
sống với nhau đến cuối đời người ta cũng chỉ mong có vậy .,0,human,test,vi,14,vsmec,0
chưa kịp đặt chân đến chiêm ngưỡng nó ...,0,human,train,vi,9,vsmec,0
nhìn lũ trẻ yêu nhau mà lòng già xao xuyến,0,human,train,vi,10,vsmec,0
khang khang 1 thời cùng nhau vui say ! bjo thì khác rồi thân ai nấy lo hở chị hố hố ;)),0,human,train,vi,22,vsmec,0
hú hồn,0,human,train,vi,2,vsmec,0
và thế những thanh niên ô dâm vào bình luận về cô giáo mình như đúng rồi . nhân cách mất mẹ nó rồi,0,human,train,vi,24,vsmec,0
"vậy đấy , thế nên con gái mới toàn bị lừa =)))",0,human,test,vi,12,vsmec,0
gì mà ghê vậy 😑 sởn gai ốc,0,human,train,vi,8,vsmec,0
chỉ mong cảnh này sẽ không còn xãy ra ở xã hội này nữa . bất hạnh vậy đủ rồi 😞🙁,0,human,train,vi,21,vsmec,0
trước khi lấy vợ boss có một thân hình hoàn mĩ thế này đây,0,human,test,vi,14,vsmec,0
tuỳ người tuỳ loại,0,human,train,vi,4,vsmec,0
vì yêu người khác nên biết là ngu nhưng vẫn làm :(,0,human,train,vi,12,vsmec,0
nhà anh có cơ to nhưng óc anh bằng quả nho !!,0,human,train,vi,12,vsmec,0
chụp không biết bao nhiêu lần rồi,0,human,train,vi,7,vsmec,0
con này là con lợn hay con gấu hay con ong vậy ????,0,human,train,vi,13,vsmec,0
"theo mình thì không nên vì định kiến xã hội quá khắc nghiệt , họ sẽ bị tổn thương và nghĩ quẩn",0,human,test,vi,22,vsmec,0
per thế mà cháu tôi không biết chơi 😭😭,0,human,test,vi,9,vsmec,0
cậu bạn mẫu giáo năm ấy chép bài cho tao để tao khỏi bị thẻ tay giờ đang nơi đâu ???,0,human,test,vi,21,vsmec,0
"nói chứ uống đi , 1 ly thì giảm ăn một bữa sẽ không khiến mày phì đâu .",0,human,train,vi,19,vsmec,0
bạn này sau này sẽ khó bước qua cái bóng của vai diễn này 🙂,0,human,train,vi,15,vsmec,0
học xong 12 như hết thanh xuân có lẽ phải bỏ lỡ 1 người,0,human,train,vi,14,vsmec,0
hên là chay ra kip,0,human,train,vi,5,vsmec,0
:) cảm giác đó đau lắm các mày ạ,0,human,test,vi,9,vsmec,0
chủ tịch giả làm ăn xin và cái kết . đừng bao giờ coi thường người nghèo,0,human,train,vi,17,vsmec,0
là nhìn người ta đi cạnh 1 cô gái mà bất lực không thể làm gì ngoài việc ngồi nhìn và mỉm cười,0,human,test,vi,23,vsmec,0
nhờn :))),0,human,train,vi,2,vsmec,0
cứ tưởng là người yêu =)),0,human,train,vi,6,vsmec,0
"xã hội giờ nguy hiểm quá . có khi cái con mẹ kia mới là người có ý định bắt cóc trẻ con ấy chứ , hoặc chỉ một câu trêu đùa quái ác như thế cũng đủ mệt",0,human,train,vi,39,vsmec,0
đúng cát bà rồiii ~,0,human,train,vi,5,vsmec,0
tao mà ở đây là sợ rụng trứng luôn chứ đừng nói ăn,0,human,train,vi,13,vsmec,0
per trời đựu cầu hôn nó phải thế . đã đẹp trai còn có não,0,human,train,vi,15,vsmec,0
vẫn bình thường chán làm khách sạn nhọc nhục hơn 👻👻 xoạc nhau nước nôi máu me be bét ra 😭 kinh chết mẹ 😶,0,human,train,vi,25,vsmec,0
chời ơi gì vậy ở giây thứ cuối cùng anh em nha :))),0,human,train,vi,13,vsmec,0
"cái thứ 2 mình thấy lạ lòn , bạn gái người ta ăn , quên chỉnh tóc . người ta chỉnh lại tóc dùm bạn gái mắc gì 2 đứa nó thái độ 😑😑",0,human,test,vi,34,vsmec,0
nó ngáo đá . nay nó leo cột điện . mợ cứu nó xuống mai nó làm vài mạng người,0,human,test,vi,20,vsmec,0
dễ thương kinh khủng . bởi vậy mới nói mấy đứa yêu nhau là lầy nhất,0,human,test,vi,16,vsmec,0
chẳng là cái gì cả,0,human,train,vi,5,vsmec,0
tinh trùng của người ngoài hành tinh thật đáng sợ 👏🏻👏🏻👏🏻,0,human,train,vi,11,vsmec,0
"cái công ty thực phẩm cung cấp cho các trường mầm non thật quá độc ác . vì lợi ích cá nhân mà ảnh hưởng khủng khiếp tới các em . quá dã man . các người gây nên hoạ thì mai này đời con đời cháu sẽ phải gánh nghiệp đó thôi . gieo nhân nào gặt quả ấy , đừng tưởng bây giờ sống nhé nhỉ thế là không sao . đời còn dài lắm",0,human,train,vi,77,vsmec,0
cho con được thay ông bán vé đi 😔,0,human,train,vi,9,vsmec,0
"ờ đúng rồi , có thể chỉ là đang lợi dụng mày viết content free xong thích là sửa thôi hihi",0,human,train,vi,21,vsmec,0
con chó có đuôi . con người có ý thức . đm mấy thằng lol này ý thức đéo bằng con ruồi .,0,human,train,vi,23,vsmec,0
ông bà có đam mê .,0,human,train,vi,6,vsmec,0
nói thiệt là 10 người thanh hoá hết 9 người chả ra gì ...,0,human,train,vi,14,vsmec,0
bản thân quá hạnh phúc khi trong cs này rất . rất nhiều người mơ ước được như mình hiện tại . 😊😊😊,0,human,train,vi,23,vsmec,0
nhiều bạn cứ phán nọ kia nặng lời quá . chỉ là bạn ý có cách bóc phốt duyên dáng và hài hước thôi . chứ đâu có nặng nề như các bác nghĩ ..,0,human,train,vi,35,vsmec,0
boss mắc bệnh nghiện vợ 🤣🤣😭,0,human,test,vi,6,vsmec,0
hẹn gặp lại ngày vào một ngày không xa chúc ngài thượng lộ bình an,0,human,train,vi,15,vsmec,0
xuất sắc quá,0,human,train,vi,3,vsmec,0
có tâm mới có tầm haha,0,human,test,vi,6,vsmec,0
dme thần đèn ăn theo tổng đài vtc à,0,human,train,vi,9,vsmec,0
vì lợi nhuận con người ta có thể độc ác với nhau như vậy sao ???,0,human,test,vi,16,vsmec,0
per mình đi xem phim này nha em ơi,0,human,test,vi,9,vsmec,0
một lần chơi lớn để xem anh em có trầm trồ :3,0,human,train,vi,12,vsmec,0
chỉ sợ lúc nó dí,0,human,train,vi,5,vsmec,0
per chị ơi còn học được cả tiếng anh nữa luôn này :v hịn quá,0,human,train,vi,15,vsmec,0
"t cũng thế . đang ngồi chơi với con , vợ nó đắp mặt nạ lù lù bước vào . xém đái trog quần ??????",0,human,train,vi,25,vsmec,0
"video mờ thế còn xác minh được , thế còn lão per đến giờ vẫn im lặng là sao ? 🙂",0,human,train,vi,21,vsmec,0
hãy xử tù chung thân bọn người mất nhân tính gây ra nghiệp chướng này,0,human,test,vi,15,vsmec,0
khi đã đổ vỡ hàn gắn lại chắc gì đã được như lúc đầu :'<,0,human,train,vi,15,vsmec,0
gớm vãi :))),0,human,train,vi,3,vsmec,0
đã sợ chó rồi thì chớ lại còn bị đùa zai như này . ai sợ chó đã từng trải sẽ hiểu :v,0,human,test,vi,23,vsmec,0
chính những người như thế họ rất cẩn trọng khi bật xi nhan đấy,0,human,train,vi,14,vsmec,0
ngồi nhìn nó ngủ cũng thấy dth vler đừng nói cười 😌,0,human,train,vi,12,vsmec,0
phim này rất hay .,0,human,train,vi,5,vsmec,0
"wtf , tao đã làm gì sai ☹️☹️☹️",0,human,test,vi,8,vsmec,0
từ lúc đấy tao không ăn được các loại thịt ngan - ngỗng - vịt lun 😞 ám ảnh vãi,0,human,train,vi,20,vsmec,0
chúng ta nói với nhau nhiều quá nên bao giờ không còn gì để nói với nhau 🙂,0,human,train,vi,18,vsmec,0
bắt được rồi cho bọn này đi chết đi để chúng nó sống rồi làm hại người khác,0,human,train,vi,18,vsmec,0
dễ thương mà,0,human,test,vi,3,vsmec,0
nói xong còn chả dám ăn nữa 😂😂,0,human,train,vi,8,vsmec,0
năm nay thì đở hơn rồi kkkk,0,human,train,vi,7,vsmec,0
"nhớ lúc trước có thằng bạn học rất giỏi và đẹp trai , lớp phó kỷ luật lạnh lùng và tàn ác không thương sót ai , ghi hết vào sổ . chỉ riêng mình là có thể giật tập nó để chép bài và đánh nó không thương tiếc mà nó vẫn im lặng , không bao giờ bị nó ghi tên vào sổ . kiểm tra quay phao nó giục bỏ và canh cô đưa bài cho chép",0,human,train,vi,80,vsmec,0
nói thật :)) tao chỉ buồn cười khi chúng nó chia tay thôi :)),0,human,train,vi,14,vsmec,0
đội nào cũng xứng đáng hơi tiếc cho per,0,human,test,vi,9,vsmec,0
ngày xưa đi học văn và toán chắc noa dưới trung bình hết,0,human,train,vi,13,vsmec,0
"suốt ngày trật ray , còn hay không sự phù hợp hệ thống ray - tàu với hệ thống đường sắt vn",0,human,train,vi,22,vsmec,0
tự hỏi rằng những bạn nữ như thế nào thì họ có còn thích con trai không nhỉ 🤔,0,human,train,vi,19,vsmec,0
"nhìn một cái rồi thôi , chuyện của những năm trước",0,human,test,vi,11,vsmec,0
"thôi không níu giữ kí ức xa vời , và chẳng bao giờ thuộc về nơi em",0,human,train,vi,17,vsmec,0
nhiều lúc em di từ từ chưa kịp đỗ đã có n ra bảo không được đỗ ở đây chán qúa,0,human,train,vi,21,vsmec,0
nhìn đã thật,0,human,train,vi,3,vsmec,0
bóp dái thật mạnh xem còn dám sàm sỡ không,0,human,train,vi,10,vsmec,0
:))) ra thấy nó xấu chó thì lại về chặn số à,0,human,train,vi,12,vsmec,0
tao đang đọc cái lol gì đây :)) sao lại thành truyện giáo dục rồi dume,0,human,test,vi,16,vsmec,0
"mọe , chúng mày có thôi đi không ? :)",0,human,train,vi,10,vsmec,0
"như đi hiến máu chẳng hạn :3 , suýt thì được gặp :(",0,human,test,vi,13,vsmec,0
"khiển trách là bị mắng rồi má , lại còn bắt chép phạt ác thật",0,human,train,vi,15,vsmec,0
cuối cùng per cũng thành công rồi nha per nha,0,human,train,vi,10,vsmec,0
dcm . ngày bé tao sợ nhện vãi . xem phim thấy yêu tinh nhện,0,human,train,vi,15,vsmec,0
"chào em cô gái tháng 10 , em là nắng ấm giữa trời mùa thu ...",0,human,test,vi,16,vsmec,0
camry nhập thường cán bộ . mà cán bộ anh em hiểu rồi,0,human,train,vi,13,vsmec,0
"gym thì liên quan cặc gì đến bede , tuy gym nhưng người ta còn siêng tập nặng hơn mấy tụi bây nhé",0,human,train,vi,23,vsmec,0
dân kinh doanh khoái đi chợ này lắm nè,0,human,test,vi,9,vsmec,0
"có những con người luôn phải chịu đắng cay , cta không được chọn gia đình , bạn bè và càng không có quyền lựa chọn cuộc sống này . hãy vui lên với tất cả những gì ta đang có dù là hai bàn tay trắng",0,human,test,vi,47,vsmec,0
tăng sáng lên nhìn cho rõ mặt chứ,0,human,train,vi,8,vsmec,0
đến năm cuối đại học rồi lúc nhớ lại đéo có gì :)),0,human,train,vi,13,vsmec,0
cái cuối phê vãi,0,human,train,vi,4,vsmec,0
còn không ngồi xuống dọn phụ em nó mà ngồi bấm điện thoại,0,human,train,vi,13,vsmec,0
họ đáp vì phép lịch sự còn mình vì yêu mà chủ động vì quan tâm mà hỏi đủ điều ..🙁,0,human,train,vi,21,vsmec,0
"phải nói thằng lái xe đỗ quá thể , sau vụ này chắc sẽ khôn ra nhiều",0,human,test,vi,17,vsmec,0
nhìn ghiền 😘,0,human,train,vi,3,vsmec,0
per : để tao xem chúng mày hạnh phúc được bao lâu 😌,0,human,train,vi,13,vsmec,0
tiếc quá ! nguyên nhân,0,human,test,vi,5,vsmec,0
nghe lại bài này thấy chột dạ vãi,0,human,test,vi,8,vsmec,0
bà nuốt quả chuối tao cười tao ẻ,0,human,train,vi,8,vsmec,0
t coi đi coi lại mấy lần để xác định con nhện nó phóng qua tới cái điện thoại hay là nghệ thuật )))),0,human,train,vi,24,vsmec,0
lớn rồi nên biết trân trọng đừng suốt ngày phàn nàn,0,human,train,vi,11,vsmec,0
cặp này lầy mà dễ thương,0,human,train,vi,6,vsmec,0
tốt nhất là phải sử phạt thật nặng thì các trường hợp như vậy mới không tiếp tục xảy ra,0,human,test,vi,20,vsmec,0
"ngày chia tay , chúng tôi đã ôm nhau khóc",0,human,test,vi,10,vsmec,0
"chuyện ăn ốc đổ võ cũng đưa vô văn học =.=""",0,human,train,vi,11,vsmec,0
đây là thằng chó,0,human,train,vi,4,vsmec,0
đỡ mua cuốn sổ 5 ngàn =)),0,human,test,vi,7,vsmec,0
cái ảnh giống hệt mình :)),0,human,train,vi,6,vsmec,0
per nghe có vẻ hợp lí nhỉ ?,0,human,train,vi,8,vsmec,0
"năm nay mua cân na về nhà ăn dần , tối ra đường xem chúng nó dẫn vợ thằng khác đi chơi ... kaka",0,human,test,vi,24,vsmec,0
vô ý thức,0,human,test,vi,3,vsmec,0
quá tuyệt vời rồi các chàng traiiii,0,human,train,vi,7,vsmec,0
hồi bé bị ghiền mùi này :)))),0,human,test,vi,7,vsmec,0
dm . nó xấu cả tính lẫn nết bố đẻ . nó còn không chịu . được thằng nào bốc nó đi cái,0,human,test,vi,23,vsmec,0
bảo thẳng luôn dân việt nam nghèo còn bày đặt . không biết quý đồ ăn là gì . nói thì lại tự ái quay ra đôi co .,0,human,train,vi,29,vsmec,0
per tập gym xong để đi nhảy thế này à 😂😂😂,0,human,train,vi,11,vsmec,0
tao đây chứ còn ai,0,human,train,vi,5,vsmec,0
"ôi thôi , cưng quá :v",0,human,train,vi,6,vsmec,0
per cười tức bụng nà vợ 😄,0,human,train,vi,7,vsmec,0
"nó gieo cho tao mầm hi vọng , hi vọng vừa chớm nở nó đạp xẹp lép sự hi vọng bằg sự lặng im",0,human,test,vi,24,vsmec,0
quả này lại là nhà dột từ nóc rồi ;((,0,human,test,vi,10,vsmec,0
phạt 5 triệu ... pháp luật vn hay dữ,0,human,train,vi,9,vsmec,0
list này không có liệt kê công việc của dân chứng khoán sao ?,0,human,train,vi,14,vsmec,0
bếp thiiêu chân mày,0,human,train,vi,4,vsmec,0
cảm giác lúc đấy mình quá đáng vãi ra,0,human,train,vi,9,vsmec,0
bởi vì gặp nhau sai thời điểm nên tôi mất người mãi mãi ...,0,human,train,vi,14,vsmec,0
cái giống mắc zại nhất từng thấy :)),0,human,train,vi,8,vsmec,0
lại công cốc rồi . cả thế giới kì vọng,0,human,train,vi,10,vsmec,0
"không nghe lời cha mẹ , không ăn học , giờ đi hốt rác . không có giá trị trong xã hội , bày đặt chữi ai .",0,human,train,vi,28,vsmec,0
"hồi nhỏ chỉ khi nào mẹ làm bánh tai yến thì mới dùng tới bếp dầu hôi này , không là bỏ tủ để dành",0,human,train,vi,25,vsmec,0
đúng là cái thứ vô học,0,human,train,vi,6,vsmec,0
giống y con bạn tao :))) mặc dù nó không phải gvien hay gì cả nhưng nó khá trẻ trâu,0,human,train,vi,20,vsmec,0
làm kiểu không cần bẻ phê hơn =))),0,human,train,vi,8,vsmec,0
đó là những câu chuyện buồn mà :((,0,human,train,vi,8,vsmec,0
"khổ thân người dân , trước dự án cao su là dự án cà phê , làm thêm dự án nữa coi như một đời bỏ phí",0,human,test,vi,27,vsmec,0
không thuộc kịch bản chuẩn mẹ rồi,0,human,train,vi,7,vsmec,0
per mùa này mà làm cú mền này giữa trưa 40 độ hết sảy =]],0,human,train,vi,15,vsmec,0
đôi khi hạnh phúc chỉ là những điều giản dị nhất mà chả ai nghĩ tới 😊,0,human,train,vi,17,vsmec,0
"ủa bất ngờ đây , thanh niên nào đây =))))",0,human,train,vi,10,vsmec,0
chưa ai chịu được,0,human,test,vi,4,vsmec,0
khi nào đón bé về nhà nhớ chụp đăng lên cho bọn tao coi dung nhan thằng bé nha :vv,0,human,train,vi,20,vsmec,0
aeon tâm lý thế :)) mày . n vào mua que kem tránh nóng,0,human,train,vi,14,vsmec,0
crush tao vẫn còn trinh nhé 😘,0,human,test,vi,7,vsmec,0
chuẩn 😏😏😏,0,human,train,vi,2,vsmec,0
chuyện buồn quá chúng mày à . tao không dám đọc sợ làm quyết tâm có người yêu của tao lung lay 🙄,0,human,train,vi,23,vsmec,0
sau em này mà làm cô giáo ngồi kể chuyện hs lại há mồm ra nghe 😁,0,human,train,vi,17,vsmec,0
mối nguy hại đó,0,human,test,vi,4,vsmec,0
mé bọn trẻ bây giờ,0,human,train,vi,5,vsmec,0
lớp chúng mình rất rất vui anh em ta chan hòa tình thân =))),0,human,train,vi,14,vsmec,0
uầy . ngọt thế ??????,0,human,train,vi,5,vsmec,0
nếu bạn kinh doanh mà tôi đỗ xe trước cửa nhà bạn cả buổi thì đường của ai nhỉ,0,human,train,vi,19,vsmec,0
lúc nó điên lên nó chã triệu hồi cả nhà mày ra ấy chứ nhổn,0,human,train,vi,15,vsmec,0
"per 2 con hay cap màn hình nhất thế giới , nói chuyện với nhau toàn cười ỉ 🙄🙄🙄",0,human,train,vi,19,vsmec,0
cưng xỉu ??,0,human,train,vi,3,vsmec,0
tao thấy đéo có cái gì để tao cầm được cơn cười cđcm nó ! :)),0,human,test,vi,16,vsmec,0
nhưng đứa bạn thân đều là lũ khốn,0,human,train,vi,8,vsmec,0
giả sử mà bị thằng nào bỏ túi cả lọ nó có chửi không nhỉ,0,human,test,vi,15,vsmec,0
nói chuyện như người yêu ??,0,human,train,vi,6,vsmec,0
không biết vì sao họ vẫn cười nhưng mình thì khóc ...,0,human,train,vi,12,vsmec,0
nhà nó giàu vãi,0,human,train,vi,4,vsmec,0
vậy là hên rồi,0,human,train,vi,4,vsmec,0
cha mẹ tao còn cãi lộn nhau vì không biết ngày sinh tháng sinh của tao là dương hay âm 😢😢,0,human,train,vi,21,vsmec,0
cách xử lý của cô chủ nhiệm quá tồi .,0,human,train,vi,10,vsmec,0
nên công bố để răn đe,0,human,train,vi,6,vsmec,0
bác không ở lại làm tô phở đã 🙃🙃🙃,0,human,train,vi,9,vsmec,0
1 hình này thấy từ sáng đến giờ trên mấy page rồi 😑😑,0,human,train,vi,13,vsmec,0
không nổi thì mình chìm haha,0,human,train,vi,6,vsmec,0
mấy ai được như vậy ??,0,human,train,vi,6,vsmec,0
"nhớ hồi euro 2012 rực sáng trong màu áo tuyển ý , ghi mấy bàn mà bàn nào cũng thấy phê .",0,human,train,vi,22,vsmec,0
đã thử và rất thích thú 😆.,0,human,train,vi,7,vsmec,0
câu chuyện mọc sừng được bắt nguồn từ đó 😀,0,human,train,vi,10,vsmec,0
tao thấy buồn cười vãi :)),0,human,train,vi,6,vsmec,0
moá cưng quá ??,0,human,train,vi,4,vsmec,0
ác nhất là thằng quay phim . bảo đảm nó biết trước mà cố tình không nói cho tài xế biết để bỏ cái tật ngu .,0,human,train,vi,27,vsmec,0
2 - 3 tuần gì đấy . sao thế,0,human,train,vi,9,vsmec,0
sau khi xem ảnh này xong tôi quyết định ... mua honda :v,0,human,test,vi,13,vsmec,0
thương nhau còn chả hết dỗi nhau làm chi 😂,0,human,train,vi,10,vsmec,0
chòi má nói chuyện tình vãi =)))),0,human,train,vi,7,vsmec,0
nhìn vậy nhớ ông ngoại quá 😞,0,human,train,vi,7,vsmec,0
"chúc mày mau khỏi nhá , team thích ăn thịt gà như tao ??",0,human,train,vi,14,vsmec,0
per tự nhiên tao cảm thấy bị nhột nhột trong người mày ạ,0,human,train,vi,13,vsmec,0
có người sinh ra đã giàu có người làm cực khổ cũng không thể giàu . thương ông,0,human,test,vi,18,vsmec,0
hẳn là phạt 5 triệu luôn,0,human,train,vi,6,vsmec,0
per may cho bạn 😄😄😄,0,human,train,vi,5,vsmec,0
per cảm ơn mọi người . do em thích mấy cái văn hoá tưng vùng để tìm hiểu,0,human,train,vi,18,vsmec,0
may là tao dán kính cường lực,0,human,train,vi,7,vsmec,0
từ diễn viên đến ekip đỉnh vãi coi không sót giây nào,0,human,train,vi,12,vsmec,0
không ai cho không ai cái gì . đừng nghĩ rằng cho đi sẽ nhận lại được điều tốt đẹp,0,human,train,vi,20,vsmec,0
phải là người yêu tao thì sống chết tao cũng vả hết,0,human,train,vi,12,vsmec,0
úi giời khiếp quá !!!!,0,human,train,vi,5,vsmec,0
chuẩn rồi bác . :)))),0,human,test,vi,5,vsmec,0
trồi ôi mới đọc tưởng đâu người yêu,0,human,train,vi,8,vsmec,0
dễ thở hơn so với đề văn sáng nay 😂😂😂,0,human,train,vi,10,vsmec,0
tình yêu là sự mù quáng mà hix,0,human,train,vi,8,vsmec,0
"xời tưởng gì , cái này tao làm được =)))",0,human,train,vi,10,vsmec,0
mới ra mà nắm bắt nhanh thế,0,human,train,vi,7,vsmec,0
ghét 2 đứa này quá đi,0,human,test,vi,6,vsmec,0
ng ta nuôi vì niềm đam mê,0,human,train,vi,7,vsmec,0
con cháu thằng nào ra đường mà không dạy thế,0,human,test,vi,10,vsmec,0
muốn share về mà sợ bị bạn nè phẫn nộ quá,0,human,test,vi,11,vsmec,0
per đây là chúng mềnh 🤪🤪,0,human,train,vi,6,vsmec,0
2 thế kỷ mới xây được vậy mà chỉ trong 63 phút tiêu tan hết :(,0,human,train,vi,16,vsmec,0
nó ốm nhom thương ghê :(,0,human,test,vi,6,vsmec,0
"per may có con bạn đang giảm cân nhưng nó hiền , nó sẽ lao vào ăn cùng tao chứ không tát sấp mặt tao như vậy , phải không ?",0,human,test,vi,31,vsmec,0
"gặp một nhà nuôi 1 con chó với 2 con ngỗng , trời ơi chưa kịp vào nhà , con chó còn chưa sủa mà con ngỗng đã đuổi chạy vắt chân lên cổ rồi :'( nhục",0,human,train,vi,37,vsmec,0
per sự thích thể hiện của các bạn mà bóng đá per tốn một món tiền không nhỏ ! 😩🙏🤕,0,human,train,vi,20,vsmec,0
"chị ấy cười với tao kìa chúng mày , hạnh phúc ghê 😊",0,human,train,vi,13,vsmec,0
bọn rải đinh nó đéo biết xe đi nhanh mà bị xì lốp thì như thế nào ??? 😣😣😣 não lol,0,human,train,vi,21,vsmec,0
đánh rơi liêm sỉ trong 1 nốt nhạc,0,human,train,vi,8,vsmec,0
cho hỏi ngu tí là tiền bồi thươ ̀ người mấy vụ án oan lấy ra từ đâu vậy ??,0,human,train,vi,20,vsmec,0
dàn lông chân =))))),0,human,train,vi,4,vsmec,0
má tao coi mà chóng mặt ... cầu này rồi dành cho chân ngắn như tao chắc,0,human,test,vi,17,vsmec,0
nếu thấy phụ nữ quá phức tạp để hiểu và chinh phục thì đây là cách giải quyết vấn đề,0,human,train,vi,20,vsmec,0
địt mẹ không có cái loại nào nó ác man và tàn độc hơn là cái loại người . xem mà điên đéo chịu được,0,human,train,vi,25,vsmec,0
mày dek làm được ghen ak,0,human,train,vi,6,vsmec,0
chỉ có mấy thằng ấn ngáo ngơ vừa bẩn trông chẳng giá gì . đúng là lớp 1 trượt môn đạo đức vì tội không ju jin vệ sinh thân thể,0,human,train,vi,31,vsmec,0
chạy ngay đi 😨😨 trước khi bọn chủ tịch vào đây và giả làm con c * c gì đó rồi bị coi thường và tụi bay phải nhận cái kết đấy . 😬😬😬😬,0,human,train,vi,34,vsmec,0
em đi bộ chết mẹ đây này,0,human,test,vi,7,vsmec,0
tao cũng có ghệ và tao cũng dị ứng mấy trường hợp mắc mệt giống vậy,0,human,test,vi,16,vsmec,0
"cũng được nhưng cuối video nhai nhỏ tiếng hơn thì tốt . :""(",0,human,train,vi,13,vsmec,0
chúng mày có thể bỏ ra 30s thả tim vào avatar coi như lì xì muộn cho tao được không ? chưa bao giờ được 30 tim buồn v . lol 😭😭😭😭,0,human,test,vi,32,vsmec,0
per nhện kìa haha,0,human,train,vi,4,vsmec,0
"tao tự hỏi sao đứa quay phim nó lại quay đúng lúc thế , chắc chắn nó dự là sẽ nát con xe đó nhưng không nói :))",0,human,train,vi,28,vsmec,0
quay vào ô mất lượt :)),0,human,train,vi,6,vsmec,0
sao đi cắt tóc mà mắt nó từ đen sang xanh luôn vậy ?,0,human,test,vi,14,vsmec,0
"kết mỗi câu ru con ngủ để vợ đắp mặt nạ làm đẹp , 10đ chồng tốt =))))",0,human,train,vi,18,vsmec,0
càng thân thiết khi quay lưng càng đau lòng .,0,human,test,vi,10,vsmec,0
đứng dưới cây này chỉ sợ ngột vì mùi hoa sữa 😂😂😂,0,human,test,vi,12,vsmec,0
mày xuống thì xuống mẹ mày đi . ngứa cả mắt 😩😩😩😩😩,0,human,train,vi,12,vsmec,0
đằng nào thì điều hòa vẫn bật mà .,0,human,train,vi,9,vsmec,0
tưởng mai đi họp phụ huynh mới bị u ám . ai ngờ hôm nay mới biết điểm anh 9 . 5 thôi đã u ám rồi :),0,human,train,vi,28,vsmec,0
thương thương con =)) yêu ghê cơ ý cái mẹt hờn dỗi,0,human,test,vi,12,vsmec,0
quá kinh ngạc phá được mọi loại khóa luôn 😑😑😑,0,human,train,vi,10,vsmec,0
"lớn lên rồi ta sẽ tự hiểu .. "" tại sao ngày đó cha mẹ thế này thế kia với ta "" ...",0,human,train,vi,23,vsmec,0
"gia đình bọn này chắc cũng chả ra cái gì con cái mới thế , tội em gái bị đánh",0,human,train,vi,20,vsmec,0
per đã hiểu tại sao thằng bạn mình đam mê gym .. thì ra đây là nơi nó được sống thật với giới tính của mình ..🤣🤣🤣,0,human,train,vi,27,vsmec,0
"phim này quá hay . xem đi xem lại mãi không chán . đặt tay lên ngực "" mọi chuyện đều ổn "" câu nói kinh điển",0,human,train,vi,27,vsmec,0
"phải nói là hài tàu hay thật đấy , luôn li kì và khó đoán kết quả , ý nghĩa thì thâm sau . hihi thích rồi đó",0,human,train,vi,28,vsmec,0
không hiểu sao nhìu người lại thả haha nhỉ ??,0,human,test,vi,10,vsmec,0
đm phí hết sức :((,0,human,train,vi,5,vsmec,0
"bạn bè nói chuyện cũng chụp post facebook , vui không ?",0,human,train,vi,12,vsmec,0
phải giăt ba tay luôn hả,0,human,train,vi,6,vsmec,0
khi nào mình già rồi cũng như v nha per kkkkkkkkkk,0,human,train,vi,11,vsmec,0
hahah thú vị ghê hen,0,human,train,vi,5,vsmec,0
tết trung thu chứ có phải tết “ giao phối ” đâu mà cần gấu với chả gà 😌😌,0,human,train,vi,19,vsmec,0
hay lắm em êiiii,0,human,test,vi,4,vsmec,0
mấy thèn cức rảnh,0,human,train,vi,4,vsmec,0
đó là của bạn thôi bạn hài lòng với nó thì đâu có gì để nghĩ ngợi đâu,0,human,train,vi,18,vsmec,0
mặt thái độ vãi,0,human,train,vi,4,vsmec,0
ông này có võ thiệt 😁😁,0,human,test,vi,6,vsmec,0
chị lỡ mất 1 nhịp tim vì cưng đấy ❤️❤️❤️,0,human,train,vi,10,vsmec,0
bằng củi thì tao nấu suốt cho tới tận bây giờ còn bằng rơm thì chưa từng :v,0,human,test,vi,18,vsmec,0
anh em có thấy cắt video không . thấy xl quá,0,human,train,vi,11,vsmec,0
ngày xưa có 1 cái,0,human,test,vi,5,vsmec,0
"sản phẩm tốt đấy , có tính ứng dụng cao",0,human,train,vi,10,vsmec,0
xem mà rơi nói chuyện mắt khi ăn luôn 😭😭😢,0,human,train,vi,10,vsmec,0
"tội nghiệp , có rất nhiều em ở nông thôn bị như vậy 😢.",0,human,test,vi,14,vsmec,0
per quan trọng là phải có hội nói sấu sếp :v,0,human,train,vi,11,vsmec,0
cái lò tao ghét nhất,0,human,train,vi,5,vsmec,0
nhạc hay chứ lời xàm .. vậy cũng rần rần,0,human,test,vi,10,vsmec,0
xem xong hết cái video mà cảm thấy buồn cho cái xã hội bây giờ,0,human,train,vi,15,vsmec,0
má chủ dễ thương vậy tao cũng muốn xin,0,human,train,vi,9,vsmec,0
per nên mày hãy yên tâm về mấy con nhện nhé :))),0,human,train,vi,12,vsmec,0
"per huhu đúng quá nè :< sư phụ đi rồi , còn per thôi , đừng đi đâu nữa nhaaa 😢",0,human,train,vi,21,vsmec,0
nhìn giống mấy đặc vụ của cia . sợ thế :)),0,human,train,vi,11,vsmec,0
tư duy của họ hơn hẳn 1 cái đầu 👍,0,human,train,vi,10,vsmec,0
thực trạng học tiếng anh từ 6 đến 12 mà không biet giao tiep,0,human,test,vi,14,vsmec,0
và cứ thế tôi khóa lại 3 năm thanh xuân tươi đẹp của mình :),0,human,test,vi,15,vsmec,0
cô giáo là người nhà của mấy đứa đầu gấu à =))))),0,human,train,vi,12,vsmec,0
ph :)) phê hơn cả cần nhé . nên mua cái này về dùng tốt cho chó và người :))),0,human,train,vi,20,vsmec,0
per hihi nhớ không,0,human,train,vi,4,vsmec,0
lấy giẻ lau xong vắt chắc cũng được nửa,0,human,train,vi,9,vsmec,0
phải bồi thường thiệt hại bị trầy xước thân tàu . tiền sơn lại mấy toa tàu chắc cũng bộn .,0,human,train,vi,21,vsmec,0
chuẩn luôn khi ở công tình yêu toàn là các anh chị em đồng nghiệp tốt he he,0,human,train,vi,18,vsmec,0
nó mà là đặc vụ thật thì lại ngớ người 😂,0,human,test,vi,11,vsmec,0
chắc ông này không có vợ :)),0,human,train,vi,7,vsmec,0
con trai giờ mất giá v luôn hã mấy chế :))),0,human,train,vi,11,vsmec,0
nhìn mặt nó nhăn nhó khó chịu vãi,0,human,train,vi,8,vsmec,0
"per tiền bạc là phù du , quan trọng là tình nghĩa",0,human,test,vi,12,vsmec,0
chắc là năm lớp 4 5 gì đó :)) tao mua bánh kẹo đem vô lớp bán lẻ lại ... mỗi lần đem bán như vậy chắc cũng kiếm được lãi 2 - 30k 😂,0,human,train,vi,35,vsmec,0
tha cho cô chú đó đi,0,human,train,vi,6,vsmec,0
"đúng thế , ở đâu cũng được đâu nhất thiết phải ở đây",0,human,train,vi,13,vsmec,0
sao có thể từ chối lời tỏ tình dễ thương thế này ❤️❤️,0,human,train,vi,13,vsmec,0
"lại là lào cai , tự hào quê mình quá :))",0,human,test,vi,11,vsmec,0
tao chả nhớ ngày tháng năm sinh của mẹ tao và ngược lại :((,0,human,train,vi,14,vsmec,0
crush đéo bị thịt nhé :d nó cũng ế vãi vì tội chảnh chóa,0,human,train,vi,14,vsmec,0
rồi liệu nằm với vợ ông làm thế nào nhỉ,0,human,train,vi,10,vsmec,0
"hết cấp 3 , hết đại học và chỉ mới bắt đầu 1 cuộc chơi khác .",0,human,train,vi,17,vsmec,0
có cái ảnh tỉ năm trước cứ đăng đăng con cặc . đéo thấy nhàm à . nghĩ thôi thấy bất hạnh vãi .,0,human,test,vi,24,vsmec,0
câu chuyện của mày làm tao buồn quá,0,human,test,vi,8,vsmec,0
nhìn móng tay bác này mà tao thèm lòng chó quá per,0,human,train,vi,12,vsmec,0
bạn đã hiểu nổi khổ của mario khi mua vui cho bạn chưa :)),0,human,train,vi,14,vsmec,0
một bình luận của người trong cuộc . đọc xong thấy ấm lòng cho per !,0,human,train,vi,16,vsmec,0
vừa thấy thương vừa buồn cười vãi :))))))),0,human,train,vi,8,vsmec,0
con này tuổi gì với con nhái với con thằn lằn :))) per,0,human,test,vi,13,vsmec,0
nó cắn bạo hơn chứ ở đó xạo xạo,0,human,train,vi,9,vsmec,0
5 năm nữa tao phải đẻ được 3 đứa 😂😂😂,0,human,train,vi,10,vsmec,0
ra xong bảo anh ý ship em về nhà luôn được không . xe em bị hỏng mất tiêu rồi =)),0,human,train,vi,21,vsmec,0
ông định làm gì anh vợ tôi ?,0,human,train,vi,8,vsmec,0
"công nhận , thời xưa bệnh mà cũng vui vãi . :)))",0,human,test,vi,12,vsmec,0
hỏng rồi . dùng đồ như phá,0,human,train,vi,7,vsmec,0
cỡ nào anh cũng có thể chịu đựng được vì anh yêu em,0,human,train,vi,13,vsmec,0
:)) đéo hiểu sao mấy phim truyền hình của ấn xl vãi mà phim như thế nào thì lại qá hay,0,human,train,vi,21,vsmec,0
cái ngành tài chính của mình có chỗ dụng võ tốt rồi đây :)))),0,human,train,vi,14,vsmec,0
nổii da gà hic,0,human,train,vi,4,vsmec,0
quá sàm,0,human,train,vi,2,vsmec,0
ướp đông lạnh luôn à,0,human,train,vi,5,vsmec,0
ẹc lông chân mày mọc nhanh dữ =.=,0,human,train,vi,8,vsmec,0
thương vlll,0,human,train,vi,2,vsmec,0
bà chủ tịch giả mang thai và cái kết,0,human,train,vi,9,vsmec,0
yêu chết đi được .,0,human,train,vi,5,vsmec,0
không muốn yêu ai cả,0,human,train,vi,5,vsmec,0
chơi ngu vừa thôi mày,0,human,train,vi,5,vsmec,0
đến giờ tao vẫn chưa biết biển là cái gì ad ạ .,0,human,train,vi,13,vsmec,0
mày bị ngu hả đĩ chó :) hết chỗ viết à :) thích viết thì tìm chỗ nào đéo trôi á :) hoặc mua giấy về viết chứ địt mẹ viết rồi lại viết làm tao buồn mày :),0,human,train,vi,39,vsmec,0
đậu xe kiểu vô văn hoá .,0,human,test,vi,7,vsmec,0
cái đồng hồ mọi người cho em hỏi giá bao nhiêu ạ,0,human,train,vi,12,vsmec,0
cái khó ló cái khôn :))),0,human,train,vi,6,vsmec,0
may không đi,0,human,train,vi,3,vsmec,0
ba mẹ tao chửi tao tao chỉ biết câm họng và bưng tô cơm ra chỗ khác vừa ngồi ăn vừa khóc một mình cho dù biết răng mình k có lỗi 😭😭 !?,0,human,train,vi,34,vsmec,0
có án rồi đừng làm trò . anh hùng rồi lại quay lại trại đấy :))),0,human,train,vi,16,vsmec,0
nhìn bọn có người yêu khổ chưa kìa .,0,human,train,vi,9,vsmec,0
per đã thích phá game còn thích hổ báo,0,human,test,vi,9,vsmec,0
"điều tra nguyên nhân cái cái gì . vì hám lời nên coi thường cong nhân , răn đe chỉ béo tiền đút lót",0,human,train,vi,24,vsmec,0
ước mơ là không cần học cũng giỏi,0,human,train,vi,8,vsmec,0
tuổi thơ của tôi cũng từng có 1 người c . trai bỏ mặc tất cả để bảo vệ tôi 😘😘😘😘,0,human,train,vi,21,vsmec,0
đcm . mấy hôm này đi đâu cungz thấy chủ tịch . đéo ngán à ?,0,human,test,vi,16,vsmec,0
cho về hết chứ cứ lương không mà không làm thêm gì mà có nhà lầu xe hơi thì lấy ở đâu ???????? không phải đùn đẩy .... cho về hết bọn nó mới hết không tìm ra nguyên nhân .... không có sao phụ huynh dám nói ....,0,human,train,vi,49,vsmec,0
wao đáng yêuc vậy chời ơiiii,0,human,train,vi,6,vsmec,0
"thà biết rồi đau 1 lần cho tởn rồi thôi , chứ đừng để nỗi đau cứ day dẳn giằng xé mãi cả đời ☻",0,human,train,vi,25,vsmec,0
2 năm xa nhà rồi tao đéo được đi ????. năm sau nhất định đi,0,human,train,vi,15,vsmec,0
"chứ sao nữa , làm gì có chuyện người ta đỗ đúng mà lại gây tắc đường . chỉ có những người mắt hay bị ngứa cho rằng sẽ gây tắc đường thôi ạ",0,human,train,vi,34,vsmec,0
tự bỏ tiền ra trồng tự cạo mủ cho chắc củ,0,human,test,vi,11,vsmec,0
cũng muốn có những hành động đáng yêu nv,0,human,train,vi,9,vsmec,0
per nguy hiểm luôn rình rập xung quanh chúng ta :((,0,human,train,vi,11,vsmec,0
các bác cứ tích cực vào . em chả quan tâm,0,human,train,vi,11,vsmec,0
"bệnh quá , xấu mặt người dân 1 vùng quê đồng bằng bắc bộ",0,human,train,vi,14,vsmec,0
🙁 bị rớt tiền,0,human,train,vi,4,vsmec,0
per tôi đợi ngày nhận thiệp cưới của ông,0,human,train,vi,9,vsmec,0
"gặp cái này "" sun "" mẹ nó vào ... :))",0,human,test,vi,11,vsmec,0
tao nấu củi chưa nấu bằng rơm bao giờ 😪,0,human,train,vi,10,vsmec,0
chuẩn,0,human,train,vi,1,vsmec,0
ngu chưa . đăng lên để rồi bị chửi,0,human,test,vi,9,vsmec,0
cài lò xô huyền thoại,0,human,test,vi,5,vsmec,0
tôi cũng đi dạy . phụ huynh còn thiếu 250k kêu chuyển thẻ . không biết mai mốt chị còn nhớ mà chuyển cho mình nữa không đây,0,human,train,vi,28,vsmec,0
"quỳ vậy thôi có gì mà phạt giáo viên nhỉ , riết phụ huynh giờ thấy làm quá đáng thiệt",0,human,train,vi,20,vsmec,0
per chán quá,0,human,train,vi,3,vsmec,0
giờ cắt bộ móng đi cái tay vẫn cứ bị phế khó mà phục hồi được,0,human,train,vi,16,vsmec,0
per cái gì mình không làm được chứ đánh cái lũ đéo phải người thì mình làm tốt kkk,0,human,train,vi,19,vsmec,0
thính hơn chó động 1 tí là kêu inh ỏi điếc cả tai . đuổi thì đuổi dai 😒,0,human,test,vi,19,vsmec,0
t ngắm người yêu tao cười mà càng ngắm tao càng yêu lúc giận cơ nhìn muốn cắn cho mấy phát tao bị cuồng người yêu rồi cái,0,human,train,vi,28,vsmec,0
"nên chọn thằng không học bổng , vì thằng đó giàu hơn",0,human,train,vi,12,vsmec,0
nghe giống ổng là 1 nạn nhân . 😂,0,human,test,vi,9,vsmec,0
đéo bít sợ là gì đến lúc chết lại đổ cho tại số,0,human,train,vi,13,vsmec,0
nghe mãi mà vẫn thấy hay,0,human,train,vi,6,vsmec,0
ngu thì chịu,0,human,test,vi,3,vsmec,0
cmm lộ hết thông tin của người ta,0,human,test,vi,8,vsmec,0
"cái đoạn bôi son nhìn vớ vẫn , nghĩ sao dùng xong mà nó còn nguyên . vớ vẫn",0,human,train,vi,19,vsmec,0
các bạn trẻ ! người lớn có thể nghe thấy tiếng chó kêu mà không hành động gì để cứu vớt . các em thật đáng khen . cần những bạn trẻ nhân ái như các bạn .,0,human,train,vi,38,vsmec,0
idol có skill mới chất quá 😂 1 cú đánh mông thôi mà đối thủ bay sấp mặt luôn luôn 🤣,0,human,train,vi,21,vsmec,0
"dume về bố lại táng cho bờm đầu , có thể là lần cuối được đi xem đá bóng của cháu nó :))",0,human,train,vi,23,vsmec,0
hóng mãi cuối cùng bị cho leo cây 😒,0,human,test,vi,9,vsmec,0
dân chơi nhìn cái biết ngay 🤣🤣,0,human,train,vi,7,vsmec,0
"màu này lạ quá , kết hợp hài hòa đẹp quá",0,human,train,vi,11,vsmec,0
chó đã biết chê cứt,0,human,test,vi,5,vsmec,0
xem video không buồn cười lắm vì chửi thề quá xá .. cơ mà đọc bình luận của các bạn cười đã luôn . kkkkk,0,human,train,vi,25,vsmec,0
thế rồi cha lái xe có giả tiền không các bác,0,human,train,vi,11,vsmec,0
haha mắc cười quá ... nhưng thật chúng mày là tao rất sợ rắn ...,0,human,train,vi,15,vsmec,0
năm nào cũng phải ở nhà trông nhà :((,0,human,train,vi,9,vsmec,0
may mà còn gỡ lại được 1 miếng sắt lớn của tàu hỏa nó bung ra nên bán đi cũng đỡ được vài đồng . kaka,0,human,train,vi,26,vsmec,0
vì người dưng mãi là người dưng,0,human,train,vi,7,vsmec,0
chàng trai mạnh mẽ !,0,human,train,vi,5,vsmec,0
"per , nhơ cai thời sv ở tro , :)",0,human,train,vi,10,vsmec,0
nhiều lúc lắm câu hỏi ngớ ngẩn thật,0,human,train,vi,8,vsmec,0
"ngay bây giờ , chỉ cần anh thật lòng với tôi là được :)",0,human,train,vi,14,vsmec,0
cần địa chỉ để đặt một bạn người yêu có chiều cao như anh thứ 3,0,human,train,vi,16,vsmec,0
cái thứ súc vật,0,human,train,vi,4,vsmec,0
môn này đéo dành cho những người chân ngắn như tao :) bay qua chắc lọt mẹ xuống sông ^^,0,human,train,vi,20,vsmec,0
"thề , coi rồi mà xem lại vẫn buồn",0,human,train,vi,9,vsmec,0
ngu quá là ngu đậu xe gì mà sát đường ray tàu hoả thế chứ .? quả này người ta còn phạt thêm cho nữa chứ đâu phải lát xe mà xong đâu ..?,0,human,train,vi,34,vsmec,0
"có người cả đời ăn không hết lại có người thiếu ăn , thiếu mặc nhìn chán đời vãi",0,human,train,vi,19,vsmec,0
chỗ tao lắm đứa khó chịu vãi,0,human,train,vi,7,vsmec,0
hẳn lớp đó nhiều nữ lắm ha,0,human,test,vi,7,vsmec,0
"per hihi học ở đâu không quan trọng , quan trọng là bọn mình luôn có nhau hihi",0,human,train,vi,18,vsmec,0
nhà em có tính lắp không per,0,human,train,vi,7,vsmec,0
giống tao thế nhỉ ! 😑😑,0,human,train,vi,6,vsmec,0
"per ít bửa đi coi , trailer thấy hấp dẫn quá",0,human,test,vi,11,vsmec,0
đứa lồn nào vẽ cái ổ điện thế 😂,0,human,test,vi,9,vsmec,0
nam nhân nhà người ta kbh làm tôi thất vọng,0,human,train,vi,10,vsmec,0
con cái nhà ai mà bố mẹ chăm cho đẫy đà ngon ngọt thế,0,human,train,vi,14,vsmec,0
số tao không được ăn uống mà :((,0,human,train,vi,8,vsmec,0
"con nghiệt súc này mỗi lần tao đi đá bóng là 2 vợ chồng nó dí theo cắn bầm hết chân , thứ này thù dai kinh khủng , chiều nào nó cũng khởi động cho tao trước khi đá bóng ... con mẹ nó giờ tao lớn rồi , tay nghề nấu nướng cũng không tệ gặp mà dí theo là xác định tao quay nó vàng ương luôn =]]",0,human,train,vi,71,vsmec,0
per :v tại nhiều nơi đổ về nên đông lại càng đông . biết lối tắt thì còn đỡ chứ không thì mệt lắm,0,human,train,vi,24,vsmec,0
chưa bao giờ b đến đích là gì cả,0,human,test,vi,9,vsmec,0
tôi thấy tương lai của tôi trong bức ảnh này :d,0,human,train,vi,11,vsmec,0
phá làng phá xóm,0,human,train,vi,4,vsmec,0
a triệu mua quả báo thì quá rẻ mạt 😞 tiếc là luật có vậy 😏,0,human,train,vi,16,vsmec,0
tới luôn em ơi .,0,human,train,vi,5,vsmec,0
giận ngược trở lại chúng nó sớm chia tay thôi :))),0,human,train,vi,11,vsmec,0
"lông xấu , không mượt bằng con ngu kia được",0,human,train,vi,10,vsmec,0
haizzzz đó là 1 câu chuyện khá bùn,0,human,train,vi,8,vsmec,0
chúng mày cứ cười . dm mai gần đấy có biến lại thấy anh ấy trong bộ cảnh phục thì lại tung hô quả nằm vùng quá đẳng cấp 😂😂😂,0,human,train,vi,30,vsmec,0
"per đấu nhau to rồi , phen này hay",0,human,train,vi,9,vsmec,0
nhất định sẽ làm được,0,human,train,vi,5,vsmec,0
"bị đánh 1 lần thì hơi sốc , nhưng nhiều lần thì tâm hồn sẽ trở nên mạnh mẽ , cảm xúc nó mới đàn hồi",0,human,train,vi,26,vsmec,0
dume sao sao nó nói tiếng việt được vậy,0,human,train,vi,9,vsmec,0
vì chúng ta không nên nói chuyện với nhau nữa,0,human,train,vi,10,vsmec,0
chất lượng âm thanh bản này hình như nghe hay hơn bản gốc hồi mấy năm trước nhiều < 3,0,human,train,vi,20,vsmec,0
có gì mà vinh quang một bàn tay bị tật,0,human,train,vi,10,vsmec,0
"làm ở đâu không quan trọng , quan trọng là chị em mình mỗi ngày gặp nhau 9 tiếng cùng làm cùng ăn cùng ngủ chị ngoc thu hen",0,human,test,vi,29,vsmec,0
quả mặt dễ thương dữ vậy,0,human,train,vi,6,vsmec,0
per thuê kiểm kê tài sản do toà án làm bạn ơi . 😂 cả 1 nùi người làm cật lực đấy .,0,human,train,vi,23,vsmec,0
mai tao cũng đi ship mới được . có bài này áp dụng luôn .,0,human,train,vi,15,vsmec,0
"per nghe đồn mày yêu mèo , mà sao mày không đáng yêu :))",0,human,train,vi,14,vsmec,0
trong mv mà có tao đứng dưới mưa nữa thì buồn phải biết,0,human,train,vi,13,vsmec,0
dm đạp xe đã mệt lòi cứt ra xong còn hỏi hỏi cái beep,0,human,train,vi,14,vsmec,0
"cảm ơn nói chuyện nhật ! 1 nền khoa học , giáo dục , trí tuệ văn minh !! 😘",0,human,train,vi,20,vsmec,0
h chỉ pk nhìn họ bên người khác :((,0,human,train,vi,9,vsmec,0
tao lại sợ mày quá cơ :))),0,human,train,vi,7,vsmec,0
t chỉ sợ cảnh đấu kiếm :((,0,human,train,vi,7,vsmec,0
chi phí kiểm toán và thuê người tổ chức hòa giải chia chác thôi,0,human,train,vi,14,vsmec,0
tao cũng có 1 con đi lạc 1 tuần xong nó về bắt cho tao 2 con chuột làm tao mất ngủ xong hôm sau nó đi tiếp 😞 tao mong nó về lắm 😞,0,human,train,vi,35,vsmec,0
"mà hiệu quả bất ngờ quá , quá đỉnh .",0,human,train,vi,10,vsmec,0
phải có bao nhiêu tình cảm mới có thể viết ra được những dòng này ...,0,human,train,vi,16,vsmec,0
"ai thì tao không biết , chứ tao thấy tiền là đã có động lực phấn đấu rồi",0,human,train,vi,18,vsmec,0
nhìn stt đồng cảm khủng khiếp .,0,human,train,vi,7,vsmec,0
em thấy nó đúng đấy chứ,0,human,train,vi,6,vsmec,0
dễ thương vãi ♥♥♥,0,human,train,vi,4,vsmec,0
phải tôi đỗ lên vỉa hè giáp cửa nhà bạn bán hàng luôn . vỉa hè rộng thế kia cơ mà .??????????,0,human,train,vi,22,vsmec,0
cười sái mẹ quai hàm,0,human,train,vi,5,vsmec,0
""" tim anh em lấy em chơi , quả báo đến sớm em ơi ...""",0,human,test,vi,15,vsmec,0
đừng có xàm lồn trên này,0,human,train,vi,6,vsmec,0
mười mấy năm nữa tao cũng sẽ đạt kỉ lục thôi 😂😂😂,0,human,train,vi,12,vsmec,0
tao nghe nói đứa bé còn nhỏ là không được chụp hình đâu mày,0,human,train,vi,14,vsmec,0
nách kẹp cái gì ấy nhỉ các bác,0,human,train,vi,8,vsmec,0
mấy đứa thấy mình hiền nó làm tới hà .. quá đáng lắm luôn á !,0,human,train,vi,16,vsmec,0
tuổi thơ tôi toàn gặp những thằng mất dậy và toàn đánh nhau với chúng . tuổi thơ nợ tôi quá nhiều,0,human,train,vi,22,vsmec,0
"chấp nhận đau khổ , để đổi lấy hạnh phúc , mà tìm mãi hạnh phúc không đến thế mới đau em .",0,human,train,vi,23,vsmec,0
mặc váy kìa . thời trang ? hiện đại quá,0,human,train,vi,10,vsmec,0
vào siêu thi mua ghế masage chạy điện ra mà ngồi cho chúng nó choáng ! vừa đỡ mỏi chân lại khỏe người !,0,human,train,vi,24,vsmec,0
ức chế lắm cụ ạ . đi trong phố cổ còn chưa dừng hẳn đã bị gõ cửa xua đi .,0,human,train,vi,21,vsmec,0
má tao xem mà lo thằng quay phim tét không à ? có ai như tao không ?,0,human,train,vi,18,vsmec,0
gà này cho chó ăn mà . bọn mất dậy vì tiền nó giết chết dần chết mòn con nhà nghèo . địt bố bọn mắt dậy,0,human,train,vi,27,vsmec,0
vợ chồng rồi mà trong sáng như này chỉ có trong phim nhỉ 😂,0,human,test,vi,14,vsmec,0
cái kết hay nhất là đuổi khỏi dòng họ tiếp theo nhàm quá,0,human,train,vi,13,vsmec,0
hay ý nghĩa sâu sắc 🙂,0,human,test,vi,6,vsmec,0
"per chưa bị rượt mà đọc bình luận thấy sợ quá , chắc tao sợ chó không là gì với con này :)",0,human,train,vi,23,vsmec,0
tao kìm nén lâu qá rồi mà 😌😌 tức nước vỡ bờ thôi,0,human,train,vi,13,vsmec,0
cái cảm giác nhìn người thân mình khổ còn mình lại chẳng làm được gì giúp .,0,human,train,vi,17,vsmec,0
bài lồn đó nghe hãm vãi đéo hiểu sao lại thích,0,human,train,vi,11,vsmec,0
đây là cảnh dọn dẹp trong bar hay trong hotel vậy ?,0,human,train,vi,12,vsmec,0
ông luôn biết trước thời đại . 66 năm trước . ông biết mình sẽ được lập kỷ lục thế giới về bộ móng tay này . ông giỏi thật,0,human,train,vi,30,vsmec,0
tao hiểu cảm giác đó,0,human,train,vi,5,vsmec,0
cầu mong những công ơn sinh thành luôn mạnh khỏe .,0,human,train,vi,11,vsmec,0
dm thể loại xàm lồn,0,human,train,vi,5,vsmec,0
có ai xem đi xem lại như tao mà vẫn cười đéo nhặt được mồm không ạ :)),0,human,train,vi,18,vsmec,0
"bảng thống kê so sánh ngành nghề , vị trí lẫn lộn , vô giá trị .",0,human,train,vi,17,vsmec,0
"má , mặt đúng ngáo luôn 😂",0,human,train,vi,7,vsmec,0
nhiều tiền để làm gì ..... đạo đức xã hội thế này thì đi học đâm chém chứ học chữ làm gì nữa 😢,0,human,test,vi,24,vsmec,0
trời ơi ai nuôi chó mà để nó tội thế kia . đéo có trách nhiệm,0,human,train,vi,16,vsmec,0
bưởi chín nó như vậy đấy ngu ạ,0,human,train,vi,8,vsmec,0
thứ ba mẹ cho con và con nhận thấy đó là sự đức hạnh tấm lòng cao cả cam on ba mẹ rất nhìu,0,human,train,vi,24,vsmec,0
hi vọng trưa nay lúc ăn cơm vtv24 sẽ không đưa tin về bạn này ạ,0,human,train,vi,16,vsmec,0
hay . đỡ mệt,0,human,train,vi,4,vsmec,0
điềm báo gì đây,0,human,test,vi,4,vsmec,0
"3 idiots , bộ phim rất đáng xem",0,human,train,vi,8,vsmec,0
per học hành cho cố vào rồi mần sao như này đi,0,human,train,vi,12,vsmec,0
hahaa nhìn mắc cười vãi per,0,human,train,vi,6,vsmec,0
"mấy thằng dẫn gấu đi thì tránh xa đám đông ra nhé , đừng chen đẩy kiểu bố láo , thằng đẩy tao đã bị xơi cùi trỏ rồi đấy ,",0,human,test,vi,31,vsmec,0
per tao thấy mấy ảnh thật đẹp trai,0,human,train,vi,8,vsmec,0
đang họp nhớ gì không nhớ nhớ cái bếp,0,human,test,vi,9,vsmec,0
có khi nào mình thích anh hàng xóm vì mình thích con mèo nhà anh không nhỉ :<,0,human,train,vi,18,vsmec,0
sao mày không ngủ chung với cả mẹ mày và em mày ?,0,human,train,vi,13,vsmec,0
"lũ khốn nạn , giết người không dao",0,human,train,vi,8,vsmec,0
đang ăn . nói nói con cặc 😒😒,0,human,train,vi,8,vsmec,0
thương quá . géc nhất những người nuôi chó mà không chăm ... tội cho kiếp em nó gặp phải 1 người chủ như vầy . thân thương !,0,human,train,vi,29,vsmec,0
quá độc ác,0,human,train,vi,3,vsmec,0
gặp em tao mà bị đánh như thế thì mấy đứa đánh có mà chuyển trường trốn luôn hoặc quỳ lạy van xin tha :),0,human,train,vi,25,vsmec,0
kiện chết mẹ mấy con súc vật đó đi,0,human,train,vi,9,vsmec,0
dm đã mải đạp xe rồi còn hỏi hoi cái lol gì vậy ????,0,human,train,vi,14,vsmec,0
"nta nói đừng có nhìn mặt mà bắt hình dong nhg mà thực sự nhìn bả , tôi thấy cứ đanh đá , mưu mô , xảo quyệt kiểu gì ý , cảm thấy đây là con người không có hậu",0,human,train,vi,41,vsmec,0
"hay ho gì . 81 tỉ xây được bao nhiêu nhà cho hộ nghèo , trẻ em lang thang cơ nhỡ , trong khi đó dành 81 tỉ để bỏ nhau",0,human,test,vi,31,vsmec,0
bốc phốt khách thế không sợ mất khách à bác ??,0,human,train,vi,11,vsmec,0
đừng ai lấy cả hộp kẹp của anh ý nhé :(((,0,human,train,vi,11,vsmec,0
ngày xưa hồi còn học mẫu giáo mỗi lần đi qua là nó rượt tao chạy té khói dume còn thiếu nước chạy lại quỳ xuống van xin nó nữa thôi . đến giờ nó vẫn là nỗi ám ảnh với tao :)),0,human,train,vi,43,vsmec,0
như ốc bươu vàng thì là thảm họa rồi,0,human,train,vi,9,vsmec,0
per có thằng bị tao bắn từ đó không thấy họa mi hót nữa luôn,0,human,train,vi,15,vsmec,0
căng thẳg quá mà,0,human,train,vi,4,vsmec,0
đm ngu . cái nồi cơm điện chứ gì .,0,human,train,vi,10,vsmec,0
cái cây gia công sản xuất kém chất lượng quá :)),0,human,train,vi,11,vsmec,0
chủ tịch rả vờ ngu và cái kết đừng bao rờ khinh thường người khác 😂😂,0,human,train,vi,16,vsmec,0
sao trận này ông này khóc nhỉ :)),0,human,train,vi,8,vsmec,0
"còn tôi thì lại khác , thanh xuân của tôi chả có bây giờ gặp được aiii và hạnh phúc bền lâu cả :(",0,human,train,vi,24,vsmec,0
haizzz ... thế là chưa có kq gì tốt đẹp cả ..,0,human,test,vi,12,vsmec,0
đang bo cuối mà lạ có vị trí đẹp thì đúng là tuyệt vời :))),0,human,train,vi,15,vsmec,0
"ba cái đồ yêu , 1 ngày 2 lần nấu đây , ngon bá cháy bọ chét nhé , thơm mùi khói nữa …",0,human,train,vi,24,vsmec,0
cuộc sống mà =)),0,human,train,vi,4,vsmec,0
đây là lần cuối cùng các bạn nhìn thấy anh ấy :d,0,human,train,vi,12,vsmec,0
tao chả bao giờ làm thế,0,human,train,vi,6,vsmec,0
"đã dùng , nhớ quá ngày xưa",0,human,train,vi,7,vsmec,0
ngu . vào quán uống nước lúc nào thích đi thì gọi bạn mang mũ bảo hiểm tới,0,human,test,vi,18,vsmec,0
"căm thù , uất đến tận họng mà không biết phải làm gì ??? càng xem càng thấy đau lòng mặc dù không phải con mình . 1 xh thối nát , đồng tiền làm lu mờ nhân tính con người .",0,human,train,vi,42,vsmec,0
ủa vậy hả mới biết ta,0,human,train,vi,6,vsmec,0
mèo nhà tao gửi 10 ngày về ăn tết lên nó thành mèo hàng xóm này ( nhà hàng xóm bán cá ) :((,0,human,train,vi,24,vsmec,0
không biết có ai ở trong ngôi nhà không,0,human,train,vi,9,vsmec,0
"có hình ảnh rõ ràng kiện chúng nó tội quấy rối đi . mịe cái lũ khốn kiếp , hay ho lắm cái trò dơ bẩn 🤧🤧🤧",0,human,train,vi,27,vsmec,0
phố mày co ́ đô ̀ người nghiê ̣ p tô ́ tao ghê :))),0,human,test,vi,15,vsmec,0
đm lúc tao học đến chương đó nguyên tiết bà cô toàn chia sẻ kinh nghiệm chuyện tới tháng 🙂 đéo thú vị được như vầy :vv,0,human,train,vi,27,vsmec,0
"cô ấy rất tốt , nhưng tôi biết thứ nào tốt đều không dành cho mình",0,human,test,vi,16,vsmec,0
bài này hay quá,0,human,test,vi,4,vsmec,0
"ồ ! thật là bất ngờ , thật là thú zị , thật là liên quan ?",0,human,train,vi,17,vsmec,0
người lớn tuổi nhiều lúc rất dễ thương 😊❤,0,human,train,vi,9,vsmec,0
cười vãi ???????? mặt con bé cũng hài ghê,0,human,train,vi,9,vsmec,0
ra sông mò đồng xu cùng ông anh hàng xóm được khoản kếch xù :))),0,human,train,vi,15,vsmec,0
phải rọ mõm chủ mới đúng,0,human,train,vi,6,vsmec,0
kha ́ thông minh :)))),0,human,train,vi,5,vsmec,0
"đẹp quá mày , còn không cho tao xin ít",0,human,train,vi,10,vsmec,0
ko biết ai phối ra cái giống ngáo vô địch này nữa,0,human,test,vi,12,vsmec,0
sao em này lại xinh vậy ?,0,human,train,vi,7,vsmec,0
lựa chọn cách thức tuyển như thế nào thì tốt quá rồi,0,human,test,vi,12,vsmec,0
dhs nhìn thằng đầu tiên trông ớn vãi :| chị em bg thích style lạ ghê ta :| bá khí ????,0,human,train,vi,21,vsmec,0
per nhớ hội chị em vinmec quá :((,0,human,test,vi,8,vsmec,0
dẹp . đéo lưu luyến .,0,human,train,vi,6,vsmec,0
"t thề mỗi lần dọn phòng sn này thì banh kem , pháo kim tuyến . đủ các thứ . khóc mà bụt nó đéo lên",0,human,train,vi,26,vsmec,0
"có thể trường học không trọng dụng bác ý nên bác ý không muốn về , ý kiến riêng em",0,human,train,vi,20,vsmec,0
hành động đẹp,0,human,train,vi,3,vsmec,0
khoảnh khắc nhận ra đồng nghiệp mình is the best :)) nguyễn ngọc thái hiền,0,human,train,vi,15,vsmec,0
tình yêu không bao giờ là mãi mãi . rồi cây cũng chết héo mà thôi khà khà,0,human,train,vi,18,vsmec,0
"thiệt là cao minh , hahaaa",0,human,train,vi,6,vsmec,0
chời má . ngọt chết tao rồi :)))))),0,human,train,vi,8,vsmec,0
mất niềm tin vào đàn ông chứ chưa từng mất niềm tin vào tình yêu ;,0,human,train,vi,16,vsmec,0
thái độ lồi lõm có ngày răng rụng đầy đường đấy =)),0,human,train,vi,12,vsmec,0
"mình chưa từng thấy phim nào ý nghĩa như phim này cả , nó dạy cho ta về nhiều mặt trong cuộc sống , khi vui , khi buồn",0,human,test,vi,29,vsmec,0
nhận nhầm con cặc . phải nói là 10 thằng thì 1 thằng nuôi con thằng khác,0,human,train,vi,17,vsmec,0
tình phụ tử đúng là vô hạn,0,human,test,vi,7,vsmec,0
sao đúng bài mày kết vậy 🙁🙁🙁,0,human,train,vi,7,vsmec,0
cấm đỗ là việc của công an,0,human,train,vi,7,vsmec,0
"cà phê vần luôn cả với sa tế , thế là đủ vị đắng cay",0,human,train,vi,15,vsmec,0
cute vậyyyyy,0,human,train,vi,2,vsmec,0
bó tay luôn á,0,human,train,vi,4,vsmec,0
"ước gì mèo nhà mình cũng có thể về nhà như vậy , mất ẻm được 2 năm rồi :(((",0,human,test,vi,20,vsmec,0
số tiền ấy làm phước cho bao nhiêu người . đúng la dư thừa,0,human,train,vi,14,vsmec,0
"per bởi , đéo dám tán ai hay tỏ tình",0,human,train,vi,10,vsmec,0
"per một thời mình ở bên nhau 😘😘😘😘, nhớ ghê",0,human,test,vi,10,vsmec,0
per xem đi haha,0,human,train,vi,4,vsmec,0
người tài như vậy lại không được sử dụng đúng mục đích … quá buồn,0,human,train,vi,15,vsmec,0
sợ xanh mắt mèo,0,human,train,vi,4,vsmec,0
mink chỉ lo là nhà nước không đủ gạo nuôi mấy anh,0,human,train,vi,12,vsmec,0
đến câu nào có đáp số quen thì khoanh :)),0,human,train,vi,10,vsmec,0
bọn hại người không gươm không dao . bọn tiêu diệt nguồn lực tương lai của dân tộc . nên đưa tội thực phẩm bẩn vào khung tử hình đi . mong nhà nước thay đổi một số luật định đi .,0,human,test,vi,42,vsmec,0
hahaa ngọt vãiii :)),0,human,train,vi,4,vsmec,0
rồi các em cũng ăn cứt thôi :)),0,human,train,vi,8,vsmec,0
ở đâu cho tao làm vớiiiiii,0,human,test,vi,6,vsmec,0
"và cô gái ăn cái bánh vài năm vẫn chưa xong ,",0,human,train,vi,12,vsmec,0
per gặp tao chắc tao đái trong vần 😅😅,0,human,train,vi,9,vsmec,0
ích kỷ . cứ đường trước cửa là của nhà mình ah mà ra đuổi người ta,0,human,train,vi,17,vsmec,0
":)) đang ăn mỳ , không có trứng nhạt lắm , có rụnng thì xin vài quả !",0,human,train,vi,18,vsmec,0
"per trong vòng 4 tháng chắc anh chụp hơn trăm tấm , huhu , sợ quá 😱😱😱😢😢😢",0,human,train,vi,17,vsmec,0
"mỗi lần mẹ tao sai tao nhóm lửa , chắc tao nhóm hết 40 tờ giấy , và 1 tiếng sau mớii có lửa 😌",0,human,train,vi,25,vsmec,0
t được theo mẹ ra đây những 3 lần :v . uống no nước biển đs . phải công nhận nói chuyện biển đục vãi 🙄,0,human,train,vi,26,vsmec,0
t nghĩ thằng châu phi kia nó rất nhiều tiền,0,human,train,vi,10,vsmec,0
"đây là chỗ mấy đứa bây khoe khoang yêu đương đấy à , biết gió mùa về rồi không ??",0,human,train,vi,20,vsmec,0
quả nhiên chồng con nhà người ta đéo bao giờ làm tao thất vọng 😄,0,human,train,vi,15,vsmec,0
cần 1 thời gian dài thật dài nữa thì ý thức mới đi lên được,0,human,train,vi,15,vsmec,0
sao toàn gặp hãm không àh . gần nhất là thằng âm binh nhất,0,human,test,vi,14,vsmec,0
"thật tốt vì chú chó ấy đã tìm được người yêu thương nó , kiên trì để nó tin tưởng thật sự :"">",0,human,train,vi,23,vsmec,0
chắc ổng chỉ ngồi 1 chỗ và để móng lên bàn nv . chư tao nghĩ đi lại cũng khó,0,human,train,vi,20,vsmec,0
ng dân biết phải làm sao bệnh chồng bệnh,0,human,train,vi,9,vsmec,0
t không phàn nàn . t sẽ cố gắng giúp bố mẹ có được nhiều hơn 💪💪💪,0,human,train,vi,17,vsmec,0
tự nhiên nhớ cái cảnh 2 con bánh bèo bị ngỗng dí quá 😅😅 per,0,human,train,vi,15,vsmec,0
"nhớ trung thu năm ngoái , đứng nhìn các cặp tình nhân ôm hôn , nắm tay nhau ... chạnh lòng lắm !😞",0,human,train,vi,23,vsmec,0
nhìn hình vẽ khẩu trang lại tưởng 1 con mắt =)))))))),0,human,train,vi,11,vsmec,0
"nguy hiểm lắm , ngồi nhà lướt facebook thôi mà không cẩn thận thì mất tim lúc nào không biết",0,human,train,vi,20,vsmec,0
"xem mà đau lòng , đau lòng nhưng vẫn xem :((((",0,human,test,vi,11,vsmec,0
bạn có phải óc chó không ? chắc bạn không trả lời được đâu nhỉ . óc chó mà =))),0,human,train,vi,20,vsmec,0
bà mẹ nó @@ xem rùng con mẹ nó mình hơn cả phim ma .,0,human,test,vi,15,vsmec,0
"quá bản lĩnh luôn , người đáng nể , tiếc là anh ấy sắp bị tử hình rồi",0,human,train,vi,18,vsmec,0
"bạn trai tao cắt tóc xong cái đầu như cái đầu buồi , không lệch vào đâu được 🙂",0,human,train,vi,19,vsmec,0
vũ khí sinh học này mạnh thật !,0,human,train,vi,8,vsmec,0
đm trí tuệ vãi,0,human,train,vi,4,vsmec,0
ờ công nhận đáng sợ vãi 😭,0,human,train,vi,7,vsmec,0
đó cũng là cái cốt lõi cái then chốt thúc đẩy ông phát tiển sách lược của mình bằng cái tâm và cái tầm .,0,human,train,vi,25,vsmec,0
ra xã hội rồi mới biết mình còn may mắn hơn rất nhiều người vậy nên hãy trân trọng những gì mình có 😊,0,human,train,vi,24,vsmec,0
thích quá mấy má ơi ! @@@,0,human,train,vi,7,vsmec,0
"tao không khóc , tao nghĩ ... tao sau này có một phút nào đó muốn quay lại hay không ...",0,human,train,vi,21,vsmec,0
ngu như mày thì khỏe,0,human,train,vi,5,vsmec,0
per nhớ lần mua mộc ra bờ sông ghê . đã thế còn làm li đặc biệt . dm,0,human,test,vi,19,vsmec,0
nhỏ ngầu lớn lên nhìn bê đi =))),0,human,train,vi,8,vsmec,0
nguy hiểm đến với bao nhiêu bất cứ lúc nào,0,human,train,vi,10,vsmec,0
sao chúng nó dã man thế nhỉ,0,human,train,vi,7,vsmec,0
tưởng tượng như vừa lắp não thì lại rớt ... đại loại như vậy đó 🤣🤣🤣,0,human,test,vi,16,vsmec,0
chuyện nhà người ta mà cứ thích bới cả lên 😅😅😅,0,human,test,vi,11,vsmec,0
năm nay được nhận hoa và được ngồi nhìn người ta hạnh phúc,0,human,train,vi,13,vsmec,0
nghe hay,0,human,train,vi,2,vsmec,0
ui sồi ôi đốn tim vãiiiiiiii,0,human,train,vi,6,vsmec,0
ranh con mà láo toét . xem đến đoạn này mà phát bực,0,human,test,vi,13,vsmec,0
không biết luôn á,0,human,train,vi,4,vsmec,0
xem phim cười gần chết . mà thích cái bạn ma nữ hơn là na bong,0,human,test,vi,16,vsmec,0
😑 con trai chỉ thích gái lùn thôi . tao biết mà . nhưng cô gái cao như tao đi cạnh sẽ giống 2 thằng đàn ông lắm,0,human,test,vi,28,vsmec,0
"hôm nào đi học về cũng phải đi qa , nhà nuôi lũ này ở đỉnh dốc , đi học về tới chân dốc thôi là nghe lũ quỷ đó đứng đầu dốc đón đường bọn tao rồi . méo đạp xe lên dốc nổi , dắt xe lên dốc mà muốn vứt mẹ cái xe đạp để chạy lấy thân cho rồi :((",0,human,test,vi,64,vsmec,0
đcm hả hê cái lol gì chuyện này cơ chứ,0,human,test,vi,10,vsmec,0
đã tìm ra cụ tổ của những chiếc sừng,0,human,train,vi,9,vsmec,0
ôi cưng cưng quá,0,human,train,vi,4,vsmec,0
việt nam học tây chỗ này đây trách gì giờ toàn cô trò rủ nhau vào nhà nghỉ,0,human,train,vi,18,vsmec,0
thấy hơi sợ sợ rồi đấy :(,0,human,test,vi,7,vsmec,0
ngày xưa tao cũng viết nhưng bị chị gái đọc trộm từ đó dẹp mẹ nhật ký luôn,0,human,test,vi,18,vsmec,0
"chồng biết không , hihi",0,human,test,vi,5,vsmec,0
"nếu không làm được thì nghỉ đi để người khác làm . đừng để vì mình mà làm ảnh hưởng đến uy tín , danh dự , nhân phẩm của chị em trong ngành . 😌",0,human,train,vi,36,vsmec,0
có hôm tao đang vương nỏ tính bắn vào con họa mi đang đậu trên cành thì ai ngờ nó phản đame đứt thun dội ngược vào mặt từ đó tao không còn chơi nữa,0,human,train,vi,35,vsmec,0
per cái đó là ngu chứ thik đéo gì,0,human,train,vi,9,vsmec,0
áo xinh thế .. cho tớ mượn đi tiệc nhé !,0,human,train,vi,11,vsmec,0
ở đâu cũng có người tốt nè anh kkkk,0,human,train,vi,9,vsmec,0
lúc mày vui thì sao :))) những lúc buồn hãy nghĩ lại trước kia vui sướng !,0,human,train,vi,17,vsmec,0
gớm quá . nhớ lại lúc còn đạp xe đi học cán qua mấy lũ nay kêu bốp bốp rợn hêt cả da gà da vịt 🤢🤢🤢🤢,0,human,train,vi,27,vsmec,0
bài nhạc hay khi nó đúng tâm trạng ... nhạc hay !!!!!,0,human,train,vi,12,vsmec,0
này gọi là theo kịp thời đại :)))),0,human,train,vi,8,vsmec,0
"thương các bác quá , vất vả 10 năm trời mà bị như vậy 😭",0,human,train,vi,15,vsmec,0
đọc xong nước mắt ứa ra,0,human,train,vi,6,vsmec,0
yêu em mọa mọa 😘😘,0,human,train,vi,5,vsmec,0
mày không sai thì chẳng lẽ tao lại sai à ?,0,human,test,vi,11,vsmec,0
t thề hồi nhỏ qua nhà ông hàng xóm vá xe tao bị con ngỗng dí chạy xúc quần quanh nhà ổng vừa chạy vừa la làng tới giờ nhớ lại vẫn còn hãi 😧😧😧,0,human,train,vi,35,vsmec,0
nhìn bà cười thấy hạnh phúc quá ❤️❤️,0,human,train,vi,8,vsmec,0
dume đồng nghiệp gặp hlin thì chỉ muốn nghỉ thôi,0,human,train,vi,10,vsmec,0
đẹp quá 😆 vi diệu,0,human,train,vi,5,vsmec,0
chơi mất dậy . gặp tao là tiễn theo điện thoại luôn,0,human,train,vi,12,vsmec,0
chả có gì vui 😏😏😏,0,human,train,vi,5,vsmec,0
"ôi vãi , mày thật bất hạnh vì có lũ bạn như thế",0,human,test,vi,13,vsmec,0
không có bạn trai ... thì giận ai 😑😑,0,human,test,vi,9,vsmec,0
trời ơi . giết hết lũ xúc sinh liên quan đi . lũ giết người hàng loạt . yêu cầu thủ tướng đứng ra chỉ đạo vụ việc này cho dân . diệt tận gốc nhổ tận rể lũ súc vật này .😡😡😡😡,0,human,train,vi,43,vsmec,0
rửa bát cũng được nấu cơm cũng được giặt quần áo cũng được miễn là có ba mẹ vợ con là được . làm gì cũng được,0,human,train,vi,27,vsmec,0
nhìn thế thôi nhưng làm được video như này cũng khó lắm hay phết 🙂,0,human,test,vi,15,vsmec,0
sau mỗi cuộc chia ly người ở lại vẫn là người đau lòng nhất :((,0,human,train,vi,15,vsmec,0
đẹp quá v 😍😍,0,human,train,vi,4,vsmec,0
ngồi cười như dại =))),0,human,train,vi,5,vsmec,0
ổng quay thiệt mà sao chửi ổng thế . không quay sao máy bạn xem được đó :)),0,human,train,vi,18,vsmec,0
cải ngu lắm ... chưa ai ngu như cải tao thì không yêu đi yêu đứa vừa béo vừa lắm lông,0,human,train,vi,21,vsmec,0
dân trí thấp thế thì bao giờ mới phát triển đất nước được,0,human,train,vi,13,vsmec,0
"tao ước gì gặp được cái thằng chế ra con xe lead , tao sẽ tán cho nó sấp mặt luôn . 😒 còn video này tao hóng mãi lúc nó so ... mà đéo thấy haha",0,human,train,vi,37,vsmec,0
"con cần bảo vệ thì giết sạch còn con cần tiêu diệt thì lại đem nuôi , cuộc sống lạ lùng vãi 😕",0,human,train,vi,23,vsmec,0
người việt nam mãi mãi cũng chỉ là bọn hạ cấp so với nước ngoài vì ý thức như lol có 100 năm sau thì ý thức vẫn đel bằng,0,human,train,vi,30,vsmec,0
nhắn với người yêu còn đéo nhẹ nhàng như vậy =)),0,human,train,vi,11,vsmec,0
dẻo phết ... nhưng mà cái gì dẻo quá cũng không tốt ...😄,0,human,train,vi,13,vsmec,0
chuẩn bị đón chờ mùa nhiệt miệng lưỡi :v,0,human,train,vi,9,vsmec,0
per đọc nhầm con nhện thành con gián :)) thật khó hiểu,0,human,train,vi,12,vsmec,0
toàn mấy con lợn ký gửi với xách tay thì đợi đấy mà xếp hạng :)),0,human,train,vi,16,vsmec,0
nóng quá nên đổ lên cho mát thôi mà :)),0,human,test,vi,10,vsmec,0
nhìn cái bà này tôi chỉ muốn xoạc bà 1 cái . sao bà không là con trai nhỉ . ông trời quá là trêu người rồi,0,human,train,vi,27,vsmec,0
tuyệt thật,0,human,train,vi,2,vsmec,0
còn gì đau hơn,0,human,train,vi,4,vsmec,0
cái máy nghe nhạc nè,0,human,train,vi,5,vsmec,0
kinh dị vãi 😖😖,0,human,test,vi,4,vsmec,0
hóa chó nhiều quá thì cũng có lúc phải hóa thành người chứ =)))),0,human,train,vi,14,vsmec,0
khiếp quá có đẹp đẽ gì đâu chứ ?,0,human,test,vi,9,vsmec,0
lâu rồi chưa nghe ... nghe lại vẫn hay và ngấm như ngày nào :)),0,human,train,vi,15,vsmec,0
nóng tính quá hỏng viẹc - trẻ em rất thích ngọt mình nên nhẹ nhàng cương quyết mới được,0,human,train,vi,19,vsmec,0
điệt cao thế lên tầm này mà chưa chết nhỉ,0,human,train,vi,10,vsmec,0
ôi vãi mình lên fan cứng rồi cơ 🤗,0,human,train,vi,9,vsmec,0
tổ cha thằng viết kịch bản . mồi dâng đến miệng mà không cho ăn . bếp trưởng said,0,human,test,vi,19,vsmec,0
"vãi cả ngứa mắt :)). lập luận rất là có cái "" lí "" luôn . đấy , ngứa mắt là sai cả lí rồi nhé mấy ông đỗ xe =)))",0,human,train,vi,31,vsmec,0
per anh tặng vợ cái bát nha kaka,0,human,test,vi,8,vsmec,0
bé tí mà đã có múi rồi :))),0,human,train,vi,8,vsmec,0
thật vi diệu,0,human,train,vi,3,vsmec,0
rất cá tính :v,0,human,train,vi,4,vsmec,0
vẫn xinh đẹp dịu dàng trong mắt tao 😂,0,human,train,vi,9,vsmec,0
anh lỡ mất em rồi huhu,0,human,train,vi,6,vsmec,0
tôi từng trách bố mẹ sao sinh tôi ra trong hoàn cảnh này,0,human,train,vi,13,vsmec,0
đụ thế kia thì có khác nào mua cái bánh mà bị đứa bán hàng nó tạt cho gáo nước lạnh đâu 🙄,0,human,train,vi,23,vsmec,0
mình đã học được cách giả vờ như không nghe tiếng gì .. còn bị chửi dài dài cho tới khi trưởng thành hãy tập quen với điều ấy :)),0,human,test,vi,30,vsmec,0
"cái con yêu nghiê ̣ tao này hồi nhỏ nó phập vào đùi mình . lần đầu nhìn thấy nó tươ ̉ người nó cũng hiền hiền như con vịt , ai ngờ mới bươ ́ c lại gần là nó di ́ rượt mình . cái kết là bầm tím phần đùi . đến giơ ̀ thấy nó là auto né .",0,human,train,vi,63,vsmec,0
tội thằng per vãi,0,human,train,vi,4,vsmec,0
per có quẹo vào không em,0,human,train,vi,6,vsmec,0
tại con này xấu quá không nhận diện được khuôn mặt,0,human,train,vi,11,vsmec,0
liệu có bền lâu,0,human,train,vi,4,vsmec,0
vâng em gặp anh rồi mà giờ đây em vẫn cô đơn đi lang thang tìm những thứ vô nghĩa lấp vào nỗi cô đơn ấy,0,human,train,vi,26,vsmec,0
học xong lớp 12 tao chỉ mong 1 đều đừng bao giờ có họp lớp :))),0,human,train,vi,16,vsmec,0
người ta đỗ dưới lòng đường chứ đỗ vào nhà chị đâu mà van hóa gì . chủ thớt mới là người ấu trĩ lạc hậu nhé,0,human,train,vi,27,vsmec,0
bởi thế việt nam đéo bao giờ khá nổi về mặt ý thức được =)) nhờ mấy đĩ này chứ đâu :v,0,human,test,vi,22,vsmec,0
ra tới cổng tao nói ha xấu cái chắc tao cười ỉa,0,human,train,vi,12,vsmec,0
xem cả chục lần vẫn thấy hạnh phúc lây với cụ bà 😊 không biết mai sau mình có được vậy không,0,human,train,vi,22,vsmec,0
oaaaaaaa ...... thực sự rất tạo động lực và niềm tin cho người khác đó < 3 rất thích nụ cười và sự thoải mái tự tin của anh chị < 3,0,human,train,vi,32,vsmec,0
per nhìn nó gớm những vẫn khoái coi . thú vui biến thái dễ sợ,0,human,train,vi,15,vsmec,0
mày không được ăn đồ chua nhưng phòng toàn xoài chua :(,0,human,test,vi,12,vsmec,0
per ơi nhột nhẹ kkkkk,0,human,train,vi,5,vsmec,0
per tổ đội đánh rắm vào mà xem,0,human,train,vi,8,vsmec,0
per vợ thích bếp ga mini hay loại bếp ga đôi nào 😂😂😂😂,0,human,train,vi,13,vsmec,0
có những ngày làm tới đâu là sai tới đó :)) muốn tát vào mặt hết sức,0,human,test,vi,17,vsmec,0
"thiệt ra bạn mày đẹp hơn , vì màt chỉ được cái lưng dài lười biếng thui 🙃🙃",0,human,train,vi,18,vsmec,0
chỉ ước về sau mình được vay,0,human,train,vi,7,vsmec,0
tao chơi với con trai nhiều nên tao mất lòng tin vào con trai rồi,0,human,train,vi,15,vsmec,0
chạy xe hơn 40 ' chỉ để chạy ngang chỗ crush làm nhìn 1 cái rồi về :) đến giờ vẫn vậy cứ rảnh là chạy vô nhìn cái rồi về :),0,human,train,vi,32,vsmec,0
per tự nhiên thấy mình hơi thất đức,0,human,train,vi,8,vsmec,0
móng dài thế lúc đi ỉa xong làm sao xịt nước . xịt nước 1 tay còn tay kia phải rửa đít mới sạch được chứ . khả năng cao ông này dùng giấy chứ không dùng vòi xịt,0,human,test,vi,39,vsmec,0
tao toàn bạn gái mà sao vẫn tưng tửng nhể ???,0,human,train,vi,11,vsmec,0
thấy tội em thỏ bị ăn đòn tới tấp,0,human,train,vi,9,vsmec,0
thêm cả trò mắt mèo khốn nạn nữa,0,human,train,vi,8,vsmec,0
tiên sư bố nhà mày . tao chịu hết nổi rồi nhé 🤤,0,human,test,vi,13,vsmec,0
1 bạt tai 2 đạp chứ ở đó bướng,0,human,train,vi,9,vsmec,0
đã nuôi thì nên chăm sóc bé cẩn thận ??,0,human,train,vi,10,vsmec,0
"ảnh đẹp lắm , nhưng không có những người khổ này thì sẽ đẹp hơn 🙂",0,human,train,vi,16,vsmec,0
per tao cứ thấy giống giống mày :))))),0,human,train,vi,8,vsmec,0
per làm gì quên được kkkkk,0,human,test,vi,6,vsmec,0
dễ thương hết sức ??,0,human,train,vi,5,vsmec,0
trải qua một cuộc bể dâu . những điều trông thấy mà đau đớn lòng,0,human,train,vi,15,vsmec,0
thằng khốn nạn,0,human,test,vi,3,vsmec,0
sư tử chứ dễ thương q . q gì,0,human,train,vi,9,vsmec,0
làm chung với con mẹ ngáo là phải chuyển đi liền :) per ngọc kiều dung,0,human,train,vi,16,vsmec,0
sáu múi đâu rồi,0,human,train,vi,4,vsmec,0
"trung thi thì liên quan mẹ gì đến việc có gấu , tao thà ngồi nhà cho khỏe để xem mấy thằng đó dắt vợ của thằng khác đi chơi !!",0,human,train,vi,31,vsmec,0
kính thủy lực là kính gì bạn ơi,0,human,train,vi,8,vsmec,0
mấy thằng củ lol việt nam nhảm nhí :)),0,human,train,vi,9,vsmec,0
cay đắng đến cùng cực và hạnh phúc đến tột đỉnh . chỉ là mình có quyền lựa chọn nó hay không thôi,0,human,train,vi,23,vsmec,0
"tôi xin nhắc lại , đây là một câu chuyện buồn",0,human,test,vi,11,vsmec,0
mua con lợn 5 chục lì xì được có 40 nghìn mất thời gian tốn cả tiền bạc 😂,0,human,train,vi,19,vsmec,0
trẻ ăn cơm mốc thì thầy cô mới có phơ ăn .,0,human,train,vi,12,vsmec,0
"ko phải con mình , mà xem còn thấy đau như vậy huống gì người trong cuộc . thật là phẫn nộ mà . cơ quan chức năng làm việc quá chậm trễ , đến giờ mà vẫn chưa tìm ra người chịu trách nhiệm . 😠😠😠😠😠😠",0,human,train,vi,47,vsmec,0
xem chỉ đợi đến đọan nó ngã để cười :)))),0,human,train,vi,10,vsmec,0
sao tao thấy đa phần mấy đứa con trai cắt tóc xong nhìn ngáo đéo chịu được vậy =))).. cười tét cả hàm chứ đùa,0,human,train,vi,25,vsmec,0
vẫn là cái thói đối tốt với người ngoài và làm đau người thân quanh mình !,0,human,test,vi,17,vsmec,0
coi xong đoan này . tao thấy nhớ nhà vô cùng 😭,0,human,train,vi,12,vsmec,0
kinh quá . đau lắm đây . mà nhìn nổi hết da gà ra .,0,human,train,vi,15,vsmec,0
"còn những người bình thường rất dữ , thật ra họ hiền lắm , nội tâm lắm",0,human,test,vi,17,vsmec,0
"lúc đầu tưởng con ma , nó đi tẩy trang xong hiện nguyên hình đếu phải ma mà là con quỷ cái",0,human,train,vi,22,vsmec,0
đôi khi thích nói chuyện chỉ vì nói chuyện hợp và vì thích nói chuyện chứ thật ra chả phải yêu đương hay thích kiểu trai gái gì,0,human,train,vi,28,vsmec,0
"tuyệt vời , chỉ cần họ thấy vui và hạnh phúc",0,human,train,vi,11,vsmec,0
"kinh hồn , sao chủ nó có thể để nó như v được nhỉ",0,human,train,vi,14,vsmec,0
cười như cục cức trôi sông lạc chợ 😏😏👌,0,human,test,vi,9,vsmec,0
lại là bà hàng xóm 😒,0,human,train,vi,6,vsmec,0
per câu chuyện ngắn gọn trọn tình 😂😂,0,human,train,vi,8,vsmec,0
đi hành xác chẳng có cái vẹo gì :))) tao đi 1 lần tao cạch,0,human,train,vi,15,vsmec,0
t cũn gặp 1 ca như vậy mà chúng nó còn chơi chét bánh kem cơ . bước vào nhìn cái phòng mà muốn quăng chổi vào mặt tụi nó,0,human,train,vi,30,vsmec,0
lấy ghế ra ngồi thật tuyệt,0,human,train,vi,6,vsmec,0
"lên kiểm tra phòng thấy dơ quá thì x10 x20 lên cho nó trả lòi lồn , lần sau nó không làm nữa việc chi không kiểm tra phòng giờ gào thét , nhiều phòng nó phạt nặng vụ bánh kem , rồi bình xịt xà phồng các kiểu , ghi tổn thất đồ trong phòng đền gấp đôi .",0,human,train,vi,60,vsmec,0
có loại này tồn tại ở đây à,0,human,train,vi,8,vsmec,0
anh lấy đi niềm tin trả lại cho em những gì,0,human,train,vi,11,vsmec,0
rút kinh nghiệm lần sau cứ khách nào kêu tính tiền thì mình checkin phòng liền nếu tình trạng như vậy thì cho nó dọn phòng khi nào sạch thì cho nó về 😀,0,human,train,vi,34,vsmec,0
bên aeon hay thật đấy =))))),0,human,train,vi,6,vsmec,0
bắt được rồi cho bọn này đi chết đi để chúng nó sốn rồi làm hại người khác,0,human,train,vi,18,vsmec,0
mày ăn xong thì cút luôn dùm nha 🙂,0,human,test,vi,9,vsmec,0
người ghép có tâm 😁😁,0,human,train,vi,5,vsmec,0
"eo ôi thằng nhóc áo xanh cuối cùng , sao này lớn lên chắc là sói ca haha",0,human,train,vi,18,vsmec,0
quan trọng là đồng nghiệp tốt và sếp,0,human,train,vi,8,vsmec,0
per wow,0,human,train,vi,2,vsmec,0
mấy thằng súc vật 😡,0,human,train,vi,5,vsmec,0
ăn xong mất hứng đéo nói nữa,0,human,train,vi,7,vsmec,0
chỉ để nhìn cái thôi :)),0,human,train,vi,6,vsmec,0
hỏng cả một thế hệ 😔,0,human,train,vi,6,vsmec,0
nói thật chẳng hiểu thế hệ bây giờ nghĩ gì . động tý vào là kêu này nọ . ở nhà ở trường có vấn đề kêu um lên chứ sau này ra ngoài xã hội mà ngu thì nó vả không trượt phát nào chứ ở đó mà kêu . tiên trách kỷ hậu trách nhân,0,human,train,vi,57,vsmec,0
per không lẽ sau này kím bạn trai không tập gym 😖,0,human,train,vi,12,vsmec,0
"nhiều người nói con này giả ngu câu thích , nhưng xem lại nhiều lần thấy nó ngu thiệt chứ không phải giả bộ",0,human,train,vi,24,vsmec,0
pháp không còn khoảng thời gian bình yên nữa rồi,0,human,train,vi,10,vsmec,0
ko phải để xé giấy ak ?,0,human,train,vi,7,vsmec,0
bị bắt nạt im re hà hiền khô luôn thấy tội nghiệp ai dè tới chừng ...... ha ha ha,0,human,train,vi,20,vsmec,0
chân ngắn sao đi đây ta ?,0,human,test,vi,7,vsmec,0
"tao là trùm nấu cơm kiểu này rồi ,, còn bây giờ mất điện thi nấu bằng bếp ga :))",0,human,train,vi,20,vsmec,0
hahahaha tao mắc cười ghê . nhớ cái hôm sinh nhật tao ghê . chắc mấy mẹ ở guru cũng rủa dữ lắm hahaha per,0,human,train,vi,25,vsmec,0
tiếc quá đẹp trai mờ không có chim,0,human,train,vi,8,vsmec,0
mấy thằng ở ngoài bình luận gặp tao tao xé mỏ từng đứa . cha mẹ đéo dạy để xã hội dạy nhé . còn phèn lắm,0,human,train,vi,27,vsmec,0
per mệt quá mấy con ơi,0,human,test,vi,6,vsmec,0
xem mấy lần rồi vẫn thấy hay,0,human,train,vi,7,vsmec,0
lại thanh niên quay phim khúc cuối ra hỏi chị ơi chị có sao không,0,human,train,vi,15,vsmec,0
hi vọng hòa bình ở triều tiên sẽ không còn xa nữa . goodbye ! # per,0,human,train,vi,17,vsmec,0
bắt cóc bỏ đĩa . quanh đi quẩn lại chỉ khổ dân đen thôi !,0,human,train,vi,15,vsmec,0
bố mẹ là những người yêu ta vô điều kiện ...,0,human,train,vi,11,vsmec,0
crush tao mất rồi .,0,human,train,vi,5,vsmec,0
sg chưa mưa đâu,0,human,test,vi,4,vsmec,0
tao giận bạn trai tao và 5 ngày rồi nó đéo dỗ tao luôn hix,0,human,train,vi,15,vsmec,0
"hồi lớp 1 đú theo lũ bạn về học nấu . thế là cơm sống , sợ quá vùi gạo trong đống tro",0,human,test,vi,23,vsmec,0
"có tài nhưng đôi lúc muốn làm diễn viên hài 🤣🤣🤣, khoái thanh niên này buồn cười vkl",0,human,train,vi,18,vsmec,0
con ngu dù bố mẹ có là người như thế nào đi chăng nữa thì cũng là người đẻ ra mày nuôi chúng mày lớn khôn lớn lên không báo hiếu được gì lại còn sủa bậy,0,human,train,vi,37,vsmec,0
per ngồi ôm bụng cười và liên tưởng đến nhiều nhân vật,0,human,train,vi,12,vsmec,0
truyện thật đây này . đang đi bình thường qua đoạn cầu giấy anh csgt thổi lại “ gạt chân chống lên em . anh nhắc nhỉ thôi . đi đi “ 😂 hú hồn,0,human,train,vi,35,vsmec,0
các bạn làm bố đi rồi sẽ hiểu được bố mẹ mình yêu mình nhiều thế nào,0,human,train,vi,17,vsmec,0
có mà ngược lại ... thời thế thay đổi rồi,0,human,train,vi,10,vsmec,0
per anh tập gym cho to để như thế nào ư : ))),0,human,train,vi,13,vsmec,0
đây là cách các chàng trai thu hút sự chú ý của các cô gái hả ?,0,human,train,vi,17,vsmec,0
nhìn mẫu này lạ mắt mà đẹp quá,0,human,train,vi,8,vsmec,0
tôi khóc lun ... huhu,0,human,train,vi,5,vsmec,0
thế đéo nào nó lại kẻ dưới đấy nhỉ,0,human,train,vi,9,vsmec,0
tao thề từ giờ đến cuối năm mà tao không lấy được vợ thì tao quyết định sag năm lấy 😊,0,human,test,vi,21,vsmec,0
đóng của trường đi bắt bỏ tù loai người xấu xa : ham lợi nhuận : lừa đảo phụ huynh lấy tiền,0,human,train,vi,22,vsmec,0
bà của tôi đã không còn khi tôi còn chưa biết gg là gì,0,human,train,vi,14,vsmec,0
mong mai sau cũng được như ông bà,0,human,train,vi,8,vsmec,0
nó sẽ thì thầm tai mày “ dượng đây “ 🤣🤣,0,human,train,vi,11,vsmec,0
công tình yêu này nhân viên đông vậy luôn hả ?,0,human,train,vi,11,vsmec,0
thiểu năng đội cái nón không nổi thì sao đủ năng lực chạy xe . nhìn là thấy hãm .,0,human,train,vi,20,vsmec,0
"tao cưới rồi , cưới nữa cho vợ tao chém tao chết à",0,human,train,vi,13,vsmec,0
thế là đúng quy trình rồi,0,human,train,vi,6,vsmec,0
và đó đéo phải là tao =))),0,human,test,vi,7,vsmec,0
"chỉ cần đó là việc mình thích , không làm phiền ai là được",0,human,train,vi,14,vsmec,0
"ko ngon thế đâu , không khéo nó lại ỉa cứt toe toét vào mặt í :)))",0,human,test,vi,17,vsmec,0
có ai ngu như tao không đơn phương con nhỏ cạnh nhà 4 năm mặc dù nó ngồi chung bàn với tao suốt mấy năm cấp 3 :(((,0,human,train,vi,28,vsmec,0
"per em ơi , tính ra nhớ đợt mình đi dạo trên cầu per mấy ông đó vứt xuống sông ít ra còn có não hơn mấy đứa vụ này",0,human,test,vi,30,vsmec,0
per huhu em không biết phải đi xem phim với ai nữa 😭,0,human,train,vi,13,vsmec,0
"cmt buồn cười vll , nhớ mình cừng có kinh nghiệm chạy ngỗng :)))",0,human,train,vi,14,vsmec,0
còn nhỏ mà đã như thế này lớn lên ai chịu được yêu chết đi được,0,human,test,vi,16,vsmec,0
gần 1h đêm là con trai mà xem xong nói chuyện mắt vẫn rỡi 😔😔,0,human,train,vi,15,vsmec,0
biết đâu mưa xuống ổng ấy lại hết ngáo ??????,0,human,train,vi,10,vsmec,0
"tại như vầy nên bố tao không cho đi cùng . cụ bảo có năm còn lăn cả xuống ruộng , trèo lên mái nhà của người ta để đi ??",0,human,train,vi,31,vsmec,0
"tuyệt với , ước mơ hồi nhỏ của tôi đã được cậu bé này thực hiện",0,human,train,vi,16,vsmec,0
lỡ câu chuyện là thật thì sao . chưa gì lên chửi người ta là rẻ rách,0,human,test,vi,17,vsmec,0
bọn lừa đảo,0,human,train,vi,3,vsmec,0
"xem đi xem lại không chán , best của best 😭",0,human,train,vi,11,vsmec,0
"đúng rồi đấy , như thế là đang mắc chứng ảo tưởng sức mạnh",0,human,train,vi,14,vsmec,0
"cảm giác này vừa bực mình , vừa bất lực , là cái vất vả của nông thôn như tao , chứ đéo thấy buồn cười đâu",0,human,train,vi,27,vsmec,0
lêu lêu mày :)) đồ con chó không có mẹ ẳm :)),0,human,train,vi,12,vsmec,0
"ngồi chờ một người đi qua 1 và coi đó như 1 sự tình cờ 😂😂😂 tao đã từng , nhưng đó là tao của ngày xưa . buồn cười thật 😁",0,human,test,vi,32,vsmec,0
thấy topic đúng tâm trạng quá .,0,human,train,vi,7,vsmec,0
người ta mất 6 tháng để học lái xe nhưng lại mất cả đời để học văn hoá đỗ xe 😑,0,human,train,vi,21,vsmec,0
"mong là chuyện không có thật , chứ có thật thì đau lòng vãi ra 😪😪",0,human,train,vi,16,vsmec,0
"quần áo với xe thế kia là biết gia đình điều kiện tnao rồi 😂 anw , mong ông bà luôn khỏe mạnh , vui vẻ < 3",0,human,train,vi,28,vsmec,0
"tao rợn hết người luôn , ghi công mày 😑😑",0,human,test,vi,10,vsmec,0
per đẳng cấp nào rồi em,0,human,test,vi,6,vsmec,0
"thank you giỏi quá vì nước quên thân , vì dân phục vụ ...",0,human,train,vi,14,vsmec,0
thành phố tao nhiều người còn dân trí thấp là sao ? bố con dở người,0,human,test,vi,16,vsmec,0
"mình đã xem rất nhiều video như này rồi , nên thấy cũng bình thường =)))",0,human,train,vi,16,vsmec,0
rất nguy hiểm nhé nhảy không qua là xác định dập mặt,0,human,test,vi,12,vsmec,0
"mình thấy sợ mấy con rắn quá trời , mà cái gì mình sợ là mình hay muốn tiêu diệt -))",0,human,train,vi,21,vsmec,0
thớt là gu của tôi :))) yêu quá hiuhiu,0,human,test,vi,9,vsmec,0
tuyệt vời quá cần nhiều tấm lòng tốt hơn nua thật là ý nghĩa,0,human,train,vi,14,vsmec,0
ở free được lun hả 😮,0,human,train,vi,6,vsmec,0
cho chúng vào nhà đá ! quá độc ác không giết người bằng súng như thế này là giết hàng loat đấy thât khốn nạn,0,human,test,vi,25,vsmec,0
per vẩy cật lực luôn =)),0,human,train,vi,6,vsmec,0
per bài tủ 1 thời =)),0,human,test,vi,6,vsmec,0
nhìn dơ vãi dume :v,0,human,train,vi,5,vsmec,0
nhìn thấy ghét ...,0,human,train,vi,4,vsmec,0
tôi nói với các ông nhé . dắt bộ qua chốt cũng chưa chắc ngon ăn per,0,human,train,vi,17,vsmec,0
per ai bày mày thiết kế thế này hả ???,0,human,train,vi,10,vsmec,0
per thế lol nào lần nào đến fucklong uống cũng gặp ex - đồng nghiệp đứng cửa chào tụt mút đéo muốn uống nữa :),0,human,train,vi,25,vsmec,0
tưởng tượng mà dưới sông có cá sấu nữa chắc hết dám đi,0,human,train,vi,13,vsmec,0
per nhìn mặt hài vler :))),0,human,test,vi,6,vsmec,0
"trách nhiệm của con mẹ giáo viên chủ nhiệm là lớn nhất luôn , đuổi con mẹ nó việc đi",0,human,test,vi,20,vsmec,0
chả vị nước mắt à 😔,0,human,train,vi,6,vsmec,0
per vẫn là con mẻ . nay hàng họ to quá ;)))),0,human,test,vi,12,vsmec,0
"đang lười quá nè , làm sao để bớt lười",0,human,train,vi,10,vsmec,0
khổ thân em nó . ??,0,human,train,vi,6,vsmec,0
phải con tao tao cho cả lũ chó cụt tay hết !,0,human,train,vi,12,vsmec,0
rút kinh nghiệm năm ngoái 😂😂😂😂😂👍👍👍,0,human,train,vi,6,vsmec,0
nhà nước pháp luật việt nam lên tiếng hộ em nó cái,0,human,train,vi,12,vsmec,0
xạo quá add ơi ! y tế nào lương 24tr thế ?,0,human,train,vi,12,vsmec,0
người việt mình tự hại nhau thôi . đừng đổi thừa cho trung quốc .,0,human,train,vi,15,vsmec,0
chúng mày ngồi canh đó cho tao . có con muỗi nào hó hé là ăn liền ??,0,human,test,vi,18,vsmec,0
"per đây là thằng con trai vừa đẹp còn có não , mong per học hỏi ! xin cảm ơn",0,human,train,vi,20,vsmec,0
nhìn là thấy nóng rồi,0,human,train,vi,5,vsmec,0
đúng rồi mà kệ nó tao đéo quan tâm . chụp cho ai thì chụp,0,human,test,vi,15,vsmec,0
đáng yêu vãi =))))),0,human,test,vi,4,vsmec,0
per huhu trời ơiii,0,human,test,vi,4,vsmec,0
t thấy tội nghiệp thằng cải,0,human,train,vi,6,vsmec,0
"thằng ác ôn , con nhỏ nhờ tháo mạng nhện thôi mà cũng không giúp , tao là móc gậy ra thọc .. à nhầm tháo mạng nhện ra liền ..",0,human,train,vi,31,vsmec,0
cả đám súc vật này,0,human,train,vi,5,vsmec,0
"ngày nào cũng thấy tàu trật bánh , khá buồn",0,human,test,vi,10,vsmec,0
dell hiểu sao ngày sưa tao có thể cầm nó trưen tay đi câu cá 😳😳😳 nhớ lại vẫn thấy ớn 😂,0,human,train,vi,22,vsmec,0
bô ̣ phim khiến bọn sinh viên có lí do để lười học theo li ́ thuyết là đây 😆,0,human,train,vi,20,vsmec,0
bảo dân trí thấp lại tự ái,0,human,train,vi,7,vsmec,0
má nó điên đến mức này rồi à,0,human,train,vi,8,vsmec,0
anh đừng bỏ em đi mà 😢,0,human,train,vi,7,vsmec,0
vừa lên dốc thấy crush cười =)),0,human,train,vi,7,vsmec,0
per haha cái t2 hợp với em nè ;)),0,human,test,vi,9,vsmec,0
trường mình chị lao công đóng cửa :((,0,human,train,vi,8,vsmec,0
thì đã sao ? miếng cơm nghề nghiệp người ta . nếu như không thích quay thì lên đòi ban tổ chức ấy hoặc đừng có mà chơi bóng chứ đâu ra cái kiểu bố đời ấy,0,human,train,vi,37,vsmec,0
tuổi thơ mình lớp 4 đã cảm nắng 1 anh chàng từ 1 viên phấn vôi .,0,human,test,vi,17,vsmec,0
chỉ đi đường quen thôi ! đường nào lạ chỉ ngồi sau thôi =)),0,human,train,vi,14,vsmec,0
nhớ nhé đồng nghiệp haha,0,human,test,vi,5,vsmec,0
đéo đùa :)),0,human,train,vi,3,vsmec,0
"5 năm thì có vẻ hơi sớm 🤣, tao chỉ ước sau này có người thích được phiêu du như gia đình người ta thôi 😌",0,human,train,vi,26,vsmec,0
nguy hiểm,0,human,train,vi,2,vsmec,0
thu nhập bình quân chứ không phải thu nhập của nhân viên nào cũng thế 😏,0,human,train,vi,16,vsmec,0
thằng điên,0,human,train,vi,2,vsmec,0
khác đéo gì . về thái độ lồi lõm nhìn muốn sút cho phát 🤬🤬,0,human,train,vi,15,vsmec,0
con gái bây giờ chẳng nhờ được cái đéo gì nhờ có phát mà đập mẹ luôn cái bình,0,human,train,vi,19,vsmec,0
giỏi thiệt . nể . giọng ở tao khó z mà ông này nói được giỏi 😁,0,human,train,vi,17,vsmec,0
đẻ sao mà cu con đẹp quá vậy trời 😍,0,human,train,vi,10,vsmec,0
câu chuyện lấy đi nước mắt của tao,0,human,train,vi,8,vsmec,0
tam đảo trời đẹp các mem à,0,human,test,vi,7,vsmec,0
ngáo ... là có thật luôn này,0,human,train,vi,7,vsmec,0
đúng phải chia tay gặp loại óc chó thế này cơ mà,0,human,train,vi,12,vsmec,0
bộ cứ thân là ở với nhau đuợc à ?? sai lầm vãi,0,human,train,vi,13,vsmec,0
qtrong là mày phải có tiền chứ nghèo xem,0,human,train,vi,9,vsmec,0
"lúc nhỏ nấu bằng này không , nấu hơi bị ngon , tạo cơm cháy ăn bao riềng",0,human,train,vi,18,vsmec,0
ối dồi ôi ! như con lợn hồng vậy ! haha,0,human,train,vi,11,vsmec,0
chủ tịch đi nặn mụn ở tai và cái kết khóc thét,0,human,test,vi,12,vsmec,0
gần 10 năm rồi coi đi coi lại cũng gần 30 lần . nhớ !!!,0,human,train,vi,15,vsmec,0
tôi cũng muốn được cảm thấy như vậy ??,0,human,train,vi,9,vsmec,0
best pha cuối bonus 😂😂,0,human,test,vi,5,vsmec,0
đoạn phim này tốn khá nhiều nước mắt của người xem,0,human,train,vi,11,vsmec,0
sản phẩm khá là mới lạ trong việt nam,0,human,test,vi,9,vsmec,0
móng tay và tóc theo thời gian thì mọc càng dài tại sao chỉ có con chim là nó không mọc dài hơn nữa ta,0,human,train,vi,25,vsmec,0
đơn giản thôi : nó giống như con chó vậy . khi ta đuổi thì nó chạy . khi ta chạy thì nó đuổi,0,human,train,vi,24,vsmec,0
"ai cũng chỉ muốn cho con tất cả nhưng vì được không có mà thôi , có con thì mới biết lòng cha mẹ",0,human,train,vi,24,vsmec,0
bạn ăn cơm chưa ?,0,human,train,vi,5,vsmec,0
buồn hơn thế là đối với 1 đứa con gái năm lần bảy lượt chủ động ib họ nhưng vẫn bị xem thường ... xem mà đéo rep ... hết thương là vậy ... 😞😞😞,0,human,train,vi,35,vsmec,0
đỗ góc cua như này thì khuất tầm nhìn quá . chs bênh,0,human,train,vi,13,vsmec,0
hôm nay quên vào đọc bình luận trước !! tính xem con nhện nước bạn khác nhện nước mình như thế nào ! ai ngờ đâu khác xa quá !! d mày mày adm ơi làm hết hồn !!,0,human,train,vi,39,vsmec,0
đau đớn quá sao phải tham mấy đồng tiền đó nhỉ,0,human,test,vi,11,vsmec,0
"à , thì ra là nó dỗ mình 😂",0,human,test,vi,9,vsmec,0
tao cười ỉa cho cái bọn ấy :))),0,human,test,vi,8,vsmec,0
tripod dựng cao lên để chụp thì thần kinh chỗ nào :) dume ghép video đếu xem mà chèn tiêu đề như con cặc ấy,0,human,train,vi,25,vsmec,0
ai cho mình xin page của con này với thích xem nó live stream bán đồ gê,0,human,test,vi,17,vsmec,0
cái gì vui vậy mọi người :)),0,human,train,vi,7,vsmec,0
sợ vãi,0,human,test,vi,2,vsmec,0
nhiều khi chỉ ước gì mấy đứa bá dơ này có thể chết thay cho chị nữ sinh giao gà thì hay biết mấy ...,0,human,train,vi,25,vsmec,0
"phim hay dã man diễn viên chính đẹp trai , xem đi xem lại không chán",0,human,train,vi,16,vsmec,0
"thanh xuân của tớ gặp cậu rồi , 4 năm rồi , chỉ có điều vẫn là 2 đường thẳng song song",0,human,test,vi,22,vsmec,0
lỗi đạo cụ,0,human,test,vi,3,vsmec,0
14 / 2 năm ngoái tao mọc sừng . nên 14 / 2 năm nay tao quyết định cưa sừng 😊,0,human,train,vi,21,vsmec,0
"gắng , nhanh khỏi bệnh rồi về bên anh",0,human,test,vi,9,vsmec,0
"nhỏ thấy qua 1 lần , nó bị cột ngay trước cửa nhà người ta ở trong hẻm , mỗi lần đi ngang qua là nó lại định lao tới cà khịa",0,human,test,vi,32,vsmec,0
ghét vãi nồi,0,human,train,vi,3,vsmec,0
chúc mừng anh 👏👏👏 chúc anh may mắn . cố lênnnnn 💪💪💪,0,human,train,vi,12,vsmec,0
thế là hết những gì đẹp nhất của nước pháp sao không phun nước cứ để cháy rần rật nhỉ,0,human,train,vi,20,vsmec,0
"thu trăm tỷ phạt 5tr , lại qua tỉnh khác hành nghề ha ha",0,human,train,vi,14,vsmec,0
vui chơi không an toàn gì cả,0,human,train,vi,7,vsmec,0
toàn mấy con bán hàng online đăng để cau view thôi phạt nặng vào,0,human,train,vi,14,vsmec,0
thấy tội nó ghê ????,0,human,train,vi,5,vsmec,0
em chân thành nên em tổn thương !,0,human,train,vi,8,vsmec,0
lâu lâu tự nhiên ghen mặc dù đéo là gì của nhau 🙃🙃🙃,0,human,train,vi,13,vsmec,0
lợi ích của việc không nghe lời vợ ??,0,human,train,vi,9,vsmec,0
đáng lẽ bệnh của tao đã không nặng đến thế,0,human,train,vi,10,vsmec,0
cáu vãi :))),0,human,train,vi,3,vsmec,0
thế giới giờ đáng sợ quá rồi 😌😌 tâm phải tịnh không là tiêu nha mấy ông 😢,0,human,train,vi,18,vsmec,0
ý tưởng thông minh đó con,0,human,train,vi,6,vsmec,0
như 1 canh bạc ấy nhỉ @@,0,human,train,vi,7,vsmec,0
"hồi nhỏ đi học phải ngang qua nhà nuôi ngỗng nó dí chạy thấy bà luôn , ngày nào cũng phải cầm cái cây theo . thề luôn tới giờ tao vẫn còn sợ con này khiếp luôn 😭",0,human,train,vi,39,vsmec,0
"thấy bình sữa của em thấy ham quá , chị sinh em bé chả có sữa gì hết .",0,human,train,vi,19,vsmec,0
người ta gọi là ngu mà cứ đâm đầu vào đấy :),0,human,train,vi,12,vsmec,0
gửi nhầm video mình hát chế cho nó nghe,0,human,train,vi,9,vsmec,0
cảm ơn . anh .,0,human,train,vi,5,vsmec,0
địt mẹ mấy thằng nhà quê,0,human,train,vi,6,vsmec,0
"sai nhé ! không phải trầm cảm đâu . thứ đó , kinh khủng hơn rất nhiều",0,human,train,vi,17,vsmec,0
"ngày xưa nhà nuôi mấy con điên này cái giọng thì đã khó nghe thì chớ suốt ngày ngoạc ra , hễ về đến nhà là thấy giọng bọn n đầu tiên . xong cho ăn , rõ ràng là cho n ăn đàng hoàng mà đến n + 1 lần bị n mổ với đuổi bợt mạng . chốt là tao ghét cái bọn nì dã man . ám ảnh cả 1 tuổi thơ :(( cái thứ yêu nghiệt .",0,human,train,vi,81,vsmec,0
chưa có cơ hội nói cảm ơn và xin lỗi . vì chúng ta xứng đáng được bình yên,0,human,train,vi,19,vsmec,0
rồi tôi sẽ hết được uống nước ở đây nữa :((,0,human,train,vi,11,vsmec,0
"cưng vậy trời , anh cho em xin ảnh nha ạ",0,human,train,vi,11,vsmec,0
ồ ra thế . tớ sẽ lưu ý :)) mong sẽ có cơ hội sờ nó . nhìn như cục bông í uwu,0,human,train,vi,23,vsmec,0
"per nhớ ngày tháng cta bên nhau ghê , giờ thì chả còn gì",0,human,train,vi,14,vsmec,0
cách xử lý thông minh,0,human,test,vi,5,vsmec,0
per :)))) buồn cười vãi,0,human,train,vi,5,vsmec,0
nếu diễn viên chính trẻ hơn đẹp hơn đang yêuc hơn thì mình sẽ xem haizz,0,human,train,vi,16,vsmec,0
"địt mẹ mày viết lên chỗ nào nước đéo tới ấy , ngulon",0,human,test,vi,13,vsmec,0
"năm nào cũng đi cho có không khí xuân vậy , không đi thì thấy thiếu thiếu . nhà tao cách chợ 10km",0,human,train,vi,23,vsmec,0
disss giật hết cả mình .:)),0,human,train,vi,6,vsmec,0
tuyệt vời,0,human,train,vi,2,vsmec,0
khi nhỏ còn bị nghiện mùi khói này nữa chớ . 😄,0,human,train,vi,12,vsmec,0
đề thi rồi cũng lỗi được !!! bực mình,0,human,train,vi,9,vsmec,0
chọn thằng nào có tương lai hơn . tức có bố mẹ giàu hơn,0,human,train,vi,14,vsmec,0
mình thi xong còn không khóc được 😢,0,human,train,vi,8,vsmec,0
chơi khăm vãi thế ba,0,human,test,vi,5,vsmec,0
do kiếp trước mày nghiệp nhiều quá lên giờ phải trả thôi,0,human,train,vi,12,vsmec,0
quả cr7 mà kill đéo gì nhỉ,0,human,train,vi,7,vsmec,0
đây mới là công an của nhân dân việt nam cảm ơn bạn nhiều điều tốt đẹp hơn nhé vanew,0,human,train,vi,20,vsmec,0
nhìn đẹp quá đi mất,0,human,test,vi,5,vsmec,0
t chỉ thấy tình yêu của tao nó tan vỡ thôi,0,human,train,vi,11,vsmec,0
chó nhà giàu là vậy,0,human,train,vi,5,vsmec,0
cái dây ở ảnh đầu xinh vãi vậy,0,human,test,vi,8,vsmec,0
người ngoài hành tinh nói tiếng anh ????? nà ní ?????,0,human,train,vi,11,vsmec,0
đó cứ có phải trông giàu sang phú quý là sẽ sòng phẳng đâu,0,human,train,vi,14,vsmec,0
"tao có một nỗi sợ khác cũng khá giống con yêu tinh này đó là con yêu nghiệt ngan đực :3 con này thành tinh hung ác vãi_chưởng , đi ra vườn đéo làm gì nó , nó cũng rượt mình . đậu ! đó là tao kể ngày bé thôi =) chứ lớn lên tao biết vơ cây củi theo để đi ra vườn rồi =))",0,human,train,vi,67,vsmec,0
mày xinh thế ? tao ốm tí đã xấu hoắc,0,human,train,vi,10,vsmec,0
công nhận nó phê như vậy thật 😂,0,human,train,vi,8,vsmec,0
"mặt mất dạy nhỉ , câng câng luôn",0,human,train,vi,8,vsmec,0
lâu lắm mình thấy lại nó,0,human,train,vi,6,vsmec,0
bếp dầu lại nhớ thời sinh viên,0,human,train,vi,7,vsmec,0
một cái ỉn mông xong hết 😂😂😂 dăm ba cái võ thuật 😂😂😂🤣🤣🤣,0,human,test,vi,13,vsmec,0
per đứa nào nghĩ ra được cái qcao hay vãi ...,0,human,test,vi,11,vsmec,0
"per cái thứ yêu nghiệt này cứ thấy tao như thấy crush , cứ gặp tao là đuổi :)",0,human,train,vi,19,vsmec,0
"ra chỗ sóng không táp vào mà ghi , xem mà ức chế vãi :))",0,human,test,vi,15,vsmec,0
huhu xem mà muốn khóc vãi,0,human,train,vi,6,vsmec,0
cho ̣ c mù mắt tao đi 🤣🤣,0,human,test,vi,8,vsmec,0
một năm đầy biến động và thăng trầm của nước pháp ☹️,0,human,train,vi,12,vsmec,0
bộ phim hay ý nghĩa nhất từng xem,0,human,train,vi,8,vsmec,0
"mong ai đó sẽ không nghe được bài hát này . xin lỗi , ngàn lần xin lỗi 😢",0,human,train,vi,19,vsmec,0
má thằng phi đen có gấu ngon phết ... vậy mà nó nở lòng bỏ con ta chạy trước ... tao đéo bít bao công mà lấy bạch tuyến đẻ ra cái gióng gì nửa ...,0,human,train,vi,36,vsmec,0
hết buồn cũng phải có tiền mới hết được :)),0,human,train,vi,10,vsmec,0
lúc đấy là mình mình cũng lắng liền rồi chắc trào nước mắt mất,0,human,train,vi,14,vsmec,0
per =)))) đáng sợ vãi,0,human,train,vi,5,vsmec,0
"ai bảo mèo đực hay đi khỏi nhà chứ quàng thượng nhà tao toàn ngủ , ngủ cả ngày cả đêm , đang ngủ mắc tè xong dậy đi tè rồi vào ngủ tiếp , ngủ hơn heo :vậy",0,human,train,vi,39,vsmec,0
nó cưng quá mày,0,human,train,vi,4,vsmec,0
"các bạn xem phim cậu bé đặc biệt , luôn nhé . phim có diển viên này tham gia nói về cách giáo dục con cái cực hay . chúc các bạn xem phim vui vẻ",0,human,test,vi,36,vsmec,0
cưng quá,0,human,train,vi,2,vsmec,0
vẫn ế bền vững,0,human,train,vi,4,vsmec,0
có thể bán lại cho tớ không ??????,0,human,train,vi,8,vsmec,0
người ta chỉ muốn dụ mày rồi xin một trái thận . 😪,0,human,train,vi,13,vsmec,0
đã mất xe còn bị bọn đường sắt nó phạt cho . khổ lắm ngu hết phần thiên hạ,0,human,train,vi,19,vsmec,0
nói gì thì tụi bây cũng không tin đâu ..😌😌,0,human,train,vi,10,vsmec,0
duyên quá nói chuyện hay,0,human,train,vi,5,vsmec,0
ae họ mà đéo biết mặt nhau à - _ -,0,human,train,vi,11,vsmec,0
khi bạn bất cần vãi đời ... làm việc xấu mà cảm thấy thanh thản vãi 😁,0,human,train,vi,17,vsmec,0
đám người lớn văn hóa lùn đẻ ra một đám trẻ vô học . bọn mất dạy này là nhà dột từ nóc ấy mà . nên đuổi học cho lũ ngu học ấy về để nhà tiếp nối sự vô học của gia đình chúng nó,0,human,train,vi,47,vsmec,0
đã ngu lại con tỏ ra nguy hiểm .,0,human,train,vi,9,vsmec,0
anh ơi :3 hôm nay em thích anh chơi game và đi ngủ sớm đấy :3 đừng đi chơi với gái :<,0,human,train,vi,22,vsmec,0
ngày chủ nhiệm cu nhà mình cô nhẹ nhàng nết na lắm mà ! giờ thì sao cô lại hành xử như vậy chứ ! thật buồn !,0,human,train,vi,28,vsmec,0
tàn nhang là xác định nhá ??????,0,human,train,vi,7,vsmec,0
"cũng như đàn ông gục ngã trước cô gái nhiều sắc ! đặc biệt là 50 "" sắc "" thái 😂😂",0,human,train,vi,21,vsmec,0
nhìn mặt con mèo là thấy ghét rồi,0,human,train,vi,8,vsmec,0
một lũ óc không bằng chó .,0,human,train,vi,7,vsmec,0
mày chặt một tay đi cho dễ nhớ,0,human,train,vi,8,vsmec,0
an ủi cũng ghen à :(,0,human,train,vi,6,vsmec,0
lấy vợ xong bị tàn phá là có thật 😆 béo vãi_chưởng,0,human,train,vi,12,vsmec,0
má :))) đoạn đeo mặt nạ kinh dị vkl :)),0,human,train,vi,10,vsmec,0
ko 1 từ nào để diễn tả bộ phim này ...,0,human,test,vi,11,vsmec,0
tao đéo ghê con rắn tao ghê mấy cái trồi lên kìa :))),0,human,train,vi,13,vsmec,0
"cái này ở shop đồng giá 40k aeon có nè , tê tới dái luôn",0,human,train,vi,15,vsmec,0
"chưa học cách kiếm tiền đã học thói đi lừa tiền =,= thua",0,human,test,vi,13,vsmec,0
ngu thiệt trời,0,human,train,vi,3,vsmec,0
còn tệ hơn năm ngoái,0,human,train,vi,5,vsmec,0
neymar mà lại phải hiếp dâm 1 cô gái à ???,0,human,train,vi,11,vsmec,0
sai còn không biết sửa còn thích giận lại . cút hộ,0,human,train,vi,12,vsmec,0
này là xạo chó chứ nguyên giá gì . kinh doanh là phải lừa lọc ... lừa giỏi diễn đạt thì giàu,0,human,train,vi,22,vsmec,0
vl đánh đòn hic :))))),0,human,train,vi,5,vsmec,0
tôi đoán rằng ông này đã lấy vợ trước khi lên mặt trăng,0,human,test,vi,13,vsmec,0
mới tết xong . tặng cặp bánh chưng là ưng nhất :)),0,human,test,vi,12,vsmec,0
đkmm xuống đáy biển mà viết luôn đi thằng lồn =)),0,human,test,vi,11,vsmec,0
hả hả .. tới giờ ăn hả,0,human,train,vi,7,vsmec,0
"cái thứ ba , trời nhìn mà rơi nước mắt thay cho luôn công cả một mùa mà đi tong chỉ vì một trận mưa",0,human,train,vi,25,vsmec,0
vì những thành phần như bạn mà page cứ phải khoá bình luận cho trong sạch đấy . thật là giông bão 😌,0,human,train,vi,23,vsmec,0
cho tao hỏi mấy con súc vật tụi bây cười cái gì dzậy ? chắc tụi mày phải bị gậy vụt vào mõm thì mới hết dám ngẩng mặt nhìn đời phải không ?,0,human,test,vi,34,vsmec,0
cưng quá trời luôn,0,human,train,vi,4,vsmec,0
đó là dấu hiện của sự trưởng thành =))))))))),0,human,train,vi,9,vsmec,0
"động lực là tình yêu . vì sau khi chia tay , tôi đã thấy mình vô dụng trong một thời gian dài .",0,human,train,vi,24,vsmec,0
a độc thân nè không có ai để nắm tay gọi là thử coi .. hihihi chúc em luon vui ve em nhé ...,0,human,train,vi,24,vsmec,0
"thôi mày đừng saolol , hoang tưởng thâm niên à , nó mở mồm ra cái là nó đào cả họ hàng mày nên nó chửi cho biết mặt . nhìn lằm nhìn lốn 😒😒",0,human,test,vi,35,vsmec,0
per nhà mình cũng có nè,0,human,train,vi,6,vsmec,0
tao tháy gái nguy hiểm vãi,0,human,test,vi,6,vsmec,0
vãi chả phơi hết tim gan phèo phổi @@,0,human,train,vi,9,vsmec,0
gì cũng được ?????? dễ vãi,0,human,test,vi,6,vsmec,0
đẹp trai v :((((,0,human,train,vi,4,vsmec,0
thằng hack game nó gặp trùm cuối rồi 😭😭 truyện đến đây là kết thúc sao 😭,0,human,train,vi,17,vsmec,0
rảnh rảnh ngồi cưa bàn với cưa cổ thèn ngồi gần mỗi khi nó ghẹo cũng vui ??,0,human,train,vi,18,vsmec,0
tao ngự ở trong uống nước cho nhàn thân rồi,0,human,train,vi,10,vsmec,0
"có rồi mà , nghén rồi nè hihi",0,human,train,vi,8,vsmec,0
đáng yêu như em tao ý . cứ mỗi lần nó quyết định ngủ ở đâu là nó lại đấu tranh tư tưởng 🤣🤣,0,human,train,vi,24,vsmec,0
đúng là không có nhân tính,0,human,test,vi,6,vsmec,0
ấm hơn cả người yêu :)),0,human,train,vi,6,vsmec,0
cafe nguyên chất 🙂,0,human,train,vi,4,vsmec,0
phát ngán .,0,human,train,vi,3,vsmec,0
lòng đường không phải nhà cụ nên cụ sai nhé . vỉa hè to vậy rồi cụ còn muốn như thế nào,0,human,train,vi,22,vsmec,0
tởm nhìn đã kinh,0,human,train,vi,4,vsmec,0
chú này tội lắm á :(,0,human,train,vi,6,vsmec,0
ồ ! rất nhớ !,0,human,train,vi,5,vsmec,0
tao biết là có ý tốt gởi thông điệp ý nghĩa nhưng nhìn cứ sợ sợ lại còn sấm chớp :<,0,human,train,vi,21,vsmec,0
per lý do nhà tao dùng năng lượng mặt trời .. 😌,0,human,train,vi,12,vsmec,0
ngày buồn hôm ấy tôi cũng là người rời khỏi lớp cuối cùng .!!!,0,human,train,vi,14,vsmec,0
per ông xã xem khúc nó kéo xe chở con chó nè :)) đọc bình luận hài hước ghê,0,human,train,vi,19,vsmec,0
tại trà sữa làm tao mập chứ tao có muốn đâu :(,0,human,train,vi,12,vsmec,0
nghe anh ấy nới chuyện rất thuyết phục,0,human,test,vi,8,vsmec,0
per kìa 3 chị em vào mà hốt hàng về đi chứ hâha,0,human,train,vi,13,vsmec,0
phê thật . cái tai nó đang thâm đen xì lấy ra hết lại trắng hồng luôn,0,human,train,vi,17,vsmec,0
vỉa hè rộng thênh thang mà nhỉ,0,human,test,vi,7,vsmec,0
:) thế trong trường hợp này thì sao ? có nhiều xe lắm đâu cụ,0,human,train,vi,15,vsmec,0
"nhổ tóc sâu cho bố , hình như được 500đ để mua kẹo dồi 😂",0,human,train,vi,15,vsmec,0
đẹp trai quá,0,human,test,vi,3,vsmec,0
per móc lên tới não :)),0,human,train,vi,6,vsmec,0
per thông minh là đây chớ đâu,0,human,test,vi,7,vsmec,0
khóc hết nước mắt 😞😞,0,human,train,vi,5,vsmec,0
"chống mắt mà xem này khi bồ nói anh muốn đi tập gym thì dẹp ngay và luôn , măc công nó yêu thằng khác mất quá per",0,human,train,vi,28,vsmec,0
"cứ thấy nó là đi đường vòng , dù đường hơi xa vẫn đỡ hơn bị nó dí =)))",0,human,train,vi,19,vsmec,0
mau khoẻ nhé :d,0,human,train,vi,4,vsmec,0
bố là số 1 vĩ đại hơn những gì con cần,0,human,test,vi,11,vsmec,0
"không được uống đã đành , ngồi dọn sấp mặt luôn , như con cáo và chùm nho xanh per",0,human,train,vi,20,vsmec,0
con này bán kem bôi não ... xóa bỏ nếp nhăn .. khiến não láng mịn 😌😌😌😌,0,human,test,vi,17,vsmec,0
"dume tao từ giờ sẽ bỏ thích cái page này huhu , nghiệp mà",0,human,train,vi,14,vsmec,0
lùi về sau 3 bước đi . ngứa cả con mắt,0,human,train,vi,11,vsmec,0
"wow , đẹp dữ vậy à hehe",0,human,train,vi,7,vsmec,0
"chọn thằng nào không quan trọng , vì đằng nào cũng không có thằng nào nó thích em đâu mà ảo tưởng =))",0,human,train,vi,23,vsmec,0
đắng lắm .. mà qua rồi nên bỏ đi .. khẩu nghiệp nữa,0,human,train,vi,13,vsmec,0
mỗi lần coi lại sởn gai ốc,0,human,train,vi,7,vsmec,0
như con điên :)),0,human,train,vi,4,vsmec,0
phải giết ngay không nó lại đẻ trứng,0,human,train,vi,8,vsmec,0
dự định tao là 28 nhưng giờ mà có bồ là bắt cưới luôn chớ sợ ế haha,0,human,train,vi,18,vsmec,0
chưa khi mô biết cảm giác đi nhởi trung thu với người yêu như răng,0,human,train,vi,15,vsmec,0
chạy ngay đi 😒 trước khi bọn chủ tịch vào đây và giả làm con cặc gì đó rồi bị coi thường và chúng mày phải nhận cái kết đấy !!,0,human,test,vi,31,vsmec,0
đậu . tao mê nhất là giọng tuy hòa phú yên . nó luôn mang một ấn tượng sâu sắc . nghe cứ thích thế nào ấy,0,human,train,vi,27,vsmec,0
hôm qua xem cười lộn ruột,0,human,train,vi,6,vsmec,0
quan trọng là nhiều tiền để rót trước,0,human,train,vi,8,vsmec,0
"chú em còn non quá , kêu thu ngân đánh thêm phần phụ thu dọn vệ sinh 200k , không đưa thì kêu bảo vệ không cho lấy xe , đó quy định hầu hết các quán karaok , trường hợp phụ thu là mang đồ ăn ngoài vào , ói trong phòng , và đỗ bia nước ngọt , xả rát kiểu như trong video",0,human,train,vi,66,vsmec,0
cái chứng minh hình kia dễ vãi . cứ vẽ hình lên bài xong người chấm điểm người ta thấy là biết chứ sao :)),0,human,train,vi,25,vsmec,0
coi mà hồi hộp vãi 😂😂😂... nghỉ tới khúc nó nhảy trượt rớt xún chắc bó chửi banh nóc ... v,0,human,train,vi,21,vsmec,0
khá trẩu =))),0,human,test,vi,3,vsmec,0
tự nhiên thấy cảm động hic,0,human,train,vi,6,vsmec,0
dạ cho em hỏi cái đường này ở đâu z ạ . để em đéo tới đây ạ . đm bước cái chắc tét háng,0,human,train,vi,25,vsmec,0
y tế 24tr tháng á ???? kinh vầy ???,0,human,train,vi,9,vsmec,0
em mày cách mày bao nhiêu tuổi ?,0,human,train,vi,8,vsmec,0
đọc bình luận cười ẻ,0,human,test,vi,5,vsmec,0
biết chứ dã từng sài,0,human,train,vi,5,vsmec,0
per tao nói rồi nha địt con mẹ mày,0,human,test,vi,9,vsmec,0
coi mệt vãi - _ -,0,human,train,vi,6,vsmec,0
kiểu em sai rồi . a xin lỗi em đi 😂😂,0,human,train,vi,11,vsmec,0
hoàng thượng mặc áo đầu lâu mới sợ chứ,0,human,test,vi,9,vsmec,0
mới mua p30 luôn,0,human,train,vi,4,vsmec,0
tại ông bố bảo thủ hết,0,human,train,vi,6,vsmec,0
"mút này mình xịt nước cho nó mềm ra , lấy chổi đùa đùa lại quét tới lúc nghỉ việc luôn quét cũng chưa xong nha , thứ nl",0,human,train,vi,29,vsmec,0
đau lòng qá huhu,0,human,train,vi,4,vsmec,0
em đã bao giờ nghĩ đến mối quan hệ đồng tính ?,0,human,train,vi,12,vsmec,0
"chửi nhau , ghét nhau , nói xấu nhau dcm",0,human,train,vi,10,vsmec,0
"mình từng chứng kiến trong lúc khám bệnh , con nói chuyện mẹ mà như bà nói chuyện với cháu .",0,human,train,vi,21,vsmec,0
ông tóc ngắn ngắn cam cam tên gì vậy ạ ?,0,human,train,vi,11,vsmec,0
kiểu gì mai cũng lại có vụ rất gì và này nọ cho xem,0,human,train,vi,14,vsmec,0
ông này đẹp vãi,0,human,train,vi,4,vsmec,0
per tập gym đi mày có người yêu đấyyyy =))))),0,human,train,vi,10,vsmec,0
xem hết mới biết cái video nó không phải video hài thấy buồn buồn 😪,0,human,train,vi,15,vsmec,0
"per hồi học đại học , điện hỏi xin tiền bố , bố ra ngân hàng gửi tiền rồi điện em hỏi stk rồi hỏi "" tên mày là gì ??"" 😭😭",0,human,train,vi,32,vsmec,0
per còn nhớ cây nay không,0,human,train,vi,6,vsmec,0
dễ thương ha,0,human,test,vi,3,vsmec,0
đã khóc . cha mẹ là người luôn yêu thương minh nhất,0,human,train,vi,12,vsmec,0
thế mới làm nên nghiệp lớn chứ,0,human,train,vi,7,vsmec,0
thằng này đi sing học luật hay sao mà viết hay quá vậy ?,0,human,train,vi,14,vsmec,0
có biết bao người có mảnh đời như vậy !,0,human,train,vi,10,vsmec,0
mạng nhện chắc đóng kín rồi nhỉ,0,human,train,vi,7,vsmec,0
nhận khách tàu nhanh ai muốn không nè,0,human,train,vi,8,vsmec,0
nhìn là biết đỏ chót rồi,0,human,train,vi,6,vsmec,0
sao mà có nhiều người ngu quá . đậu xe xát đường ray xe lửa . còn mấy thg bình luận cũng ngu theo xe lửa chạy theo đường ray mà kêu nó bẻ lái qua chúc xíu . bẻ đi đâu được mà bẻ,0,human,train,vi,45,vsmec,0
vãi linh hồn .,0,human,train,vi,4,vsmec,0
giun này mà xào thêm ít xả ớt thì tuyệt cú mèo 🤣,0,human,train,vi,13,vsmec,0
xỉu lên xỉu xuống :(,0,human,train,vi,5,vsmec,0
em mong chỗ tiền anh kiếm được không bị vợ giữ nốt 🤣,0,human,train,vi,13,vsmec,0
"ăn hại zồi bắt em gái nó dọn , quá đáng lắm rồi đó",0,human,train,vi,14,vsmec,0
"tui thi ́ ch va ̉ i lă ́ mày ma ̀ ăn nhỉ ̀ u no ́ người lă ́ mày mọi người anh ̣ , bi ̣ lơ ̉ miê ̣ người",0,human,train,vi,34,vsmec,0
per tiến cử bản thân nào,0,human,train,vi,6,vsmec,0
ổng bị bắt rồi :( rồi lấy gì coi,0,human,train,vi,9,vsmec,0
xem ra giá cả và chất lượng mà không oke thì không ổn ...,0,human,test,vi,14,vsmec,0
trời má cute vãi lozzzz,0,human,train,vi,5,vsmec,0
ly hôn kiểu này thì không cần tới bước cuối cùng . chỉ cần tới bước tính xem trả lại tiền mừng là tao bỏ ngay ý định ly hôn luôn rồi ... kkkk,0,human,train,vi,34,vsmec,0
đúng chất dân miền tây hahaha,0,human,train,vi,6,vsmec,0
"kaka bạn này best bán hành luôn kaka . bó tay . miệng nói một đường , não nghỉ một lối",0,human,test,vi,21,vsmec,0
có 1 đứa hợp tác vậy là cũg quý hoá quá rồi,0,human,train,vi,12,vsmec,0
tao hiểu mà,0,human,train,vi,3,vsmec,0
đúng vậy . haha,0,human,test,vi,4,vsmec,0
tao đéo ngờ được đây là trường tao :)))),0,human,train,vi,9,vsmec,0
"nếu không xin lỗi em tao , tao hứa cắt tiết từng đứa ... nhưng tao kô giết 🙄. học hành cái lồn gì bọn này .",0,human,train,vi,27,vsmec,0
ngày ấy cũng từng như vậy ☺️,0,human,test,vi,7,vsmec,0
đơn giản vì nó đéo còn yêu mày nữa rồi ==,0,human,train,vi,11,vsmec,0
chuẩn rồi per dù mệt mỏi nhưng vẫn vui :))),0,human,train,vi,10,vsmec,0
nấu mì 2 tôm là vô địch,0,human,train,vi,7,vsmec,0
cảm ơn những người thả 😡 nên mình biết là đéo hay nên mình đéo xem . may vãi,0,human,test,vi,19,vsmec,0
không những hạnh phúc tao còn cứng nữa :)),0,human,test,vi,9,vsmec,0
trẻ trâu việt nam thật đáng sợ,0,human,train,vi,7,vsmec,0
bẩn tính vãi nồi,0,human,train,vi,4,vsmec,0
cảm thấy bị tổn thương,0,human,train,vi,5,vsmec,0
chuyển từ thất tình sang muốn chết vì quá chán :((,0,human,train,vi,11,vsmec,0
móe mình chưa gặp cảnh này chỉ có dọn bánh kem bọn ném nhau dính lên mọi thứ hòa với bãi nôn thôi 😱😱😱,0,human,test,vi,24,vsmec,0
liên quan à . cr mày đéo thương mày đâu . nó có crush mới rồi . 🙂,0,human,test,vi,18,vsmec,0
ngôi nhà bên dòng sông rõ đẹp . tiếc là sông toàn rác,0,human,train,vi,13,vsmec,0
chửi thì chửi . mà cái giọng của anh dọn phòng nghe trổi tai thật .,0,human,train,vi,16,vsmec,0
"thật là romantic , mà mà mà ... sao nghĩ tới cảnh động phòng hoa chúc tao thấy nhột nhột lỗ đít 😧😧",0,human,train,vi,23,vsmec,0
tỏ tình cho nó biết thôi chứ yêu đương gì tầm này :(((,0,human,train,vi,13,vsmec,0
"đấm liên tục vào mồm , không trượt phát nào ...",0,human,train,vi,11,vsmec,0
lâu quá mới nghe lại bài này buồn thế,0,human,train,vi,9,vsmec,0
"giơ cao đánh khẽ , cảnh cáo cho có lệ",0,human,train,vi,10,vsmec,0
cô ấy bảo : đời như lol 🙂,0,human,train,vi,8,vsmec,0
đéo biết ! vợ tôi đéo cho nữa !,0,human,train,vi,9,vsmec,0
thông minh lắm,0,human,train,vi,3,vsmec,0
đừng hỏi tại sao giới tính cứ bị bẻ cong,0,human,train,vi,10,vsmec,0
do mày ngu đéo ghi chỗ khác :)),0,human,train,vi,8,vsmec,0
cười đau ruột 🤣🤣🤣,0,human,train,vi,4,vsmec,0
per sợ nhện đúng không :)),0,human,train,vi,6,vsmec,0
kiên nhẫn với 1 con chó chứ chắc gì đã kiên nhẫn với bố mẹ hay người thân bên cạnh mình .,0,human,test,vi,22,vsmec,0
thôi mấy bác bị dắt mũi rồi . nghe đến đoạn au mobile là biết nó quảng cáo game trá hình rồi . như con cặc,0,human,train,vi,26,vsmec,0
bà ta đâu cư xử như 1 người vợ đâu !,0,human,train,vi,11,vsmec,0
bằng tuổi người ta mình vẫn còn mải nghĩ chiều nay ăn gì 😢,0,human,train,vi,14,vsmec,0
em ấy đang ở đâu ạ,0,human,train,vi,6,vsmec,0
tao ngồi tao khóc 1 buổi ☹️,0,human,train,vi,7,vsmec,0
tao không phân biệt được bà nội bà ngoại ??,0,human,train,vi,10,vsmec,0
nay buồn :(((,0,human,train,vi,3,vsmec,0
mai anh gọi tôi dậy đi :)),0,human,train,vi,7,vsmec,0
thế em ăn cơm chưa ?,0,human,train,vi,6,vsmec,0
vỡ tan là như thế ấy,0,human,train,vi,6,vsmec,0
em đang ở đâu mà mấy năm rồi chưa thấy xuất hiện :),0,human,test,vi,13,vsmec,0
đấm cho liên tục vào mồm đéo trượt phát lòn nào cả =)),0,human,train,vi,13,vsmec,0
"thế mày lại ghép nhạc vào làm gì cho con bé bị tán mấy chục cái , mày ác lắm",0,human,train,vi,20,vsmec,0
sao giốg với mình v . nhưg mình từ bỏ rồi người ta hình như cũng có người khác . từ đầu là do mình ảo tưởg thôi giờ thì tỉnh đi cô gái ạ,0,human,train,vi,35,vsmec,0
"chiến tranh có gì vui đâu nhỉ , chỉ gây đâu thương",0,human,train,vi,12,vsmec,0
"nói mưa là mưa v chời , tôi còn đi chơi đi học nữa mừ .",0,human,train,vi,16,vsmec,0
t còn được nghỉ 1 tuần :)))),0,human,train,vi,7,vsmec,0
ờ tao tao thông minh thiệt đã dừng lại đúng lúc,0,human,train,vi,11,vsmec,0
lạy chúa con còn lứa tuổi học sinh,0,human,train,vi,8,vsmec,0
tao tưởng tới đoạn per tuyên bố hôn nụ hôn chia tay chứ … ai ngờ kết quả lại khác bây,0,human,train,vi,21,vsmec,0
"xem phim mà cứ nhìn cặp chân của ổng , chân gì mà dài thường thượt . chồi ôi 1m87",0,human,train,vi,20,vsmec,0
có tiến bộ ! kkk,0,human,train,vi,5,vsmec,0
dăm ba cái trò nấu cơm này sao làm khó tao .,0,human,train,vi,12,vsmec,0
cá nhân mình nghĩ nó dừng hay đỗ đúng sai thì đã có ca pạt còn nó đỗ trước cửa nhà mình mà oto hay xe không ra vào được thì lúc đó mới ý kiến . công nhận bọn oto đỗ trước nhà nhìn chỉ muốn đốt,0,human,train,vi,48,vsmec,0
rất nguy hiểm,0,human,test,vi,3,vsmec,0
hồi nhỏ đọc tao đã nghi nghi rồi =)))))))),0,human,test,vi,9,vsmec,0
xem lại quá nhiều lần đến nỗi không nhớ nổi . vì phim quá hay và ý nghĩa .,0,human,train,vi,19,vsmec,0
tuổi thơ không có gì đặc biệt cho đến khi năm lớp 12 . nhớ cả cuộc đời cậu bạn ngồi cạnh,0,human,train,vi,22,vsmec,0
"per khiếp nhớ ngày xưa quá anh em ơi , đi làm cười từ sáng tới tối luôn 😩",0,human,train,vi,19,vsmec,0
xem 1 lần rồi thôi !!,0,human,train,vi,6,vsmec,0
"loại này nó vậy , y con chó nhà mình .. hjjjj",0,human,train,vi,12,vsmec,0
có cả chiêu của per trong đấu trường thú nè :))),0,human,test,vi,11,vsmec,0
"mức thu cao nhất - đồng ý vì số liệu nó thể hiện như vậy , chứ còn hiệu quả thì mình không biết đúng không 😂 mỗi lần vô vcb là hiểu phải đợi mỏi mòn , không như những nh khác",0,human,train,vi,43,vsmec,0
mấy con gà bị lừa mà đéo biết .,0,human,train,vi,9,vsmec,0
tao ho rụng hết tóc rồi 😭,0,human,train,vi,7,vsmec,0
còn buồn hơn là cố quan tâm thế nào họ vẫn không hề rep lại,0,human,train,vi,15,vsmec,0
crush bị thịt hay không không quan trọng . t chỉ sợ vợ tao đang bị thg nào đó gạ địt thôi . nghĩ mà buồn,0,human,train,vi,26,vsmec,0
lần sau mua mấy con vít gỗ 2cm lém gần bánh :)) lần sau sợ ngay :)),0,human,train,vi,17,vsmec,0
ôi vãi nhìn ảnh giật mình đám nghiệt súc cười nhé răng !!!!!! đhs ... 😞 đẻ ra đau bết cả lồn,0,human,train,vi,22,vsmec,0
per ta nguyện nằm im,0,human,train,vi,5,vsmec,0
các bác dẫn crush qua cây sữa nay mà hứng nước đái ve nha haha,0,human,test,vi,15,vsmec,0
"chăn lắm lông , bắp tay thì to ôi tuổi thơ của taoooo :33333",0,human,train,vi,14,vsmec,0
đọc nhiều chuyện cổ tích vầy thấy yêu cuộc sống hẳn :)),0,human,train,vi,12,vsmec,0
moẹ s tuổi thơ của tôi toàn găp phải thằng mất dạy . toàn đánh với bắt nạt các b nữ . đm thằng per với thằng per lơn . tau vẫn nhớ,0,human,train,vi,33,vsmec,0
"a trai mình từng làm trung nguyên 3 năm thôi . cũng gặp qua bà thảo với ông vũ rồi , bà thảo đúng chất con buôn , tham lam lắm , chả có tâm chút nào 👌",0,human,test,vi,38,vsmec,0
"3s để tôi nói tôi yêu em và cả quãng đời còn lại để tôi chứng minh lời tôi nói :"" tôi yêu em """,0,human,train,vi,25,vsmec,0
per cười đau bụng luôn 🤣🤣,0,human,test,vi,6,vsmec,0
mình còn để ảnh bạn ấy trong thẻ học sinh xong bị thấy cơ,0,human,test,vi,14,vsmec,0
ai ngu như mày,0,human,train,vi,4,vsmec,0
thật cảm động,0,human,train,vi,3,vsmec,0
xem không dưới 3 lần chia sẻ không dưới 2 lần nhưng mỗi lần nhìn thấy lại xem lại buồn,0,human,train,vi,20,vsmec,0
đi học về thấy bán hoa đây đường mà cảm thấy tội cho bọn có gấu ... lại tốn tiền,0,human,train,vi,20,vsmec,0
"đụ mẹ tục , cuối tuần về ra nha :))",0,human,test,vi,10,vsmec,0
có mấy con đi quán biết là bọn mày bỏ tiền ra thật đó nhưng làm người thì có văn hóa với ạ ... đcm xả rác đổ tùm lum rồi xé giấy ... nói chung là bọn nó đi cái chỗ đó như kiểu ở ngành luôn ấy ... tưởng bỏ tiền ra là làm cha làm mẹ người ta z đó .... mặt đẹp mà tính ở dơ,0,human,test,vi,70,vsmec,0
chúng mày bị điên à 😒,0,human,train,vi,6,vsmec,0
gì thế này ? này là kiến thức đó hả ?,0,human,train,vi,11,vsmec,0
biết giả vẫn phải tạo,0,human,train,vi,5,vsmec,0
"hồi xưa vào trông nhà cho ông bà , thuê đĩa võ thuật này xem cho mạnh mé đỡ sợ mà thuê ngay đĩa này . ám ảnh quả nhạc tao tao téo vãi",0,human,train,vi,34,vsmec,0
có ai như tao vô đọc bình luận 🤣 tao cười tao xĩu,0,human,test,vi,13,vsmec,0
cùng câu hỏi .. vụ thang máy thì sao nhỉ,0,human,test,vi,10,vsmec,0
tao rất sợ mất đứa tỏ ra như thế,0,human,test,vi,9,vsmec,0
chỉ có được cái chữ đẹp . hihihi ...,0,human,train,vi,9,vsmec,0
bọn dân trí thấp tưởng thế là hay .,0,human,test,vi,9,vsmec,0
buồn cô lắm,0,human,train,vi,3,vsmec,0
hay quá,0,human,test,vi,2,vsmec,0
sao mà mặt boss có thể gian đến thế nhỉ,0,human,test,vi,10,vsmec,0
hư cấu 😌,0,human,train,vi,3,vsmec,0
"đập chết mẹ nó đi , nó làm người ta nhồi máu cơ tim có khác nào giết người gián tiếp mà ở mỹ gọi là giết người cấp độ 2 đấy",0,human,train,vi,32,vsmec,0
may quá tao đang nhà đắp chăn xem cảnh này chứ đông vậy đi chắc chớt,0,human,train,vi,16,vsmec,0
cắt tóc xong rùi gội đầu xong tóc còn ướt ý nhìn đẹp trai lắm luôn ý,0,human,train,vi,17,vsmec,0
mặt dày lại ôm cứng ngắt cho chị . 😆,0,human,train,vi,10,vsmec,0
gớm không tưởng,0,human,train,vi,3,vsmec,0
móng của bố tao . hồi trước và bây giờ đã cắt vì lý do . sức khoẻ .,0,human,train,vi,19,vsmec,0
thằng nào kiểu như này tao cho cạch mặt !!! đéo thích nữa 😂😂,0,human,train,vi,14,vsmec,0
đề này đối với lực học lớp 9 đâu có khó . cẩn thận chút là được,0,human,train,vi,17,vsmec,0
cuộc sống mà mấy ai được trọn vẹn 😢😢,0,human,train,vi,9,vsmec,0
cần phải tỉnh táo,0,human,train,vi,4,vsmec,0
não bọn này nhiều nếp nhăn đấy,0,human,train,vi,7,vsmec,0
cưng nhỉ,0,human,train,vi,2,vsmec,0
a per ..... nhìn những hình ảnh này ... sao em nhớ về anh quá .... 15 năm ròng rã .. giờ anh lưu lạc nơi đâu . 😭😭😭😭,0,human,test,vi,29,vsmec,0
mẹ cái lũ thầu nấu ăn cho trẻ con . ai cũng bảo chúng mày nấu 1 năm có có hàng tỉ tiền . mẫu giáo còn hại được thì cấp 1 tha gì .,0,human,train,vi,35,vsmec,0
em per gì gì đang hot đi làm lại ngực mà đi đoạn đường này thì ngải cứu :)),0,human,test,vi,19,vsmec,0
dăm ba cái nồi này sao nấu ngon bằng cơm điện nhà tao được . kaka,0,human,train,vi,16,vsmec,0
đúng là xa thơm gần thối . người tuyệt vời ngay trước mắt mà không thấy,0,human,train,vi,16,vsmec,0
per =))))) đúng kiểu sáng tạo :)),0,human,train,vi,7,vsmec,0
per vui quá .. đi dạo được ven hồ rồi 🙂,0,human,train,vi,11,vsmec,0
công nhận 😌😌😌 đồng nghiệp hạp hạp tí có khi ngồi buôn cả ngày bám hơn cả bám người yêu . đi làm hôm nào cảm thấy hôm đó ý nghĩa vãi,0,human,train,vi,32,vsmec,0
tôi cùng hoàn cảnh với bạn má tôi củng bệnh và từng ngày từng ngày tôi bên má tôi sợ giây phút má bỏ tôi ra đi và ngày đó củng đến ai còn mẹ hảy quí từng giây từng khắc bên mẹ,0,human,train,vi,43,vsmec,0
người ngoài hành tinh đi học tiếng anh rồi à vãi,0,human,train,vi,11,vsmec,0
tao thì muốn là đéo bao giờ . nhưng mẹ tao thì muốn ngay bây giờ 😢,0,human,train,vi,17,vsmec,0
"kể mà mình cũng được tỏ tình lãng mạn kiểu này . ôi , ngủ thôi . muộn rồi :3",0,human,test,vi,20,vsmec,0
em chờ được mà 🙂,0,human,train,vi,5,vsmec,0
vừa đây về đông kinh hồn càng về đêm càng đông,0,human,train,vi,11,vsmec,0
chắc tao lại vác dao đâm chết cdm bọn hãm này :)))),0,human,train,vi,12,vsmec,0
thêm cái trang này ăn cắp ý tưởng của tôi,0,human,test,vi,10,vsmec,0
"tan rã hết rồi , giờ toàn đánh lẻ thôi 😭😭😭",0,human,train,vi,11,vsmec,0
rất ghét bọn trộm cắp,0,human,train,vi,5,vsmec,0
chẳng biết nói gì . xem video em cười suốt mà lòng tôi không thấy vui tẹo nào . thương em,0,human,train,vi,21,vsmec,0
"ngày xưa toàn bị mẹ đánh bằng dây điện , vụt phát nào ứa máu phát đấy . giờ nghĩ lại tự nhiên lại thấy hay , vì ngày xưa mẹ nghiêm khắc như thế giờ mình mới ngoan 🙂",0,human,train,vi,40,vsmec,0
trông đen đen bẩn bẩn nhìn phát khiếp,0,human,train,vi,8,vsmec,0
"từ nhỏ tới lớn đi học toàn ngồi chung bàn với nam , toàn phải đương đầu chiến đấu với vạch phấn chia đôi bàn ghế . 🤣🤣",0,human,train,vi,28,vsmec,0
trời đụ thằng con trời đánh,0,human,test,vi,6,vsmec,0
đi làm quán nước mà mỗi cái bịch nay long đựng ống hút nó cũng xé nhỏ ra rồi để bay tứ tung đi quét đã muốn lòi lồn,0,human,train,vi,29,vsmec,0
tao cũng muốn học vẽ lắm :( cơ mà không có điều kiện để đi học,0,human,train,vi,16,vsmec,0
quá ẩu vay mà bỏ tù người ta tân 7nam giờ đền 200tr . quá tội cho chị ấy còn những thằng kia thi quá tồi ...,0,human,train,vi,27,vsmec,0
"ủa tao tưởng trái bòn bon chứ ,",0,human,train,vi,8,vsmec,0
"gặp tao , tao sút cho vô mỏ",0,human,train,vi,8,vsmec,0
cay đắng ngọt bùi . nhưng cay đắng thì thường nhiều hơn =)),0,human,test,vi,13,vsmec,0
bị tát lần đầu có thể sẽ hơi sốc một chút nhưng bị nhiều lần rồi sẽ quen ngay ấy mà 😂,0,human,train,vi,22,vsmec,0
do chính sách quản lý yếu kém mới ra vậy đó,0,human,train,vi,11,vsmec,0
đau còn hơn tỏ tình bị từ chối per,0,human,train,vi,9,vsmec,0
đai giảm tốc độ kiểu ấy mà gặp mấy bà đang đau đẻ là xác định đẻ trên xe hay ở nhà đi rồi hẳn đem lên bệnh viện 😂😂😂,0,human,train,vi,30,vsmec,0
ơ . t chỉ quan tâm sao mày lại mặc quần màu hường hình cô gái thôi ??,0,human,train,vi,18,vsmec,0
tao thấy mấy thằng đi sh 10 thằng thì 9 thằng không mũ ngông nghênh . ngồi trên xe thì dume mặt cứ nhìn lên trời =)) đéo hiểu chúng nó sĩ oai cái lol gì luôn .,0,human,train,vi,38,vsmec,0
suốt ngày bị chửi ??,0,human,train,vi,5,vsmec,0
"xong vài tháng sau thằng bạn chung lớp chửi mình chảnh , bố đời .",0,human,train,vi,15,vsmec,0
"dân vũng tàu có khác , toàn người nhân cách cao",0,human,train,vi,11,vsmec,0
cái miệng nó nhanh hơn cái não,0,human,train,vi,7,vsmec,0
làm sao tôi có thể yêu được loài người đây ???,0,human,train,vi,11,vsmec,0
bể mẹ cái kính cường lực mới dán :#,0,human,train,vi,9,vsmec,0
dù có sống được mấy đời thì cũng nợ mẹ cha trọn cả mấy đời .,0,human,test,vi,16,vsmec,0
per bảo này mày không được đi chơi đêm nhé,0,human,train,vi,10,vsmec,0
"gần 2 năm đến sớm nhất để mở cửa lớp , lúc về cũng là người là sau cùng để khóa cửa . đến giờ ra trường được 3 năm vẫn không muốn vứt chìa khóa của lớp ...",0,human,train,vi,39,vsmec,0
ngộ không phiên bản lỗi 😆😆,0,human,train,vi,6,vsmec,0
ám ảnh đến bây giờ 24 tuổi vẫn sợ ngỗng :))),0,human,test,vi,11,vsmec,0
"cây hoa sữa thì nói cây hoa sữa đi , tình yêu tình báo gì ra ngửi mùi chắc mất mẹ tình yêu luôn",0,human,train,vi,24,vsmec,0
đã gặp được em đúng lúc . nhưng lại không phải thời điểm em muốn ....,0,human,train,vi,16,vsmec,0
"đúng rồi , vàng là phải vàng mới có giá trị , vàng trắng làm gì có giá trị 😥",0,human,train,vi,20,vsmec,0
thương .. hy vọng sớm có người cưu mang bé,0,human,train,vi,10,vsmec,0
"chán thật , dạo này hồi xuân hay sao đọc mấy cái kiểu này ấm lòng vãi :(",0,human,train,vi,18,vsmec,0
tự dưng cay mẹ mắt,0,human,test,vi,5,vsmec,0
ý tưởng hay đáy chứ,0,human,train,vi,5,vsmec,0
kinh dị thật nhìn ngu vãi,0,human,train,vi,6,vsmec,0
giờ nín ngay không ? việc gì phải khóc,0,human,train,vi,9,vsmec,0
củ cà rốt thôi mà cái mẹt đã vây nếu là miếng thịt thì không bít mẹt ra sao nhể 😂,0,human,test,vi,21,vsmec,0
ôi trời nguy hiểm thế,0,human,test,vi,5,vsmec,0
"đi chơi gặp 3 con mất dậy này vừa bị dí vừa bị cạp đít đau không chịu được sau phải nhảy lên cây để trốn , giờ gặp là sợ 😭😭",0,human,train,vi,32,vsmec,0
đứng tim luôn,0,human,train,vi,3,vsmec,0
t thấy chả có gì thú vị .,0,human,train,vi,8,vsmec,0
dễ thương ghê . thằng quay phim cũng không phải dạng vừa ^^,0,human,test,vi,13,vsmec,0
mẹ chồng cay nghiệt =))))),0,human,test,vi,5,vsmec,0
"e ấy đang khóc , nhưng vì hàm răng không thể thụt vào nên mọi người nghĩ là em đang cười :))))",0,human,train,vi,22,vsmec,0
một lũ ngu,0,human,train,vi,3,vsmec,0
sau vụ 200k thì vụ 5tr này có nội dung hài hước y hịt :)))),0,human,test,vi,15,vsmec,0
đầu mùa chua chua ăn ngon vãi_chưởng . thích vải lắm luôn . trong khi nhà toàn nhãn .,0,human,test,vi,19,vsmec,0
"tao toàn thế giận tao tao dỗi lại , lại phải dỗ tao . hahahaha",0,human,train,vi,15,vsmec,0
động lực cho tôi tiếp tục .,0,human,test,vi,7,vsmec,0
giá như nơi nào cũng có 1 đội như vậy thì những người đi khuya xe hư đỡ khổ biết bao . thật là hành động đáng chia sẻ,0,human,test,vi,29,vsmec,0
giờ lắm bọn biến thái thế,0,human,train,vi,6,vsmec,0
chua cay bùi ngọt mặn cái chả có .,0,human,train,vi,9,vsmec,0
boss hổng có 6 múi hả :( buồn dị,0,human,train,vi,9,vsmec,0
per cảm ơn tôi đi . thấy tầm quan trọng của máy chém gió chưa,0,human,train,vi,15,vsmec,0
aw giống tao vậy =))) mấy thứ linh tinh tao còn để nguyên vào 1 cái hộp bự cơ,0,human,train,vi,19,vsmec,0
ngày xưa mừn cũng hay thế lắm .,0,human,train,vi,8,vsmec,0
cái thứ bán hàng đéo có tâm . rồi mày sẽ ế bánh cho mà xem,0,human,train,vi,16,vsmec,0
dume s giống suy nghĩ tao thế nhỉ :))) hihi,0,human,train,vi,10,vsmec,0
nó cười mà muốn rụng tim 😂💔,0,human,train,vi,7,vsmec,0
t tưởng móc được mớ vụn ra là hết rồi . ai ngờ còn 2 cục đựu má chà bá,0,human,train,vi,20,vsmec,0
rớt vô đây chắc chắc khóc tiếng thái lan,0,human,train,vi,9,vsmec,0
"anw , vote cho anh vũ",0,human,train,vi,6,vsmec,0
chuẩn kkk 😁,0,human,train,vi,3,vsmec,0
"bị ngỗng mổ sợ vãi_chưởng , hồi bé tao đã không sang nhà b tao cả tuần trời vì nhà nó mới nuôi ngỗng mà bình thường tao toàn ăn chùa cơm nhà nó thiếu điều làm con nuôi nhà nó nữa thôi :))) nhắc lại mới thấy sợ vãi",0,human,train,vi,50,vsmec,0
phòng gì vậy .,0,human,train,vi,4,vsmec,0
chia buồn cùng khổ chủ,0,human,train,vi,5,vsmec,0
"tránh xa nó ra , nó ngáo đó , 8h sáng mà nó đòi đi ngủ là hiểu rồi",0,human,train,vi,19,vsmec,0
rốt cuộc thằng bé này ở đâu xuất hiện mà có ảnh chế nhiều vậy,0,human,test,vi,15,vsmec,0
xem tới đây dume ứa nước mắt 😞,0,human,train,vi,8,vsmec,0
thề dume đứa nào nghĩ ra cái đoạn kết như kiểu hết phim như này nhàm vãi ra . đang hay thì tụt hứng,0,human,train,vi,24,vsmec,0
đm tao biết trước cả sự việc kiểu lìn gì cũng có nhện nhảy lên màn hình . vì mấy năm trước cũng có 1 thể loại giống như vậy . đm hú nhồn,0,human,train,vi,34,vsmec,0
đang trong lớp mà ứa nước mắt,0,human,test,vi,7,vsmec,0
evn nó đéo thích đâu nhé .. nó chỉ giả vờ lươn lẹo nói thế thôi ..!? 😁😂🤣,0,human,test,vi,18,vsmec,0
ai trèo lên đưa cho ảnh cái áo mưa đi kẻo ướt ảnh đó,0,human,train,vi,14,vsmec,0
"mày vã quá rồi đấy , sang lên chứ 🙄",0,human,test,vi,10,vsmec,0
ngưỡng mộ quá đi ạ . chúc 2 ac mãi mãi hạnh phúc như này nha :))),0,human,train,vi,17,vsmec,0
đa ́ người yêuc quá ́,0,human,train,vi,6,vsmec,0
hạnh phúc là đây chứ đâu =))),0,human,train,vi,7,vsmec,0
"đúng rồi còn quay quay , lớ nga lớ ngớ xuống trách người ta . có phải bãi xe tự phát đâu mà người ta dám làm láo .",0,human,train,vi,29,vsmec,0
ô .. còn lâu lắm ...,0,human,train,vi,6,vsmec,0
chọn cây đẹp đẹp rồi để các bạn trẻ đổ xô đến vì hiếu kỳ lại gây tắc đường à dume,0,human,test,vi,21,vsmec,0
người ta dùng con kiến bống . loại có chất axit có vị chua . chứ đéo ai dùng loại kiến đen cứt trâu này .,0,human,train,vi,26,vsmec,0
nhìn quả mặt của nó thì tao công nhận thất tình thật đáng thương ?,0,human,train,vi,15,vsmec,0
nó đi theo gái thì co,0,human,train,vi,6,vsmec,0
hạnh phúc . mà hạnh phúc của đàn ông thì khó nói lắm . kaka,0,human,train,vi,15,vsmec,0
lại là bài nhạc huyền thoại trong xe hơi :3,0,human,train,vi,10,vsmec,0
khó có thể giải thích,0,human,train,vi,5,vsmec,0
tạm biệt tổng thống trump !! việt nam hẹn gặp lại ngài !,0,human,test,vi,13,vsmec,0
"phải chi có ai đối với tao như này ha . nghĩ lại , mình không bằng cả chó . aiyo ....",0,human,test,vi,22,vsmec,0
per lần sau hãy hưởng ứng câu chuyện của tao như này này,0,human,train,vi,13,vsmec,0
cu ̃ người it xa ̀ mày lă ́ mày ..,0,human,train,vi,11,vsmec,0
kinh khủng thật :((,0,human,test,vi,4,vsmec,0
gặm gặm cái đéo ý à ... bố gặm luôn mày giờ ...!!!,0,human,test,vi,13,vsmec,0
mấy bọn thả chó không rọ mõm gây hại cho người khác phải bị chó cắn mới thích đáng per,0,human,train,vi,20,vsmec,0
phim này mới ra được có tập 1 thôi . hay phết,0,human,train,vi,12,vsmec,0
nuôi kiểu đéo gì lại để nó như thế này ??? thằg chủ có tâm hồn thối rữa à ??,0,human,train,vi,20,vsmec,0
"còn giữ 2 cái đĩa cổ này luôn á , ghê hông",0,human,train,vi,12,vsmec,0
mình còn chưa được nắm tay,0,human,train,vi,6,vsmec,0
lỗi tại thằng bán hàng,0,human,train,vi,5,vsmec,0
ông nội này chất đấy,0,human,test,vi,5,vsmec,0
ếch chết tại miệng,0,human,train,vi,4,vsmec,0
cần lắm những sẻ chia . cần lắm những thấu hiểu,0,human,test,vi,11,vsmec,0
sẽ hấp dẫn hơn khi dưới sông có cá sấu :)) lót dép hóng,0,human,train,vi,14,vsmec,0
và khi quay lại nói chuyện với nhau .... biết nói gì giờ huhu,0,human,train,vi,14,vsmec,0
dù thời tiết nóng bức ... nhưng ăn vải vẫn là ngon nhất,0,human,test,vi,13,vsmec,0
"ôi những con người dễ bị ám ảnh với quá khứ , ôm nhau cái nào",0,human,train,vi,16,vsmec,0
kể cả là câu chuyện không có thật thì nó vẫn là một lời nhắc . sân si cái đầu buồi à .,0,human,train,vi,23,vsmec,0
ưới gì honey của mình sau này cũng thế,0,human,test,vi,9,vsmec,0
tới lúc chia tay rồi khóc :(,0,human,train,vi,7,vsmec,0
"10 triệu có lẻ quá ít so với số tiền mà bọn nầy được thê để phá hoại cả một nền chăn nuôi gia súc nói riêng , cả một nền kinh tế nói chung ,,,,",0,human,train,vi,36,vsmec,0
đúng là chó cậy chủ mà 🤣,0,human,train,vi,7,vsmec,0
đúng là tấm gương xáng để con cháu noi theo =)))))),0,human,train,vi,11,vsmec,0
cảm thấy sợ mấy thứ suy nghĩ cổ hủ của người lớn :(,0,human,train,vi,13,vsmec,0
không có gì là tồn tại mãi nhỉ,0,human,train,vi,8,vsmec,0
bình phước vẫn là cây chủ lực .,0,human,train,vi,8,vsmec,0
có con cục gạch kia xong chả biết từ đâu đâu lôi ra con ai phôn chơi :))) vô lí vãi :)) hư cấu 🙃,0,human,test,vi,25,vsmec,0
vừa sếp vừa đồng nghiệp tốt thì đi làm như là đi chơi 💃 bonus 6h chưa hẳn đã muốn về,0,human,train,vi,21,vsmec,0
tao đã từng viết như thế này . bây giờ không muốn ai đọc chỉ có đốt mà lười đốt,0,human,train,vi,20,vsmec,0
"ngày xưa đi học gần trường có bày ngỗng , hôm nào nó cũng cà khía rượt tụi học sinh chạy sấp mặt luôn",0,human,train,vi,24,vsmec,0
đội cái mũ vào chết đéo ai . không có mũ xong đập đầu xuống đất chết không chết cho lại sống cuộc đời nửa ngáo,0,human,train,vi,26,vsmec,0
có lẽ vậy là tốt nhất,0,human,train,vi,6,vsmec,0
"ủa tại sao không nghỉ việc luôn đi , hay lương tâm không còn chữ đức nữa",0,human,train,vi,17,vsmec,0
tấu hài cực mạnh,0,human,train,vi,4,vsmec,0
đẹp không,0,human,test,vi,2,vsmec,0
thật là một câu chuyện buồn 😌,0,human,train,vi,7,vsmec,0
per cấm dừng đỗ đâu cụ thớt ???,0,human,train,vi,8,vsmec,0
trẻ trâu quá đông và nguy hiểm,0,human,train,vi,7,vsmec,0
"cả thế giới biết toau crush mày , còn mày thì íu nhận ra 😐",0,human,test,vi,15,vsmec,0
giống chó này tên là gì vậy các bác 🙄,0,human,train,vi,10,vsmec,0
tài liệu mật mà mày cũng biết à 😆 max xạo lờ,0,human,train,vi,12,vsmec,0
cuộc sống mà đành chịu thôi =(((,0,human,train,vi,7,vsmec,0
ngọc ngọc đồng nghiệp tốt,0,human,train,vi,5,vsmec,0
có thằng nào mắc cười không hay là do tao đéo có cảm xúc vậy vkl,0,human,train,vi,16,vsmec,0
nhắn mà ấm lòng nhờ :))) ra gặp anh shipper đẹp trai nữa thì chủ thớt rụng hết buồng trứng :))),0,human,train,vi,21,vsmec,0
bảo ba mẹ dẫn đi bác sĩ ngay đi,0,human,train,vi,9,vsmec,0
bả đòi cái gì vậy ?,0,human,test,vi,6,vsmec,0
"ngta có câu nhất cự li nhì tốc độ , mày phải ghi xát dô , ghi nhanh nhanh nữa ,...",0,human,train,vi,21,vsmec,0
phải chi có người yêu nhắn tin ngọt ngào như này,0,human,train,vi,11,vsmec,0
không muốn huhu,0,human,train,vi,3,vsmec,0
dễ thương quá trời hà ..😂,0,human,train,vi,6,vsmec,0
vẻ đẹp phi giới tính luôn,0,human,train,vi,6,vsmec,0
per dăm ba cái con nhện :))))),0,human,train,vi,7,vsmec,0
nhà tôi còn nè,0,human,train,vi,4,vsmec,0
kinh khủng,0,human,train,vi,2,vsmec,0
"toàn xử ép , đi tù gần được 7 năm rồi đền người ta 200 triệu . thời gian tuổi trẻ của con người rẻ mạt quâ",0,human,train,vi,27,vsmec,0
per tôi có 1 thằng bạn lúc nào cũng chỉ lo dìm hàng chiều cao của tôi thôi .,0,human,train,vi,19,vsmec,0
nói thì hay lắm 🙂 cuộc sống đâu phải được như mong muốn,0,human,test,vi,13,vsmec,0
có người yêu thì lo giữ đi mấy má khoe khoe cái buồi dume xem mà thấy tức vãi :''>,0,human,test,vi,20,vsmec,0
buồn vì mình không giúp được gì cho ai . nhìn những người khác khổ hơn mình mà thấy thương họ,0,human,train,vi,21,vsmec,0
con này ăn cức mà lớn hay sao ấy . đánh không lại thì chạy ngu như bò đứng cho tụi nó đánh,0,human,train,vi,23,vsmec,0
sao bắt nhanh thế sáng đọc báo có tin chôm ngân ngàng chiều đọc báo đã bắt được rồi,0,human,train,vi,19,vsmec,0
mình bình luận chủ yếu muốn khoe mình là fan cứng thôi :)) các bạn không cần để ý,0,human,test,vi,19,vsmec,0
cũng có nơi gia đình khá giả mới có nó !,0,human,train,vi,11,vsmec,0
tư ̀ hô ̀ i ba ̣ n â ́ y chuyê ̉ n trươ ̀ người thi ̀ chă ̉ người co ̀ n ai đô ́ i xư ̉ tô ́ tao vơ ́ i tao như vâ ̣ y nư ̃ anh . :(,0,human,train,vi,47,vsmec,0
cưng xỉu ~~??,0,human,train,vi,3,vsmec,0
má hồi xưa về ngoại chơi đi đường bị nguyên đàn yêu nghiệt này dí chạy té đái giờ vẫn sợ bọn nó 😨😨😨,0,human,train,vi,24,vsmec,0
dể thương quá ah,0,human,test,vi,4,vsmec,0
thật buồn khi mình thịt vợ thang khác mà thằng khác thịt vợ tưong lai mình,0,human,train,vi,16,vsmec,0
mặt hài vãi chưởng =)))),0,human,train,vi,5,vsmec,0
à ừ đúng rồi tin người quá đến lúc nó đâm cho cũng không biết,0,human,train,vi,15,vsmec,0
chuẩn lun,0,human,train,vi,2,vsmec,0
nhìn mặt héo queo luôn,0,human,test,vi,5,vsmec,0
đấy thấy chưa con người ta khổ như thế,0,human,test,vi,9,vsmec,0
chồng tao mà nói thế tao lại vả vỡ con mẹ nó mồm :)),0,human,train,vi,14,vsmec,0
bư ̃ anh trước mới nghi ̉ xong tao đi đa ̀ nă ̃ người chơi 3 nga ̀ y xong vê ̀ kho ̉ em re =))),0,human,train,vi,28,vsmec,0
vợ với con chả được tích sự gì ! toàn làm hết hồn ??,0,human,train,vi,14,vsmec,0
may thằng đó không nghe lời vợ,0,human,train,vi,7,vsmec,0
ý tưởng hay 😂,0,human,train,vi,4,vsmec,0
cuộc sống mà,0,human,train,vi,3,vsmec,0
thấy cưng gì đâu,0,human,train,vi,4,vsmec,0
per nhớ quá trời nhớ luôn nè,0,human,train,vi,7,vsmec,0
clm đêm rồi tha cho tao 🙂 tao đéo muốn chạy xuống dưới nhà hoặc là nhịn đến sáng mai đâu 🙂 con gì thì con kệ mẹ 🙂 đừng nhắc đến nhện 🙂,0,human,train,vi,34,vsmec,0
uề ... lại li hôn không thành công ... 😂😂. t buồn cười câu này quá per,0,human,train,vi,17,vsmec,0
"per như một cú tát vào mặt , đau lòng quá đi",0,human,train,vi,12,vsmec,0
agribank thu nhập bằng phong phì thì bố thằng nào biết được mà cập nhật,0,human,train,vi,15,vsmec,0
ngoài kia ! còn có rất nhiều điều tốt đẹp vẫn còn trên thế giớ này ! hy vọng những điều tốt đẹp luôn diễn ra từng giây phút ..,0,human,train,vi,30,vsmec,0
thật chứ thấy bạn nam kia cứu con chó không cần nhìn mặt cũng biết đẹp trai rồi 😆,0,human,train,vi,19,vsmec,0
suy thoái gớm nhỉ :)),0,human,train,vi,5,vsmec,0
"dm gì cũng bắt phải làm , phí thu vãi thì chả top1 :))) nhân với chả viên",0,human,train,vi,18,vsmec,0
nhiều cụ cứ chửi người ta mà không chịu xem lại bản thân mình :)),0,human,train,vi,15,vsmec,0
coi thôi cũng đủ nghiện rồi 💋,0,human,train,vi,7,vsmec,0
đôi mắt to quá,0,human,train,vi,4,vsmec,0
mình hiền mà lúc cáu là chỉ im lặng không nói gì thì là sao ta 🤔,0,human,test,vi,17,vsmec,0
per hồi đó mua điểm đại học nè 😂😂😂,0,human,train,vi,9,vsmec,0
"đến cả khi nó nói thích mình , 1 phút sau nó lại nói chỉ trêu . mệt mỏi",0,human,train,vi,19,vsmec,0
"nhà em trong ngõ bác ơi , bác cho ô tô vào vừa thì em cho bác đỗ luôn",0,human,train,vi,19,vsmec,0
ko có biển cấm dừng đỗ nhưng đỗ thò đầu ở ngã 3 kia là rất bố láo .,0,human,test,vi,19,vsmec,0
tao sẽ lấy hết tất cả các nick clone tao có phẫn nộ cái vid này 🙂,0,human,train,vi,17,vsmec,0
ai hát tao cho tao nge bài này chắc tao say quá,0,human,test,vi,12,vsmec,0
tao mà là con đi xe cũ . tao vả thẳng mặt bà mặt lờ kia . méo cần biết đứa nào sai hay đúng . vả vỡ mồm rồi gọi con bà ra đây hốt xác . 🤟,0,human,train,vi,39,vsmec,0
trông tội vãi,0,human,train,vi,3,vsmec,0
đứng trụ điện mới lạ chứ,0,human,train,vi,6,vsmec,0
đấy . người ta làm những video ý nghĩa . chứ không phải ba cái video xàm nhảm như cái đéo gì cũng cái kết . xàm .,0,human,train,vi,28,vsmec,0
ngày tao chia tay tao khóc quá trời luôn,0,human,train,vi,9,vsmec,0
liệu có còn tồn tại cô gái nào chấp nhận một thằng vừa nghèo vừa xấu đặc biệt lại còn yếu sinh lý như tôi không,0,human,train,vi,26,vsmec,0
buồn nhất là crush cũng chả có để mà thả 😞,0,human,train,vi,11,vsmec,0
đi bao xa mới thoát đựoc kiếp không có người yêu ? :<,0,human,train,vi,13,vsmec,0
siêu phẩm để đời .,0,human,train,vi,5,vsmec,0
đm chưa thấy thằng nào ngu như thằng này :))) bị ngáo cần :)),0,human,train,vi,14,vsmec,0
không biết mình có được may mắn như cụ bà này không,0,human,train,vi,12,vsmec,0
thật đáng sợ,0,human,train,vi,3,vsmec,0
thế 1 đứa con trai bỏ thời gian ra nói chuyện thân thiết với 1 đứa con gái không phải là nó thích con đó thì có con cặc nó làm vậy,0,human,train,vi,32,vsmec,0
má ơi đây chính là thứ ám ảnh nhất cuộc đời con . kẻ thù 😢😢😢,0,human,train,vi,16,vsmec,0
lo cho thang bé lỡ rớt điện thoại xuống nước thì ....,0,human,train,vi,12,vsmec,0
hên crush nay ăn chơi lành mạnh,0,human,train,vi,7,vsmec,0
và sau đó nó bảo đùa đấy và loan tin mày tỏ tình nó cho tất cả mng biết 🙂,0,human,test,vi,20,vsmec,0
xây 1 được 2 nhà :)) chủ nhà ấm vãi :)),0,human,train,vi,11,vsmec,0
thế làm sao dỗ bạn gái đang giận :(,0,human,test,vi,9,vsmec,0
bọn yêu nhau tưởng thế là hay,0,human,train,vi,7,vsmec,0
đậu xanh tao giỡn mặt với mày hả,0,human,test,vi,8,vsmec,0
con mèo cục xúc nhất năm :3,0,human,train,vi,7,vsmec,0
béo tí đáng yêu mà =)),0,human,train,vi,6,vsmec,0
"per huyền thoại , kkkk",0,human,train,vi,5,vsmec,0
ha ha dể thương ❤️,0,human,train,vi,5,vsmec,0
per anh ơi đừng gym nữa . boxing là đụ rùi :((,0,human,train,vi,12,vsmec,0
7 năm rồi . nhanh quá,0,human,train,vi,6,vsmec,0
mèo nhà tao cũng từng đi lạc vì bị chó rượt tưởng mất rồi . sau mấy tháng thấy nó trở về nhà mừng vãi 😁,0,human,train,vi,26,vsmec,0
tuổi trẻ tài cao là đây,0,human,train,vi,6,vsmec,0
per wow 😂 cảnh bắt nhện kịch tính vãi,0,human,train,vi,9,vsmec,0
nước mình chả í thức gì cả xả rác bừa bãi để trôi rác đầy đường thể này thật buồn,0,human,train,vi,20,vsmec,0
hãm 1 rổ lồn . chúc mừng bạn đã chọn nhầm người để tâm thự,0,human,train,vi,15,vsmec,0
nhìn quả mặt nó làm tao thoả mãn vãi,0,human,train,vi,9,vsmec,0
họ đã cho ta có mặt ở trên cột đời này rồi còn gì bằng nữa chứ,0,human,train,vi,17,vsmec,0
hỏng cả 1 thế hệ,0,human,test,vi,5,vsmec,0
t đang thắc mắc là 2 thằng kia đéo hỏi thằng per à 🤔,0,human,test,vi,14,vsmec,0
"thương quá . giờ con đi học ở lại cả ngày thì hên xui thôi chứ biết làm sao , không ăn thịt heo thì ăn gì . mong sao có lệnh tạm dừng ăn thịt heo trong thời gian này cho các trường mầm non thì hay biết mấy .",0,human,train,vi,51,vsmec,0
chỉ khổ thân bọn trẻ thôi đau sót lắm,0,human,test,vi,9,vsmec,0
tao xin bổ sung thêm,0,human,train,vi,5,vsmec,0
cho nó đỗ tí mất gì đâu,0,human,train,vi,7,vsmec,0
đơn giản nha .. cơm này ngon hơn cơm điện nhiều . không tin thì cứ thử,0,human,test,vi,17,vsmec,0
làm bát phở đã bác ơi,0,human,train,vi,6,vsmec,0
"trưa nay nhà em ăn cơm , admin nói với mấy chú truyền hình đừng chiếu tin này lên nha",0,human,train,vi,20,vsmec,0
nhện này trong nhà tao chắc tao bỏ nhà đi mất 😱🤯,0,human,train,vi,12,vsmec,0
"đẹp , dẽ thương mà",0,human,train,vi,5,vsmec,0
thế con trai là của ai cho,0,human,train,vi,7,vsmec,0
"ngày đéo nào cũng đòi người yêu , sinh nhật bác hồ hay quốc khánh cũng đéo thấy tha 😕",0,human,train,vi,20,vsmec,0
chửi nữa đi anh ơi :)),0,human,train,vi,6,vsmec,0
nói như việt nam . nhưng hơi láo cá chắc thầy của ônc cũng như ông,0,human,test,vi,16,vsmec,0
tuổi trẻ tài cao mà :)))))))),0,human,test,vi,6,vsmec,0
các bạn đéo biết được đâu vì các bạn đbh gặp thì lsao các bạn biết được mấy con mụ già đi mất dạy như thế nào . đm cậy mình già là muốn đi thế đéo nào cũng được ý . đi sai xong chửi người ta mới vãi chứ dume có ngày đâm vào người ta chết có ngày ở đấy mà già mồm . cứ kêu người ta lớn tuổi hơn phải thế này tno nhưng có lớn mà đéo có học thì cũng đéo là cái gì,0,human,train,vi,91,vsmec,0
nguyễn thị hồng phấn cũng may tao không thấy cặp nao hêtd,0,human,train,vi,12,vsmec,0
rồi có đi họp lớp không ?,0,human,train,vi,7,vsmec,0
per bữa nào làm thử mày,0,human,train,vi,6,vsmec,0
cũng sợ mấy con ngoe nguẩy như giòi 😰,0,human,train,vi,9,vsmec,0
"hăm hở đón nhận tất cả , thậm chí là nỗi buồn , nếu điều ấy khiến việc tồn tại của bạn mang một hương vị đáng nhớ ...",0,human,train,vi,29,vsmec,0
thề cứ 1 lần trượt là tao cười to hơn 😆😆,0,human,train,vi,11,vsmec,0
diệu kì quá,0,human,train,vi,3,vsmec,0
chỉ vì lợi nhuận .. mất hết tính người . thương các bé,0,human,train,vi,13,vsmec,0
không cho giáo viên cái quyền gì thì lấy gì mà dạy nhất là thời buổi lố lăng như bây giờ ... nó quỳ lúc nhỏ khi nó sai còn sửa được đợi lớn lên thì bố mẹ quỳ nhìn nó vào nhà đá,0,human,train,vi,44,vsmec,0
tóm lại là giá trị của anh đéo bằng 1 cái bánh :<,0,human,train,vi,13,vsmec,0
per mỗi ngày đi làm thấy per là như có thêm power cho 1 ngày siêng năng !!!!,0,human,train,vi,18,vsmec,0
nhìn giống hai anh đang tỉnh tò với nhau ghê ( mình là hủ đừng ném đá nha 😅😅😅),0,human,train,vi,19,vsmec,0
per mắc dại quá mà,0,human,test,vi,5,vsmec,0
đáng yêuc quad 🤤🤤🤤,0,human,test,vi,4,vsmec,0
xàm bà cố luôn ??????,0,human,train,vi,5,vsmec,0
điều tồi tệ nhất là kiểm tra code trên giấy .,0,human,test,vi,11,vsmec,0
việt nam cái gì cũng có thể ăn được,0,human,test,vi,9,vsmec,0
người yêu mày cắt tóc hay là đi đầu thai lại thế ???,0,human,train,vi,13,vsmec,0
tao đang đi phân khối lớn đây . ai cũng kêu nhìn cá tính vãi 😁,0,human,train,vi,16,vsmec,0
sao cái gì em cũng biết vậy :))),0,human,train,vi,8,vsmec,0
nhớ lại kỷ niệm này buồn quá,0,human,test,vi,7,vsmec,0
thính thơm không,0,human,train,vi,3,vsmec,0
cẩn thận quá cô ơi,0,human,train,vi,5,vsmec,0
"em cũng như con chó thôi , nếu anh đủ kiên nhẫn thì mọi chuyện đã khác rồi 😪",0,human,test,vi,19,vsmec,0
có chuyện gì thê bố . bố đừng làm con sợ :((,0,human,test,vi,12,vsmec,0
mình chụp mấy lần liền chả thấy bác sĩ cho mặc lớp áo gì cả 😭😭😭,0,human,train,vi,16,vsmec,0
có cả túi vứt vỏ kẹo . văn minh vãiiii,0,human,test,vi,10,vsmec,0
thế em ăn anh được không ?,0,human,test,vi,7,vsmec,0
với mình đoạn mấy thằng đỡ đẻ là hay nhất,0,human,train,vi,10,vsmec,0
hahaha lúc trước ca làm có 4 chị em vui biết bao :)),0,human,train,vi,13,vsmec,0
"bồ tao cũng đang đi cái này , từ nhà nó lên đây cỡ 2 tiếng mấy và dume nó bảo tao ngủ đi vì nó đi đến sáng :)))))",0,human,train,vi,30,vsmec,0
nghe nói dạo này bạn dưỡng da để kiếm người yêu per,0,human,test,vi,12,vsmec,0
ngôn tình đầy rẫy là một cô gái sao em lại bỏ qua bao nhiêu mơ mộng,0,human,train,vi,17,vsmec,0
coi phim này xong thì nhỏ bạn tao bắt chước giống vầy với crush nó . sau đó thì ... à mà đéo có sau đó nữa :v,0,human,train,vi,28,vsmec,0
trời . cưng chết được,0,human,test,vi,5,vsmec,0
nhìn một cái rồi quay đi là thấy mãn nguyện rồi .,0,human,train,vi,12,vsmec,0
per tao được làm fan cứng giống mày rồi 🤣,0,human,test,vi,10,vsmec,0
hình vui mà sao đọc lại muốn khóc nhĩ ...,0,human,train,vi,10,vsmec,0
1 lũ hèn bỏ mẹ mấy đứa nó cũng thế,0,human,train,vi,10,vsmec,0
mới đi nhổ răng số 8 và chụp 😞,0,human,test,vi,9,vsmec,0
"tuổi thơ tao gặp toàn trai bánh bều , mít ướt . toàn là tao galang , dỗ dành . ôi cái cuộc đời này per",0,human,train,vi,26,vsmec,0
liệu nó có bay nổi hay không ?.,0,human,test,vi,8,vsmec,0
mày nhớ đặt bạn ý cho những lần gọi sau nhé !,0,human,test,vi,12,vsmec,0
"bánh tráng trộn năm đó ở roai ờ ti , ruột đau như cắt nói chuyện mắt đầm đìa đền thg dưa gang cốc dưa hấu kem chi per",0,human,train,vi,29,vsmec,0
đi chơi còn bỏ quên cả não ấy,0,human,test,vi,8,vsmec,0
nhớp nhúa,0,human,train,vi,2,vsmec,0
tao đa khóc khi xem phim này 😭😭😭😭😭,0,human,train,vi,8,vsmec,0
per không bao giờ quên được hihi,0,human,train,vi,7,vsmec,0
con gái chả thế :)))) con trai đi dume mày có nhận hàng không,0,human,train,vi,14,vsmec,0
ai cũng bận cả và không ai rảnh rỗi ngày ngày quan tâm bạn đâu ?,0,human,test,vi,16,vsmec,0
"trước tao cũng tin vào tình yêu chân thành lắm , niềm tin chết rồi",0,human,train,vi,15,vsmec,0
ho mà vỡ xương kể ra trên đời lắm chuyện lạ vãi,0,human,train,vi,12,vsmec,0
đen thôi đỏ vẫn thế,0,human,train,vi,5,vsmec,0
quan trọng vẫn là cái phải đẹp trai . rồi mới sau đó nữa ... lạ gì các bà,0,human,train,vi,19,vsmec,0
"mẹ , suốt ngày xem ba cái ngôn tình này rồi n mơ mộng . 25 rồi nha . nha nha nha",0,human,train,vi,22,vsmec,0
làm ở đâu cũng vậy cũng có đầy rẫy những khó khăn nhưng trọng hơn là làm cùng những đồng nghiệp như thế nào,0,human,train,vi,24,vsmec,0
mập mà xinh nó sẽ khác mập và xấu - _ -,0,human,train,vi,12,vsmec,0
ấn tượng vãi :v bàn tay vàng trong làng vẩy khế :v,0,human,train,vi,12,vsmec,0
sao nhanh như chớp vậy được,0,human,train,vi,6,vsmec,0
"không biết bác dạy ra sao mà đến nỗi . còn tao dạy nhận tiền mặt , dạy 10 ngày là phụ huynh trả luôn tiền tháng đó chứ không có nhập nhằng gì hết",0,human,train,vi,35,vsmec,0
cẩn thận mày lại có cháu sớm 🤣,0,human,train,vi,8,vsmec,0
đkm mấy thằng mặt cặc ! gặp bà thì bà lại đá cho thọt con mẹ nó dái lên cổ xem chúng mày có cười mà khoe chiến tích được không . đm lũ chó chết không riềng 😡😡,0,human,train,vi,39,vsmec,0
khi bạn sai mà không muốn đền thì cách tốt nhất nên dọa đối thủ thật mạnh vào @@,0,human,train,vi,19,vsmec,0
còn gì đau xót hơn 🙂🙂,0,human,train,vi,6,vsmec,0
no ́ xâ ́ u tao thi ̀...,0,human,train,vi,8,vsmec,0
"nếu không có lòng yêu thương , thì đừng nuôi",0,human,test,vi,10,vsmec,0
chuẩn bị hết ế :)),0,human,train,vi,5,vsmec,0
đó là khi anh per cưới vợ đó 🤣,0,human,train,vi,9,vsmec,0
nhỏ không học lớn lên làm nhà báo,0,human,train,vi,8,vsmec,0
bếp dầu một thời để nhớ,0,human,train,vi,6,vsmec,0
tao thấy có 1 thằng dân trí thấp trong đám bình luận này rồi đấy,0,human,train,vi,15,vsmec,0
trời ơi cái đoạn này em khóc tu tu luôn 😪.. trong khoảnh khắc rời xa một ai đó mãi mãi cơn đau thấu ngực trái huhu,0,human,train,vi,27,vsmec,0
dkm xấu mặt những thằng tập gym vkl tao đéo hiểu sao thằng này nó lại thích đi đường tiểu ngạch là sao,0,human,test,vi,23,vsmec,0
ngứa mắt lắm à nhen,0,human,test,vi,5,vsmec,0
t định thả sad nhưng đọc bình luận buồn cười vailon 😂 nên thả hahaa :v,0,human,train,vi,16,vsmec,0
những điều đơn giản nhưng thật hạnh phúc 😘,0,human,train,vi,9,vsmec,0
"chán đời các thanh niên , dơ nhục chứ hay ho đéo gì",0,human,train,vi,13,vsmec,0
đây chính là lý do tao giảm cân toàn thất bại,0,human,train,vi,11,vsmec,0
"em rất duyên , và có khiếu hài hước , nhìn mặt em thôi là chị đã muốn cười , ba mẹ chửi mà vẫn vui tươi như vậy thì đáng khích lệ mà , sao nhiều người bình luận nặng lời thế không biết , chỉ là vui thôi mà",0,human,test,vi,51,vsmec,0
vại mà có nhiều người quan niệm quá sai lầm về việc có bạn là con trai .,0,human,train,vi,18,vsmec,0
per lại lật nữa hả,0,human,train,vi,5,vsmec,0
góp vui cho chủ thớt 😂😂,0,human,train,vi,6,vsmec,0
bạn gái nào xinh xinh mà bị lạc thì vào nhà mình cho ngủ nhờ này . ??,0,human,train,vi,18,vsmec,0
nhìn gai vãi,0,human,train,vi,3,vsmec,0
tao đi quài vẫn chưa gặp nhỉ 🙃,0,human,test,vi,8,vsmec,0
thẳng thắn cho đỡ mất thời gian của nhau,0,human,train,vi,9,vsmec,0
:))) ai hỏi mày :vv,0,human,test,vi,5,vsmec,0
tối nay tập mai triển ??,0,human,train,vi,6,vsmec,0
"thay vì gà chuyển sang ăn lợn , tao cungc thế nên món khoái khẩu là gà chuyển sang sườn mày ạ",0,human,train,vi,22,vsmec,0
khi nào lên chùa ba vàng giải được vong thì kết hôn :)),0,human,train,vi,13,vsmec,0
đôi khi có tiền cũng không đi được đâu vì đéo có ai đi cùng,0,human,train,vi,15,vsmec,0
tao thầy mày cười hí hửng vại mà ?,0,human,train,vi,9,vsmec,0
cố gắng lên cụ nhé !!❤,0,human,train,vi,6,vsmec,0
"per lại nữa , tao dg suy nghĩ có nên đi bằng rap về không",0,human,train,vi,15,vsmec,0
per xem câu chuyện hư cấu này giết thời gian này 👏,0,human,train,vi,12,vsmec,0
lại thêm một con ngáo bất hạnh,0,human,test,vi,7,vsmec,0
"một đời chẳng mong phải nhà lầu 4 tầng , xe hơi hàng tỉ , chỉ mong người đàn ông đi cùng mình đến cuối đời sẽ luôn nâng niu yêu thương mình 😊",0,human,train,vi,34,vsmec,0
đoạn phim thôi mà ý nghĩa thế,0,human,train,vi,7,vsmec,0
bọn nè phạt nặng .,0,human,train,vi,5,vsmec,0
gắp đúng lúc nhưng hình như đúng lúc người ta không muốn y ai ???? đó là 1 câu chuyện buồn,0,human,train,vi,21,vsmec,0
":))) ở đoạn đó hồi năm nhất tao "" được "" họ lấy 100k , vì sáng sớm đem duy nhất 100k trong túi , thế là nộp luôn :))))",0,human,train,vi,30,vsmec,0
đã hói lại còn mắt thâm,0,human,train,vi,6,vsmec,0
ê tao đi nhật chưa được 1 năm mà xem video này làm tao loạn ngôn ngữ ghê . thỉnh thoảng phải dừng video ngẫm câu nó nói nghĩa gì,0,human,test,vi,30,vsmec,0
truyện đặng như kim nèk ... tụi bây còn ăn hiếp anh nữa là hối hận không kịp nhé,0,human,test,vi,19,vsmec,0
ngta lở ăn vụn tha đi lúc đầu thấy êm re tội quá chừng lúc sau tức nước vở bờ 😂😂😂,0,human,train,vi,21,vsmec,0
sừng mọc hồi nào không hay,0,human,train,vi,6,vsmec,0
chạy 200tr là vào biên chế ngay . thực trạng chung . cần gì có chuyên môn hay không,0,human,train,vi,19,vsmec,0
con người chứ có phải con cặc đâu mà để nói hoài,0,human,test,vi,12,vsmec,0
"kiến đỏ thì được , nhưng đây thì lại mấy con kiến hay bò qua cứt .... mấy ổng ăn ngon vãi 😐",0,human,train,vi,23,vsmec,0
ở chỗ khác chắc gì có đứa béo như mình !,0,human,test,vi,11,vsmec,0
mà ô chủ xe cũng ngu vãi . mất công đậu thì đậu hẳn ra giữa đường day . để cho nó đỡ mất công về lại phải mất công đi đại tu,0,human,test,vi,33,vsmec,0
per má có điểm cho sướng vãi,0,human,train,vi,7,vsmec,0
hay qua hoc theo cho vui,0,human,train,vi,6,vsmec,0
đây là hội à mày ? làm tao phải lên gg tra sao lại đông người thế :)),0,human,train,vi,18,vsmec,0
:(( tội bé,0,human,train,vi,3,vsmec,0
nhà tao có nhưng nó rỉ sét hết rồi :((,0,human,train,vi,10,vsmec,0
hoan hô . công nhân đâu phải trẻ mầm non,0,human,train,vi,10,vsmec,0
hỏi nhây khiếp,0,human,test,vi,3,vsmec,0
góp phần xây dựng đất nước chứ gì kkk đóng nhiếu rứa,0,human,train,vi,12,vsmec,0
"con này còn hại hơn cả ốc bươu vàng . cấm nhanh còn kịp , để nó ra ngoài thì chỉ có người nông dân thiệt thôi",0,human,train,vi,27,vsmec,0
tô ́ tao nhất là chết luôn đi ko chết sau này lại ngáo kéo theo người kha ́ c thì khổ .,0,human,train,vi,23,vsmec,0
"ngày xưa , ngoài thú vui chọc chó dí , còn chọc cho ngỗg rượt . cách giảm cân hịu quả nhất cho mấy đứa lười 😂. nhớ lại vui thật , đúg là thời sửu nhi .",0,human,test,vi,38,vsmec,0
một thời để nhớ,0,human,train,vi,4,vsmec,0
làm việc vất vả mới được miếng ăn mà chúng nó khốn nạn thật,0,human,train,vi,14,vsmec,0
"những người đang buồn ỉa mà càng nhịn , khi bùng phát mới thật sự đáng sợ 😂😂",0,human,test,vi,18,vsmec,0
:v tới đây đi anh chịu trách nhiệm cho :v,0,human,train,vi,10,vsmec,0
"bố mẹ thì còng lưng nuôi ăn học vất vả không mua được thì thôi , bất hạnh cái gì , bất hạnh cái gì",0,human,train,vi,25,vsmec,0
mình có xài rồi nè hồi lúc đi làm xí nghiêp gọi là lò xô đổ dầu xài,0,human,train,vi,18,vsmec,0
cái quần tà lỏn xanhhhh,0,human,train,vi,5,vsmec,0
thật là đáng sợ,0,human,train,vi,4,vsmec,0
công an béo như lợn không đuổi nổi tội phạm 😂😂,0,human,train,vi,11,vsmec,0
"per 2ce thì có thể làm được , ly mà làm như vầy thì 🤣",0,human,train,vi,15,vsmec,0
nhìn lại nhớ một thời oanh liệt nay còn đâu 😴 đề bao năm vẫn như vậy . vẫn thích nhất là câu 4 hình học 😊,0,human,train,vi,27,vsmec,0
nhìn ma tiếc từng hạt trân châu,0,human,train,vi,7,vsmec,0
dume con ế đọc tổn thương sâu con mẹ nó sắc :((,0,human,train,vi,12,vsmec,0
ý thức 😂,0,human,test,vi,3,vsmec,0
chúng tôi gọi đây nà chất :v,0,human,train,vi,7,vsmec,0
muộn rồi :))),0,human,train,vi,3,vsmec,0
cái này đi móc cống thốn lắm nè,0,human,train,vi,8,vsmec,0
chấp nhận đi mày .. chửi gì dữ vậy ..! mỗi người mổ việc mà ... nếu không thích thì kiếm việc khác mà làm ..,0,human,test,vi,26,vsmec,0
per bây giờ thì không nói nhưng mà cảm giác phủ nhận vai trò bà thảo ngày xưa . vl không chị đọc thấy viết khập khiễng quá :))),0,human,train,vi,29,vsmec,0
ý nghĩa và đáng suy ngẫm thật,0,human,train,vi,7,vsmec,0
dume sao mày đánh tao,0,human,train,vi,5,vsmec,0
đã từng xem em là tất cả . mỗi khi mỏi mệt về thấy em và con cười là anh hạnh phúc rồi,0,human,train,vi,23,vsmec,0
eo ....,0,human,train,vi,2,vsmec,0
cần lắm những nhà tuyển dụng như vầy :)))),0,human,train,vi,9,vsmec,0
cạn lời với bọn súc vật này làm xấu mặt người bắc giang 😑😑😑,0,human,train,vi,14,vsmec,0
"người ta ăn hàng tỉ lại phát 5 tr , còn gì là pháp luật nữa",0,human,train,vi,16,vsmec,0
"hahaa , đợi em ngủ chút tí ròii buôn :))",0,human,train,vi,10,vsmec,0
bắn không trượt phát nào luôn à,0,human,train,vi,7,vsmec,0
"lại 1 đứa nghĩ trump chỉ làm trò , haizz",0,human,train,vi,10,vsmec,0
"đm 3 tiếng đi được 20m , đéo biết bao giờ mới về đến nhà",0,human,train,vi,15,vsmec,0
sau khi có vợ anh per đã có đồ giả gái xinh và tinh tế hơn 😆,0,human,train,vi,17,vsmec,0
3 idiots ! phim hay nhất mọi thời đại .,0,human,train,vi,10,vsmec,0
năm nay chạnh lòng quá . haizz,0,human,test,vi,7,vsmec,0
lớp 5 mà viết kiểu này cô đánh gãy tay .,0,human,train,vi,11,vsmec,0
per người đừng hành hạ tuôi như thế nào nữa,0,human,train,vi,10,vsmec,0
dm . đồ dạo này lắm tạp chất hay s í nó đéo phê nhg mà vẫn bị ngáo,0,human,test,vi,19,vsmec,0
khác xưa thật mà,0,human,train,vi,4,vsmec,0
"mặt đúng kiểu , em hiểu cảm giác phê của anh không kkk",0,human,test,vi,13,vsmec,0
"trung thu là ngày cho trẻ em chứ đéo phải ngày tạo ra trẻ em nhé . dume bọn có gấu tém tém lại , kiểm tra xem có thêm cái sừng nào không ?",0,human,train,vi,35,vsmec,0
per ý nghĩa giống phim không ???,0,human,train,vi,7,vsmec,0
tưởng đàng hoàng cho chơi chung ai dè bạn xấu,0,human,test,vi,10,vsmec,0
từ ngày ra trường là chưa về,0,human,train,vi,7,vsmec,0
bộ cuối nhìn đau lòng thật :(,0,human,train,vi,7,vsmec,0
tình yêu là lời nói dối của 1 thằng khùng được tin bởi 1 con ngu 🤣🤣,0,human,train,vi,17,vsmec,0
"đần mặt ra nhìn nó y như con ngu , còn cười theo nó nữa , xong bị nó phát hiện .",0,human,test,vi,22,vsmec,0
"gấu của thằng da đen ngon vkl , mà công nhận chạy nhanh vãi",0,human,train,vi,14,vsmec,0
"cảm thấy thay được thì thay , giáo viên bây giờ thừa nhiều mà",0,human,test,vi,14,vsmec,0
một người đàn ông bản lĩnh thực sự 👍,0,human,train,vi,9,vsmec,0
"rẻ nhỉ , sao có thể giảm tới mức đó vậy ta",0,human,train,vi,12,vsmec,0
gắn bó thời sinh viên á !,0,human,test,vi,7,vsmec,0
"tui đây vừa vô phòng thì con vợ mặt trắng bóc nhảy ra đây , tưởng là ma",0,human,train,vi,18,vsmec,0
đã sợ rồi .. cố gắng hí mắt để xa ra để coi như thế nào .. khúc cuối hết hồn dục luôn cái điện thoại :))),0,human,train,vi,27,vsmec,0
tao cũng ước mình có 1 tình yêu như ông bà ❤,0,human,train,vi,12,vsmec,0
mặt nạ chứ không phải mặt lạ nhé . ngọng thế mà cũng lấy được vợ ????,0,human,train,vi,17,vsmec,0
vậy bỏ tiền mua cái máy tính đó để chi ta ???,0,human,train,vi,12,vsmec,0
thì con đỉ mẹ mày ghi nhanh vào .,0,human,train,vi,9,vsmec,0
:))) bố mày nghi nghi rồi . tắt loa auto sáng suốt :))),0,human,train,vi,13,vsmec,0
"tàn nhẫn thế nào , là khi mình trao họ hết hy vọng rồi họ lại dập tắt đi nó",0,human,train,vi,20,vsmec,0
tuổi gì so với anh ! :) haha,0,human,test,vi,8,vsmec,0
"lớp 1 tao đã bị nằm sấp lên bàn , bị đánh 20 - 30 cây vì tội viết chữ không có tiến bộ mà có dám hó hé gì đâu . còn học sinh giờ sắp thành hiệu trưởng hết rồi",0,human,train,vi,42,vsmec,0
ai đó chọc mù mắt tao đi ... mất mẹ tuổi thơ,0,human,train,vi,12,vsmec,0
"hết hôi nhưng cống vẫn xả xuống sông thì nó lại thành "" hòa vốn "" 🤔🤔",0,human,train,vi,17,vsmec,0
cho khỏi đá ở việt nam . gì mà căng,0,human,train,vi,10,vsmec,0
thật tuyệt vời !,0,human,train,vi,4,vsmec,0
mùa mưa đến sớm rồi huhu,0,human,train,vi,6,vsmec,0
có những người như chủ thớt bảo sao đất nước không phát triển,0,human,train,vi,13,vsmec,0
ông này tài quá,0,human,train,vi,4,vsmec,0
thanh xuân là để bỏ lỡ 😔,0,human,train,vi,7,vsmec,0
mày không phải nhảy vào mồm tao như thế . nhảy vào là tao cạp cạp cạp ...,0,human,train,vi,18,vsmec,0
"làm video thì ăn bớt chắp chắp như heo lại , đang coi nghe ăn phát mất con mẹ nó hứng , vô duyên",0,human,train,vi,24,vsmec,0
uiiiii hay vì n đổ ra sàn mà n đổ đầy mồm thì pheee,0,human,test,vi,14,vsmec,0
crush ai thì cờ rớt chứ đừng cờ rớt mấy mẹ bán hàng online với làm bất động sản chúng mày nhé :3,0,human,test,vi,23,vsmec,0
trời ơi tao chóng mặt quá đi :((,0,human,train,vi,8,vsmec,0
"em lấy đi niềm tin chả lại cho anh những gì , cũng vì anh vụng về đánh rơi hay càng xa vời càng dễ mất .. anh chân thành nên anh tổn thương",0,human,train,vi,34,vsmec,0
anh thíck kiểu tra tấn hằng ngày :))),0,human,train,vi,8,vsmec,0
em buông tay anh nhé .... quá khứ ấy anh hãy xoá hết đi .......,0,human,train,vi,15,vsmec,0
per ê chó coi đi nghe nói hay lắm á,0,human,train,vi,10,vsmec,0
per nó tấn công tao với mày đó,0,human,train,vi,8,vsmec,0
hãy cười thật tươi để cho cuộc sống của bạn trở nên thật tuyệt vời 😁,0,human,train,vi,16,vsmec,0
chỉ mong ở cái độ tuổi ấy chúng ta còn được như vậy,0,human,train,vi,13,vsmec,0
đánh cả bố lẫn mẹ nó cho nó chừa,0,human,test,vi,9,vsmec,0
"gập đúng người mà mình muốn thương , muốn yêu , muốn chăm sóc . nhưng thật tiếc khi trong tay vẫn chưa có gì",0,human,train,vi,25,vsmec,0
hết tiền rồi này,0,human,train,vi,4,vsmec,0
có ai vào đọc bình luận trước khi xem như tao không ???,0,human,test,vi,13,vsmec,0
mình rất rất muốn đi nhưng trong túi kô còn xu mẹ nào vân kiều ơi,0,human,train,vi,16,vsmec,0
kệ cha nó,0,human,train,vi,3,vsmec,0
may cho mày con nhà gia đình khá . chứ nghèo như tao khổ rồi .??,0,human,train,vi,16,vsmec,0
trước em cũng hắt xì 1 cái lưng khụ xuống như ông già đau vãi,0,human,train,vi,15,vsmec,0
"như mình mà trèo lên là bị phóng điện luôn bạn nhỉ , mình cũng không hiểu được sao bọn nó không bị",0,human,test,vi,23,vsmec,0
"hành nó đưa đèn ông sao lên nữa chứ , ác vãi , ta nhớ lại còn cay ?",0,human,train,vi,19,vsmec,0
c trai như thế nào tuyệt chủng rồi :),0,human,train,vi,9,vsmec,0
thường thôi . hồi nhỏ tao nấu kiểu này hoài . nấu lun cái bếp nhà chú,0,human,test,vi,17,vsmec,0
học giỏi lại xinh xắn hì,0,human,train,vi,6,vsmec,0
chán mấy ông thanh niên .,0,human,train,vi,6,vsmec,0
dễ thương quá à ????????,0,human,train,vi,5,vsmec,0
"động lực là tình yêu , gia đình là nơi để về hihi",0,human,train,vi,13,vsmec,0
xem xong thấy buồn quá,0,human,train,vi,5,vsmec,0
cháu xl ông trước . cháu cũng không có í gì chê bai đâu ạ . nhưng cháu nhìn móng dài bẩn quá . đang ăn mà cháu cũng run run .,0,human,test,vi,32,vsmec,0
"má ơi , coi đến fire tưởng quảng cáo rạp chiếu phim , đến cuối té ra là mái nhà =))",0,human,train,vi,21,vsmec,0
chi tiết đẹp đấy,0,human,train,vi,4,vsmec,0
per chị rep khách hàng thế ấy hả 😞 bị bóc phốt rồi,0,human,train,vi,13,vsmec,0
tao cũng đang là con ghẻ của tạo hoá,0,human,train,vi,9,vsmec,0
có ai thấy tội ông cụ như tao không 😭,0,human,test,vi,10,vsmec,0
đi tù thôi các cháu,0,human,train,vi,5,vsmec,0
thói ích kỷ,0,human,train,vi,3,vsmec,0
"tao cứ nhìn xong nghĩ , tay nào cầm bút là tay phải ,",0,human,train,vi,14,vsmec,0
"và mày chỉ cần lùi về sau , như ít quan tâm và nhắn tin lại mày sẻ cua được crush 😎😎",0,human,train,vi,22,vsmec,0
per nhớ thật sự,0,human,train,vi,4,vsmec,0
không biết thật mà hix .,0,human,train,vi,6,vsmec,0
nhà tao cũng gần mà tao không bao giờ dám đi đêm,0,human,test,vi,12,vsmec,0
"đỗ ở đường cấm đỗ và đỗ gần ngã ba là sai hoàn toàn rồi vẫn có người vào bênh . em là chủ thớt thì em cứ để họ đỗ thoải mái rồi gọi phường tới làm việc thôi , cần gì phải nói nhiều",0,human,train,vi,46,vsmec,0
còn nhiều người khổ hơn mình :)),0,human,train,vi,7,vsmec,0
ông lại tự phức tạp hóa vấn đề lên thôi :v,0,human,train,vi,11,vsmec,0
hiểu lầm chút chút,0,human,test,vi,4,vsmec,0
chị là người khó hiểu nhất mà em từng biết đấy,0,human,train,vi,11,vsmec,0
đừng tưởng nó nói yêu mày là yêu mày thật :))),0,human,train,vi,11,vsmec,0
"đúng kiểu tham lam mà tài năng thì có hạn , miệng thì bảo sợ ông vũ làm sạt nghiệp trung nguyên nhưng bản thân trước đó lại làm lỗ của công tình yêu 1700 tỉ , mụ đàn bà mặt dày",0,human,train,vi,42,vsmec,0
nhìn rợn vãi,0,human,train,vi,3,vsmec,0
con gái hiện giờ .. nấu kiểu này thì thôi xong ... cháy luôn cả nhà 😂,0,human,train,vi,17,vsmec,0
:))) có thật nhiều tiền là vui,0,human,train,vi,7,vsmec,0
sao nó trèo lên được hay vậy @@,0,human,test,vi,8,vsmec,0
nó sale còn 225k là được rồi :))) lời quá còn gì . mẹ mày per bình luận chi để nó nhận ra chi v 😂,0,human,test,vi,26,vsmec,0
lò xô kkk lâu quá không thấy,0,human,train,vi,7,vsmec,0
"yêu nhau lắm cắn nhau đau , tao thấy dòng chảy tiền kiếp của 2 đứa mày là vậy",0,human,train,vi,19,vsmec,0
chưa chia tay nữa mà còn khó đây,0,human,train,vi,8,vsmec,0
ỏ đáng yêu =))),0,human,train,vi,4,vsmec,0
"ba mẹ mình nhớ tất cả ngày tháng năm sinh âm lịch , giờ sinh , tên tuổi ...... của 4 chị em .....",0,human,train,vi,24,vsmec,0
hahahaha . thâm nữa . mà thiệt chỉ có trong cổ tích nhé,0,human,train,vi,13,vsmec,0
rảnh rỗi không có việc gì làm sinh ra mất tiền,0,human,train,vi,11,vsmec,0
"làm con người còn sức khoẻ , còn lành lặn mà vác mặt vào ăn cơm từ thiện thì chết con mẹ nó đi cho đỡ chật đất , cơm này dành cho những người không còn khả năng lao động , hoặc vô gia cư và hoàn cảnh quá khó khăn thôi",0,human,train,vi,53,vsmec,0
sở khanh như boss chịu liền .. đẹp trai quá trời ui,0,human,train,vi,12,vsmec,0
thằng học sinh làm khổ bome mày rồi,0,human,train,vi,8,vsmec,0
"tao chả thấy cười ở cái đoạn buồi nào cả , sắp đến đoạn hay tí lại ngắt cmnl",0,human,train,vi,19,vsmec,0
thành phố không nói chứ chỉ 9x trở về mới biết nấu thoii,0,human,train,vi,13,vsmec,0
cảm xúc đéo gì khi mà họp lớp đéo đi,0,human,train,vi,10,vsmec,0
có ai như tao không . chả thích đi đền chùa vì nhiều lí do ??,0,human,test,vi,16,vsmec,0
cảm ơn đoi tình nguyện viên nhớ có các bạn mà người dân bớt vất vả hơn,0,human,train,vi,17,vsmec,0
không hiểu lắm,0,human,test,vi,3,vsmec,0
tao tát cho bây giờ đấy,0,human,train,vi,6,vsmec,0
gần có tiền để mua,0,human,test,vi,5,vsmec,0
thả mẹ tay ra :vậy đằng nào em kia cũng không sống nổi 😅,0,human,train,vi,14,vsmec,0
đỗ ngay góc cua thế có ngày sứt mõm ??,0,human,train,vi,10,vsmec,0
1 từ ( nhạt )🙂,0,human,train,vi,5,vsmec,0
như con đười ươi :)))))),0,human,train,vi,5,vsmec,0
"ghê tởm , ông thầy đó 🙄",0,human,test,vi,7,vsmec,0
mấy lần đi ngang hết hồn,0,human,test,vi,6,vsmec,0
per đừng hỏi tao nữa,0,human,train,vi,5,vsmec,0
"con mong bác dù nghèo nhưng sống luôn luôn vv , chúc bác 1 đời bình an",0,human,train,vi,17,vsmec,0
per 1 lần chơi lớn xem em có trầm trồ,0,human,train,vi,10,vsmec,0
"những hành động đẹp , đáng được trân trọng , và sẽ được lan tỏa ở mọi nơi , thật tuyệt vời 😍",0,human,train,vi,23,vsmec,0
tao gửi từ ngã tư đồng đội cơ mà đi xa vãi,0,human,train,vi,12,vsmec,0
"đôi khi cũng muốn dỗi lắm , nhưng nghĩ lại đéo có người yêu mà dỗi",0,human,train,vi,16,vsmec,0
em nó phượt theo gái cả đêm,0,human,test,vi,7,vsmec,0
đã bị đuổi 1 lần . đéo lgi cũng bị dí,0,human,train,vi,11,vsmec,0
"ôi trời ơi , buồn cười quá đi mất 😂😂😂😂😂😂",0,human,train,vi,10,vsmec,0
"k có con gì ác bằng con người , các con bé như thế mà nó không tha",0,human,train,vi,18,vsmec,0
chị dâu thì vãi rồi,0,human,test,vi,5,vsmec,0
có những người đi qua đời bao nhiêu như 1 cơn gió vậy . vô tình nhìn lại . nó lại là quá khứ ...!,0,human,train,vi,25,vsmec,0
khi 2 đứa giận nhau thì dắt nhau vào nn là xong =)))),0,human,train,vi,13,vsmec,0
đm mùi thế :))),0,human,train,vi,4,vsmec,0
"hồi nhỏ hay bị ngỗng rượt , vừa chạy vừa khóc la 🤣🤣",0,human,train,vi,13,vsmec,0
ngã sấp mặt lồn là có thật,0,human,test,vi,7,vsmec,0
tử hình con mẹ nó lũ chó má không có tính người đi . khổ thân lũ trẻ,0,human,train,vi,18,vsmec,0
per chúng ta vẩn xài . kk,0,human,train,vi,7,vsmec,0
thời buổi bây giờ càng nhiều tiền thì cơ hội có việc làm sẽ cao hơn,0,human,train,vi,16,vsmec,0
thấy kết luận án phí đợt trước là 8 tỷ mà sao giờ đã thành 81 tỷ rồi ???,0,human,test,vi,19,vsmec,0
chỉ người đen mới chịu khổ . không thể trách họ khi họ nỗ lực tìm may mắn đúng trong chùa chiền,1,openai/gpt-oss-20b,train,vi,22,vsmec,0
đã  xong . chia buồn cùng quý quốc,1,openai/gpt-oss-20b,train,vi,8,vsmec,0
per tao bị con mặt nồi này dí 2 lần táp vào chân bầm tím chạy muốn súc quần .. đang đi mà không làm gì nó cũng dí .. mẹ bà kkk,1,openai/gpt-oss-20b,train,vi,33,vsmec,0
"thanh xuân cuối cùng cũng sẽ trôi qua, có những người trong ta mãi không thể xoá nhoà!",1,openai/gpt-oss-20b,train,vi,18,vsmec,0
"đợi một giây, tim rung :)))))",1,openai/gpt-oss-20b,train,vi,6,vsmec,0
nóng như nào nhĩ,1,openai/gpt-oss-20b,train,vi,4,vsmec,0
thiết kế siêu tinh tế,1,openai/gpt-oss-20b,test,vi,5,vsmec,0
"buồn vì những ai thờ ơ, vô cảm trước chuyện đó điều như thế.",1,openai/gpt-oss-20b,train,vi,14,vsmec,0
"đã mất một di sản, dấu vết của lịch sử 😓",1,openai/gpt-oss-20b,train,vi,11,vsmec,0
tao ấn tượng anh đầm hường quá 😂,1,openai/gpt-oss-20b,train,vi,8,vsmec,0
điên lò,1,openai/gpt-oss-20b,train,vi,2,vsmec,0
buồn quá rồi,1,openai/gpt-oss-20b,train,vi,3,vsmec,0
moá đi hợp chờ main thắng ai dè thua bởi cái mông huhu,1,openai/gpt-oss-20b,train,vi,13,vsmec,0
mày xinh quá lắm :d,1,openai/gpt-oss-20b,train,vi,5,vsmec,0
đúng là thật lòng luôn luôn tổn thương!,1,openai/gpt-oss-20b,train,vi,8,vsmec,0
nguy hiểm quá,1,openai/gpt-oss-20b,train,vi,3,vsmec,0
đùa đùa ... thằng cải suốt ngày bị nó dụ,1,openai/gpt-oss-20b,train,vi,10,vsmec,0
"3 giờ sáng nằm xem xong, rơi nước mắt 😢😢",1,openai/gpt-oss-20b,train,vi,10,vsmec,0
"điểm đi đó ở câu "" đất nước gia lai là một đất nước giàu tài nguyên , có anh per ""😑",1,openai/gpt-oss-20b,train,vi,22,vsmec,0
lần sau khi thấy nó hắt nước tiểu vào người ngay,1,openai/gpt-oss-20b,train,vi,11,vsmec,0
"đừng bao giờ lo sợ khi là chính mình, nhớ rằng bản gốc luôn quý hơn bản sao.",1,openai/gpt-oss-20b,train,vi,18,vsmec,0
"sao lại không ghé quán, nhờ người nhà cầm nón qua cho :))) tự làm mình khó",1,openai/gpt-oss-20b,train,vi,17,vsmec,0
"tuổi thơ tôi cứ bị ám ảnh bởi những con ngỗng này. mấy con màu xám luôn đuổi tôi mỗi lần đi học qua ngõ nhà hàng xóm. tôi phải chạy thục mạng, cứ phải suy nghĩ xem có thấy chúng không rồi chạy như ma. haizz, tuổi thơ tôi ....",1,openai/gpt-oss-20b,train,vi,51,vsmec,0
có ai yêu xem bộ cũng vui 🙂,1,openai/gpt-oss-20b,train,vi,8,vsmec,0
đã xem rồi mà không có cảm giác gì ??,1,openai/gpt-oss-20b,train,vi,10,vsmec,0
"đang định nhổ răng khôn (đã quên, nó lười, không khôn gì ..) nghe cảnh báo này chắc sẽ không dám nhổ ngay.",1,openai/gpt-oss-20b,test,vi,23,vsmec,0
tiên sư cái thằng ghép nhạc cười rơi miệng quả ghép,1,openai/gpt-oss-20b,test,vi,11,vsmec,0
"đời mình ghét con súc sinh này thật .. thường mình tự hỏi mình làm gì sai, nhưng mỗi lần đi qua nó cứ như mình phải chạy như chó, không thể đi bình thường được.",1,openai/gpt-oss-20b,train,vi,36,vsmec,0
"đừng so nó với chó ., vì chó nhà tao cũng bị nó cắn rồi 🤧. nó đéo ' sợ bố con thằng nào cả .",1,openai/gpt-oss-20b,train,vi,26,vsmec,0
có tất cả các vị mà mày xứng đáng,1,openai/gpt-oss-20b,train,vi,9,vsmec,0
"đã lâu lắm mà quả này chưa đóng, may mà chưa đóng 🕸🕸🕸😂",1,openai/gpt-oss-20b,test,vi,13,vsmec,0
đôi khi tưởng mình không phải là cô gái mà là một thằng đàn ông thật thà kkkk ....,1,openai/gpt-oss-20b,train,vi,19,vsmec,0
"đi về rồi, nghỉ ngơi, nở rộ tiếp",1,openai/gpt-oss-20b,train,vi,8,vsmec,0
đĩa bay . đưa lại để tôi về,1,openai/gpt-oss-20b,train,vi,8,vsmec,0
"chỉ có trong truyền thuyết thôi, mà trong lớp 6 ngữ văn, khái niệm truyền thuyết là không thực",1,openai/gpt-oss-20b,train,vi,19,vsmec,0
per đây . cô gái bán hàng siêu thú vị đây . phải xem hết,1,openai/gpt-oss-20b,train,vi,15,vsmec,0
"đi dume vào bảo tàng làm lồn gì -.- nhà khoa hc đã nghiên cứu sừng tê giác như móng tay của bạn, sao không lấy về chữa bệnh mà cứ rảnh rỗi ghê :((",1,openai/gpt-oss-20b,test,vi,35,vsmec,0
"mua thuốc ngoài thú y, vài ngày rồi nó không còn bám nữa",1,openai/gpt-oss-20b,train,vi,13,vsmec,0
"mở máy lên .. rồii rồi đặt xuống ... cả ngày hôm nay mình cũng như vậy, chờ anh nhắn lời chúc cho mình .. giờ này chắc anh quên ngày này thật rồi .. cô đơn quá mức rồi đấy 😭😭",1,openai/gpt-oss-20b,test,vi,42,vsmec,0
"Trung thu này đéo liên quan tới việc có gấu, bạn ơi, thật lắm... nhưng lễ gì cũng thế, thật bất hạnh mà huhu",1,openai/gpt-oss-20b,train,vi,24,vsmec,0
Chỉ một lần cũng đủ xao xuyến anh rồi,1,openai/gpt-oss-20b,train,vi,9,vsmec,0
"per đưa anh đi nè, không cần năn nỉ đâu. chỉ cần em cởi hết đồ ra thôi. đúng không.",1,openai/gpt-oss-20b,test,vi,20,vsmec,0
nhiều lúc ngáo ngáo thoải mái tới mức người yêu cũng đéo bằng nó và khi nó thổ lộ tình cảm thì tao đéo đâu tin :v,1,openai/gpt-oss-20b,train,vi,27,vsmec,0
đừng tới gần ta,1,openai/gpt-oss-20b,train,vi,4,vsmec,0
tạm biệt ánh sáng của đời mình,1,openai/gpt-oss-20b,train,vi,7,vsmec,0
còn giận con mẹ mày không? :),1,openai/gpt-oss-20b,train,vi,7,vsmec,0
cười khi người khác đang đau,1,openai/gpt-oss-20b,train,vi,6,vsmec,0
và rồi quanh hỏi thắc mắc rằng mày đã không còn là cô gái từ khi nào,1,openai/gpt-oss-20b,train,vi,17,vsmec,0
đéo hiểu sao có ai tưởng cứ chơi với nhiều trai là bị sờ soạn kiến thức hạn hẹp vãi cậu ạ,1,openai/gpt-oss-20b,train,vi,22,vsmec,0
"tổng quát thánh này không ai ghét, trừ hlv kkk, dễ thương gắp trăm thằng pogba,,, mong thằng đó nhanh biến mất khỏi mu",1,openai/gpt-oss-20b,test,vi,24,vsmec,0
"thể so sánh với bố tao 13 năm, hỏi bố biết tên con là gì thì chần chừ một lúc rồi phun ra tên chị tao",1,openai/gpt-oss-20b,train,vi,26,vsmec,0
đâu dume sự nghiệp vứt đi,1,openai/gpt-oss-20b,test,vi,6,vsmec,0
nhưng vẫn còn nhiều đứa con gái khác không như vậy mà ??,1,openai/gpt-oss-20b,train,vi,13,vsmec,0
"Cô gái này thật đáng yêu, anh cứ nhắm mắt làm đại một lần thôi mà 😂😂",1,openai/gpt-oss-20b,train,vi,17,vsmec,0
per ơ ơ ơ đây là chỗ đâu,1,openai/gpt-oss-20b,train,vi,8,vsmec,0
mày nằm viện mà sao vẫn xinh thế??,1,openai/gpt-oss-20b,train,vi,8,vsmec,0
per đi làm công tình yêu cẩn thận ăn uống nhé,1,openai/gpt-oss-20b,train,vi,11,vsmec,0
may mà không mua laptop này thì ăn lìn lâu rồi đâu  :(,1,openai/gpt-oss-20b,train,vi,13,vsmec,0
"đi làm những việc đáng, bỏ qua những việc không đáng, cứ tiếp tụcđi",1,openai/gpt-oss-20b,train,vi,14,vsmec,0
đơn giản 🙂,1,openai/gpt-oss-20b,train,vi,3,vsmec,0
"hai người chia tay, tao nhảy vào.",1,openai/gpt-oss-20b,test,vi,7,vsmec,0
"cái ly hương cũng cướp, không biết nói gì nữa đi đi 😑",1,openai/gpt-oss-20b,train,vi,13,vsmec,0
"mưa lắm các bé, giời ở nhà ngủ cho khỏe nhé.",1,openai/gpt-oss-20b,train,vi,11,vsmec,0
tình anh em thật đáng ngưỡng mộ 😍😍😍,1,openai/gpt-oss-20b,train,vi,8,vsmec,0
"không ngờ tin nhắn riêng cũng phải tránh nhắn tin để lỡ bị chụp, vẫn thấy chả sao đâu đúng đó",1,openai/gpt-oss-20b,train,vi,21,vsmec,0
đã tới lúc vui chơi! mềnh ơiiii per =))))),1,openai/gpt-oss-20b,train,vi,9,vsmec,0
để bỏ cái ngu đậu xe ẩu tả .,1,openai/gpt-oss-20b,train,vi,9,vsmec,0
đâu có nhạc buồn hơn. bài này là 'chia tay trong chiều hoàng hôn nắng úa màu' - justin bieber cho các bạn chưa biết nhé . :'(,1,openai/gpt-oss-20b,train,vi,28,vsmec,0
mình say xe rồi bạn à :(((,1,openai/gpt-oss-20b,train,vi,7,vsmec,0
ăn gì màđi huhu,1,openai/gpt-oss-20b,train,vi,4,vsmec,0
có ai giống mình không đọc đề thì quen nhưng quên cách giải . có lẽ mất gốc rồi :((,1,openai/gpt-oss-20b,train,vi,20,vsmec,0
:((( tôi vẫn chưa ready để đi học mà,1,openai/gpt-oss-20b,train,vi,9,vsmec,0
"lũ âm binh khí này phải truy gấp, tao định đi bơi mà bọn làm như vậy làm mất mặt đàn ông chân chính bơi vì đam mê như tao 😡",1,openai/gpt-oss-20b,train,vi,31,vsmec,0
đánh vỡ =))))))) mặt con bé,1,openai/gpt-oss-20b,train,vi,6,vsmec,0
hk động chạm nó cũng bị sấp mặt ngay rồi . dm . 😌,1,openai/gpt-oss-20b,train,vi,14,vsmec,0
đúng là hợp lí vãi :v,1,openai/gpt-oss-20b,train,vi,6,vsmec,0
đi. gần nhà c ơi . hic hic,1,openai/gpt-oss-20b,train,vi,8,vsmec,0
"Ở Việt Nam, có vài người không thực sự giàu, tiền của họ không rõ nguồn gốc nên khi lập sân sau họ có thể chơi trò này.",1,openai/gpt-oss-20b,train,vi,28,vsmec,0
rồi lỡ ai có thai mà đi qua không biết nhảy kiểu gì nữa 😂😂,1,openai/gpt-oss-20b,test,vi,15,vsmec,0
tôi vẫn giữ những tờ note đã ghi chú để kiểm tra =))))),1,openai/gpt-oss-20b,train,vi,13,vsmec,0
điều hay nhất là đứng dậy và tìm một nơi khác để khám phá điều tốt đẹp hơn và dễ viết hơn :)),1,openai/gpt-oss-20b,test,vi,23,vsmec,0
"tao ghét mấy kẻ có tiền, nhìn ngứa mắt. tính kiểu gì cũng không có chỗ thoát. có tiền là bố thiên hạ phải không?",1,openai/gpt-oss-20b,train,vi,25,vsmec,0
đồng buồn cùng Pháp,1,openai/gpt-oss-20b,train,vi,4,vsmec,0
nếu địa phương không xây cầu thì người dân cũng có thể tự làm cầu cây mà . phóng lỡ hụt chân thì xác định nát người .,1,openai/gpt-oss-20b,train,vi,28,vsmec,0
"đọc bình luận mới, thấy nhiều người hãm thật nhiều :)))",1,openai/gpt-oss-20b,train,vi,11,vsmec,0
lấy xong về tạm biệt cố chịu :))),1,openai/gpt-oss-20b,train,vi,8,vsmec,0
phim này thực ra hay nhưng thiếu thực tế. không hay hơn truyện đúng cũng.,1,openai/gpt-oss-20b,train,vi,15,vsmec,0
ôi phụ nữ là những đau đớn 🤣,1,openai/gpt-oss-20b,test,vi,8,vsmec,0
các cô không muốn mở lòng thì sao chúng ta lấy được ????? hả các cô gái,1,openai/gpt-oss-20b,train,vi,17,vsmec,0
đau lắm 😡!,1,openai/gpt-oss-20b,train,vi,3,vsmec,0
đâu mẽ khó như vậy nghĩ ra được 🤣,1,openai/gpt-oss-20b,test,vi,9,vsmec,0
đây là ảnh boss trước khi có vợ và sau khi có vợ đi đúng là một tr một vực,1,openai/gpt-oss-20b,train,vi,20,vsmec,0
"lúc này cuốc đất è cổ, không có giun mà chỉ câu cá 😒",1,openai/gpt-oss-20b,train,vi,14,vsmec,0
"aaaaa con nhện 😨 "" aaaaaaa con ế !"" - nhện nói 😂😂😂",1,openai/gpt-oss-20b,test,vi,13,vsmec,0
"cưỡng hôn 200k, thu trăm tỷ phạt 5m, đói trộm 2 bánh mì 45k phạt tù, thật là đi...",1,openai/gpt-oss-20b,train,vi,19,vsmec,0
"ê có lúc nào đọc bài này rồi cười toạc hàm quá, có lúc nào đi bệnh viện không các cụ :v",1,openai/gpt-oss-20b,train,vi,22,vsmec,0
đi nghề không có tâm 🙂,1,openai/gpt-oss-20b,train,vi,6,vsmec,0
dm con già mà cư xử trâu chó .  đời nó sẽ gặp báo ứng,1,openai/gpt-oss-20b,train,vi,15,vsmec,0
con tao bị như này. cả nhà bon kia không quỳ mà xin thì xác con mẹ định luôn,1,openai/gpt-oss-20b,train,vi,19,vsmec,0
"tính mình mình biết , không có chuyện gì làm mình điên hết đâu cũng không",1,openai/gpt-oss-20b,train,vi,16,vsmec,0
"per có vẻ nhà bác có 01 chiếc à nhé, đúng?",1,openai/gpt-oss-20b,test,vi,11,vsmec,0
"per c . đang tinh thần, đi xem đi 👻",1,openai/gpt-oss-20b,train,vi,10,vsmec,0
môi trường làm việc quyết định mọi chuyện,1,openai/gpt-oss-20b,train,vi,8,vsmec,0
sáng xem lại phim này . phim cực hay .,1,openai/gpt-oss-20b,train,vi,10,vsmec,0
"sắp được cống hiến cho tổ quốc rồi, vui quá ...",1,openai/gpt-oss-20b,train,vi,11,vsmec,0
t chỉ muốn chia sẻ là tao vẫn được nghỉ 1 tuần nữa đúng =))))),1,openai/gpt-oss-20b,train,vi,15,vsmec,0
đâu đâu nhát ma ai xem?,1,openai/gpt-oss-20b,test,vi,6,vsmec,0
tán gái giỏi lắm,1,openai/gpt-oss-20b,train,vi,4,vsmec,0
"nó dựng lên, quay ngay, nghe giọng thằng quay như 2 con bè đê hôm qua đánh nhau ở quán nước",1,openai/gpt-oss-20b,train,vi,21,vsmec,0
ai viết thế nào vui tính =)) cưng thật,1,openai/gpt-oss-20b,test,vi,9,vsmec,0
"đã gặp chị ấy thật, giọng dịu và hiền lắm nuôn đúng❤",1,openai/gpt-oss-20b,train,vi,12,vsmec,0
nhưng mà người khác nhìn vào nói thế là lẳng lơ,1,openai/gpt-oss-20b,test,vi,11,vsmec,0
"đừng đúng thích mấy ông anh cơ bắp, sợ lắm 😆",1,openai/gpt-oss-20b,train,vi,11,vsmec,0
"t gợi ý tụi mày trả cái đĩa bay cho con bé đi nghe, tới ca mà vào điều tra thì tụi mày mệt :))",1,openai/gpt-oss-20b,train,vi,25,vsmec,0
"bác nói v thì mình cũng chấp nhận thua, tranh luận cũng chẳng có gì.",1,openai/gpt-oss-20b,test,vi,15,vsmec,0
cái này ở đâu đây đâu?,1,openai/gpt-oss-20b,train,vi,6,vsmec,0
đù . ?????? lo sợ tụt lol,1,openai/gpt-oss-20b,train,vi,7,vsmec,0
"Thanh niên rời nhà theo trai, rồi đi đánh sen điều, thứ hoàng thượng dâm tà.",1,openai/gpt-oss-20b,test,vi,16,vsmec,0
xin chúa thương xót chúng ta,1,openai/gpt-oss-20b,train,vi,6,vsmec,0
cũng lol,1,openai/gpt-oss-20b,test,vi,2,vsmec,0
nước biển sao bẩn quá nhỉ,1,openai/gpt-oss-20b,test,vi,6,vsmec,0
anh say em rồi đấy 😂,1,openai/gpt-oss-20b,test,vi,6,vsmec,0
loại không biết trân trọng những gì mình nhận được thì mãi chỉ là những kẻ nghèo hèn bẩn thỉu 😒,1,openai/gpt-oss-20b,test,vi,21,vsmec,0
"điều đi nhẹ quá, cần hơn nữa, may mắn chưa cắn ai hay làm gì ai",1,openai/gpt-oss-20b,train,vi,16,vsmec,0
"nhưng công nhận, nhìn ngáo cỏ, yêu thật =))",1,openai/gpt-oss-20b,test,vi,9,vsmec,0
"hí hí . tiến sĩ cừu, thạc sĩ cừu ... chép chép  😃",1,openai/gpt-oss-20b,train,vi,13,vsmec,0
"cưỡng hôn sẽ bị phạt 200 . lừa đảo , chiếm đoạt phạt nhằng 5 cu (củ).",1,openai/gpt-oss-20b,train,vi,17,vsmec,0
vl thánh nào ghép nhạc lầy lố vãi,1,openai/gpt-oss-20b,train,vi,8,vsmec,0
"mất 1 phút để say mê một người, một giờ để thích một người và một ngày để yêu một người nhưng có thể lại mất một đời để quên đi đi bóng dáng ấy. đó là câu xạo lol trong ngôn tình thôi mà tin thế đéo nào được",1,openai/gpt-oss-20b,train,vi,50,vsmec,0
"per quan tâm, per chỉ là một đứa em gái thôi. đừng có tưởng ảo nha.",1,openai/gpt-oss-20b,train,vi,16,vsmec,0
"đúng rồi, không cần lo lắng làm việc mệt mỏi, lương thấp cũng chẳng quan trọng, làm ở nơi đồng nghiệp như gia đình, đi làm cảm giác thoải mái, vui vẻ như ở nhà. nơi có thể làm 9 tiếng một ngày",1,openai/gpt-oss-20b,train,vi,43,vsmec,0
mẹ đập chanh hùi hụi thế kia mà mặt không nhăn à,1,openai/gpt-oss-20b,test,vi,12,vsmec,0
"đánh quá lắm, đéo thấm miếng nào khi main chỉ hất mông 1 lần bay mất tiêu :))",1,openai/gpt-oss-20b,train,vi,18,vsmec,0
2 thằng của mày lại chẳng làm gì được ư?,1,openai/gpt-oss-20b,train,vi,10,vsmec,0
ta đoạn cuối cậu bé xịt nói chuyện hoa làm gì vậy,1,openai/gpt-oss-20b,train,vi,12,vsmec,0
"đi viện mà cứ ăn uống được là đã tốt rồi, chúc mày sớm ra viện nhé cô",1,openai/gpt-oss-20b,train,vi,18,vsmec,0
"đôi khi lại xem phim này, thật hay và ý nghĩa",1,openai/gpt-oss-20b,train,vi,11,vsmec,0
tỉnh như lol . 😂😂,1,openai/gpt-oss-20b,train,vi,5,vsmec,0
em đó đây nha các bác . kkkkk :))))),1,openai/gpt-oss-20b,train,vi,9,vsmec,0
có lúc nào mà chủ tịch giả vờ không?,1,openai/gpt-oss-20b,test,vi,9,vsmec,0
đồng ý già thật,1,openai/gpt-oss-20b,train,vi,4,vsmec,0
"nếu chú ý kỹ thì người lái tàu có thể rời khỏi tàu, kéo đường ray sang một bên rồi làm tàu bẻ tay lái một chút để cứu được xe. tiếc xe quá",1,openai/gpt-oss-20b,train,vi,34,vsmec,0
sang năm quyết định ngủ để giảm mỏi mắt nhé,1,openai/gpt-oss-20b,train,vi,10,vsmec,0
điều lụm cho ba má . 2 ngàn 1 ngày xả heo đất . thằng hàng xóm vô trộm mất . khóc lóc mấy ngày .,1,openai/gpt-oss-20b,train,vi,26,vsmec,0
có gia đình nhưng thiếu tình yêu thì sao,1,openai/gpt-oss-20b,train,vi,9,vsmec,0
điện cho bạn . lấy mũ ra . xem ai giỏi hơn . kakaa .,1,openai/gpt-oss-20b,test,vi,15,vsmec,0
t chỉ chờ đấy đợi lúc nó lôi ra xem cục to như ngón tay không?,1,openai/gpt-oss-20b,train,vi,16,vsmec,0
yêuc nhau tự do . tôn trọng sư riêng tư nhau.,1,openai/gpt-oss-20b,train,vi,11,vsmec,0
"khi bạn lười trong mọi lĩnh vực như toán, văn nhưng vẫn cố gắng trông nguy hiểm!",1,openai/gpt-oss-20b,train,vi,17,vsmec,0
điều gì cũng hết hạn rồi 🙂,1,openai/gpt-oss-20b,train,vi,7,vsmec,0
nghĩ cũng lỗi mà thôi cũng kệ,1,openai/gpt-oss-20b,train,vi,7,vsmec,0
"đều lâu mới có dịp ăn bánh trung thu, mà gặp bán hàng halo thế này, thì cho ế mẹ luôn, không mua gì hết. xem ai bất hạnh hơn?",1,openai/gpt-oss-20b,test,vi,30,vsmec,0
"nước tớ có nhiều thành phần hãm lồn, các bạn ạ. tớ gặp thì tớ còn ghét nữa là các bạn nước ngoài đâu.",1,openai/gpt-oss-20b,train,vi,24,vsmec,0
vợ dùng quá nhiều nên boss mới thế 🤧🤧🤧,1,openai/gpt-oss-20b,train,vi,9,vsmec,0
"tao cười, tao ỉa =)))))) hâhhahhahahahaha",1,openai/gpt-oss-20b,train,vi,6,vsmec,0
đi làm như nếu chỉ có các ngươi biết yêu nhau à.,1,openai/gpt-oss-20b,test,vi,12,vsmec,0
trong khi đó lũ con trai lớp mình mỗi lần cắt tóc xong lại là một vở kịch mới bắt đầu :vv,1,openai/gpt-oss-20b,test,vi,22,vsmec,0
còn tao thì vẫn chưa có ai tỏ ra thân thiết quan tâm đâu gì cơ . _ .,1,openai/gpt-oss-20b,train,vi,19,vsmec,0
"một truyện cổ tích xiaolon đầy nhân văn, thật tuyệt!!!",1,openai/gpt-oss-20b,train,vi,10,vsmec,0
chú này thường ở ngã tư hậu giang cùng phạm đình hỏ q6 mà phải,1,openai/gpt-oss-20b,train,vi,15,vsmec,0
bây giờ cứ thành lập các nhóm an ninh . xem có bắt được bao nhiêu . chiên miễn phí cho quán bia tuyệtcủa 😂😂,1,openai/gpt-oss-20b,test,vi,25,vsmec,0
đời thơ tôi dùng n để nướng thằn lằn 😂😂,1,openai/gpt-oss-20b,test,vi,10,vsmec,0
về nhanh đi,1,openai/gpt-oss-20b,train,vi,3,vsmec,0
đồ xay sinh tố chớ gì .,1,openai/gpt-oss-20b,train,vi,7,vsmec,0
"Thật lòng mình xin lỗi anh vì trog video. Hy vọng sẽ gặp anh để xin lỗi và bù đắp. Thật ra hộp quà trong video là của con, lol, vì người yêu tặng nhau khi sinh nhật, đúng rồi. híccc",1,openai/gpt-oss-20b,train,vi,41,vsmec,0
đáng yêu lắm,1,openai/gpt-oss-20b,train,vi,3,vsmec,0
đag bị cuồng mấy clip của chế này. ai có clip khác ngoài này tag cho mình xem nhé 😂😂,1,openai/gpt-oss-20b,train,vi,20,vsmec,0
dume mà tao yêu chó lắm nhưng cũng sợ chó đặcbiệt  :((,1,openai/gpt-oss-20b,train,vi,12,vsmec,0
ở miền nam nó vẫn chưa được giá như trước nhưng cũng còn dư một chút,1,openai/gpt-oss-20b,train,vi,16,vsmec,0
ad hỏi như này thì có khác gì giữa thịt lợn và thịt chó khi ăn món nào không? ad hỏi như này hơi coi thường chị em đó 🤨,1,openai/gpt-oss-20b,train,vi,30,vsmec,0
chị chịu mấy cô giáo viên giám đứng ra tố cáo . sau này bị làm phiền hoặc trả thù,1,openai/gpt-oss-20b,train,vi,20,vsmec,0
chỉ nó không có ai để nói chuyện nên nói chuyện với mày giết thời gian thôi . ai bỉu mày tưởng tượng gì,1,openai/gpt-oss-20b,train,vi,24,vsmec,0
bán nhưng cảm xúc không thuộc về mình nữa .! bắt đầu kiêm tiên?,1,openai/gpt-oss-20b,train,vi,14,vsmec,0
"cơm từ thiện miễn phí nên mình không biết coi trọng ý thức, còn thấp quá",1,openai/gpt-oss-20b,train,vi,16,vsmec,0
"má, sờ mông có gì mà làm bố tanh ..??",1,openai/gpt-oss-20b,test,vi,10,vsmec,0
anh tao làm trò đùa cho các ngươi à :'(,1,openai/gpt-oss-20b,test,vi,10,vsmec,0
quá rủi ro,1,openai/gpt-oss-20b,train,vi,3,vsmec,0
tôm này vào nó xóa hết tôm bản địa,1,openai/gpt-oss-20b,test,vi,9,vsmec,0
"con gái con đứa thứ gì không có duyên, không mặc cả quần lót",1,openai/gpt-oss-20b,train,vi,14,vsmec,0
cảm ơn mày đã khám phá cho tao thêm một nét văn hoá đẹp :)),1,openai/gpt-oss-20b,train,vi,15,vsmec,0
đã hạnh phúc nè,1,openai/gpt-oss-20b,train,vi,4,vsmec,0
tao chỉ tag như vậy mày hiểu sao thì hiểu đi per,1,openai/gpt-oss-20b,test,vi,12,vsmec,0
vật chất quyết định tư duy,1,openai/gpt-oss-20b,train,vi,6,vsmec,0
"Ủa, dựng cầu ngắt khúc để troll nhau à",1,openai/gpt-oss-20b,train,vi,9,vsmec,0
đúng là thật đáng yêu quá đi mất . 💕,1,openai/gpt-oss-20b,test,vi,10,vsmec,0
để anh dẫn em đi ăn nhé :)),1,openai/gpt-oss-20b,test,vi,8,vsmec,0
không phải crush :v mà nhìn ổng cười tươi nhìn cực đáng cute -.-😑😆❤,1,openai/gpt-oss-20b,train,vi,14,vsmec,0
"đi hết bia rồi mới về, 😂😂😂",1,openai/gpt-oss-20b,train,vi,7,vsmec,0
"đó , nó đó . con tim tao đau quá .",1,openai/gpt-oss-20b,train,vi,11,vsmec,0
"chưa sẵn sàng lấy, cơ hội vẫn chia đều đều đều cho mọi anh : ))",1,openai/gpt-oss-20b,train,vi,16,vsmec,0
tao chắc sừng đã mọc đúng rồi,1,openai/gpt-oss-20b,test,vi,7,vsmec,0
tội còn nặng hơn cả lời nữa 😌😌😌,1,openai/gpt-oss-20b,test,vi,8,vsmec,0
a cũng đang ở đây à,1,openai/gpt-oss-20b,train,vi,6,vsmec,0
"Ngày xưa ăn cơm cùng nước mắt, trước đây giận bố nhiều, giờ mới biết ơn vì thế mới có mình hôm nay đúng đó đểđể đi",1,openai/gpt-oss-20b,train,vi,27,vsmec,0
"bọn tàu sao chép kịch bản phương Tây, chắc bữa sau có vài video make in Việt Nam kiểu này và kịch bản tàu haha",1,openai/gpt-oss-20b,train,vi,25,vsmec,0
đừng lo vãi_chưởng =)),1,openai/gpt-oss-20b,train,vi,4,vsmec,0
hôm qua tao xem xong ngất ngây tới giờ mới tỉnh dậy mày ạ 😌😌😌,1,openai/gpt-oss-20b,test,vi,15,vsmec,0
"đảm bảo cho mình mà, không phải cho ai, cứ trốn tránh kiểu này sao nhỉ ..",1,openai/gpt-oss-20b,train,vi,17,vsmec,0
hú hồn lồn vẫn nguyên đúng :),1,openai/gpt-oss-20b,train,vi,7,vsmec,0
per tới con bé chúng ta cũng chẳng bằng là gì ......... tuổi thơ và tuổi thanh xuân nợ chúng ta quá nhiều thứ rồi. 😭😭😭😭,1,openai/gpt-oss-20b,train,vi,26,vsmec,0
tình quá nè nè,1,openai/gpt-oss-20b,train,vi,4,vsmec,0
vì bạn chỉ là chàng trai nắng hay cô gái mưa thô :(,1,openai/gpt-oss-20b,test,vi,13,vsmec,0
vậy tao mới quyết định tìm facebook thật của nó để no hết đường lừa các em mới lớn đó,1,openai/gpt-oss-20b,test,vi,20,vsmec,0
anh nói thế với em lần nửa đi 🙃,1,openai/gpt-oss-20b,test,vi,9,vsmec,0
đau khổ em ơi .,1,openai/gpt-oss-20b,train,vi,5,vsmec,0
"đi cùng nhau tới cuối đời, mọi người chỉ muốn như thế đúng.",1,openai/gpt-oss-20b,train,vi,13,vsmec,0
chưa kịp bước tới để ngắm nhìn nó ...,1,openai/gpt-oss-20b,train,vi,9,vsmec,0
xem lũ trẻ hôn nhau tim già rung đầy rẩy!,1,openai/gpt-oss-20b,train,vi,10,vsmec,0
"khang khang 1 thời cùng nhau vui say ! bjo thì khác rồi,thân ai nấy lo hở, chị hố hố ;))",1,openai/gpt-oss-20b,train,vi,21,vsmec,0
đứng lên,1,openai/gpt-oss-20b,train,vi,2,vsmec,0
và thế những thanh niên xì xì vào bình luận về cô giáo mình như đúng rồi. nhân cách mất mẹ nó rồi,1,openai/gpt-oss-20b,train,vi,23,vsmec,0
"đúng rồi, vì vậy con gái mới bị lừa hết =)))",1,openai/gpt-oss-20b,train,vi,11,vsmec,0
cái gì lạ thế 😑 mệt nặng đi,1,openai/gpt-oss-20b,train,vi,8,vsmec,0
"chỉ muốn cảnh này không còn xuất hiện trong xã hội này nữa . thật bất hạnh, đúng đủ rồi 😞🙁",1,openai/gpt-oss-20b,train,vi,21,vsmec,0
trước khi cưới boss thì có thân hình hoàn hảo như này đúng nhé,1,openai/gpt-oss-20b,train,vi,14,vsmec,0
"tùy người, tùy loại",1,openai/gpt-oss-20b,train,vi,4,vsmec,0
vì yêu ai đó nên biết mình ngu nhưng vẫn làm :(,1,openai/gpt-oss-20b,train,vi,12,vsmec,0
nhà anh cơ to nhưng óc anh nhỏ như quả nho !!,1,openai/gpt-oss-20b,train,vi,12,vsmec,0
chụp đã không biết bao nhiêu lần rồi,1,openai/gpt-oss-20b,train,vi,8,vsmec,0
"đứa này đây là con lợn, gấu, hay ong đúng đúng à ????",1,openai/gpt-oss-20b,test,vi,13,vsmec,0
"tôi nghĩ không nên vì định kiến xã hội quá khắc nghiệt, họ sẽ bị tổn thương và lúng túng đi!",1,openai/gpt-oss-20b,train,vi,21,vsmec,0
per mà cháu tôi chưa biết chơi đâu 😭😭,1,openai/gpt-oss-20b,train,vi,9,vsmec,0
"cậu bạn mẫu giáo năm ấy chép bài cho tao tránh bị thẻ tay, giờ tao đang ở đâu mà???",1,openai/gpt-oss-20b,train,vi,20,vsmec,0
"đi nói, uống đi, 1 ly giảm một bữa cũng không làm mày thừa đâu đúng điều.",1,openai/gpt-oss-20b,train,vi,17,vsmec,0
bạn này sau này sẽ khó thoát khỏi bóng dáng đầy vai diễn này 🙂,1,openai/gpt-oss-20b,train,vi,15,vsmec,0
"học hết 12, như trôi hết tuổi trẻ, có lẽ bỏ lỡ 1 người",1,openai/gpt-oss-20b,train,vi,14,vsmec,0
đúng là chạy ra kíp,1,openai/gpt-oss-20b,train,vi,5,vsmec,0
:) cảm giác đó đau quá các mày ạ,1,openai/gpt-oss-20b,train,vi,9,vsmec,0
chủ tịch giả làm kinh doanh và kết quả . đừng bao giờ coi thường người nghèo,1,openai/gpt-oss-20b,train,vi,17,vsmec,0
"đi qua bên một cô gái, mình chỉ ngồi ngắm và mỉm cười, không làm được gì khác.",1,openai/gpt-oss-20b,test,vi,18,vsmec,0
đầy :))),1,openai/gpt-oss-20b,train,vi,2,vsmec,0
cứ tưởng là crush =))!,1,openai/gpt-oss-20b,train,vi,5,vsmec,0
"xã hội lúc này thật nguy hiểm . có thể con mẹ kia mới là người muốn bắt cóc trẻ con ấy, hoặc chỉ một câu trêu đùa quái ác cũng đủ mệt điều đó cũng thật đáng sợ",1,openai/gpt-oss-20b,test,vi,39,vsmec,0
đúng rồi bà rồiii ~,1,openai/gpt-oss-20b,train,vi,5,vsmec,0
"tao mà ở đây là lo rụng trứng luôn, chứ đừng nói ăn",1,openai/gpt-oss-20b,train,vi,13,vsmec,0
per trời đựu cầu hôn phải như thế. Đã đẹp trai còn có não,1,openai/gpt-oss-20b,train,vi,14,vsmec,0
còn bình thường chán làm khách sạn mệt hơn đi điều đi đi 👻👻 rơi nước mắt máu bết ra 😭 kinh ngạc mẹ 😶,1,openai/gpt-oss-20b,train,vi,25,vsmec,0
"chờ ơi, có chuyện gì ở giây cuối cùng anh em :)))",1,openai/gpt-oss-20b,test,vi,12,vsmec,0
"cái thứ 2 mình thấy lạ lắm, bạn gái người ta ăn, quên chỉnh tóc. người ta chỉnh lại tóc vì bạn gái mắc gì 2 đứa nó thái độ 😑😑",1,openai/gpt-oss-20b,train,vi,31,vsmec,0
nó ngáo đá . giờ nó leo cột điện . mẹ cứu nó xuống mai nó gây vài mạng người,1,openai/gpt-oss-20b,test,vi,20,vsmec,0
đáng yêu quá . vì thế mới gọi các cậu ấy là lầy nhất,1,openai/gpt-oss-20b,train,vi,14,vsmec,0
không phải gì đâu,1,openai/gpt-oss-20b,train,vi,4,vsmec,0
tinh trùng của người ngoài không gian thật đáng sợ 👏🏻👏🏻👏🏻,1,openai/gpt-oss-20b,train,vi,11,vsmec,0
"cái công ty thực phẩm cung cấp cho các trường mầm non thật là độc ác . vì lợi ích riêng mà gây hại khủng khiếp tới các em . quá dã man. những người làm hoạ thì mai này đời con đúng đời cháu đúng sẽ phải gánh nặng đó thôi. gieo nhân nào gặt quả ấy, đừng tưởng bây giờ sống nếu đó thế là không sao. đời còn dài lắm",1,openai/gpt-oss-20b,train,vi,73,vsmec,0
để con thay ông bán vé đi đi đi😔,1,openai/gpt-oss-20b,train,vi,9,vsmec,0
"ờ đúng rồi, có lẽ chỉ là đang lợi dụng mày viết content miễn phí rồi thích là chỉnh sửa thôi hihi",1,openai/gpt-oss-20b,train,vi,22,vsmec,0
con chó có đuôi . con người có ý thức . đm mấy kẻ lol này ý thức đéo bằng con ruồi .,1,openai/gpt-oss-20b,train,vi,23,vsmec,0
ông bà cũng đam mê,1,openai/gpt-oss-20b,test,vi,5,vsmec,0
"có thật 10 người thanh hoá, 9 người còn không ra gì...",1,openai/gpt-oss-20b,train,vi,12,vsmec,0
tôi thật sự vui khi trong cs này rất . rất nhiều người mơ ước được như tôi hiện tại đúng .  😊😊😊,1,openai/gpt-oss-20b,train,vi,23,vsmec,0
"Nhiều người cứ phán xét nặng nề quá. Chỉ là bạn có cách bóc phốt duyên dáng, hài hước thôi mà. Đâu có nặng nề như các bác tưởng, đúng là nhẹ nhàng.",1,openai/gpt-oss-20b,train,vi,33,vsmec,0
boss bị bệnh say mê vợ 🤣🤣😭,1,openai/gpt-oss-20b,train,vi,7,vsmec,0
"hẹn gặp lại sớm, vào một ngày gần đây, chúc ngài thượng lộ an lành",1,openai/gpt-oss-20b,train,vi,15,vsmec,0
đỉnh lắm quá,1,openai/gpt-oss-20b,train,vi,3,vsmec,0
có đam mê có tầm haha,1,openai/gpt-oss-20b,train,vi,6,vsmec,0
dme thần đèn đi theo tổng đài vtc à,1,openai/gpt-oss-20b,train,vi,9,vsmec,0
lợi nhuận làm sao người có thể độc ác với nhau như vậy sao ???,1,openai/gpt-oss-20b,train,vi,15,vsmec,0
mình đến xem phim này nha em ơi,1,openai/gpt-oss-20b,train,vi,8,vsmec,0
chơi lớn một lần để xem anh em có trầm trồ :3,1,openai/gpt-oss-20b,train,vi,12,vsmec,0
chỉ lo khi nó kẹt đi,1,openai/gpt-oss-20b,train,vi,6,vsmec,0
per chị ơi học được tiếng anh cũng đúng nữa đúng luôn đúng :v hịn quá,1,openai/gpt-oss-20b,train,vi,16,vsmec,0
"t cũng vậy . đang ngồi chơi với con , vợ nó đắp mặt nạ lù lù vào . xém đái trog quần ??????",1,openai/gpt-oss-20b,test,vi,24,vsmec,0
"video mờ nhưng vẫn được xác minh, còn lão per đến giờ vẫn im lặng là gì đâu?đ 🙂",1,openai/gpt-oss-20b,train,vi,19,vsmec,0
hãy trừng phạt tù chung thân cho bọn người thiếu nhân tính gây nghiệp chướng,1,openai/gpt-oss-20b,train,vi,15,vsmec,0
"khi đã tan vỡ, hàn gắn lại chắc không được như lúc đầu, vẫn chưa quay lại như ban đầu :<",1,openai/gpt-oss-20b,train,vi,21,vsmec,0
gớm đồ  :))),1,openai/gpt-oss-20b,train,vi,3,vsmec,0
đã sợ chó rồi thì chớ nữa còn bị trêu như này . ai sợ chó đã trải đâu sẽ hiểu :v,1,openai/gpt-oss-20b,test,vi,22,vsmec,0
là những người kiểu đó họ đều cẩn thận khi mở xi nhan đấy,1,openai/gpt-oss-20b,train,vi,14,vsmec,0
ngồi xem nó ngủ cũng thấy dth vler đừng nói cười 😌,1,openai/gpt-oss-20b,train,vi,12,vsmec,0
phim này cực hay .,1,openai/gpt-oss-20b,train,vi,5,vsmec,0
"wtf, mình đã làm gì sai rồi ☹️☹️☹️",1,openai/gpt-oss-20b,train,vi,8,vsmec,0
"kể từ lúc ấy, tao không thể ăn được thịt ngan, ngỗng, vịt lun 😞 ám ảnh vãi",1,openai/gpt-oss-20b,train,vi,18,vsmec,0
chúng ta nói chuyện quá nhiều nên lúc nào cũng hết chuyện nói đúngđểđi 🙂,1,openai/gpt-oss-20b,train,vi,15,vsmec,0
"đã bắt được, cho bọn này chết đi để chúng sống rồi làm hại người khác",1,openai/gpt-oss-20b,test,vi,16,vsmec,0
đáng yêu mà,1,openai/gpt-oss-20b,train,vi,3,vsmec,0
đã nói rồi không dám ăn nữa 😂😂,1,openai/gpt-oss-20b,train,vi,8,vsmec,0
năm nay còn đở hơn rồi kkkkk,1,openai/gpt-oss-20b,train,vi,7,vsmec,0
"Nhớ lúc trước, có thằng bạn học cực giỏi, đẹp trai, lớp phó kỷ luật lạnh lùng, tàn ác, không thương ai, ghi hết vào sổ. Chỉ mình mình mới giật tập chép bài, đánh nó mà không thương tiếc, nó vẫn im lặng, không bao giờ ghi tên mình vào sổ. Khi kiểm tra, quay phao, nó giục bỏ và canh cô đưa bài cho chép.",1,openai/gpt-oss-20b,train,vi,67,vsmec,0
đúng là :)) mình chỉ vui đúng để đúng khi họ chia tay thôi :)).,1,openai/gpt-oss-20b,train,vi,15,vsmec,0
"Mọi đội đều xứng đáng, hơi tiếc cho per",1,openai/gpt-oss-20b,train,vi,9,vsmec,0
Ngày xưa học văn và toán chắc chắn dưới mức trung bình!,1,openai/gpt-oss-20b,train,vi,12,vsmec,0
"suốt ngày trật ray, còn có không sự phù hợp giữa hệ thống ray - tàu và đường sắt VN",1,openai/gpt-oss-20b,test,vi,20,vsmec,0
tự hỏi rằng những cô gái như thế nào thì họ vẫn thích chàng trai không nhỉ 🤔,1,openai/gpt-oss-20b,train,vi,18,vsmec,0
"đi một lần rồi, chuyện cũ rồi, cứ như vậy đều đóđó",1,openai/gpt-oss-20b,train,vi,12,vsmec,0
"đã thôi giữ ký ức xa, và không bao giờ trở về nơi em đâu điều gì?!",1,openai/gpt-oss-20b,train,vi,17,vsmec,0
nhiều lần em đi từ từ chưa kịp đỗ đã có n ra bảo không được đỗ ở đây chán quá,1,openai/gpt-oss-20b,train,vi,21,vsmec,0
đã nhìn thật,1,openai/gpt-oss-20b,test,vi,3,vsmec,0
đánh đầu thật mạnh xem còn dám khoe khoang không,1,openai/gpt-oss-20b,train,vi,10,vsmec,0
:))) thấy nó xấu lắm điên thì lại chặn số à!,1,openai/gpt-oss-20b,test,vi,11,vsmec,0
tao đang đọc cái lol gì đây :)) sao thành truyện giáo dục rồi dume,1,openai/gpt-oss-20b,test,vi,15,vsmec,0
"mọe, các bạn đã xong chưa? :)",1,openai/gpt-oss-20b,train,vi,7,vsmec,0
"giống đi hiến máu mà :3 , suýt gặp được đi đi đi :(",1,openai/gpt-oss-20b,test,vi,14,vsmec,0
"khiển trách là bị mắng rồi má, còn phải chép phạt nữa á.điđi",1,openai/gpt-oss-20b,train,vi,13,vsmec,0
cuối cùng per cũng đã thành công rồi nha per nha,1,openai/gpt-oss-20b,train,vi,11,vsmec,0
dcm . khi bé mình sợ nhện quá . xem phim thấy yêu tinh nhện,1,openai/gpt-oss-20b,train,vi,15,vsmec,0
"chào em cô gái tháng 10, em là nắng ấm giữa trời thu...",1,openai/gpt-oss-20b,train,vi,13,vsmec,0
camry nhập thường cán bộ . nhưng cán bộ anh em hiểu rồi,1,openai/gpt-oss-20b,train,vi,13,vsmec,0
"Gym thì liên quan cặc gì đến bede, dù là gym mà người ta siêng tập nặng hơn tụi bây nhé",1,openai/gpt-oss-20b,train,vi,21,vsmec,0
người kinh doanh vui đi chợ này nè,1,openai/gpt-oss-20b,train,vi,8,vsmec,0
"Có những người phải chịu đắng cay, không được chọn gia đình, bạn bè và không có quyền quyết định cuộc sống này. Hãy vui vẻ với mọi thứ ta có, dù chỉ là hai bàn tay trắng.",1,openai/gpt-oss-20b,train,vi,38,vsmec,0
tăng sáng lên để nhìn rõ mặt chứ,1,openai/gpt-oss-20b,train,vi,8,vsmec,0
"đã tới năm cuối đại học, nhớ lại thì đéo có gì :))",1,openai/gpt-oss-20b,train,vi,13,vsmec,0
cái cuối phê lắm,1,openai/gpt-oss-20b,train,vi,4,vsmec,0
còn không ngồi vào dọn dẹp phụ em nó mà ngồi bấm điện thoại,1,openai/gpt-oss-20b,train,vi,14,vsmec,0
họ trả lời vì phép lịch sự còn mình vì yêu mà chủ động vì quan tâm mà hỏi đủ điều .. 🙁,1,openai/gpt-oss-20b,train,vi,23,vsmec,0
"phải nói thằng lái xe đỗ quá mức , sau vụ này chắc sẽ khôn ra nhiều",1,openai/gpt-oss-20b,test,vi,17,vsmec,0
điểm mắt 😘,1,openai/gpt-oss-20b,train,vi,3,vsmec,0
per : để mình xem các ngươi hạnh phúc được bao lâu 😌,1,openai/gpt-oss-20b,train,vi,13,vsmec,0
Thật tiếc! Lý do,1,openai/gpt-oss-20b,train,vi,4,vsmec,0
nghe lại bài này thấy chột dạ lắm,1,openai/gpt-oss-20b,train,vi,8,vsmec,0
"bà nuốt chuối, tao cười, tao ẻ đi",1,openai/gpt-oss-20b,train,vi,8,vsmec,0
t xem lại vài lần để biết con nhện đó bắn qua điện thoại hay chỉ là nghệ thuật )))),1,openai/gpt-oss-20b,train,vi,20,vsmec,0
"đã lớn nên trân trọng, đừng phàn nàn suốt ngày",1,openai/gpt-oss-20b,train,vi,10,vsmec,0
"cặp này lầy, dễ thương.",1,openai/gpt-oss-20b,train,vi,5,vsmec,0
điều tốt nhất là phạt nặng thật để những trường hợp này không còn xảy ra,1,openai/gpt-oss-20b,train,vi,16,vsmec,0
"ngày chia tay, ta ôm nhau rơi nước mắt",1,openai/gpt-oss-20b,train,vi,9,vsmec,0
chuyện ăn ốc rơi võ cũng vào văn học =.,1,openai/gpt-oss-20b,train,vi,10,vsmec,0
đây là con chó,1,openai/gpt-oss-20b,train,vi,4,vsmec,0
đỡ mua cuốn sổ 5k =)),1,openai/gpt-oss-20b,train,vi,6,vsmec,0
cái ảnh đúng như mình :)),1,openai/gpt-oss-20b,train,vi,6,vsmec,0
per lắng có vẻ hợp lí nhỉ?,1,openai/gpt-oss-20b,train,vi,7,vsmec,0
"năm nay mua cân na về nhà ăn dần , tối ra đường thấy chúng nó đưa vợ thằng khác đi chơi ... kaka",1,openai/gpt-oss-20b,train,vi,24,vsmec,0
không ý thức,1,openai/gpt-oss-20b,train,vi,3,vsmec,0
đỉnh tuyệt rồi các chàng traiiii,1,openai/gpt-oss-20b,train,vi,6,vsmec,0
đã lúc bé mê mùi này điđ:)))),1,openai/gpt-oss-20b,train,vi,7,vsmec,0
dm . nó ghê lắm cả tính lẫn nết bố đẻ . nó còn không chịu . được thằng nào bốc nó đi cái,1,openai/gpt-oss-20b,train,vi,24,vsmec,0
đúng nói luôn dân Việt Nam nghèo vẫn bày đặt . không biết quý ông ăn gì . nói lại tự ái quay ra đôi co đúng đó .,1,openai/gpt-oss-20b,test,vi,29,vsmec,0
đi tập gym xong rồi đi nhảy thế này à 😂😂😂,1,openai/gpt-oss-20b,train,vi,11,vsmec,0
tui đây chứ còn ai,1,openai/gpt-oss-20b,test,vi,5,vsmec,0
"ôi thôi, đồcưng quá:v",1,openai/gpt-oss-20b,train,vi,4,vsmec,0
"đùa cười làm bụng đau, vợ 😄",1,openai/gpt-oss-20b,test,vi,7,vsmec,0
"nó gieo cho ta mầm hy vọng, hy vọng vừa nở, nó đi đạp xẹp, lép sự hy vọng và sự lặng im",1,openai/gpt-oss-20b,train,vi,23,vsmec,0
điều này lại là nhà đổ từ nóc rồi ;((,1,openai/gpt-oss-20b,train,vi,10,vsmec,0
điều 5 triệu ... luật vn thật dữ điều,1,openai/gpt-oss-20b,train,vi,9,vsmec,0
list này không đưa vào công việc của dân chứng khoán sao?,1,openai/gpt-oss-20b,train,vi,12,vsmec,0
bếp thiiêu mày lắm,1,openai/gpt-oss-20b,test,vi,4,vsmec,0
cảm giác lúc đó mình quá đáng vãi lắm,1,openai/gpt-oss-20b,test,vi,9,vsmec,0
vì gặp nhau sai thời điểm nên tôi mất người mãi mãi ...,1,openai/gpt-oss-20b,train,vi,13,vsmec,0
điều này lạ lắm mà mình từng thấy :)),1,openai/gpt-oss-20b,train,vi,9,vsmec,0
đã công cốc lại rồi . cả thế giới kì vọng,1,openai/gpt-oss-20b,train,vi,11,vsmec,0
"không nghe lời bố mẹ , bỏ học, đi, giờ đi hốt rác. không có giá trị trong xã hội, bày đặt chữ ai.",1,openai/gpt-oss-20b,train,vi,24,vsmec,0
"đời còn bé chỉ khi mẹ làm bánh tai yến mới dùng bếp dầu hôi này, không phải để dành trong tủ.",1,openai/gpt-oss-20b,train,vi,22,vsmec,0
đúng là thứ vô học,1,openai/gpt-oss-20b,test,vi,5,vsmec,0
có giống con bạn tao :))) dù nó không phải gvien hay gì nhưng nó khá trẻ trâu,1,openai/gpt-oss-20b,train,vi,18,vsmec,0
đi kiểu không cần bẻ phê nữađ  =))),1,openai/gpt-oss-20b,test,vi,8,vsmec,0
đây là những câu chuyện buồn đó :((,1,openai/gpt-oss-20b,train,vi,8,vsmec,0
"khổ nặng người dân, trước dự án cao su là dự án cà phê, thêm dự án nữa thì coi như một đời lãng phí",1,openai/gpt-oss-20b,train,vi,25,vsmec,0
không phải kịch bản chuẩn mẹ đâu,1,openai/gpt-oss-20b,train,vi,7,vsmec,0
mùa này làm cú mền này giữa trưa 40 độ hết sảy điều đi =]],1,openai/gpt-oss-20b,train,vi,15,vsmec,0
đôi lúc hạnh phúc chỉ là những điều đơn giản nhất mà chẳng ai ngờ tới 😊,1,openai/gpt-oss-20b,train,vi,17,vsmec,0
"Ủa, bất ngờ lắm, thanh niên nào đây =))))",1,openai/gpt-oss-20b,train,vi,9,vsmec,0
chưa ai chịu nổi,1,openai/gpt-oss-20b,train,vi,4,vsmec,0
"lúc nào mang bé về nhà nhớ chụp đăng lên cho bọn tao xem, chụp thằng bé nha :vv",1,openai/gpt-oss-20b,train,vi,19,vsmec,0
aeon tâm lý này :)) mày . n vào mua que kem tránh nóng,1,openai/gpt-oss-20b,test,vi,14,vsmec,0
crush của tao vẫn trinh đúng 😘,1,openai/gpt-oss-20b,train,vi,7,vsmec,0
đúng! 😏😏😏,1,openai/gpt-oss-20b,train,vi,2,vsmec,0
"câu chuyện buồn quá các bạn à. tao không dám đọc, sợ làm quyết tâm, người yêu của tao đang lưỡng lự 🙄",1,openai/gpt-oss-20b,train,vi,23,vsmec,0
sau em này mà làm cô giáo ngồi kể chuyện học sinh lại mở miệng nghe 😁,1,openai/gpt-oss-20b,test,vi,17,vsmec,0
điều nguy hiểm đó,1,openai/gpt-oss-20b,test,vi,4,vsmec,0
mệt bọn trẻ lúc này,1,openai/gpt-oss-20b,train,vi,5,vsmec,0
"lớp mình cực kỳ vui, anh em ta hòa hợp tình thân =)))",1,openai/gpt-oss-20b,test,vi,13,vsmec,0
đấy . ngọt lắm ??????,1,openai/gpt-oss-20b,test,vi,5,vsmec,0
nếu bạn bán hàng mà tôi đậu xe trước cửa nhà bạn ngày thì ai là chủ đường nhỉ,1,openai/gpt-oss-20b,test,vi,19,vsmec,0
"khi nó điên, nó chã triệu hồi cả nhà mày ra, đúng, đúng rồi nhổn",1,openai/gpt-oss-20b,test,vi,15,vsmec,0
"per 2 con đáng cap màn hình nhất thế giới , nói chuyện với nhau toàn cười ỉ 🙄🙄🙄",1,openai/gpt-oss-20b,test,vi,19,vsmec,0
đáng yêu ??,1,openai/gpt-oss-20b,train,vi,3,vsmec,0
tao thấy không có gì để tao giữ được cơn cười cđcm đó nhé! :)),1,openai/gpt-oss-20b,test,vi,15,vsmec,0
nhưng bạn thân cũng đều là lũ khốn,1,openai/gpt-oss-20b,train,vi,8,vsmec,0
"giả như bị thằng nào bỏ túi toàn bộ lọ, nó có chửi không nhỉ",1,openai/gpt-oss-20b,train,vi,15,vsmec,0
điên chuyện như yêu ??,1,openai/gpt-oss-20b,train,vi,5,vsmec,0
"không hiểu vì sao họ cười, mình lại rơi lệ đâu...",1,openai/gpt-oss-20b,train,vi,11,vsmec,0
nhà nó giàu khủng,1,openai/gpt-oss-20b,train,vi,4,vsmec,0
vậy là xong rồi,1,openai/gpt-oss-20b,train,vi,4,vsmec,0
"cha mẹ tao vẫn tranh cãi vì chưa biết sinh của tao là dương hay âm, thật lúng túng 😢😢đi đi",1,openai/gpt-oss-20b,train,vi,21,vsmec,0
cách cô chủ nhiệm xử lý thật tệ lắm.,1,openai/gpt-oss-20b,test,vi,9,vsmec,0
cần công bố răn đe,1,openai/gpt-oss-20b,train,vi,5,vsmec,0
bác không ở lại làm tô phở rồi 🙃🙃🙃,1,openai/gpt-oss-20b,train,vi,9,vsmec,0
Bức ảnh này đã xuất hiện từ sáng tới giờ trên mấy page rồi 😑😑,1,openai/gpt-oss-20b,train,vi,15,vsmec,0
không nổi thì mình trượt haha,1,openai/gpt-oss-20b,train,vi,6,vsmec,0
ai được như thế này ??,1,openai/gpt-oss-20b,train,vi,6,vsmec,0
"nhớ khi Euro 2012, bóng rực rỡ trong áo tuyển Ý, ghi vài bàn mà mỗi bàn đều thấy hay.",1,openai/gpt-oss-20b,train,vi,20,vsmec,0
đã thử và thật thích thú 😆.,1,openai/gpt-oss-20b,train,vi,7,vsmec,0
câu chuyện mọc sừng bắt nguồn từ đây đóđó 😀,1,openai/gpt-oss-20b,test,vi,10,vsmec,0
tao thấy hài hước vãi :)),1,openai/gpt-oss-20b,train,vi,6,vsmec,0
đáng yêu quá ??,1,openai/gpt-oss-20b,test,vi,4,vsmec,0
đáng ác nhất là thằng quay phim. chắc chắn nó biết trước mà cố tình không nói cho tài xế biết để tránh bị gọi là ngu.,1,openai/gpt-oss-20b,test,vi,27,vsmec,0
2-3 tuần sao rồi . sao thế,1,openai/gpt-oss-20b,train,vi,7,vsmec,0
sau khi xem ảnh này rồi tôi quyết định ... mua honda :v,1,openai/gpt-oss-20b,train,vi,13,vsmec,0
"thương nhau còn chả hết, dỗi nhau làm gì 😂",1,openai/gpt-oss-20b,train,vi,10,vsmec,0
chòi má kêu chuyện tình vãi =)))),1,openai/gpt-oss-20b,train,vi,7,vsmec,0
nhìn này nhớ ông ngoại quá 😞,1,openai/gpt-oss-20b,train,vi,7,vsmec,0
"chúc mày mau khỏi nhá , team cũng mê ăn gà như mình .??",1,openai/gpt-oss-20b,test,vi,14,vsmec,0
per mà thật mình cảm thấy bị nhột nhột trong người mày ạ,1,openai/gpt-oss-20b,train,vi,13,vsmec,0
"có người sinh ra giàu có, người làm cực khổ cũng không giàu. thương ông nhé!!!.",1,openai/gpt-oss-20b,train,vi,16,vsmec,0
chắc phạt 5 triệu ngay!,1,openai/gpt-oss-20b,train,vi,5,vsmec,0
per may cho bạn 😄😄😄,1,openai/gpt-oss-20b,train,vi,5,vsmec,0
per cảm ơn mọi người . vì em thích những nét văn hoá vùng miền để khám phá,1,openai/gpt-oss-20b,test,vi,18,vsmec,0
may là tao lắp kính cường lực,1,openai/gpt-oss-20b,test,vi,7,vsmec,0
"diễn viên tới ekip siêu đỉnh, xem không bỏ lỡ giây nào.",1,openai/gpt-oss-20b,train,vi,12,vsmec,0
không ai cho ai cái gì . đừng đúng nghĩ cho đi sẽ được trả lại điều tốt đẹp đi!,1,openai/gpt-oss-20b,train,vi,20,vsmec,0
đúng là người yêu tao thì sống chết tao cũng vả hết,1,openai/gpt-oss-20b,train,vi,12,vsmec,0
úi trời quá khiếp !!!!,1,openai/gpt-oss-20b,train,vi,5,vsmec,0
đúng rồi bác . :)))),1,openai/gpt-oss-20b,train,vi,5,vsmec,0
trời ôi mới đọc tưởng là người yêu,1,openai/gpt-oss-20b,test,vi,8,vsmec,0
đơn giản hơn so với đềvăn sáng nay😂😂😂,1,openai/gpt-oss-20b,train,vi,8,vsmec,0
tình yêu là lúc mù quáng mà hix,1,openai/gpt-oss-20b,train,vi,8,vsmec,0
"không ngờ gì, cái này tao làm được =)))",1,openai/gpt-oss-20b,train,vi,9,vsmec,0
mới ra nhưng nắm bắt nhanh rồi,1,openai/gpt-oss-20b,test,vi,7,vsmec,0
ghét 2 người này quá đi,1,openai/gpt-oss-20b,train,vi,6,vsmec,0
ta nuôi vì đam mê,1,openai/gpt-oss-20b,train,vi,5,vsmec,0
con cháu thằng nào ra đường mà không dạy gì,1,openai/gpt-oss-20b,test,vi,10,vsmec,0
muốn chia sẻ nhưng sợ bạn nè giận quá lắm đúng,1,openai/gpt-oss-20b,train,vi,11,vsmec,0
per đây là những con nhỏ 🤪🤪,1,openai/gpt-oss-20b,train,vi,7,vsmec,0
"2 thế kỷ mới xây được, nhưng chỉ 63 phút đã xóa hết đi :(",1,openai/gpt-oss-20b,train,vi,15,vsmec,0
nó ốm nhom buồn ghê :(,1,openai/gpt-oss-20b,test,vi,6,vsmec,0
"per may có con bạn đang giảm cân nhưng nó dịu, nó sẽ đi vào ăn cùng tao chứ không đánh sấp mặt tao như vậy, phải không?",1,openai/gpt-oss-20b,train,vi,28,vsmec,0
"đã gặp một người nuôi một con chó cùng 2 con ngỗng, trời ơi chưa kịp vào nhà, con chó chưa sủa mà ngỗng đã đuổi chạy vắt chân lên cổ rồi :'( nhục",1,openai/gpt-oss-20b,train,vi,34,vsmec,0
per vì sự yêu thích của các bạn mà bóng đá per chi tiêu một tiền không nhỏ ! 😩🙏🤕,1,openai/gpt-oss-20b,train,vi,20,vsmec,0
"chị ấy cười với mình kìa các bạn, vui sướng thật lắm 😊",1,openai/gpt-oss-20b,train,vi,13,vsmec,0
"bọn rải đinh, nó đéo biết xe chạy nhanh mà lốp bị xì như thế nào ??? 😣😣😣 não lol",1,openai/gpt-oss-20b,train,vi,20,vsmec,0
đánh bại liêm sỉ trong 1 nốt nhạc,1,openai/gpt-oss-20b,test,vi,8,vsmec,0
có ai biết tiền bồi thù người mấy vụ án oan lấy ra từ đâu không đâu đâu??,1,openai/gpt-oss-20b,train,vi,18,vsmec,0
đàn lông chân =))))),1,openai/gpt-oss-20b,train,vi,4,vsmec,0
má tao nhìn mà cảm thấy chóng mặt ... cầu này chắc dành cho chân ngắn như tao,1,openai/gpt-oss-20b,test,vi,18,vsmec,0
nếu thấy phụ nữ quá rắc rối để hiểu và chinh phục thì đây là cách xử lý vấn đề,1,openai/gpt-oss-20b,test,vi,20,vsmec,0
địt mẹ không có cái loại nào ác hơn tàn độc là loại người. xem mà điên đéo chịu được đi đi đi đi,1,openai/gpt-oss-20b,train,vi,24,vsmec,0
mày đấy làm được ghen àk,1,openai/gpt-oss-20b,train,vi,6,vsmec,0
"chỉ có vài kẻ ấn ngáo ngơ, vừa bẩn, trông chẳng giá trị gì. đúng là lớp 1 trượt môn đạo đức vì tội không giữ gìn vệ sinh thân thể",1,openai/gpt-oss-20b,test,vi,31,vsmec,0
"đi chạy ngay 😨😨 trước khi bọn chủ tịch vào đây và giả làm con c * c gì đó rồi bị coi thường, tụi bay phải nhận cái kết đấy. 😬😬😬😬",1,openai/gpt-oss-20b,train,vi,32,vsmec,0
"em đi bộ, chết mẹ ngay đây",1,openai/gpt-oss-20b,train,vi,7,vsmec,0
tao cũng bị ghệ và cũng dị ứng khi gặp mệt mỏi giống thế,1,openai/gpt-oss-20b,train,vi,14,vsmec,0
cũng ổn nhưng cuối clip nhai nhỏ hơn tiếng thì tốt . :(,1,openai/gpt-oss-20b,train,vi,13,vsmec,0
"chúng mày có thể dành 30s thả tim vào avatar, coi như lì xì muộn cho tao được không? chưa bao giờ được 30 tim buồn v . lol 😭😭😭😭",1,openai/gpt-oss-20b,test,vi,30,vsmec,0
per nhện ơi haha,1,openai/gpt-oss-20b,train,vi,4,vsmec,0
"tao tự hỏi sao đứa làm phim lại quay đúng thời điểm thế, chắc chắn nó dự định sẽ nát con xe đó nhưng không nói :))",1,openai/gpt-oss-20b,train,vi,27,vsmec,0
đi vào ô mất lượt :)),1,openai/gpt-oss-20b,train,vi,6,vsmec,0
cắt tóc đi rồi mắt mình chuyển từ đen sang xanh luôn sao?,1,openai/gpt-oss-20b,test,vi,13,vsmec,0
"đóng từng đoạn ru bé ngủ để bà đắp mặt nạ đẹp!! , 10đ chồng tốt =))))",1,openai/gpt-oss-20b,train,vi,17,vsmec,0
càng gần gũi khi lùi càng đau lòng.,1,openai/gpt-oss-20b,train,vi,8,vsmec,0
đứng dưới cây này chỉ lo ngột vì mùi hoa sữa 😂😂😂,1,openai/gpt-oss-20b,train,vi,12,vsmec,0
"mày đi thì đi, mẹ mày đi. ngứa mắt 😩😩😩😩😩",1,openai/gpt-oss-20b,train,vi,10,vsmec,0
đâu đi cũng điều hòa vẫn bật mà.,1,openai/gpt-oss-20b,train,vi,8,vsmec,0
tưởng mai tới họp phụ huynh mới bị u ám. ai ngờ hôm nay mới biết điểm anh 9.5 rồi cũng u ám :),1,openai/gpt-oss-20b,train,vi,24,vsmec,0
điều điệu con =)) yêu lắm cơ ý con mẹt hờn dỗi,1,openai/gpt-oss-20b,train,vi,12,vsmec,0
"đỉnh thật, mở được mọi khóa luôn mà đúng 😑😑😑",1,openai/gpt-oss-20b,train,vi,10,vsmec,0
"đã lớn lên rồi ta sẽ tự hiểu .. ""tại sao ngày ấy cha mẹ thế này, kia với ta"" ...",1,openai/gpt-oss-20b,train,vi,21,vsmec,0
"gia đình bọn này chắc cũng không ra gì con cái mới đúng là, tội em gái bị đánh",1,openai/gpt-oss-20b,train,vi,19,vsmec,0
per đã hiểu tại sao anh bạn mình mê gym .. thì ra đây là nơi anh ấy sống thật với giới tính của mình ..🤣🤣🤣,1,openai/gpt-oss-20b,train,vi,26,vsmec,0
"phim này thật tuyệt . xem đi xem lại không bao giờ chán . đặt tay lên ngực "" mọi chuyện ổn "" câu nói huyền thảo",1,openai/gpt-oss-20b,train,vi,27,vsmec,0
"có thể nói là hài tàu thật đấy, luôn lạ lùng và khó đoán kết quả, ý nghĩa thì sâu xa. hihi đã thích rồi.",1,openai/gpt-oss-20b,train,vi,25,vsmec,0
không hiểu vì sao nhiều người lại thả haha nhỉ ??,1,openai/gpt-oss-20b,train,vi,11,vsmec,0
đm phí quá mức :((,1,openai/gpt-oss-20b,train,vi,5,vsmec,0
"Bạn bè nói chuyện, cũng chụp post Facebook, vui không?",1,openai/gpt-oss-20b,train,vi,10,vsmec,0
phải giết ba tay luôn à?,1,openai/gpt-oss-20b,train,vi,6,vsmec,0
khi nào tui già rồi cũng như v nha per kkkkkkkkkk,1,openai/gpt-oss-20b,train,vi,11,vsmec,0
hahah thú vị quá,1,openai/gpt-oss-20b,train,vi,4,vsmec,0
tết trung thu mà không phải tết “giao phối” nên không cần gấu với chả gà 😌😌,1,openai/gpt-oss-20b,train,vi,17,vsmec,0
đỉnh lắm em êiiii nhé,1,openai/gpt-oss-20b,train,vi,5,vsmec,0
mấy thèn rảnh rỗi,1,openai/gpt-oss-20b,train,vi,4,vsmec,0
"đó là của bạn mà, nếu bạn hài lòng thì không còn gì để ngợi ngợi đâu",1,openai/gpt-oss-20b,train,vi,17,vsmec,0
mặt thái độ khủng,1,openai/gpt-oss-20b,test,vi,4,vsmec,0
Ông này có võ thật 😁😁.,1,openai/gpt-oss-20b,train,vi,6,vsmec,0
chị lỡ mất 1 nhịp tim vì cưng đó ❤️❤️❤️,1,openai/gpt-oss-20b,train,vi,10,vsmec,0
bằng củi tao nấu suốt cho tới bây giờ còn bằng rơm đãđều đều chưa từng :v,1,openai/gpt-oss-20b,test,vi,17,vsmec,0
anh em có thấy cắt clip không . thấy xl quá,1,openai/gpt-oss-20b,train,vi,11,vsmec,0
ngày xưa có 1 thứ,1,openai/gpt-oss-20b,train,vi,5,vsmec,0
"sản phẩm này thật hay, ứng dụng cao",1,openai/gpt-oss-20b,test,vi,8,vsmec,0
xem mà rơi nói chuyện mắt khi ăn ngay 😭😭😢,1,openai/gpt-oss-20b,train,vi,10,vsmec,0
"đau thương, có rất nhiều em ở nông thôn như vậy 😢.",1,openai/gpt-oss-20b,train,vi,12,vsmec,0
Quan trọng là phải có hội nói sấu sếp :v,1,openai/gpt-oss-20b,train,vi,10,vsmec,0
lò đó tao ghét nhất,1,openai/gpt-oss-20b,train,vi,5,vsmec,0
âm thanh hay nhưng lời xàm .. cũng rần rần,1,openai/gpt-oss-20b,test,vi,10,vsmec,0
"đã xem hết video rồi, cảm thấy buồn vì xã hội hiện nay thật tệ",1,openai/gpt-oss-20b,train,vi,15,vsmec,0
"má chủ thật dễ thương, tao cũng muốn xin",1,openai/gpt-oss-20b,test,vi,9,vsmec,0
per nên mày yên tâm về mấy con nhện đúng nhé  :))),1,openai/gpt-oss-20b,train,vi,12,vsmec,0
"per huhu thật đúng rồi :< sư phụ đã đi, còn per thôi, đừng đi đâu nữa nhaaa 😢",1,openai/gpt-oss-20b,test,vi,19,vsmec,0
nhìn giống mấy đặc vụ CIA à. sợ lắm :)),1,openai/gpt-oss-20b,train,vi,10,vsmec,0
tư duy của họ vượt 1 đầu hơn nhiều 👍,1,openai/gpt-oss-20b,train,vi,10,vsmec,0
thực tế: học tiếng Anh từ 6-12 mà không biết giao tiếp,1,openai/gpt-oss-20b,train,vi,12,vsmec,0
và cứ thế tôi lưu giữ 3 năm tuổi trẻ tuyệt vời của mình :),1,openai/gpt-oss-20b,train,vi,15,vsmec,0
cô giáo là nhà của mấy đứa đầu gấu à =))))),1,openai/gpt-oss-20b,train,vi,11,vsmec,0
"ph :)) phê hơn cả cần nhé . mua ngay cái này, dùng cho chó và người thật hay :)))",1,openai/gpt-oss-20b,test,vi,20,vsmec,0
per haha nhớ không,1,openai/gpt-oss-20b,train,vi,4,vsmec,0
"đi lấy giẻ lau, vắt chắc cũng được nửa",1,openai/gpt-oss-20b,test,vi,9,vsmec,0
phải trả tiền bồi thường cho thiệt hại trầy xước thân tàu. tiền sơn lại vài toa tàu chắc tốn.,1,openai/gpt-oss-20b,train,vi,20,vsmec,0
"đúng luôn khi ở công, đi tình yêu luôn là anh chị em đồng nghiệp tốt he he!",1,openai/gpt-oss-20b,train,vi,18,vsmec,0
đó mà là đặc vụ thật thì lại ngớ người 😂,1,openai/gpt-oss-20b,train,vi,11,vsmec,0
có lẽ ông này chưa có vợ :)),1,openai/gpt-oss-20b,train,vi,8,vsmec,0
con trai giờ giá v mất luôn hã mấy chế :))),1,openai/gpt-oss-20b,train,vi,11,vsmec,0
"đứng nhìn mặt nó, nhăn mặt khó chịu vãi",1,openai/gpt-oss-20b,train,vi,9,vsmec,0
"Tiền bạc chỉ là phù du, quan trọng là tình nghĩa",1,openai/gpt-oss-20b,train,vi,11,vsmec,0
có lẽ là năm lớp 4-5 nhỉ :)) mình mua bánh kẹo rồi đem vào lớp bán lẻ lại ... mỗi lần bán như thế chắc cũng có lãi đi đi đi đi 😂,1,openai/gpt-oss-20b,test,vi,34,vsmec,0
đi cho cô chú đó đi,1,openai/gpt-oss-20b,train,vi,6,vsmec,0
"đúng rồi, ở đâu cũng được, không nhất thiết phải ở đây",1,openai/gpt-oss-20b,train,vi,12,vsmec,0
có thể từ chối lời tỏ tình ngọt ❤️❤️,1,openai/gpt-oss-20b,train,vi,9,vsmec,0
"đã là lào cai rồi, tự hào quá mình :))",1,openai/gpt-oss-20b,train,vi,10,vsmec,0
tao không nhớ ngày tháng năm sinh của mẹ tao và ngược lại :((,1,openai/gpt-oss-20b,train,vi,14,vsmec,0
đam mê đéo bị thịt nhé :d nó cũng ế vãi vì tội chảnhchóa,1,openai/gpt-oss-20b,train,vi,14,vsmec,0
rồi sao chứ nằm cùng vợ ông làm gì nhỉ,1,openai/gpt-oss-20b,train,vi,10,vsmec,0
"đã qua cấp 3, đã qua đại học và mới bắt đầu một trò chơi mới.",1,openai/gpt-oss-20b,train,vi,16,vsmec,0
có một bức ảnh tỉ năm trước mà cứ đăng đăng con cặc. đéo thấy nhàm à. nghĩ thôi thấy bất hạnh vãi.,1,openai/gpt-oss-20b,train,vi,23,vsmec,0
câu chuyện của mày làm tao buồn lắm,1,openai/gpt-oss-20b,train,vi,8,vsmec,0
xem móng tay bác này mà tao thèm ăn chó quá per,1,openai/gpt-oss-20b,train,vi,12,vsmec,0
bạn đã hiểu khổ của mario khi mua đồ vui cho bạn chưa :)),1,openai/gpt-oss-20b,train,vi,14,vsmec,0
"đọc bình luận của người trong cuộc, cảm thấy ấm lòng đúng cho per!",1,openai/gpt-oss-20b,train,vi,14,vsmec,0
đã vừa thấy thương vừa cười vãi :))))))),1,openai/gpt-oss-20b,train,vi,8,vsmec,0
"con này tuổi gì, con sao giống con thằn lằn đúng :))) per",1,openai/gpt-oss-20b,train,vi,13,vsmec,0
nó cắn dữ hơn chứ ở đó lười lưỡng,1,openai/gpt-oss-20b,test,vi,9,vsmec,0
5 năm nữa tao sẽ sinh được 3 đứa 😂😂😂,1,openai/gpt-oss-20b,train,vi,10,vsmec,0
"đã ra rồi, nói anh có thể ship em về nhà được không? xe em bị hỏng mất tiêu rồi =))",1,openai/gpt-oss-20b,train,vi,21,vsmec,0
"Bạn định làm gì, vợ của tôi?",1,openai/gpt-oss-20b,test,vi,7,vsmec,0
"đúng rồi, đời xưa bệnh mà cũng vui quá . :)))",1,openai/gpt-oss-20b,train,vi,11,vsmec,0
hỏng rồi . dùng đồ như vỡ,1,openai/gpt-oss-20b,test,vi,7,vsmec,0
đâu cỡ anh cũng chịu được vì anh yêu em,1,openai/gpt-oss-20b,train,vi,10,vsmec,0
:)) đéo hiểu sao mấy bộ phim của ấn xl vãi mà nội dung như thế nào vẫn cực hay,1,openai/gpt-oss-20b,train,vi,20,vsmec,0
cái ngành tài chính của mình đã có chỗ dùng võ siêu hay rồi :)))),1,openai/gpt-oss-20b,train,vi,15,vsmec,0
nổii đá gà hic,1,openai/gpt-oss-20b,train,vi,4,vsmec,0
sàm quá,1,openai/gpt-oss-20b,train,vi,2,vsmec,0
ướp ngay đông lạnh à,1,openai/gpt-oss-20b,train,vi,5,vsmec,0
lông mày mọc nhanh dữ quá ồ đồ đi =.=,1,openai/gpt-oss-20b,train,vi,10,vsmec,0
yêu vlll,1,openai/gpt-oss-20b,train,vi,2,vsmec,0
cô chủ tịch giả mang thai và kết,1,openai/gpt-oss-20b,train,vi,8,vsmec,0
yêu có thể chếtđi.,1,openai/gpt-oss-20b,train,vi,4,vsmec,0
không muốn ai yêu nữa,1,openai/gpt-oss-20b,train,vi,5,vsmec,0
đùa ngu vừa thôi mày,1,openai/gpt-oss-20b,train,vi,5,vsmec,0
đến đúng giờ tao vẫn chưa hiểu biển là gì ad ạ.,1,openai/gpt-oss-20b,train,vi,12,vsmec,0
mày có ngu không đĩ chó :) hết chỗ viết rồi à :) nếu thích viết thì tìm chỗ nào không trôi á :) hoặc mua giấy về viết mà địt mẹ viết rồi lại viết làm tao buồn mày :),1,openai/gpt-oss-20b,test,vi,41,vsmec,0
đậu xe kiểu lạ lùng.,1,openai/gpt-oss-20b,train,vi,5,vsmec,0
"cái đồng hồ này, mọi người cho em biết giá là bao nhiêu ạ",1,openai/gpt-oss-20b,train,vi,14,vsmec,0
"cái khó, cái khôn :)))",1,openai/gpt-oss-20b,train,vi,5,vsmec,0
may không đi,1,openai/gpt-oss-20b,train,vi,3,vsmec,0
"ba mẹ tao gắt giận, tao chỉ biết im lặng, mang tô cơm đi nơi khác, ngồi ăn, khóc một mình, dù biết răng mình không đúngđúng đi lỗi 😭😭 !?",1,openai/gpt-oss-20b,train,vi,31,vsmec,0
có chuyện rồi đừng vờ vã . anh hùng rồi quay lại trại đóđ  :))),1,openai/gpt-oss-20b,train,vi,15,vsmec,0
xem bọn có ai yêu khổ chưa kìa.,1,openai/gpt-oss-20b,train,vi,8,vsmec,0
"per đã đam mê phá game, còn đam mê hổ báo",1,openai/gpt-oss-20b,test,vi,11,vsmec,0
"tìm hiểu lý do cái cái gì . vì thèm lời nên coi thường công nhân, răn đe chỉ béo tiền đút lót",1,openai/gpt-oss-20b,train,vi,23,vsmec,0
mơ là không cần học cũng giỏi luôn,1,openai/gpt-oss-20b,test,vi,8,vsmec,0
tuổi thơ của tôi cũng từng có 1 người c .trai bỏ hết mọi thứ để bảo vệ tôi 😘😘😘😘,1,openai/gpt-oss-20b,test,vi,20,vsmec,0
đcm . mấy ngày này đi đâu cũng thấy chủ tịch . đéo ngán à ?,1,openai/gpt-oss-20b,test,vi,16,vsmec,0
"đi về hết mà, cứ lương mà không làm gì, có nhà lầu xe hơi thì lấy ở đâu ?????? không phải đùn đẩy .... đi về hết bọn nó mới hết, không tìm ra nguyên nhân .... không sao phụ huynh dám nói .... đúng đó để đi điều",1,openai/gpt-oss-20b,train,vi,50,vsmec,0
wao đáng yêu quá chờ ơiiii,1,openai/gpt-oss-20b,train,vi,6,vsmec,0
"thà biết rồi đau 1 lần cho tởn rồi thôi,chứ đừng để nỗi đau nặng cứ day dẳn giằng xé mãi cả đời ☻",1,openai/gpt-oss-20b,train,vi,24,vsmec,0
2 năm xa nhà rồi tao đéo được đi ????. Năm sau chắc chắn đi,1,openai/gpt-oss-20b,train,vi,15,vsmec,0
"chứ sao nữa, làm sao có chuyện người ta đỗ đúng mà lại làm tắc đường. chỉ có những người mắt hay bị ngứa mới nghĩ sẽ gây tắc đường thôi ạ",1,openai/gpt-oss-20b,train,vi,32,vsmec,0
"tự chi tiền trồng, tự cắt mủ chắc củ",1,openai/gpt-oss-20b,train,vi,9,vsmec,0
cũng muốn làm những điều đáng yêu!,1,openai/gpt-oss-20b,train,vi,7,vsmec,0
per nguy hiểm lén lút quanh ta :((,1,openai/gpt-oss-20b,train,vi,8,vsmec,0
các bác cứ nhiệt tình vào . em không quan tâm,1,openai/gpt-oss-20b,train,vi,11,vsmec,0
"bệnh lắm, xấu mặt người dân 1 vùng quê đồng bằng bắc bộ",1,openai/gpt-oss-20b,train,vi,13,vsmec,0
🙁 mất hết tiền,1,openai/gpt-oss-20b,test,vi,4,vsmec,0
tôi đang chờ ngày nhận thiệp cưới của ông,1,openai/gpt-oss-20b,train,vi,9,vsmec,0
"gặp này "" sun "" mẹ đi nó vào ...  :))",1,openai/gpt-oss-20b,train,vi,11,vsmec,0
tao đun củi chưađun bằng rơm bao giờ😪,1,openai/gpt-oss-20b,train,vi,8,vsmec,0
đúng,1,openai/gpt-oss-20b,train,vi,1,vsmec,0
điên chưa . đã đăng lên rồi bị chửi,1,openai/gpt-oss-20b,train,vi,9,vsmec,0
cài lò xô thần,1,openai/gpt-oss-20b,train,vi,4,vsmec,0
"tôi cũng đi dạy. cha mẹ còn thiếu 250k, đòi chuyển thẻ. không biết mai mốt chị còn nhớ chuyển cho mình nữa không đây",1,openai/gpt-oss-20b,train,vi,25,vsmec,0
quỳ như vậy thôi có gì mà trừng giáo viên nhỉ? Riết phụ huynh giờ thấy quá đáng thật,1,openai/gpt-oss-20b,train,vi,19,vsmec,0
điều này chán,1,openai/gpt-oss-20b,train,vi,3,vsmec,0
"bây giờ cắt móng tay đi, nhưng vẫn cứ bị phế, khó mà khôi phục được.",1,openai/gpt-oss-20b,test,vi,16,vsmec,0
"per điều gì mình không làm được, chứ đánh lũ đéo phải người thì mình làm tốt kkk",1,openai/gpt-oss-20b,test,vi,18,vsmec,0
"đi nghe hơn chó động 1 chút là kêu ồn à, điếc cả tai. đuổi thì cứ đuổi 😒",1,openai/gpt-oss-20b,test,vi,19,vsmec,0
"t nhìn người yêu cười, càng ngắm càng yêu, lúc giận thì nhìn muốn cắn vài lần, tao bị cuồng người yêu rồi đi đó đúng đi đi",1,openai/gpt-oss-20b,train,vi,28,vsmec,0
"đi chọn thằng không học bổng, vì anh ấy giàu hơn",1,openai/gpt-oss-20b,train,vi,11,vsmec,0
có vẻ anh ấy là nạn nhân đúng đúng.😂,1,openai/gpt-oss-20b,train,vi,9,vsmec,0
đéo bít sợ là gì khi chết lại đổ cho tại số đâu,1,openai/gpt-oss-20b,train,vi,13,vsmec,0
đi nghe luôn mà vẫn hay,1,openai/gpt-oss-20b,train,vi,6,vsmec,0
"điều ngu, chịu",1,openai/gpt-oss-20b,train,vi,3,vsmec,0
cmm tiết lộ dữ liệu người,1,openai/gpt-oss-20b,train,vi,6,vsmec,0
"đoạn son bôi nhìn vô, sao dùng xong mà vẫn nguyên. vô vẫn",1,openai/gpt-oss-20b,train,vi,13,vsmec,0
các bạn trẻ ơi! người lớn nghe tiếng chó kêu nhưng lại không làm gì để cứu vớt. các em thực sự đáng khen. cần những bạn trẻ nhân ái như các bạn.,1,openai/gpt-oss-20b,train,vi,33,vsmec,0
idol mới có skill siêu chất 😆 1 cú đánh mông mà đối thủ ngay bay sấp mặt luôn luôn 🤣,1,openai/gpt-oss-20b,train,vi,21,vsmec,0
"đi dume về bố táng lại cho bờm đầu! , có thể là lần cuối đi xem bóng đá của cháu nó :))",1,openai/gpt-oss-20b,train,vi,23,vsmec,0
đam mê cuối cùng bị cho leo cây   😒,1,openai/gpt-oss-20b,train,vi,9,vsmec,0
dân chơi thấy ngay rồi đi🤣🤣,1,openai/gpt-oss-20b,train,vi,6,vsmec,0
"màu này kỳ lạ quá , phối hợp hài hòa tuyệt",1,openai/gpt-oss-20b,train,vi,11,vsmec,0
chó đã biết chê tệ,1,openai/gpt-oss-20b,train,vi,5,vsmec,0
xem video không quá hài hước vì chửi thề quá nhiều xá .. mà đọc bình luận của các bạn thì đã cười rồi . kkkkk,1,openai/gpt-oss-20b,test,vi,26,vsmec,0
vậy đã bố đi xe đang đánh tiền không các anh,1,openai/gpt-oss-20b,test,vi,11,vsmec,0
haha cười gật gù quá ... nhưng thật mà các mày là tao sợ rắn nhiều lắm ...,1,openai/gpt-oss-20b,train,vi,18,vsmec,0
năm nào cũng phải ở nhà giữ nhà :((,1,openai/gpt-oss-20b,test,vi,9,vsmec,0
may mà vẫn gỡ được 1 miếng sắt lớn của tàu hỏa nó vỡ ra nên bán đi cũng đỡ được vài đồng. kaka,1,openai/gpt-oss-20b,train,vi,24,vsmec,0
vì người lạ vẫn là người lạ luôn,1,openai/gpt-oss-20b,train,vi,8,vsmec,0
chàng trai cứng cỏi !,1,openai/gpt-oss-20b,test,vi,5,vsmec,0
"per , nhớ cái thời sv ở tro , :)",1,openai/gpt-oss-20b,train,vi,10,vsmec,0
đôi khi lắm câu hỏi ngớ ngẩn thật,1,openai/gpt-oss-20b,test,vi,8,vsmec,0
"bây giờ ngay, chỉ cần anh thành thật với tôi là được :)",1,openai/gpt-oss-20b,train,vi,13,vsmec,0
cần địa chỉ để tìm một bạn gái đẹp cao như anh thứ 3 yêu,1,openai/gpt-oss-20b,train,vi,15,vsmec,0
đồ thú nuôi đó,1,openai/gpt-oss-20b,train,vi,4,vsmec,0
môn này đéo dành cho người chân ngắn như mình :) đi qua chắc lăn mẹ xuống sông ^^,1,openai/gpt-oss-20b,train,vi,19,vsmec,0
"thề, xem rồi mà lại thấy buồn",1,openai/gpt-oss-20b,test,vi,7,vsmec,0
"điên quá, đậu xe sát đường ray tàu hoả sao? người ta còn phạt thêm nữa, không phải chỉ lấy xe mà xong đâu..?",1,openai/gpt-oss-20b,train,vi,24,vsmec,0
"có người đời ăn hết luôn, còn có người thiếu ăn, thiếu mặc, nhìn đời chán vãi đi",1,openai/gpt-oss-20b,train,vi,18,vsmec,0
đâu tao lắm người khó chịu vãi,1,openai/gpt-oss-20b,test,vi,7,vsmec,0
có lẽ lớp đó đầy nữ lắm ha,1,openai/gpt-oss-20b,train,vi,8,vsmec,0
"per hihi học ở đâu cũng không quan trọng, quan trọng là chúng ta luôn bên nhau hihi",1,openai/gpt-oss-20b,train,vi,18,vsmec,0
nhà em có định lắp không per,1,openai/gpt-oss-20b,train,vi,7,vsmec,0
cũng giống mình à! 😑😑,1,openai/gpt-oss-20b,train,vi,5,vsmec,0
"per ít bửa xem, trailer thật lôi cuốn đi quá",1,openai/gpt-oss-20b,train,vi,10,vsmec,0
ai lồn nào vẽ cái ổ điện thế 😂,1,openai/gpt-oss-20b,train,vi,9,vsmec,0
Nam nhân nhà người ta kbh đánh tôi thất vọng,1,openai/gpt-oss-20b,train,vi,10,vsmec,0
"con cái nhà ai mà bố mẹ chăm sóc thì luôn đầy đủ, ngon lành, thế",1,openai/gpt-oss-20b,train,vi,16,vsmec,0
số tao không được ăn uống đâu :((,1,openai/gpt-oss-20b,train,vi,8,vsmec,0
"con nghiệt súc này mỗi khi tao đi đá bóng là 2 vợ chồng nó theo sát cắn bầm hết chân, thứ này thù dai kinh khủng, chiều nào nó cũng khởi động cho tao trước khi đá bóng... con mẹ nó giờ tao lớn rồi, tay nghề nấu nướng cũng không tệ, gặp mà dí theo là chắc chắn tao quay nó vàng ương luôn =]]",1,openai/gpt-oss-20b,train,vi,67,vsmec,0
"per :v ở nhiều chỗ tụ tập nên đông hơn nữa. Nếu biết lối tắt thì vẫn ổn, còn không thì mệt lắm.",1,openai/gpt-oss-20b,train,vi,23,vsmec,0
chưa bao giờ b tới đích là gì mà,1,openai/gpt-oss-20b,train,vi,9,vsmec,0
tôi thấy tương lai của mình trong bức ảnh này :d,1,openai/gpt-oss-20b,train,vi,11,vsmec,0
đánh làng phá xóm,1,openai/gpt-oss-20b,train,vi,4,vsmec,0
a triệu mua báo thì quá rẻ mạt 😞 tiếc là luật điều đi có 😏,1,openai/gpt-oss-20b,train,vi,16,vsmec,0
đến ngay em ơi .,1,openai/gpt-oss-20b,test,vi,5,vsmec,0
"đánh giận quay lại, chúng ta sớm chia tay :)))",1,openai/gpt-oss-20b,train,vi,10,vsmec,0
"lông tệ, không mượt hơn con ngu kia được!",1,openai/gpt-oss-20b,train,vi,9,vsmec,0
haizzzz đó là một câu chuyện khá bùn,1,openai/gpt-oss-20b,train,vi,8,vsmec,0
mày cứ cười đi. DM mai gần đấy có biến lại thấy anh ấy trong bộ cảnh phục thì lại tung hô quả nằm vùng quá đẳng cấp 😂😂😂,1,openai/gpt-oss-20b,train,vi,29,vsmec,0
"per đánh nhau to rồi, phen này hay",1,openai/gpt-oss-20b,train,vi,8,vsmec,0
Chắc sẽ làm được,1,openai/gpt-oss-20b,train,vi,4,vsmec,0
"được đánh 1 lần thì hơi sốc, nhưng nhiều lần thì tâm hồn sẽ trở nên bền bỉ, cảm xúc hồi phục",1,openai/gpt-oss-20b,train,vi,22,vsmec,0
"dume, sao nó nói tiếng Việt được à đi?",1,openai/gpt-oss-20b,test,vi,9,vsmec,0
vì chúng ta không cần nói chuyện với nhau nữa,1,openai/gpt-oss-20b,train,vi,10,vsmec,0
âm thanh của phiên bản này nghe tốt điều hơn bản gốc vài năm trước nhiều đúng < 3,1,openai/gpt-oss-20b,train,vi,19,vsmec,0
có gì mà vinh danh một bàn tay khuyết đó,1,openai/gpt-oss-20b,train,vi,10,vsmec,0
"đâu làm cũng không quan trọng, quan trọng là chị em mình mỗi ngày tụ tập 9 tiếng làm ăn ngủ đi cùng nhau chị Ngọc Thu Hen",1,openai/gpt-oss-20b,test,vi,28,vsmec,0
mặt này đáng yêu dữ thật,1,openai/gpt-oss-20b,train,vi,6,vsmec,0
đi thuê kiểm kê tài sản vì tòa án làm bạn ơi . 😂 cả 1 nùi người làm cật lực đấy .,1,openai/gpt-oss-20b,train,vi,23,vsmec,0
mai tao cũng đi ship mới được . có đoạn này dùng luôn đi .,1,openai/gpt-oss-20b,train,vi,15,vsmec,0
"per nghe tin mày!yêu mèo , mà sao mày không dễ thương :))",1,openai/gpt-oss-20b,train,vi,13,vsmec,0
trong mv có tao đứng dưới mưa nữa thì buồn phải biết đúng,1,openai/gpt-oss-20b,train,vi,13,vsmec,0
"đạp xe đã mệt lòi, cứt ra xong còn cứ hỏi hỏi beep",1,openai/gpt-oss-20b,train,vi,13,vsmec,0
"cảm ơn cuộc trò chuyện nhật! 1 nền khoa học, giáo dục, trí tuệ văn minh!! 😘",1,openai/gpt-oss-20b,train,vi,17,vsmec,0
h chỉ pk nhìn họ cùng người khác:((,1,openai/gpt-oss-20b,test,vi,8,vsmec,0
tao đã sợ mày quá cơ :))),1,openai/gpt-oss-20b,train,vi,7,vsmec,0
t chỉ lo cảnh đấu kiếm :((,1,openai/gpt-oss-20b,train,vi,7,vsmec,0
chi phí kiểm toán và thuê người hòa giải chia chác điểm thôi,1,openai/gpt-oss-20b,train,vi,13,vsmec,0
"tao cũng có 1 con lạc mất 1 tuần rồi nó về lại, bắt cho tao 2 con chuột làm tao mất ngủ, hôm sau nó đi tiếp😞 tao mong nó về lắm �∞",1,openai/gpt-oss-20b,train,vi,34,vsmec,0
"hiệu quả bất ngờ lắm, thật siêu đi.",1,openai/gpt-oss-20b,train,vi,8,vsmec,0
cần phải có bao nhiêu cảm xúc mới có thể ghi ra những dòng này ...,1,openai/gpt-oss-20b,train,vi,16,vsmec,0
"ai đó thì tao không rõ, tao thấy tiền đã tạo động lực phấn đấu",1,openai/gpt-oss-20b,train,vi,15,vsmec,0
"xem stt, đồng cảm khủng khiếp.",1,openai/gpt-oss-20b,train,vi,6,vsmec,0
em thấy nó đúng rồi chứ,1,openai/gpt-oss-20b,train,vi,6,vsmec,0
đáng yêu lắm ♥♥♥,1,openai/gpt-oss-20b,test,vi,4,vsmec,0
mình đi đỗ lên vỉa hè ngay bên cửa nhà bạn bán hàng rồi vỉa hè rộng như thế kia mà.??????????,1,openai/gpt-oss-20b,train,vi,21,vsmec,0
cười sái mẹ quai hàm,1,openai/gpt-oss-20b,test,vi,5,vsmec,0
"tìm anh em chơi cùng, nếu tới sớm em ơi, đúng lúc ...",1,openai/gpt-oss-20b,train,vi,13,vsmec,0
đừng xàm lồn này nữa đi!,1,openai/gpt-oss-20b,test,vi,6,vsmec,0
một chục năm nữa tao cũng sẽ ghi kỷ lục rồi 😂😂😂,1,openai/gpt-oss-20b,train,vi,12,vsmec,0
tao nghe đứa bé còn nhỏ thì không được chụp hình đúng đâu mày,1,openai/gpt-oss-20b,train,vi,14,vsmec,0
nách cầm cái gì đó nhỉ các bác,1,openai/gpt-oss-20b,test,vi,8,vsmec,0
mấy anh em thấy mình hiền thì làm tới hà .. quá đáng lắm luôn á !,1,openai/gpt-oss-20b,train,vi,17,vsmec,0
Tuổi thơ tôi luôn gặp những thằng lười biếng và luôn đánh nhau với họ. Tuổi thơ nợ tôi quá nhiều.,1,openai/gpt-oss-20b,train,vi,21,vsmec,0
"đồng ý chịu đau, để lấy hạnh phúc, nhưng cứ tìm hạnh phúc không tới mới là nỗi đau thật điểm đi.",1,openai/gpt-oss-20b,train,vi,22,vsmec,0
đang mặc váy kìa . thời trang? hiện đại,1,openai/gpt-oss-20b,train,vi,9,vsmec,0
"vào siêu thị mua ghế massage chạy điện, ngồi vào thì ngất ngây đúng! vừa giảm mỏi chân, lại cảm thấy khỏe hơn!",1,openai/gpt-oss-20b,train,vi,23,vsmec,0
"cố gắng lắm, cụ ạ. khi đi trong phố cổ, chưa dừng hẳn, đã bị gõ cửa xua đi.",1,openai/gpt-oss-20b,train,vi,19,vsmec,0
má tao xem mà lo thằng điêu phim tét không à? có ai như tao không?,1,openai/gpt-oss-20b,train,vi,16,vsmec,0
"Gà này lại cho chó ăn mà. Bọn mất dậy vì tiền, nó giết dần dần, làm mòn con nhà nghèo. Địt bố bọn mắt dậy.",1,openai/gpt-oss-20b,train,vi,26,vsmec,0
vợ chồng rồi mà sáng sủa như này chỉ có trong phim nhỉ 😂,1,openai/gpt-oss-20b,train,vi,14,vsmec,0
cái kết đỉnh nhất là đuổi khỏi dòng họ tiếp theo nhàm quá,1,openai/gpt-oss-20b,train,vi,13,vsmec,0
đẹp ý nghĩa sâu sắc 🙂,1,openai/gpt-oss-20b,test,vi,6,vsmec,0
"per chưa bị rượt mà, đọc bình luận thấy quá sợ, chắc tao sợ chó không là gì với con này :)",1,openai/gpt-oss-20b,train,vi,22,vsmec,0
tao giữ nén lâu lắm đi 😌😌 cuối nước vỡ bờ thôi !,1,openai/gpt-oss-20b,train,vi,13,vsmec,0
cái cảm giác thấy người thân mình đau khổ còn mình không làm được gì giúp.,1,openai/gpt-oss-20b,train,vi,16,vsmec,0
"bài lồn đó nghe hãm vãi, đéo biết sao lại thích",1,openai/gpt-oss-20b,train,vi,11,vsmec,0
đây là cảnh lau dọn trong bar hay trong hotel à?,1,openai/gpt-oss-20b,train,vi,11,vsmec,0
"Ông luôn tiên đoán được thời đại. 66 năm trước, ông đã biết mình sẽ ghi danh vào kỷ lục thế giới về bộ móng tay này. Ông thực sự giỏi.",1,openai/gpt-oss-20b,train,vi,31,vsmec,0
tao biết cảm giác đó,1,openai/gpt-oss-20b,test,vi,5,vsmec,0
chúc những công ơn sinh thành luôn đều khỏe mạnh.,1,openai/gpt-oss-20b,test,vi,10,vsmec,0
đi DM kiểu xàm lồn!,1,openai/gpt-oss-20b,train,vi,5,vsmec,0
"có ai xem lại đi như tao mà vẫn cười đi, đéo nhặt được mồm không ạ :))",1,openai/gpt-oss-20b,train,vi,18,vsmec,0
"bảng số liệu so đối chiếu công việc, vị trí hỗn độn, vô giá trị!",1,openai/gpt-oss-20b,train,vi,15,vsmec,0
"má, mặt ngáo thật luôn 😂",1,openai/gpt-oss-20b,train,vi,6,vsmec,0
có bao nhiêu tiền làm gì ..... đạo đức xã hội này thì đi học bắn chém chứ học chữ làm gì nữa 😢,1,openai/gpt-oss-20b,train,vi,24,vsmec,0
"Trời ơi, ai nuôi chó mà để nó tội thế này, đéo có trách nhiệm.",1,openai/gpt-oss-20b,train,vi,15,vsmec,0
"bưởi chín như thế đấy, ngu đạ",1,openai/gpt-oss-20b,train,vi,7,vsmec,0
"thứ ba mẹ cho con và con nhận ra đúng đó là đức hạnh, tấm lòng cao quý, cảm ơn mẹ rất nhiều đó",1,openai/gpt-oss-20b,train,vi,24,vsmec,0
mình hy vọng trưa nay khi ăn cơm vtv24 sẽ không có tin về bạn này ạ,1,openai/gpt-oss-20b,train,vi,17,vsmec,0
được . đỡ mệt,1,openai/gpt-oss-20b,train,vi,4,vsmec,0
điềm là gì đây?,1,openai/gpt-oss-20b,test,vi,4,vsmec,0
"3 idiots, bộ phim thực đáng xem",1,openai/gpt-oss-20b,train,vi,7,vsmec,0
per học cho cố vào rồi mần sao như này đi,1,openai/gpt-oss-20b,train,vi,11,vsmec,0
haha nhìn lúng cười to per!,1,openai/gpt-oss-20b,test,vi,6,vsmec,0
"mấy anh dẫn gấu đi thì tránh xa đám đông nha, đừng chen chen kiểu bố láo, thằng đẩy tao đã bị xơi cùi trỏ rồi đấy,",1,openai/gpt-oss-20b,train,vi,27,vsmec,0
per tao thấy mấy ảnh này đẹp trai,1,openai/gpt-oss-20b,train,vi,8,vsmec,0
"đang họp nhớ gì mà không nhớ, nhớ cái bếp",1,openai/gpt-oss-20b,train,vi,10,vsmec,0
Có lúc mình thích anh hàng xóm vì mình thích con mèo của anh không nhỉ :<,1,openai/gpt-oss-20b,train,vi,17,vsmec,0
mày sao không ngủ chung cả mẹ và em?,1,openai/gpt-oss-20b,train,vi,9,vsmec,0
"đội khốn nạn, giết người không dao",1,openai/gpt-oss-20b,train,vi,7,vsmec,0
đang ăn . đùađ đùa con cặc! 😒😒,1,openai/gpt-oss-20b,train,vi,8,vsmec,0
đau quá . thật đáng gờm những người nuôi chó mà không chăm ... tội cho kiếp em nó gặp 1 người chủ như vậy . thân thương !,1,openai/gpt-oss-20b,train,vi,29,vsmec,0
độc ác quá,1,openai/gpt-oss-20b,train,vi,3,vsmec,0
gặp em tao mà bị đánh như này thì mấy kẻ đánh có nên chuyển trường trốn luôn hay quỳ lạy xin tha nhé! :),1,openai/gpt-oss-20b,train,vi,25,vsmec,0
đi kiên chết mẹ mấy con thú đó đi!,1,openai/gpt-oss-20b,test,vi,9,vsmec,0
dm đã mải đạp xe rồi còn hỏi hoi cái lol gì thế ????,1,openai/gpt-oss-20b,train,vi,14,vsmec,0
"nta bảo đừng chỉ nhìn mặt mà bắt hình dong nhg mà thực sự nhìn bả, tôi thấy cứ đanh đá, mưu mô, xảo quyệt kiểu gì, cảm thấy đây là con người không có hậu",1,openai/gpt-oss-20b,test,vi,36,vsmec,0
"đúng là gì . 81 tỉ xây được bao nhiêu nhà cho hộ nghèo, trẻ em lang thang cơ nhỡ, trong khi đó dành 81 tỉ để bỏ nhau",1,openai/gpt-oss-20b,train,vi,29,vsmec,0
đánh phốt khách rồi không sợ mất khách bác ??,1,openai/gpt-oss-20b,train,vi,10,vsmec,0
đừng ai lấy hộp kẹp của anh đúng đâu nhé :(((,1,openai/gpt-oss-20b,train,vi,11,vsmec,0
"Ngày xưa, khi còn mẫu giáo mỗi lần đi qua nó rượt theo tôi chạy, té, khói dume, còn thiếu nước, chạy lại quỳ xuống, van xin nó nữa thôi. Đến giờ vẫn là nỗi ám ảnh với tôi :))",1,openai/gpt-oss-20b,train,vi,40,vsmec,0
cũng ốc bươu vàng đã là thảm họa rồi,1,openai/gpt-oss-20b,train,vi,9,vsmec,0
"per, có chàng bị tao bắn, từ đó không thấy họa mi hót nữa luôn.",1,openai/gpt-oss-20b,train,vi,15,vsmec,0
căng thẳng quá mà,1,openai/gpt-oss-20b,train,vi,4,vsmec,0
đm ngu . đồ nồi cơm điện chứ gì .,1,openai/gpt-oss-20b,train,vi,10,vsmec,0
"cây này gia công, sản xuất quá kém chất lượng :))",1,openai/gpt-oss-20b,train,vi,11,vsmec,0
chủ tịch cứ giả vờ ngu và cuối cùng đừng bao giờ khinh miệt người khác 😂😂,1,openai/gpt-oss-20b,train,vi,17,vsmec,0
cái trận này sao ông ấy rơiđi :)),1,openai/gpt-oss-20b,train,vi,8,vsmec,0
"còn tôi thì khác lắm, thanh xuân của mình chẳng bao giờ gặp được aiii và hạnh phúc lâu dài cả :(",1,openai/gpt-oss-20b,test,vi,22,vsmec,0
haizzz ... vậy thì chưa có kq nào đẹp cả ..,1,openai/gpt-oss-20b,train,vi,11,vsmec,0
đang bo cuối mà lạ có địa điểm đẹp thật tuyệt vời đúng  :))),1,openai/gpt-oss-20b,train,vi,14,vsmec,0
"ba món ăn yêu, 1 ngày 2 lần nấu, ngon lắm đây, cháy bọ chét, thơm mùi khói nữa đây …",1,openai/gpt-oss-20b,test,vi,21,vsmec,0
đời sống mà =)),1,openai/gpt-oss-20b,train,vi,4,vsmec,0
đây là lần cuối cùng các bạn thấy anh ấy đi :d,1,openai/gpt-oss-20b,train,vi,12,vsmec,0
tao chả bao giờ làm như vậy,1,openai/gpt-oss-20b,train,vi,7,vsmec,0
"đã dùng , nhớ quá thời xưa",1,openai/gpt-oss-20b,train,vi,7,vsmec,0
ngu. vào quán uống nước lúc nào muốn đi thì nhắc bạn mang mũ bảo hiểm tới,1,openai/gpt-oss-20b,train,vi,17,vsmec,0
"cảm thù, uất đến tận họng mà không biết làm gì ??? càng xem càng đau lòng dù không phải con mình. 1 xh thối nát, tiền làm mờ nhân tính con người.",1,openai/gpt-oss-20b,train,vi,33,vsmec,0
"Ủa, vậy sao mới biết ta?",1,openai/gpt-oss-20b,train,vi,6,vsmec,0
"Mèo nhà tao gửi 10 ngày về ăn Tết, nó thành mèo hàng xóm (nhà hàng xóm bán cáđ!) :((",1,openai/gpt-oss-20b,train,vi,20,vsmec,0
không biết có ai trong nhà không,1,openai/gpt-oss-20b,train,vi,7,vsmec,0
"có ảnh rõ ràng, cứ kiện họ vì quấy rối đi. mịe lũ khốn kiếp, thật hay lắm trò dơ bẩn 🤧🤧🤧",1,openai/gpt-oss-20b,train,vi,22,vsmec,0
đội mày có đồ người nghiệp tố tao thấy ghê :))),1,openai/gpt-oss-20b,train,vi,11,vsmec,0
đm khi tao học tới chương đó nguyên tiết bà cô đều chia sẻ kinh nghiệm chuyện tới tháng 🙂 đéo thú vị được như vầy :vv,1,openai/gpt-oss-20b,train,vi,27,vsmec,0
"cô ấy thật hay, nhưng tôi biết mọi thứ hay đều không dành cho mình",1,openai/gpt-oss-20b,train,vi,15,vsmec,0
bài này siêu hay,1,openai/gpt-oss-20b,test,vi,4,vsmec,0
"ồ! thật là bất ngờ, thật là thú vị, thật là liên quan?",1,openai/gpt-oss-20b,train,vi,13,vsmec,0
người già cũng có lúc rất dễ thương 😊❤,1,openai/gpt-oss-20b,test,vi,9,vsmec,0
cười vãi ???????? mặt con bé cũng hài hước,1,openai/gpt-oss-20b,test,vi,9,vsmec,0
đi ra sông tìm đồng xu cùng ông anh hàng xóm nhận khoản tiền xù :))),1,openai/gpt-oss-20b,train,vi,16,vsmec,0
phải rọ mồm chủ mới đúng,1,openai/gpt-oss-20b,train,vi,6,vsmec,0
kha ́ điên điên! :)))),1,openai/gpt-oss-20b,train,vi,5,vsmec,0
"đẹp lắm mày, còn không cho tao xin ít",1,openai/gpt-oss-20b,train,vi,9,vsmec,0
ko biết ai đã làm ra kiểu ngáo vô địch này nữa,1,openai/gpt-oss-20b,train,vi,12,vsmec,0
cái sao em này xinh quá?,1,openai/gpt-oss-20b,train,vi,6,vsmec,0
lựa chọn cách tuyển như thế nào cũng thật tuyệt quá rồi,1,openai/gpt-oss-20b,train,vi,12,vsmec,0
"dhs nhìn chàng đầu tiên trông ớn vãi :| chị em bg thích style lạ ghê ta :| bá khí, ????",1,openai/gpt-oss-20b,train,vi,21,vsmec,0
per nhớ đội chị emvinmec quá :((,1,openai/gpt-oss-20b,train,vi,7,vsmec,0
đánh dẹp . đéo giữ cảm xúc .,1,openai/gpt-oss-20b,train,vi,8,vsmec,0
"t thề mỗi lần dọn phòng sn này thì bánh kem, pháo kim tuyến, đủ mọi thứ. khóc mà ủn nó đéo lên",1,openai/gpt-oss-20b,train,vi,23,vsmec,0
"có thể trường học không coi trọng ý kiến bác, nên bác không muốn về, ý kiến riêng em",1,openai/gpt-oss-20b,train,vi,19,vsmec,0
điều đẹp,1,openai/gpt-oss-20b,train,vi,2,vsmec,0
đây lúc nhận ra đồng nghiệp mình is the best :)) nguyễn ngọc thái hiền,1,openai/gpt-oss-20b,train,vi,15,vsmec,0
tình yêu chẳng kéo dài mãi mãi đâu . rồi cây cũng héo úp rồi thôi khà khà,1,openai/gpt-oss-20b,train,vi,18,vsmec,0
"đúng là cao minh, hahaaa",1,openai/gpt-oss-20b,train,vi,5,vsmec,0
"ngọt quá, chời má, chết rồi đi :))))))",1,openai/gpt-oss-20b,train,vi,8,vsmec,0
mất niềm tin vào đàn ông chưa bao giờ mất niềm tin vào tình yêu ;,1,openai/gpt-oss-20b,train,vi,16,vsmec,0
thái độ lồi lõm sẽ ngày răng rụng đầy đường đấy =)),1,openai/gpt-oss-20b,train,vi,12,vsmec,0
"mình chưa bao giờ thấy phim nào ý nghĩa như phim này, nó dạy ta nhiều điều trong cuộc sống, khi vui, khi buồn, thật tuyệt, đúng, đó, đúng",1,openai/gpt-oss-20b,train,vi,29,vsmec,0
"đã nhầm nhận con cặc. thực ra là 10 thằng, chỉ 1 thằng nuôi con thằng khác",1,openai/gpt-oss-20b,train,vi,17,vsmec,0
tình phụ tử đúng là vô biên,1,openai/gpt-oss-20b,train,vi,7,vsmec,0
cái gì đúng bài mày kết 🙁🙁🙁,1,openai/gpt-oss-20b,train,vi,7,vsmec,0
đỗ thì công an mới xử đúng,1,openai/gpt-oss-20b,train,vi,7,vsmec,0
"cà phê vần luôn kèm sa tế, thế là đủ vị đắng cay",1,openai/gpt-oss-20b,train,vi,13,vsmec,0
đẹp vậyyyyy!,1,openai/gpt-oss-20b,train,vi,2,vsmec,0
luôn bó tay á,1,openai/gpt-oss-20b,train,vi,4,vsmec,0
"ước gì mèo nhà mình cũng có thể về nhà như vậy, đã mất 2 năm rồi :(((",1,openai/gpt-oss-20b,train,vi,18,vsmec,0
số tiền đó mang phước cho bao người. đúng là thừa thãi,1,openai/gpt-oss-20b,train,vi,12,vsmec,0
"per vì , đéo dám tán ai hay tỏ tình",1,openai/gpt-oss-20b,train,vi,10,vsmec,0
"per một lúc mình bên nhau 😘😘😘😘, nhớ quá luôn",1,openai/gpt-oss-20b,train,vi,10,vsmec,0
đi xem đi haha,1,openai/gpt-oss-20b,train,vi,4,vsmec,0
người tài như vậy lại không được dùng đúng mục đích … quá buồn,1,openai/gpt-oss-20b,test,vi,14,vsmec,0
sợ mắt mèo xanh,1,openai/gpt-oss-20b,test,vi,4,vsmec,0
mink chỉ lo là nhà nước thiếu đi gạo nuôi mấy anh,1,openai/gpt-oss-20b,test,vi,12,vsmec,0
đến đề nào có đáp số quen thì khoanh :)),1,openai/gpt-oss-20b,test,vi,10,vsmec,0
bọn giết người mà không dùng gươm dao. bọn phá hủy nguồn lực tương lai của dân tộc. nên đưa tội ăn thực phẩm bẩn vào khung tử hình. mong nhà nước sửa đổi một vài luật đi.,1,openai/gpt-oss-20b,train,vi,38,vsmec,0
hahaha ngọt quá l :)),1,openai/gpt-oss-20b,train,vi,5,vsmec,0
đã rồi các em đã ăn cứt thôi :)),1,openai/gpt-oss-20b,train,vi,9,vsmec,0
đâu để tao làm vớiiiiii,1,openai/gpt-oss-20b,train,vi,5,vsmec,0
"và cô gái ăn bánh đó vài năm mà vẫn chưa xong ,",1,openai/gpt-oss-20b,train,vi,13,vsmec,0
per gặp tao chắc tao xả trong vần 😅😅,1,openai/gpt-oss-20b,test,vi,9,vsmec,0
chỉ mình kỷ . cứ đường trước cửa là của mình ah mà đuổi người khác!,1,openai/gpt-oss-20b,test,vi,16,vsmec,0
":)) đang ăn mỳ, chưa có trứng, hơi nhạt lắm, có rụng thì xin vài quả!",1,openai/gpt-oss-20b,train,vi,16,vsmec,0
"per trong 4 tháng chắc anh chụp hơn trăm tấm, huhu, sợ quá lắm điều đó 😱😱😱😢😢😢",1,openai/gpt-oss-20b,train,vi,17,vsmec,0
"mỗi lần mẹ tao nhắc mình nhóm lửa, chắc mình nhóm 40 tờ giấy, và 1 tiếng sau mà lửa nổ 😌",1,openai/gpt-oss-20b,test,vi,22,vsmec,0
t được theo mẹ đi đi đây 3 lần :v . uống no nước biển đs . phải công nhận nói chuyện biển đục vãi 🙄,1,openai/gpt-oss-20b,train,vi,26,vsmec,0
t thấy anh châu phi đó có tiền thật nhiều,1,openai/gpt-oss-20b,train,vi,10,vsmec,0
"đây là chỗ mấy người giờ khoe khoang tình yêu đấy à, biết gió mùa đã về chưa ??",1,openai/gpt-oss-20b,train,vi,19,vsmec,0
đúng là chồng con nhà người ta không bao giờ làm ta thất vọng 😄,1,openai/gpt-oss-20b,train,vi,15,vsmec,0
cần 1 thời gian dài thật dài nữa mới ý thức được đi lên đi!,1,openai/gpt-oss-20b,test,vi,15,vsmec,0
màyđi sao luôn gặp hãm àh . mới nhất là thằng âm binh nhất đi,1,openai/gpt-oss-20b,train,vi,15,vsmec,0
"đúng là tuyệt vì con chó ấy đã tìm được người quan tâm, kiên nhẫn để nó tin cậy thật lòng :"">",1,openai/gpt-oss-20b,train,vi,22,vsmec,0
có lẽ anh ấy chỉ ngồi 1 chỗ và để móng lên bàn nv. chư nghĩ đi lại cũng khó,1,openai/gpt-oss-20b,train,vi,20,vsmec,0
ng dân biết phải điều chỉnh bệnh chồng bệnh đúng,1,openai/gpt-oss-20b,train,vi,10,vsmec,0
t không phàn nàn. t sẽ nỗ lực giúp bố mẹ đạt được nhiều hơn 💪💪💪,1,openai/gpt-oss-20b,train,vi,16,vsmec,0
đột nhiên nhớ cảnh 2 con bánh bèo bị ngỗng dí quá 😅😅 per,1,openai/gpt-oss-20b,train,vi,14,vsmec,0
"nhớ trung thu năm ngoái, đứng ngắm các cặp tình nhân ôm hôn, nắm tay nhau... thật chạnh lòng lắm!😞",1,openai/gpt-oss-20b,train,vi,20,vsmec,0
xem hình vẽ khẩu trang lại tưởng là 1 con mắt =)))))))),1,openai/gpt-oss-20b,train,vi,12,vsmec,0
"nguy hiểm lắm, ngồi nhà lướt facebook mà không cẩn thận thì mất tim lúc nào không biết",1,openai/gpt-oss-20b,train,vi,18,vsmec,0
"đi xem mà đau tim, đau tim nhưng vẫn xem :(((",1,openai/gpt-oss-20b,train,vi,11,vsmec,0
bạn có là óc chó không? chắc bạn cũng không trả lời được nhỉ. óc chó mà =))),1,openai/gpt-oss-20b,train,vi,18,vsmec,0
mẹ nó @@ xem rùng con mẹ nó mình hơn cả phim ma đâu .,1,openai/gpt-oss-20b,test,vi,15,vsmec,0
"đúng là bản lĩnh lắm, người đáng kính, tiếc anh sắp tử hình rồi",1,openai/gpt-oss-20b,train,vi,14,vsmec,0
"bạn trai tao cắt tóc xong đầu như đầu buồi, không lệch đâu được, đúng rồi, đúng 🙂",1,openai/gpt-oss-20b,train,vi,18,vsmec,0
vũ khí sinh học này siêu mạnh!!,1,openai/gpt-oss-20b,train,vi,7,vsmec,0
đm trí tuệ vãi,1,openai/gpt-oss-20b,train,vi,4,vsmec,0
ờ thừa nhận đáng sợ vãi 😭,1,openai/gpt-oss-20b,train,vi,7,vsmec,0
"đó cũng là phần cốt lõi, yếu tố then chốt giúp ông triển khai sách lược của mình để đúng bằng tâm và tầm.",1,openai/gpt-oss-20b,train,vi,24,vsmec,0
"đi ra ngoài xã hội mới nhận ra mình may mắn hơn nhiều người, nên trân trọng những gì mình có đúng đi 😊",1,openai/gpt-oss-20b,test,vi,24,vsmec,0
điên quá mấy má ơi ! @@@,1,openai/gpt-oss-20b,train,vi,7,vsmec,0
"tao không rơi nước mắt, tao đang suy nghĩ... tao sau này có lúc nào muốn quay lại hay không...",1,openai/gpt-oss-20b,test,vi,20,vsmec,0
"ngu như mày, khỏe",1,openai/gpt-oss-20b,train,vi,4,vsmec,0
per nhớ lần mua gỗ ra bờ sông ghê . đã thế còn làm li đặc biệt . dm,1,openai/gpt-oss-20b,test,vi,19,vsmec,0
đi nhỏ ngầu lớn lên nhìn bê =))),1,openai/gpt-oss-20b,train,vi,8,vsmec,0
"nguy hiểm tới lúc nào, bao nhiêu",1,openai/gpt-oss-20b,train,vi,7,vsmec,0
sao chúng nào dã man đi nhỉ,1,openai/gpt-oss-20b,train,vi,7,vsmec,0
điểm tưởng như vừa lắp não rồi lại rơi ... kiểu như thế thật là 🤣🤣🤣,1,openai/gpt-oss-20b,train,vi,16,vsmec,0
chuyện nhà người ta mà đều thích bới cả lên 😅😅😅,1,openai/gpt-oss-20b,train,vi,11,vsmec,0
năm nay nhận hoa và ngồi ngắm người ta hạnh phúc đẹp đầy,1,openai/gpt-oss-20b,train,vi,13,vsmec,0
đi nghe,1,openai/gpt-oss-20b,train,vi,2,vsmec,0
ui sồi ôi tim đứt vãiiiiiiii,1,openai/gpt-oss-20b,train,vi,6,vsmec,0
điên con mà láo toét . xem tới đây mà giận thật điều,1,openai/gpt-oss-20b,train,vi,13,vsmec,0
không biết gì á,1,openai/gpt-oss-20b,test,vi,4,vsmec,0
xem phim cười nỗi gần chết . mà thích bạn ma nữ hơn là na bong,1,openai/gpt-oss-20b,train,vi,16,vsmec,0
😑 con trai chỉ mê gái lùn thôi . tao biết mà . nhưng cô gái cao như tao đi bên sẽ giống 2 chàng trai đúng lắm,1,openai/gpt-oss-20b,train,vi,28,vsmec,0
"Ngày nào về học cũng phải đi qa, nhà nuôi lũ này nằm trên đỉnh dốc, khi về học tới chân dốc thì nghe lũ quỷ đó đứng đầu dốc đón đường đúng đi đi đi đi đi đi đi đi chúng ta rồi. Mèo đạp xe lên dốc, dắt xe lên dốc nhưng muốn vứt mẹ cái xe đạp để chạy lấy thân cho rồi :((",1,openai/gpt-oss-20b,test,vi,67,vsmec,0
"đcm hả, ơi, cái lol gì chuyện này cơ chứ",1,openai/gpt-oss-20b,test,vi,10,vsmec,0
đã phát hiện tổ của những chiếc sừng mới,1,openai/gpt-oss-20b,train,vi,9,vsmec,0
ôi cưng cưng quá,1,openai/gpt-oss-20b,test,vi,4,vsmec,0
việt nam học tây chỗ này đây trách gì giờ toàn cô đùa rủ nhau vào nhà nghỉ,1,openai/gpt-oss-20b,train,vi,18,vsmec,0
đã thấy hơi lo lắng:(,1,openai/gpt-oss-20b,train,vi,5,vsmec,0
Ngày xưa mình cũng ghi nhưng bị chị gái đọc trộm từ đó dẹp mẹ nhật ký ngay.,1,openai/gpt-oss-20b,train,vi,18,vsmec,0
"anh biết không, hihi",1,openai/gpt-oss-20b,train,vi,4,vsmec,0
"nếu không thành công thì dừng lại để người khác tiếp quản . đừng để bản thân làm giảm uy tín , danh dự , nhân phẩm của chị em ngành đồng đi . 😌",1,openai/gpt-oss-20b,train,vi,35,vsmec,0
"có hôm tao đang vương nỏ, định bắn vào con họa mi đang đậu trên cành, thì ai ngờ nó phản đame, đứt thun dội ngược vào mặt, từ đó tao không còn chơi nữa",1,openai/gpt-oss-20b,train,vi,35,vsmec,0
"đó là ngu, thik đéo gì",1,openai/gpt-oss-20b,train,vi,6,vsmec,0
áo đẹp quá .. cho tớ mượn đi tiệc nhé !,1,openai/gpt-oss-20b,train,vi,11,vsmec,0
đâu đâu cũng có người hay nè anh kkkk,1,openai/gpt-oss-20b,train,vi,9,vsmec,0
lúc mày vui thì sao :))) khi buồn hãy nhớ lại lúc vui trước kia đó!,1,openai/gpt-oss-20b,train,vi,16,vsmec,0
"gớm quá . nhớ lại khi còn đạp xe đi học, qua mấy lũ này kêu bốp bốp làm rợn hệt cả da gà da vịt 🤢🤢🤢🤢",1,openai/gpt-oss-20b,train,vi,27,vsmec,0
Bài nhạc hay khi đúng vibe ... nhạc hay lắm !!!!!,1,openai/gpt-oss-20b,train,vi,11,vsmec,0
đây là cái gọi là kịp thời đại :)))),1,openai/gpt-oss-20b,test,vi,9,vsmec,0
"Thương các bác quá, 10 năm vất vả rồi bị như vậy 😭",1,openai/gpt-oss-20b,train,vi,13,vsmec,0
đọc xong nước mắt chảy ra,1,openai/gpt-oss-20b,train,vi,6,vsmec,0
yêu em đáng yêu 😘😘,1,openai/gpt-oss-20b,train,vi,5,vsmec,0
mày không sai thì sao tao lại sai à?,1,openai/gpt-oss-20b,train,vi,9,vsmec,0
"t thề khi còn bé qua nhà ông hàng xóm, vá xe, tao bị con ngỗng dí chạy lắc lư quanh nhà, ổng vừa chạy vừa la la, tới giờ vẫn còn sợ 😧😧😧",1,openai/gpt-oss-20b,train,vi,34,vsmec,0
xem bà cười thấy vui lắm quá ❤️❤️,1,openai/gpt-oss-20b,train,vi,8,vsmec,0
"đâu đồng nghiệp gặp hlin, chỉ muốn nghỉ thôi",1,openai/gpt-oss-20b,train,vi,9,vsmec,0
đẹp lắm 😆 vi diệu,1,openai/gpt-oss-20b,test,vi,5,vsmec,0
chơi rồi dậy . gặp tao tiễn theo điện thoại luôn,1,openai/gpt-oss-20b,train,vi,11,vsmec,0
không có gì vui 😏😏😏,1,openai/gpt-oss-20b,train,vi,5,vsmec,0
"ôi trời, mày thật bất hạnh vì có lũ bạn như thế",1,openai/gpt-oss-20b,train,vi,12,vsmec,0
không có bạn trai ... thì ai giận 😑😑,1,openai/gpt-oss-20b,train,vi,9,vsmec,0
"trời ơi . đánh bại hết lũ xúc sinh liên quan đi . lũ giết người liên tục . đòi Thủ tướng đứng ra chỉ đạo vụ này cho dân . diệt tận gốc, nhổ tận rể những con súc vật này .😡😡😡😡",1,openai/gpt-oss-20b,test,vi,43,vsmec,0
rửa chén cũng được nấu cơm cũng được giặt quần áo cũng được miễn là có ba mẹ vợ con là được . làm gì cũng được,1,openai/gpt-oss-20b,train,vi,27,vsmec,0
đây cũng khó lắm nhưng làm video như này thật tuyệt vời lắm đúng 🙂,1,openai/gpt-oss-20b,train,vi,15,vsmec,0
sau mỗi lần chia tay người còn lại vẫn là người đau đi nhất :((,1,openai/gpt-oss-20b,train,vi,15,vsmec,0
đẹp lắm v 😍😍,1,openai/gpt-oss-20b,train,vi,4,vsmec,0
ngồi cười như ngốc =))),1,openai/gpt-oss-20b,train,vi,5,vsmec,0
ổng quay hay mà sao bị chửi thế. không quay sao máy bạn xem được đó :)),1,openai/gpt-oss-20b,train,vi,17,vsmec,0
"cải thật ngu lắm ... chưa ai ngu như cải tao thì không yêu đi, yêu người vừa béo vừa lông nhiều",1,openai/gpt-oss-20b,train,vi,22,vsmec,0
dân trí thấp như vậy thì bao giờ mới làm đất nước được,1,openai/gpt-oss-20b,train,vi,13,vsmec,0
"tao ước gặp thằng chế con xe lead, tao sẽ tán cho nó sấp mặt ngay. 😒 còn video này tao cứ ngắm khi nó so ... mà đéo thấy haha",1,openai/gpt-oss-20b,train,vi,31,vsmec,0
"con cần bảo vệ thì giết sạch còn con cần tiêu diệt thì lại nuôi, đời điều sống lạ lùng vãi 😕",1,openai/gpt-oss-20b,train,vi,22,vsmec,0
"Người Việt Nam luôn chỉ là bọn hạ cấp so với nước ngoài vì ý thức như lol, dù 100 năm sau thì ý thức vẫn còn kém.",1,openai/gpt-oss-20b,test,vi,28,vsmec,0
gửi tin cho crush còn đéo dịu dàng như thế =)),1,openai/gpt-oss-20b,train,vi,11,vsmec,0
độ dẻo quá ... nhưng cũng không tốt lắm lắm lắm lắm ...😄,1,openai/gpt-oss-20b,train,vi,13,vsmec,0
đã sẵn sàng đã đón mùa nóng lưỡi :v,1,openai/gpt-oss-20b,test,vi,9,vsmec,0
per nghe nhầm con nhện thành con gián :)) thật khó hiểu,1,openai/gpt-oss-20b,train,vi,12,vsmec,0
toàn mấy con lợn ký gửi cùng xách tay thì đợi đấy xem xếp hạng :)),1,openai/gpt-oss-20b,train,vi,16,vsmec,0
nóng quá nên đổ lên để mát thôi mà :))!,1,openai/gpt-oss-20b,test,vi,10,vsmec,0
đứng nhìn bà này tôi chỉ muốn xoạc bà một lần. sao bà không phải là chàng trai nhỉ. trời ơi quá là trêu người rồi,1,openai/gpt-oss-20b,train,vi,26,vsmec,0
đỉnh thật,1,openai/gpt-oss-20b,test,vi,2,vsmec,0
còn gì đau hơn nữa,1,openai/gpt-oss-20b,train,vi,5,vsmec,0
máy nghe nhạc nè,1,openai/gpt-oss-20b,test,vi,4,vsmec,0
đáng sợ vãi 😖😖,1,openai/gpt-oss-20b,train,vi,4,vsmec,0
hóa chó quá nhiều thì cũng lúc phải hóa thành người chứ đúng =)))),1,openai/gpt-oss-20b,train,vi,14,vsmec,0
"đáng sợ quá, không có gì đẹp đâu chứ?",1,openai/gpt-oss-20b,test,vi,9,vsmec,0
đã lâu không nghe ... nghe lại vẫn hay và thấm như ngày nào :)),1,openai/gpt-oss-20b,test,vi,15,vsmec,0
nóng tính quá làm hỏng chuyện - trẻ em thích ngọt nên mình nhẹ nhàng quyết định mới được,1,openai/gpt-oss-20b,train,vi,19,vsmec,0
"điệt cao thế này mà chưa chết nhỉ, sao?!",1,openai/gpt-oss-20b,train,vi,9,vsmec,0
ôi vãi mình đã fan cứng rồi cơ 🤗,1,openai/gpt-oss-20b,train,vi,9,vsmec,0
đội cha thằng viết kịch bản. mồi dâng tới miệng mà không cho ăn. bếp trưởng nói,1,openai/gpt-oss-20b,train,vi,17,vsmec,0
"vãi lắm ngứa mắt :)). lập luận có cái "" lí "" luôn. đấy, ngứa mắt là sai cả lí rồi, mấy ông đỗ xe =)))",1,openai/gpt-oss-20b,train,vi,26,vsmec,0
per anh tặng vợ bát đẹp nha kaka,1,openai/gpt-oss-20b,train,vi,8,vsmec,0
bé tí đã có múi rồi :))),1,openai/gpt-oss-20b,train,vi,7,vsmec,0
thật tuyệt vời,1,openai/gpt-oss-20b,test,vi,3,vsmec,0
đậm cá tính :v,1,openai/gpt-oss-20b,train,vi,4,vsmec,0
"còn xinh đẹp, dịu dàng trong mắt mình 😂",1,openai/gpt-oss-20b,train,vi,9,vsmec,0
tớ lỡ mất em rồi huhu,1,openai/gpt-oss-20b,train,vi,6,vsmec,0
tôi từng đổ lỗi cho bố mẹ sinh tôi trong hoàn cảnh này,1,openai/gpt-oss-20b,train,vi,13,vsmec,0
đụ thế kia thì có khác gì khi mua đúng bánh đúng mà người bán tạt gáo nước lạnh vào đâu đúng 🙄,1,openai/gpt-oss-20b,train,vi,23,vsmec,0
mình đã học cách giả vờ như không nghe gì .. còn bị chửi dài dài cho tới khi trưởng thành hãy tập quen với điều ấy :)),1,openai/gpt-oss-20b,train,vi,28,vsmec,0
"cái con yêu của tao này khi còn bé nó đập vào đùi mình. lần đầu thấy nó tươi tắn, nó cũng dịu dàng như con vịt, ai ngờ khi mới bước lại gần là nó đẩy mình. kết quả là bầm tím ở phần đùi. khi giơ lên thấy nó là auto né.",1,openai/gpt-oss-20b,train,vi,54,vsmec,0
lỗi thằng per vãi,1,openai/gpt-oss-20b,train,vi,4,vsmec,0
"per, quẹo vào không em à?",1,openai/gpt-oss-20b,train,vi,6,vsmec,0
"con này xấu quá, không nhận diện được khuôn mặt đó",1,openai/gpt-oss-20b,train,vi,11,vsmec,0
có bền lâu không,1,openai/gpt-oss-20b,test,vi,4,vsmec,0
"vâng em đã gặp anh rồi nhưng giờ em vẫn cô đơn, lang thang tìm những thứ vô nghĩa để lấp đầy nỗi cô đơn ấy",1,openai/gpt-oss-20b,train,vi,26,vsmec,0
"đã học lớp 12, tao chỉ muốn 1: không bao giờ có họp lớp nhé :)))",1,openai/gpt-oss-20b,train,vi,16,vsmec,0
"người ta đậu dưới lòng đường mà đậu vào nhà chị thì sao, không phải van hóa đâu . chủ thớt mới là người ấu trĩ lạc hậu nhé",1,openai/gpt-oss-20b,train,vi,29,vsmec,0
bởi lẽ việt nam đéo bao giờ khá nổi về mặt ý thức được =)) nhờ mấy đĩ này chứ đâu :v,1,openai/gpt-oss-20b,train,vi,22,vsmec,0
"đến cổng, tao nói ha, xấu lắm đồ, chắc tao cười ỉa",1,openai/gpt-oss-20b,test,vi,12,vsmec,0
xem hàng chục lần vẫn thấy niềm vui lây cùng cụ bà 😊 không biết mai sau mình có được vậy không,1,openai/gpt-oss-20b,test,vi,22,vsmec,0
oaaaaaaa ...... thực sự tạo động lực và niềm tin cho người khác thật tuyệt < 3 rất thích nụ cười và sự thoải mái tự tin của anh chị < 3,1,openai/gpt-oss-20b,test,vi,32,vsmec,0
per điều nó gớm những vẫn khoái coi . thú vui biến thái dễ sợ,1,openai/gpt-oss-20b,train,vi,15,vsmec,0
mày không được ăn món chua nhưng phòng tràn xoài chua :(,1,openai/gpt-oss-20b,test,vi,12,vsmec,0
"per ơi,nhột nhẹ kkkkk",1,openai/gpt-oss-20b,test,vi,4,vsmec,0
per đội tổ đánh rắm vào xem đi,1,openai/gpt-oss-20b,train,vi,8,vsmec,0
per vợ ưa bếp ga mini hay bếp ga đôi nào mà đúng! 😂😂😂😂,1,openai/gpt-oss-20b,test,vi,14,vsmec,0
có những ngày làm càng nhiều thì sai càng nhiều :)) muốn tát vào mặt hết sức,1,openai/gpt-oss-20b,train,vi,17,vsmec,0
"đúng là bạn mày đẹp hơn, vì màt chỉ có lưng dài lười biếng thui 🙃🙃",1,openai/gpt-oss-20b,train,vi,16,vsmec,0
chỉ ước sau này mình được vay,1,openai/gpt-oss-20b,train,vi,7,vsmec,0
tao chơi cùng con trai nhiều nên tao mất niềm tin vào con trai rồi,1,openai/gpt-oss-20b,test,vi,15,vsmec,0
"đi xe hơn 40 km chỉ để qua chỗ crush làm, nhìn 1 cái rồi về :) giờ vẫn như vậy, cứ rảnh rỗi đi qua nhìn cái rồi về đi đi :)!",1,openai/gpt-oss-20b,test,vi,33,vsmec,0
per đúng thấy mình hơi thất đức,1,openai/gpt-oss-20b,train,vi,7,vsmec,0
"móng dài thế, khi đi ỉa xong làm sao xịt nước? xịt nước một tay còn tay kia phải rửa đít mới sạch được chứ. có thể ông này dùng giấy chứ không dùng vòi xịt",1,openai/gpt-oss-20b,train,vi,36,vsmec,0
tao toàn là bạn gái mà sao vẫn tưng tửng nhể ???,1,openai/gpt-oss-20b,train,vi,12,vsmec,0
đã thấy tội em thỏ bị đánh tấp,1,openai/gpt-oss-20b,train,vi,8,vsmec,0
cũng thêm trò mắt mèo khốn nạn nữa,1,openai/gpt-oss-20b,train,vi,8,vsmec,0
tiên sư bố nhà mày . tao chịu hết rồi rồi nhé 🤤,1,openai/gpt-oss-20b,train,vi,13,vsmec,0
1 tai nghe 2 bước mà ở đó bướng,1,openai/gpt-oss-20b,train,vi,9,vsmec,0
"đã nuôi rồi, nên chăm sóc bé cẩn thận ??",1,openai/gpt-oss-20b,train,vi,10,vsmec,0
"ảnh đẹp lắm, nhưng nếu không có những người khổ này thì sẽ còn đẹp hơn 🙂",1,openai/gpt-oss-20b,test,vi,17,vsmec,0
per tao cứ thấy giống như mày :))))),1,openai/gpt-oss-20b,train,vi,8,vsmec,0
per làm gì mà quên kkkkk!!,1,openai/gpt-oss-20b,train,vi,6,vsmec,0
đáng yêu lắm ??,1,openai/gpt-oss-20b,train,vi,4,vsmec,0
"đã trải qua một lần bể dâu, những điều thấy làm lòng đau, thật đau",1,openai/gpt-oss-20b,train,vi,15,vsmec,0
đứa khốn nạn,1,openai/gpt-oss-20b,train,vi,3,vsmec,0
sư tử thật dễ thương q . gì,1,openai/gpt-oss-20b,train,vi,8,vsmec,0
đi cùng con mẹ ngáo thì phải chuyển ngayngay :) per ngọc kiều dung nhé,1,openai/gpt-oss-20b,train,vi,15,vsmec,0
sáu giờ đâu rồi,1,openai/gpt-oss-20b,train,vi,4,vsmec,0
"trung thi thì mẹ gì liên quan đến việc có gấu, tao thà ngồi nhà khỏe để xem mấy thằng đó dắt vợ của thằng khác đi chơi đúng!!",1,openai/gpt-oss-20b,train,vi,29,vsmec,0
"Bạn ơi, kính thủy lực là kính gì?",1,openai/gpt-oss-20b,train,vi,8,vsmec,0
mấy anh em củ lol Việt Nam lố :)),1,openai/gpt-oss-20b,train,vi,9,vsmec,0
"đắng cay tới cực điểm, hạnh phúc lên tới đỉnh cao. chỉ mình mới quyết định có hay không.",1,openai/gpt-oss-20b,train,vi,19,vsmec,0
"tôi muốn nhắc lại,đây là chuyện buồn thật đi",1,openai/gpt-oss-20b,test,vi,9,vsmec,0
"đặt mua lợn 5 chục lì xì, nhận 40 nghìn, mất thời gian, tốn cả tiền bạc 😂",1,openai/gpt-oss-20b,train,vi,18,vsmec,0
trẻ ăn cơm mốc thì thầy cô mới có cơ ăn.,1,openai/gpt-oss-20b,train,vi,11,vsmec,0
"không phải con mình, mà còn thấy đau như vậy, ai trong cuộc này làm gì? thật là phẫn nộ. cơ quan chức năng làm việc quá chậm, đến giờ vẫn chưa tìm ra người chịu trách nhiệm. đúng đó để 😠😠😠😠😠😠",1,openai/gpt-oss-20b,train,vi,42,vsmec,0
xem chỉ chờ tới khi nó ngã mới cười! :)))),1,openai/gpt-oss-20b,train,vi,10,vsmec,0
sao mình thấy hầu hết các chàng trai cắt tóc xong trông ngáo lắm mà không chịu được =))).. cười tét hết hàm chứ đùa,1,openai/gpt-oss-20b,train,vi,25,vsmec,0
vẫn là thói quen đối xử với người ngoài nhưng lại làm tổn thương người thân!,1,openai/gpt-oss-20b,train,vi,16,vsmec,0
đã xem xong đoạn này . mình thấy nhớ nhà quá 😭,1,openai/gpt-oss-20b,train,vi,12,vsmec,0
đau quá . đau lắm đây . mà nhìn thấy hết da gà ra .,1,openai/gpt-oss-20b,train,vi,15,vsmec,0
"còn những người bình thường thật sự dữ, nhưng họ lại hiền, rất nội tâm.",1,openai/gpt-oss-20b,train,vi,15,vsmec,0
"Ban đầu nghĩ là con ma, nhưng khi nó tẩy trang thì xuất hiện nguyên hình, thật là con quỷ mà thôi",1,openai/gpt-oss-20b,train,vi,22,vsmec,0
đôi khi muốn nói chuyện chỉ vì muốn nói chuyện hợp và vì thích nói chuyện thực ra không phải yêu đương hay thích kiểu trai gái gì,1,openai/gpt-oss-20b,train,vi,28,vsmec,0
"đáng yêu, chỉ cần họ thấy vui và hạnh phúc",1,openai/gpt-oss-20b,train,vi,10,vsmec,0
"đau lòng, sao chủ nó có thể để nó như vậy được nhỉ",1,openai/gpt-oss-20b,train,vi,13,vsmec,0
cười như cục cục trôi sông lạc chợ 😏😏👌,1,openai/gpt-oss-20b,train,vi,9,vsmec,0
đã là bà hàng xóm 😒,1,openai/gpt-oss-20b,train,vi,6,vsmec,0
"câu chuyện ngắn gọn, trọn đầy tình 😂😂",1,openai/gpt-oss-20b,train,vi,8,vsmec,0
đi hành xác không có gì vẹo :))) tao đi 1 lần tao cạch đúng,1,openai/gpt-oss-20b,train,vi,15,vsmec,0
t cũn gặp 1 ca như thế mà chúng nó còn chơi chét bánh kem cơ . bước vào nhìn phòng mà muốn quăng chổi vào mặt tụi nó,1,openai/gpt-oss-20b,train,vi,29,vsmec,0
"đặt ghế ra, ngồi thật tuyệt",1,openai/gpt-oss-20b,test,vi,6,vsmec,0
"đi kiểm tra phòng thấy lộn xộn quá thì x10 x20 cho nó trả lòi lồn, lần sau nó không làm nữa, việc không kiểm tra phòng giờ gào thét, nhiều phòng phạt nặng vụ bánh kem, rồi bình xịt xà phồng kiểu, ghi tổn thất đồ trong phòng đền gấp đôi điểm điểm điểm điểm điểm điểm điểm",1,openai/gpt-oss-20b,train,vi,59,vsmec,0
có kiểu này tồn tại ở đây à,1,openai/gpt-oss-20b,train,vi,8,vsmec,0
"anh lấy đi niềm tin, rồi trả lại cho em những gì",1,openai/gpt-oss-20b,train,vi,12,vsmec,0
"đã học được rồi, lần sau cứ khi khách kêu tính tiền thì mình checkin phòng ngay, nếu tình trạng như thế thì dọn phòng cho sạch rồi mới trả phòng 😀",1,openai/gpt-oss-20b,train,vi,32,vsmec,0
aeon bên thật hay đấy =))))),1,openai/gpt-oss-20b,train,vi,6,vsmec,0
"đã bắt được, cho bọn này đi chết đi để chúng nó sốn rồi làm hại người khác",1,openai/gpt-oss-20b,train,vi,18,vsmec,0
mày ăn xong thì cút ngay luôn nha 🙂,1,openai/gpt-oss-20b,train,vi,9,vsmec,0
người ghép có trái 😁😁,1,openai/gpt-oss-20b,test,vi,5,vsmec,0
"eo ôi thằng nhóc áo xanh cuối cùng, sao mà lớn lên chắc là sói ca haha",1,openai/gpt-oss-20b,train,vi,17,vsmec,0
điều quan trọng là đồng nghiệp hay và sếp,1,openai/gpt-oss-20b,train,vi,9,vsmec,0
đúng wow,1,openai/gpt-oss-20b,train,vi,2,vsmec,0
mấy thằng thú vật 😡,1,openai/gpt-oss-20b,train,vi,5,vsmec,0
"đã ăn xong, hết hứng, đéo nói nữa",1,openai/gpt-oss-20b,test,vi,8,vsmec,0
để nhìn mà thôi :)),1,openai/gpt-oss-20b,train,vi,5,vsmec,0
đau khổ cả một thế hệ 😔,1,openai/gpt-oss-20b,train,vi,7,vsmec,0
nói thật không hiểu thế hệ này nghĩ gì. động nhỏ vào là kêu này kêu nọ. ở nhà trường có vấn đề thì kêu um… chứ sau này ra ngoài xã hội mà ngu thì nó vả không trượt phát nào chứ ở đó mà kêu. tiên trách kỷ hậu trách nhân,1,openai/gpt-oss-20b,train,vi,53,vsmec,0
per có lẽ sau này kìm bạn trai sẽ không đi gym 😖,1,openai/gpt-oss-20b,train,vi,13,vsmec,0
Có nhiều người bảo con này giả ngu nhưng khi xem lại nhiều lần thấy nó thực sự ngu không phải giả đúng đi!!,1,openai/gpt-oss-20b,train,vi,24,vsmec,0
pháp đã không còn thời gian bình yên nữa rồi,1,openai/gpt-oss-20b,train,vi,10,vsmec,0
ko phải để xé giấy à?,1,openai/gpt-oss-20b,train,vi,6,vsmec,0
"đã bị bắt nạt, im lặng, hà hối, luôn tội nghiệp, ai biết tới đâu chừng ...... ha ha ha",1,openai/gpt-oss-20b,train,vi,20,vsmec,0
đôi chân ngắn sao đây ta?,1,openai/gpt-oss-20b,test,vi,6,vsmec,0
"tao đã là master nấu cơm kiểu này rồi ,, giờ mất điện thì nấu bằng bếp ga đúng:))",1,openai/gpt-oss-20b,train,vi,19,vsmec,0
hahahaha mình bị cười gấp gọn ghê . nhớ ngày sinh nhật mình ghê . chắc các mẹ ở guru cũng rủa dữ lắm hahaha per,1,openai/gpt-oss-20b,train,vi,26,vsmec,0
"đáng tiếc, đẹp trai mờ không có chim",1,openai/gpt-oss-20b,train,vi,8,vsmec,0
"mấy thằng ngoài bình luận gặp tao, tao cắt mỏ từng người. cha mẹ đéo dạy, xã hội dạy mà. cònphèn đá lắm!",1,openai/gpt-oss-20b,train,vi,23,vsmec,0
đi mệt quá các con ơi,1,openai/gpt-oss-20b,test,vi,6,vsmec,0
xem vài lần rồi vẫn thấy hay,1,openai/gpt-oss-20b,test,vi,7,vsmec,0
thanh niên quay phim cuối hỏi chị ơi chị có sao không,1,openai/gpt-oss-20b,train,vi,12,vsmec,0
mong muốn hòa bình ở Triều Tiên sớm trở thành thực tế. tạm biệt! # per,1,openai/gpt-oss-20b,train,vi,16,vsmec,0
"bắt cóc, bỏ đĩa. quanh đi quẩn đi lại chỉ khổ dân đen thôi!!",1,openai/gpt-oss-20b,train,vi,14,vsmec,0
bố mẹ là người yêu ta không điều kiện thật ...,1,openai/gpt-oss-20b,train,vi,11,vsmec,0
crush tui mất rồi.,1,openai/gpt-oss-20b,train,vi,4,vsmec,0
sg chưa mưa rồi,1,openai/gpt-oss-20b,train,vi,4,vsmec,0
tao tức bạn trai tao 5 ngày rồi nó đéo dỗ tao luôn đúng hix,1,openai/gpt-oss-20b,train,vi,15,vsmec,0
"hồi lớp 1 đi theo nhóm bạn về học nấu. rồi là cơm sống, sợ quá vùi gạo trong đống tro",1,openai/gpt-oss-20b,train,vi,21,vsmec,0
"có tài nhưng lúc nào cũng muốn làm diễn viên hài 🤣🤣🤣, khoái thanh niên này thật buồn cười vkl",1,openai/gpt-oss-20b,train,vi,20,vsmec,0
"con ngu dù bố mẹ có là ai cũng là người sinh ra mày nuôi em lớn khôn lớn lên không biết hiếu được gì mà còn sủa bậy, làm phiền mọi người đều đi đâu",1,openai/gpt-oss-20b,train,vi,36,vsmec,0
per ngồi ôm bụng cười và nhớ tới nhiều nhân vật đó,1,openai/gpt-oss-20b,train,vi,12,vsmec,0
"đây là chuyện thật nhé. đang đi bình thường qua đoạn cầu giấy, anh csgt thổi lại “gạt chân chống lên em, anh nhắc nhỉ thôi, đi đi” 😂 hú hồn",1,openai/gpt-oss-20b,train,vi,31,vsmec,0
Các bạn làm cha đi rồi mới hiểu được bố mẹ mình yêu mình bao nhiêu đúng.,1,openai/gpt-oss-20b,train,vi,17,vsmec,0
có mà ngược lại ... thời đại thay đổi rồi,1,openai/gpt-oss-20b,train,vi,10,vsmec,0
per anh tập gym cho to làm sao để đi ư : ))),1,openai/gpt-oss-20b,train,vi,13,vsmec,0
đây là cách các chàng trai làm cô gái chú ý tới họ hả ?,1,openai/gpt-oss-20b,test,vi,15,vsmec,0
"Mẫu này lạ mắt đẹp quá, nhìn",1,openai/gpt-oss-20b,test,vi,7,vsmec,0
tôi rơi nước mắt ... huhu,1,openai/gpt-oss-20b,train,vi,6,vsmec,0
thế đéo nào nó lại đánh dưới đấy nhỉ,1,openai/gpt-oss-20b,train,vi,9,vsmec,0
"tao hứa từ giờ tới cuối năm, nếu tao không tìm được vợ thì tao sẽ quyết định sớm lấy 😊",1,openai/gpt-oss-20b,train,vi,21,vsmec,0
"đóng của trường, đi vào tù, điều người xấu xa : ham lợi nhuận : lừa đảo phụ huynh lấy tiền đi",1,openai/gpt-oss-20b,test,vi,22,vsmec,0
bà tôi đã đã đã qua khi tôi chưa biết gg là gì,1,openai/gpt-oss-20b,train,vi,13,vsmec,0
mong sau này cũng được như ông bà,1,openai/gpt-oss-20b,train,vi,8,vsmec,0
nó sẽ thì thầm vào tai mày “dượng đây” 🤣🤣,1,openai/gpt-oss-20b,train,vi,10,vsmec,0
công tình yêu này nhân viên đông ao luôn hả?,1,openai/gpt-oss-20b,train,vi,10,vsmec,0
thiếu năng đội nón không nổi thì sao có đủ năng lực lái xe. nhìn là thấy hãm.,1,openai/gpt-oss-20b,train,vi,18,vsmec,0
"tao cưới rồi, cưới nữa cho vợ, tao chém, tao chết à",1,openai/gpt-oss-20b,test,vi,12,vsmec,0
vậy là đúng quy trình rồi,1,openai/gpt-oss-20b,train,vi,6,vsmec,0
và đó đéo là tao đâu  =))),1,openai/gpt-oss-20b,train,vi,7,vsmec,0
"điều mình thích là đủ, không làm phiền ai cũng được",1,openai/gpt-oss-20b,train,vi,11,vsmec,0
"ko ngon lắm, không khéo mà ỉa cứt toe toét vào mặt í :)))",1,openai/gpt-oss-20b,train,vi,14,vsmec,0
có ai ngớ ngẩn như tao không mình con nhỏ bên cạnh nhà 4 năm dù nó ngồi cùng bàn với tao suốt mấy năm cấp 3 :(((,1,openai/gpt-oss-20b,train,vi,28,vsmec,0
"per em ơi, tính ra nhớ lần mình dạo trên cầu per, mấy ông đó vứt xuống sông, ít nhất còn có não hơn đúng mấy đứa vụ này",1,openai/gpt-oss-20b,train,vi,29,vsmec,0
per huhu em không biết đi xem phim với ai nữa 😭,1,openai/gpt-oss-20b,train,vi,12,vsmec,0
"cmt vui nhộn vll, nhớ mình đã từng chạy ngỗng :)))",1,openai/gpt-oss-20b,train,vi,11,vsmec,0
"đã nhỏ rồi cũng như thế, lớn lên ai chịu yêu chết được đi đi đi",1,openai/gpt-oss-20b,train,vi,16,vsmec,0
gần 1h đêm con trai xem xong nói chuyện mắt vẫn rạng đẹp 😔😔,1,openai/gpt-oss-20b,test,vi,14,vsmec,0
có thể mưa rơi xuống ổngấy sẽ hết ngáo ??????,1,openai/gpt-oss-20b,train,vi,10,vsmec,0
"vì thế bố tao không cho đi cùng . cụ bảo còn năm lăn cả bể xuống ruộng, trèo lên mái nhà của người ta để đi ??",1,openai/gpt-oss-20b,train,vi,28,vsmec,0
"đỉnh rồi , ước mơ thơ ấu của mình đã được cậu bé này làm nên",1,openai/gpt-oss-20b,train,vi,16,vsmec,0
"Nếu câu chuyện này thật thì sao? Chưa có gì, nhưng nếu lên chửi người ta thì là rẻ rách.",1,openai/gpt-oss-20b,train,vi,20,vsmec,0
bọn lừa lừa,1,openai/gpt-oss-20b,train,vi,3,vsmec,0
"xem lại, không chán, tuyệt vời nhất luôn 😭",1,openai/gpt-oss-20b,train,vi,9,vsmec,0
"đúng rồi đấy, như thế là đang bị ảo tưởng sức mạnh",1,openai/gpt-oss-20b,train,vi,12,vsmec,0
"cảm giác này vừa giận, vừa vô vọng, là nỗi vất vả của nông thôn như mình, mà đéo thấy gì vui đâu.",1,openai/gpt-oss-20b,train,vi,23,vsmec,0
lêu lêu anh :)) đồ chó con không có mẹ ẳm :)),1,openai/gpt-oss-20b,train,vi,12,vsmec,0
"đợi một người qua 1 và coi đó là tình cờ 😂😂😂 mình đã từng, nhưng đó là mình cũ. thật buồn cười 😁",1,openai/gpt-oss-20b,train,vi,24,vsmec,0
topic này đúng vibe quá lắm.,1,openai/gpt-oss-20b,train,vi,6,vsmec,0
người ta mất 6 tháng học lái xe nhưng mất cả đời học văn hoá để đỗ xe để 😑,1,openai/gpt-oss-20b,train,vi,20,vsmec,0
"mong là chuyện không thật, nếu thật thì đau lòng lắm, thật là nặng, điều 😪😪",1,openai/gpt-oss-20b,train,vi,16,vsmec,0
"quần áo, xe như thế là thấy gia đình có điều kiện tnao rồi 😂 anw, mong ông bà luôn khỏe mạnh, vui vẻ < 3",1,openai/gpt-oss-20b,train,vi,26,vsmec,0
"tao làm người rùng mình luôn , ghi công mày 😑😑",1,openai/gpt-oss-20b,test,vi,11,vsmec,0
per đúng cấp nào rồi em,1,openai/gpt-oss-20b,test,vi,6,vsmec,0
"Cảm ơn, giỏi vì nước quên mình, vì dân phục vụ...",1,openai/gpt-oss-20b,train,vi,11,vsmec,0
đô thị tôi đủ người còn dân điểm kém đó cái ? cha đứa điếc người,1,openai/gpt-oss-20b,train,vi,16,vsmec,0
"mình đã xem rất nhiều video kiểu này rồi, nên thấy cũng bình thường =)))",1,openai/gpt-oss-20b,train,vi,15,vsmec,0
"cực nguy hiểm, nhảy mà không qua thì chắc chắn dập mặt",1,openai/gpt-oss-20b,train,vi,12,vsmec,0
"mình thấy rắn quá sợ, mà cái gì sợ là mình thường muốn đi đúng tiêu đúng diệt! -))",1,openai/gpt-oss-20b,train,vi,19,vsmec,0
cắt là gu của tôi :))) yêu quá hiuhiu,1,openai/gpt-oss-20b,test,vi,9,vsmec,0
"kinh ngạc, cần nhiều tấm lòng tốt hơn nữa, thật ý nghĩa",1,openai/gpt-oss-20b,train,vi,12,vsmec,0
free được không hả 😮,1,openai/gpt-oss-20b,train,vi,5,vsmec,0
"đưa đi chúng vào nhà đá! quá độc ác, không giết người bằng súng như thế này là giết hàng loạt đấy thât khốn nạn",1,openai/gpt-oss-20b,train,vi,25,vsmec,0
per vẩy cố gắng luôn =)),1,openai/gpt-oss-20b,test,vi,6,vsmec,0
điểm bài tủ 1 thời=)),1,openai/gpt-oss-20b,train,vi,5,vsmec,0
điểm dơvãi dume :v,1,openai/gpt-oss-20b,test,vi,4,vsmec,0
đã thấy ghét rồi...,1,openai/gpt-oss-20b,train,vi,4,vsmec,0
tôi nói với các ông nhé . đưa bộ qua chốt cũng chưa chắc ngon ăn per,1,openai/gpt-oss-20b,train,vi,17,vsmec,0
per ai làm mày thiết kế thế này à ???,1,openai/gpt-oss-20b,train,vi,10,vsmec,0
"per thế lol mỗi lần tới fucklong uống luôn gặp ex - đồng nghiệp đứng cửa chào, tụt mút, đéo muốn uống nữa :)",1,openai/gpt-oss-20b,train,vi,24,vsmec,0
đi tưởng mà dưới sông có cá sấu nữa chắc hết dám đi,1,openai/gpt-oss-20b,train,vi,13,vsmec,0
per đánh mặt hài vler :))),1,openai/gpt-oss-20b,train,vi,6,vsmec,0
"nhiệm vụ của con mẹ giáo viên chủ nhiệm là lớn nhất luôn, đuổi con mẹ đi công việc đi học đi đi",1,openai/gpt-oss-20b,train,vi,23,vsmec,0
chả có nước mắt à 😔,1,openai/gpt-oss-20b,train,vi,6,vsmec,0
per đã là con lạ . nay hàng họ to quá ;)))),1,openai/gpt-oss-20b,train,vi,12,vsmec,0
"đang lười quá nè , làm sao giảm lười đi",1,openai/gpt-oss-20b,train,vi,10,vsmec,0
khổ lắm em nó . ??,1,openai/gpt-oss-20b,train,vi,6,vsmec,0
phải con tao tao cho cả lũ chó cắt tay hết!,1,openai/gpt-oss-20b,train,vi,11,vsmec,0
học bài từ năm ngoái 😂😂😂😂😂👍👍👍,1,openai/gpt-oss-20b,train,vi,6,vsmec,0
Pháp luật Việt Nam lên tiếng hộ em nó cái đúng điều,1,openai/gpt-oss-20b,train,vi,12,vsmec,0
đùa quá add ơi! y tế nào lương 24tr thế?,1,openai/gpt-oss-20b,test,vi,10,vsmec,0
người Việt mình tự làm hại nhau thôi. đừng để thừa cho Trung Quốc.,1,openai/gpt-oss-20b,train,vi,14,vsmec,0
mày cứ ngồi canh đó cho mình. có muỗi nào hở hé thì ăn ngay??,1,openai/gpt-oss-20b,train,vi,15,vsmec,0
"per đây là chàng trai vừa đẹp vừa thông minh, hy vọng per học hỏi được đúng! cảm ơn đây",1,openai/gpt-oss-20b,test,vi,20,vsmec,0
đã nóng khi nhìn,1,openai/gpt-oss-20b,train,vi,4,vsmec,0
"đúng rồi mà kệ, tao không quan tâm chút nào. chụp cho ai thì chụp",1,openai/gpt-oss-20b,test,vi,15,vsmec,0
đáng yêu lắm =))))),1,openai/gpt-oss-20b,test,vi,4,vsmec,0
per huhu đời ơiii,1,openai/gpt-oss-20b,train,vi,4,vsmec,0
t thấy tội nghiệp đứa cải,1,openai/gpt-oss-20b,train,vi,6,vsmec,0
"thằng ác ôn, con nhỏ nhờ giải phóng mạng nhện mà cũng không giúp, tao là móc gậy ra thọc .. à nhầm giải phóng mạng nhện ra liền ..",1,openai/gpt-oss-20b,train,vi,30,vsmec,0
cả nhóm súc vật này,1,openai/gpt-oss-20b,train,vi,5,vsmec,0
"ngày nào cũng thấy tàu trật bánh, hơi buồn",1,openai/gpt-oss-20b,train,vi,9,vsmec,0
dell hiểu sao ngày trước tao có thể cầm nó trụn tay đi câu cá 😳😳😳 nhớ lại vẫn thấy ớn 😂,1,openai/gpt-oss-20b,train,vi,22,vsmec,0
bộ phim này làm sinh viên có lý do để lười học lý thuyết đúng là đây 😆!,1,openai/gpt-oss-20b,train,vi,18,vsmec,0
"bảo dân trí thấp, vẫn tự ái",1,openai/gpt-oss-20b,train,vi,7,vsmec,0
mẹ nó điên tới mức này rồi à,1,openai/gpt-oss-20b,train,vi,8,vsmec,0
anh cứ không bỏ em đi😢,1,openai/gpt-oss-20b,train,vi,6,vsmec,0
vừa leo dốc thấy crush cười =)),1,openai/gpt-oss-20b,train,vi,7,vsmec,0
per haha cái t2 phù hợp với em nè ;)),1,openai/gpt-oss-20b,train,vi,10,vsmec,0
trường mình chị lao công đã đóng:((,1,openai/gpt-oss-20b,train,vi,7,vsmec,0
"vậy thì sao? Miếng cơm nghề nghiệp của người ta. Nếu không thích quay thì lên đòi ban tổ chức, hoặc đừng chơi bóng mà, chứ đâu có kiểu bố đời như thế đâu.",1,openai/gpt-oss-20b,train,vi,34,vsmec,0
tuổi thơ mình lớp 4 đã yêu một anh chàng từ một viên phấn vôi đấy.,1,openai/gpt-oss-20b,train,vi,16,vsmec,0
đi đường quen thôi mà! đường lạ thì ngồi sau nhé =)),1,openai/gpt-oss-20b,train,vi,12,vsmec,0
đừng quên đồng nghiệp haha,1,openai/gpt-oss-20b,train,vi,5,vsmec,0
đéo chơi :)),1,openai/gpt-oss-20b,train,vi,3,vsmec,0
"5 năm thì hơi sớm lắm 🤣, mình chỉ ước sau này có ai muốn phiêu du cùng gia đình họ đúng điều thôi điđi 😌!",1,openai/gpt-oss-20b,train,vi,26,vsmec,0
điều nguy,1,openai/gpt-oss-20b,train,vi,2,vsmec,0
"trung bình thu nhập thôi mà, không phải mọi nhân viên đều như thế 😏",1,openai/gpt-oss-20b,train,vi,15,vsmec,0
đồ điên,1,openai/gpt-oss-20b,train,vi,2,vsmec,0
"khác đéo gì. về thái độ lồi lốm, nhìn đang sút cho phát 🤬🤬",1,openai/gpt-oss-20b,train,vi,14,vsmec,0
"con gái bây giờ chẳng nhờ được cái đéo gì, nhờ có phát mà đập mẹ luôn cái bình",1,openai/gpt-oss-20b,train,vi,19,vsmec,0
đỉnh thật . tôn . giọng mình khó lắm mà anh này nói được giỏi 😁,1,openai/gpt-oss-20b,train,vi,16,vsmec,0
đẻ sao mà cu con đẹp quá đấy trời 😍,1,openai/gpt-oss-20b,train,vi,10,vsmec,0
câu chuyện khiến ta rơi nước mắt thật,1,openai/gpt-oss-20b,train,vi,8,vsmec,0
Tam Đảo trời đẹp các mem à,1,openai/gpt-oss-20b,train,vi,7,vsmec,0
ngáo ... thật có thật luôn này,1,openai/gpt-oss-20b,test,vi,7,vsmec,0
"đúng rồi, phải chia tay vì gặp loại óc chó như thế này cơ",1,openai/gpt-oss-20b,train,vi,14,vsmec,0
đội đúng đồng đi đi đi cùng được à?? lỗi vãi,1,openai/gpt-oss-20b,train,vi,11,vsmec,0
"qtrong, mày phải có tiền mà, nghèo thì xem",1,openai/gpt-oss-20b,test,vi,9,vsmec,0
"lúc bé nấu bằng này không, nấu hơi quá ngon, làm cơm cháy ăn bao nhiêu.",1,openai/gpt-oss-20b,train,vi,16,vsmec,0
ối dồi ôi! giống con lợn hồng à! haha,1,openai/gpt-oss-20b,train,vi,9,vsmec,0
chủ tịch nặn mụn tai rồi cuối cùng rơi nước mắt thật,1,openai/gpt-oss-20b,train,vi,12,vsmec,0
"đã gần 10 năm rồi xem đi lại gần 30 lần, nhớ nhé !!!",1,openai/gpt-oss-20b,test,vi,14,vsmec,0
tôi cũng muốn được cảm nhận như thế ??,1,openai/gpt-oss-20b,train,vi,9,vsmec,0
đỉnh pha cuối bonus 😂😂,1,openai/gpt-oss-20b,train,vi,5,vsmec,0
Phim này làm người xem cũng rơi nhiều nước mắt.,1,openai/gpt-oss-20b,train,vi,10,vsmec,0
sản phẩm này khá mới lạ ở Việt Nam,1,openai/gpt-oss-20b,train,vi,9,vsmec,0
"móng tay và tóc cứ mọc đúng dài hơn theo thời gian, sao chỉ có con chim mà không mọc dài hơn nữa ta",1,openai/gpt-oss-20b,train,vi,24,vsmec,0
đơn giản thôi : giống con chó à. khi ta đuổi nó chạy. khi ta chạy nó đuổi.,1,openai/gpt-oss-20b,train,vi,18,vsmec,0
"Mọi người đều muốn cho con hết nhưng vì chưa có nên thôi, khi có con mới hiểu đúng lòng cha mẹ đó.",1,openai/gpt-oss-20b,train,vi,23,vsmec,0
bạn đã ăn chưa?,1,openai/gpt-oss-20b,train,vi,4,vsmec,0
buồn hơn là đối với 1 cô con gái năm lần bảy lượt chủ động ib họ nhưng vẫn bị coi thường ... xem mà không rep ... hết lòng là như vậy ... 😞😞😞,1,openai/gpt-oss-20b,train,vi,35,vsmec,0
đỗ góc cua như này thìtầm nhìn che quá chs bênh,1,openai/gpt-oss-20b,test,vi,11,vsmec,0
hôm nay quên vào xem bình luận trước !! tính xem con nhện nước bạn khác con nhện nước mình như thế nào ! ai ngờ đâu khác xa quá !! d mày mày adm ơi làm hết hồn !!,1,openai/gpt-oss-20b,train,vi,40,vsmec,0
đau lắm mà phải tham vài đồng tiền đó sao nhỉ,1,openai/gpt-oss-20b,train,vi,11,vsmec,0
"à , thực ra là nó dụ mình 😂",1,openai/gpt-oss-20b,test,vi,9,vsmec,0
tao cười ỉa cho bọn đó ấy  :))),1,openai/gpt-oss-20b,train,vi,8,vsmec,0
tripod dựng cao lên để chụp thì thần kinh ở đâu :) dume ghép video xem mà chèn tiêu đề như con cặc ấy,1,openai/gpt-oss-20b,train,vi,24,vsmec,0
ai cho mình link page con này vì thích xem live bán đồ gê đồ đồ đồ đồ đồ!,1,openai/gpt-oss-20b,train,vi,19,vsmec,0
mấy người có chuyện vui gì :))!,1,openai/gpt-oss-20b,train,vi,7,vsmec,0
sợ lắm,1,openai/gpt-oss-20b,train,vi,2,vsmec,0
đôi khi chỉ muốn mấy đứa bá dơ này chết thay cho chị nữ sinh giao gà thì đúng là biết mấy đúng...,1,openai/gpt-oss-20b,train,vi,23,vsmec,0
"phim hay, dã man, diễn viên chính đẹp trai, xem đi xem lại không chán",1,openai/gpt-oss-20b,train,vi,15,vsmec,0
"thanh xuân của tớ đã gặp cậu rồi, 4 năm rồi, chỉ có điều vẫn là 2 đường thẳng song song",1,openai/gpt-oss-20b,train,vi,21,vsmec,0
đạo cụ sai,1,openai/gpt-oss-20b,test,vi,3,vsmec,0
"14/2 năm ngoái tao đã mọc sừng, nên 14/2 năm nay tao quyết định cắt sừng 😊",1,openai/gpt-oss-20b,train,vi,17,vsmec,0
"cố , nhanh khỏi bệnh rồi về bên anh",1,openai/gpt-oss-20b,train,vi,9,vsmec,0
"nhỏ nhìn qua 1 lần, nó bị kẹt ngay trước cửa nhà người ta trong hẻm, mỗi lần đi qua lại muốn lao tới cà khịa, cứ đều đều như vậy đều.",1,openai/gpt-oss-20b,train,vi,32,vsmec,0
ghét lắm nồi,1,openai/gpt-oss-20b,train,vi,3,vsmec,0
vui mừng anh 👏👏👏 chúc anh may mắn . cố lênnnnn 💪💪💪,1,openai/gpt-oss-20b,train,vi,12,vsmec,0
"điều là hết những điều đẹp nhất của Pháp mà không phun nước, cứ để cháy rần rật đúng nhỉ",1,openai/gpt-oss-20b,train,vi,20,vsmec,0
"thu trăm tỷ, phạt 5tr, rồi sang tỉnh khác làm nghề ha ha",1,openai/gpt-oss-20b,train,vi,13,vsmec,0
đùa vui không nguy hiểm gì đâu luôn,1,openai/gpt-oss-20b,test,vi,8,vsmec,0
"toàn mấy con bán hàng online đăng chỉ để cau view, phạt nặng vào",1,openai/gpt-oss-20b,test,vi,14,vsmec,0
đã thấy tội ghê ????,1,openai/gpt-oss-20b,train,vi,5,vsmec,0
em thật lòng tổn thương!,1,openai/gpt-oss-20b,train,vi,5,vsmec,0
đôi khi đột nhiên ghen mà không phải là gì của nhau 🙃🙃🙃,1,openai/gpt-oss-20b,train,vi,13,vsmec,0
lợi thế khi không nghe lời vợ ??,1,openai/gpt-oss-20b,train,vi,8,vsmec,0
đáng lẽ bệnh của tao không nặng đến mức này đúng,1,openai/gpt-oss-20b,test,vi,11,vsmec,0
đau vãi :))),1,openai/gpt-oss-20b,train,vi,3,vsmec,0
"thế giới lúc này thật đáng sợ quá 😌😌 tâm cần tịnh, không phải tiêu vội nha các ông 😢",1,openai/gpt-oss-20b,train,vi,20,vsmec,0
đó ý tưởng thông minh con,1,openai/gpt-oss-20b,train,vi,6,vsmec,0
giống 1 trò may rủi nhỉ @@,1,openai/gpt-oss-20b,train,vi,7,vsmec,0
"hồi bé đi học phải qua nhà nuôi ngỗng, nó dí chạy thấy bà ngay, ngày nào cũng phải cầm cây theo. thề luôn tới giờ vẫn sợ con này khiếp luôn đúng rồiđúng đúngđúng 😭",1,openai/gpt-oss-20b,train,vi,36,vsmec,0
"đã xem bình sữa của em, thấy ngon quá , chị sinh em bé thì không còn sữa gì đâu.",1,openai/gpt-oss-20b,train,vi,20,vsmec,0
"người gọi là ngốc, mà cứ đâm đầu vào đấy :)",1,openai/gpt-oss-20b,train,vi,11,vsmec,0
gửi nhầm clip hát chế cho nó,1,openai/gpt-oss-20b,train,vi,7,vsmec,0
cảm ơn . bạn .,1,openai/gpt-oss-20b,test,vi,5,vsmec,0
địt mẹ mấy thằng quê,1,openai/gpt-oss-20b,train,vi,5,vsmec,0
"đúng rồi! không phải trầm cảm đâu. thứ đó, còn kinh khủng hơn nhiều",1,openai/gpt-oss-20b,train,vi,14,vsmec,0
"Ngày xưa nhà nuôi vài con điên này, giọng nó đã khó nghe nên không suốt ngày ngoạc ra, khi về nhà thì thấy giọng bọn n đầu tiên. Xong cho ăn, rõ ràng là cho n ăn đàng hoàng mà đến n+1 lần bị n mổ và đuổi bợt mạng. Chốt là tao ghét bọn nì dã man. Ám ảnh cả tuổi thơ :(( thứ yêu nghiệt.",1,openai/gpt-oss-20b,train,vi,68,vsmec,0
chưa có dịp nói lời cảm ơn và xin lỗi. vì chúng ta xứng đáng được yên bình,1,openai/gpt-oss-20b,train,vi,18,vsmec,0
"đã rồi, tôi sẽ hết nước uống ở đây nữa :((",1,openai/gpt-oss-20b,train,vi,11,vsmec,0
"cưng quá trời, anh cho em một ảnh nha ạ",1,openai/gpt-oss-20b,train,vi,10,vsmec,0
ồ ra thế . tớ nhớ:)) hy có cơ hội chạm nó . trông như cục í uwu,1,openai/gpt-oss-20b,test,vi,18,vsmec,0
"per nhớ những ngày tháng cta bên nhau ghê, giờ thì chả còn gì",1,openai/gpt-oss-20b,train,vi,14,vsmec,0
cách xử lý khôn ngoan,1,openai/gpt-oss-20b,test,vi,5,vsmec,0
per :)))) đáng cười vãi,1,openai/gpt-oss-20b,train,vi,5,vsmec,0
"nếu diễn viên chính còn trẻ, xinh hơn, đang yêuc hơn thì mình sẽ xem haizz",1,openai/gpt-oss-20b,train,vi,16,vsmec,0
"địt mẹ mày viết ở đâu mà nước không tới, ngulon ơi đi",1,openai/gpt-oss-20b,train,vi,13,vsmec,0
"mỗi năm đi để cảm thấy không khí xuân, không đi thì thấy thiếu thiếu. nhà mình cách chợ 10km",1,openai/gpt-oss-20b,train,vi,20,vsmec,0
điên giật hết cả mình .:)),1,openai/gpt-oss-20b,train,vi,6,vsmec,0
đỉnh nhất,1,openai/gpt-oss-20b,train,vi,2,vsmec,0
khi bé còn say mùi khói này nữa chớ đâu đi . 😄,1,openai/gpt-oss-20b,train,vi,13,vsmec,0
đề thi cuối cùng cũng lỗi được!!! hơi bực,1,openai/gpt-oss-20b,train,vi,9,vsmec,0
chọn thằng nào có tương lai hơn . tức là bố mẹ giàu hơn,1,openai/gpt-oss-20b,test,vi,14,vsmec,0
mình thi xong mà vẫn không rơi đi 😢,1,openai/gpt-oss-20b,test,vi,9,vsmec,0
đùa vãi thế này,1,openai/gpt-oss-20b,train,vi,4,vsmec,0
"cứ vì kiếp trước mày làm nhiều, giờ phải trả ngay đi",1,openai/gpt-oss-20b,train,vi,12,vsmec,0
quả cr7 mà kill gì đéo nhỉ,1,openai/gpt-oss-20b,train,vi,7,vsmec,0
"đây là đội công an của nhân dân Việt Nam, cảm ơn bạn nhiều điều tốt đẹp hơn nhé vanew",1,openai/gpt-oss-20b,train,vi,20,vsmec,0
đẹp quá rồi đi mất,1,openai/gpt-oss-20b,train,vi,5,vsmec,0
t chỉ thấy tình yêu của tao đã tan vỡ thôi,1,openai/gpt-oss-20b,train,vi,11,vsmec,0
chó nhà giàu như vậy,1,openai/gpt-oss-20b,train,vi,5,vsmec,0
đây dây trong ảnh đầu xinh quá,1,openai/gpt-oss-20b,train,vi,7,vsmec,0
người    ngoài không gian nói tiếng Anh ????? nà ní ?????,1,openai/gpt-oss-20b,train,vi,11,vsmec,0
đó cứ khi trông giàu sang phú quý thì sẽ sòng phẳng mà thôi,1,openai/gpt-oss-20b,train,vi,14,vsmec,0
"tao cũng có một nỗi sợ khác, giống con yêu tinh này, là con yêu nghiệt ngan đực :3 con này thành tinh hung ác vãi_chưởng, đi ra vườn đéo làm gì nó, nó cũng rượt mình. đậu! đó là tao kể khi bé thôi =) chứ lớn lên tao biết vơ cây củi theo để ra vườn rồi =))",1,openai/gpt-oss-20b,train,vi,60,vsmec,0
mày đẹp lắm? tao ốm chút đã xấu hoắc,1,openai/gpt-oss-20b,test,vi,9,vsmec,0
công nhận nó phê như thế này thật 😂,1,openai/gpt-oss-20b,test,vi,9,vsmec,0
"mặt lỗ dạy nhỉ, câng câng luôn",1,openai/gpt-oss-20b,train,vi,7,vsmec,0
lâu rồi mình thấy lại nó,1,openai/gpt-oss-20b,train,vi,6,vsmec,0
bếp dầu nhớ lại thời sinh viên,1,openai/gpt-oss-20b,train,vi,7,vsmec,0
một lần ỉn mông rồi xong hết 😂😂😂 dăm ba kỹ năng võ thuật 😂😂😂🤣🤣🤣,1,openai/gpt-oss-20b,test,vi,15,vsmec,0
per ai nghĩ ra được cái qcao hay vãi ...,1,openai/gpt-oss-20b,train,vi,10,vsmec,0
"mỗi lần thứ yêu nghiệt này cứ thấy mình như thấy crush, cứ gặp mình là đuổi :)",1,openai/gpt-oss-20b,test,vi,18,vsmec,0
"đi ra vùng sóng không táp vào mà ghi, xem mà ức chế vãi :))",1,openai/gpt-oss-20b,train,vi,15,vsmec,0
huhu nhìn mà muốn khóc vãi,1,openai/gpt-oss-20b,train,vi,6,vsmec,0
đưa c mù mắt cho tao đi 🤣🤣,1,openai/gpt-oss-20b,train,vi,8,vsmec,0
"năm này tràn đầy biến động, thăng trầm của Pháp ☹️",1,openai/gpt-oss-20b,train,vi,11,vsmec,0
bộ phim hay nhất ý nghĩa từng xem,1,openai/gpt-oss-20b,test,vi,8,vsmec,0
"chờ ai đó sẽ không nghe được ca này . xin lỗi, ngàn lần xin lỗi 😢",1,openai/gpt-oss-20b,train,vi,17,vsmec,0
má thằng phi đen có gấu ngon lắm ... đi mà nó nở lòng bỏ con ta chạy trước ... tao đéo bít bao công mà lấy bạch tuyến đẻ ra cái gióng gì nửa ...,1,openai/gpt-oss-20b,train,vi,36,vsmec,0
"để hết buồn, cần tiền mới thực sự được :))",1,openai/gpt-oss-20b,test,vi,10,vsmec,0
lúc đó mình cũng lặng lẽ rồi chắc trào nước mắt mất rồi điều gì!,1,openai/gpt-oss-20b,train,vi,15,vsmec,0
per =)))) thật sợ lắm,1,openai/gpt-oss-20b,test,vi,5,vsmec,0
"ai nói mèo đực thường ra ngoài mà, còn mình quàng thượng nhà cứ ngủ, ngủ suốt ngày, ngủ suốt đêm, đang ngủ, mắc tè, dậy đi tè rồi lại ngủ tiếp, ngủ hơn heo :v",1,openai/gpt-oss-20b,train,vi,36,vsmec,0
nó cưng lắm mày,1,openai/gpt-oss-20b,train,vi,4,vsmec,0
"Các bạn xem phim Cậu Bé Đặc Biệt, luôn nhé. Phim có diễn viên này tham gia chia sẻ cách nuôi dạy con cực hay. Chúc các bạn xem phim đều vui vẻ.",1,openai/gpt-oss-20b,train,vi,33,vsmec,0
đáng yêu,1,openai/gpt-oss-20b,test,vi,2,vsmec,0
còn ế vững chắc,1,openai/gpt-oss-20b,train,vi,4,vsmec,0
có thể bán lại cho tớ được không ??????,1,openai/gpt-oss-20b,train,vi,9,vsmec,0
người ta chỉ muốn dụ mày rồi nhờ một trái thận . 😪,1,openai/gpt-oss-20b,test,vi,13,vsmec,0
"đã mất xe, còn bị đường sắt điều đi phạt nữa. khổ lắm, ngu hết phần thiên hạ",1,openai/gpt-oss-20b,train,vi,18,vsmec,0
nói gì cũng tụi mình không tin đâu ..😌😌,1,openai/gpt-oss-20b,train,vi,9,vsmec,0
"duyên quá, nói chuyện đẹp",1,openai/gpt-oss-20b,train,vi,5,vsmec,0
ae họ mà không biết mặt nhauà- _ -,1,openai/gpt-oss-20b,test,vi,9,vsmec,0
khi bạn không quan tâm vãi đời ... làm việc xấu mà cảm thấy yên vãi 😁,1,openai/gpt-oss-20b,train,vi,17,vsmec,0
đám người lớn không có văn hóa sinh ra một đám trẻ vô học. bọn mất dạy này là nhà dột từ nóc ấy mà. nên đuổi học cho lũ ngu học ấy về để nhà tiếp tục vô học của gia đình họ,1,openai/gpt-oss-20b,train,vi,44,vsmec,0
"đã ngu lắm, con tỏ ra nguy hiểm.",1,openai/gpt-oss-20b,test,vi,8,vsmec,0
anh ơi :3 hôm nay em muốn anh chơi game và ngủ sớm đấy :3 đừng đi chơi với gái đấy :<,1,openai/gpt-oss-20b,train,vi,22,vsmec,0
ngày chủ nhiệm cu nhà mình cô nhẹ nhàng nết na lắm mà! giờ thì sao cô lại cư xử như thế chứ! thật buồn!,1,openai/gpt-oss-20b,train,vi,25,vsmec,0
tàn nhang là dấu nhá ??????,1,openai/gpt-oss-20b,test,vi,6,vsmec,0
cũng như đàn ông ngã ngửa trước cô gái nhiều sắc! đặc biệt là 50 “sắc” thái 😂😂,1,openai/gpt-oss-20b,train,vi,18,vsmec,0
đứng nhìn mặt con mèo ngay ghét rồi,1,openai/gpt-oss-20b,test,vi,8,vsmec,0
lũ óc này chưa bằng chó,1,openai/gpt-oss-20b,train,vi,6,vsmec,0
mày cắt một tay đi cho nhớ dễ,1,openai/gpt-oss-20b,train,vi,8,vsmec,0
an ủi cũng ghen tị à :(,1,openai/gpt-oss-20b,train,vi,7,vsmec,0
đã lấy vợ rồi bị tàn phá thật 😆 béo vãi_chưởng,1,openai/gpt-oss-20b,train,vi,11,vsmec,0
má :))) clip đeo mặt nạ kinh dị vkl :)),1,openai/gpt-oss-20b,train,vi,10,vsmec,0
ko 1 từ nào để miêu tả bộ phim này ...,1,openai/gpt-oss-20b,train,vi,11,vsmec,0
tao điên đặc rắn con tao đặc một vài đứng lên đấy :))),1,openai/gpt-oss-20b,train,vi,13,vsmec,0
"cái này shop đồng giá 40k aeon có nè, tê tới dái luôn",1,openai/gpt-oss-20b,train,vi,13,vsmec,0
"chưa biết kiếm tiền mà đã học thói lừa tiền =,= thua",1,openai/gpt-oss-20b,train,vi,12,vsmec,0
ngu thật trời,1,openai/gpt-oss-20b,train,vi,3,vsmec,0
còn xấu hơn năm ngoái,1,openai/gpt-oss-20b,train,vi,5,vsmec,0
neymar mà lại phải hiếp dâm một cô gái à ???,1,openai/gpt-oss-20b,train,vi,11,vsmec,0
"đi sai, chưa biết sửa, còn thích giận nữa. cút đi",1,openai/gpt-oss-20b,train,vi,11,vsmec,0
này là xạo lắm mà giá gì đâu . kinh doanh phải lừa lọc ... lừa giỏi nói thì giàu đúng để!,1,openai/gpt-oss-20b,test,vi,22,vsmec,0
vl bắn đòn hic :))))),1,openai/gpt-oss-20b,train,vi,5,vsmec,0
tôi ước ông này đã cưới đúng rồi trước khi lên mặt trăng,1,openai/gpt-oss-20b,train,vi,13,vsmec,0
đã qua tết rồi . tặng bánh chưng cặp là tuyệt  :)),1,openai/gpt-oss-20b,test,vi,12,vsmec,0
đkmm xuống đáy biển mà viết ngay đi thằng lồn =)),1,openai/gpt-oss-20b,test,vi,11,vsmec,0
hả hả .. tới lúc ăn hả,1,openai/gpt-oss-20b,test,vi,7,vsmec,0
"cái thứ ba, nhìn trời mà rơi nước mắt thay vì công một mùa, đi tong chỉ vì một trận mưa",1,openai/gpt-oss-20b,train,vi,21,vsmec,0
"vì có những người như bạn, page phải khóa bình luận để giữ sạch đấy . thật là giông bão 😌",1,openai/gpt-oss-20b,train,vi,21,vsmec,0
cho tao hỏi mấy con thú tụi bây cười cái gì dzậy? chắc tụi mày phải bị gậy đâm vào mồm mới dám ngẩng mặt nhìn đời phải không?,1,openai/gpt-oss-20b,train,vi,29,vsmec,0
cưng quá lắm luôn,1,openai/gpt-oss-20b,train,vi,4,vsmec,0
đó là dấu hiệu của sự trưởng thành =))))))))),1,openai/gpt-oss-20b,train,vi,9,vsmec,0
"động lực là tình yêu. vì sau khi chia tay, mình cảm thấy vô dụng trong một thời gian dài.",1,openai/gpt-oss-20b,train,vi,20,vsmec,0
bạn độc thân nè không có ai để nắm tay gọi là thử coi .. hihihi chúc em luon vui ve em nhé ...,1,openai/gpt-oss-20b,test,vi,24,vsmec,0
"đừng mày cứ lol, hoang tưởng thâm niên à, nó mở miệng ra, nó đào cả họ hàng mày nên nó chửi cho biết mặt. nhìn lằm nhìn lốn 😒😒",1,openai/gpt-oss-20b,train,vi,30,vsmec,0
per cũng có nè nhà mình,1,openai/gpt-oss-20b,train,vi,6,vsmec,0
tao đánh gái nguy hiểm vãi,1,openai/gpt-oss-20b,train,vi,6,vsmec,0
điên không điê hết tâm tạng đau hơi @@,1,openai/gpt-oss-20b,train,vi,9,vsmec,0
mọi thứ được ?????? dễ vãi,1,openai/gpt-oss-20b,train,vi,6,vsmec,0
đẹp trai à :((((,1,openai/gpt-oss-20b,train,vi,4,vsmec,0
đồ hack game gặp boss cuối rồi 😭😭 câu chuyện đi tới đây là kết thúc sao😭,1,openai/gpt-oss-20b,train,vi,17,vsmec,0
đợi đợi ngồi cưa bàn cùng cưa cổ thèn ngồi gần mỗi khi nó ghẹo cũng vui ??,1,openai/gpt-oss-20b,train,vi,18,vsmec,0
"tao ở trong, uống nước cho thân thoải mái rồi",1,openai/gpt-oss-20b,train,vi,10,vsmec,0
"đã có rồi mà, nghén rồi nè hihi",1,openai/gpt-oss-20b,train,vi,8,vsmec,0
"đáng yêu như em tao ý . cứ mỗi lần nó quyết định nơi ngủ thì lại đấu tranh tư tưởng, đúng rồi 🤣🤣",1,openai/gpt-oss-20b,train,vi,24,vsmec,0
đúng là thiếu nhân ái lắm,1,openai/gpt-oss-20b,train,vi,6,vsmec,0
nóng hơn cả người yêu :)),1,openai/gpt-oss-20b,train,vi,6,vsmec,0
cafe tinh khiết 🙂,1,openai/gpt-oss-20b,train,vi,4,vsmec,0
chán nản .,1,openai/gpt-oss-20b,test,vi,3,vsmec,0
lòng đường không phải nhà cụ nên cụ sai rồi . vỉa hè to như vậy rồi cụ còn muốn gì nữa.,1,openai/gpt-oss-20b,train,vi,22,vsmec,0
đã tởm nhìn kinh,1,openai/gpt-oss-20b,train,vi,4,vsmec,0
Chú này tội quá lắm á :(,1,openai/gpt-oss-20b,train,vi,7,vsmec,0
ồ ! nhớ nhiều !,1,openai/gpt-oss-20b,train,vi,5,vsmec,0
tao biết có ý thiện gửi tin ý nghĩa nhưng cứ nhìn sợ hãi lại sấm sét thật đáng sợ :<,1,openai/gpt-oss-20b,train,vi,21,vsmec,0
vì lý do nhà tao dùng năng lượng mặt trời .. 😌,1,openai/gpt-oss-20b,test,vi,12,vsmec,0
"ngày buồn hôm ấy, tôi cũng là người rời lớp cuối cùng .!!!",1,openai/gpt-oss-20b,train,vi,13,vsmec,0
per chồng xem khúc nó kéo xe chở con chó nè :)) đi đọc bình luận hài hước ghê,1,openai/gpt-oss-20b,train,vi,19,vsmec,0
vì trà sữa làm ta mập mà ta không muốn đâu : (,1,openai/gpt-oss-20b,train,vi,13,vsmec,0
nghe anh ấy nói chuyện thật thuyết phục,1,openai/gpt-oss-20b,train,vi,8,vsmec,0
per kìa 3 chị em vào mà đánh hàng về đi chứ hâha,1,openai/gpt-oss-20b,train,vi,13,vsmec,0
"phê thật . tai nó thâm đen, xì lấy ra hết rồi lại trắng hồng ngay",1,openai/gpt-oss-20b,train,vi,16,vsmec,0
vỉa hè rộng rãi lắm mà nhỉ,1,openai/gpt-oss-20b,train,vi,7,vsmec,0
:) vậy trong trường hợp này thì sao? có nhiều xe lắm mà cụ,1,openai/gpt-oss-20b,train,vi,14,vsmec,0
"cắt tóc sâu cho bố, có vẻ nhận 500đ để mua kẹo dồi😂",1,openai/gpt-oss-20b,train,vi,13,vsmec,0
đẹp trai lắm,1,openai/gpt-oss-20b,train,vi,3,vsmec,0
per gắn vào não thật:)),1,openai/gpt-oss-20b,train,vi,5,vsmec,0
"per, thông minh đây chớ đâu",1,openai/gpt-oss-20b,train,vi,6,vsmec,0
rơi nước mắt hết 😞😞,1,openai/gpt-oss-20b,train,vi,5,vsmec,0
"điểm mắt mà xem này khi bồ nói anh muốn đi tập gym thì dẹp ngay và luôn, mẹ công nó yêu thằng khác mất quá per",1,openai/gpt-oss-20b,train,vi,27,vsmec,0
"cứ nghĩ nó là đi vòng quanh, dù đường hơi xa vẫn dễ hơn khi bị nó dí =)))",1,openai/gpt-oss-20b,train,vi,19,vsmec,0
màu khỏe nhé :d,1,openai/gpt-oss-20b,test,vi,4,vsmec,0
bố là số 1 đỉnh nhất hơn những gì con cần,1,openai/gpt-oss-20b,train,vi,11,vsmec,0
"không được uống, đã đành đầy đủ ngồi dọn sấp mặt, giống cáo và chùm nho xanh per",1,openai/gpt-oss-20b,train,vi,18,vsmec,0
đứa này bán kem dán não ... loại bỏ nếp nhăn .. làm não láng mịn 😌😌😌😌,1,openai/gpt-oss-20b,train,vi,17,vsmec,0
"dume tao từ giờ sẽ gỡ thích page này huhu, nghiệp mà",1,openai/gpt-oss-20b,test,vi,12,vsmec,0
đứng lùi 3 bước đi . ngứa mắt hết đâu đi,1,openai/gpt-oss-20b,train,vi,11,vsmec,0
"wow, đẹp dữ đấy à hehe.",1,openai/gpt-oss-20b,train,vi,6,vsmec,0
"chọn thằng nào cũng không quan trọng, vì bất cứ nơi nào cũng không có thằng nào thích em đâu mà ảo tưởng =))",1,openai/gpt-oss-20b,train,vi,24,vsmec,0
đắng quá .. nhưng đã qua nên bỏ đi .. khẩu nghiệp nữa,1,openai/gpt-oss-20b,test,vi,13,vsmec,0
mỗi lần nhìn lại sởn gai ốc,1,openai/gpt-oss-20b,train,vi,7,vsmec,0
giống con điên :)),1,openai/gpt-oss-20b,train,vi,4,vsmec,0
"phải tiêu diệt ngay, không nó đẻ trứng",1,openai/gpt-oss-20b,train,vi,8,vsmec,0
"đã tính 28 nhưng bây giờ có bồ nên cưới ngay, không sợ gì đúng ế haha",1,openai/gpt-oss-20b,train,vi,17,vsmec,0
chưa khi mô cảm nhận đi nhảy trung thu cùng người yêu như răng,1,openai/gpt-oss-20b,train,vi,14,vsmec,0
đi chạy ngay 😒 trước khi bọn chủ tịch vào đây và giả làm con cặc gì đó rồi bị coi thường và các mày phải nhận cái kết đó !!,1,openai/gpt-oss-20b,test,vi,31,vsmec,0
đậu . tao mê nhất là giọng tuy hòa phú yên . nó luôn để lại ấn tượng sâu lắng . nghe cứ như mình thích ấy,1,openai/gpt-oss-20b,train,vi,27,vsmec,0
"hôm qua xem, cười lộn ruột",1,openai/gpt-oss-20b,train,vi,6,vsmec,0
quan trọng là có tiền rót trước,1,openai/gpt-oss-20b,train,vi,7,vsmec,0
"chú em còn non quá, kêu thu ngân thêm phí dọn dẹp 200k, không trả thì bảo vệ không cho lấy xe, đó là quy định hầu hết quán karaoke, khi mang đồ ăn ngoài vào, ói trong phòng, và đỗ bia nước ngọt, xả rát kiểu như trong video, nhưng thực ra cũng có thể bị phạt nếu không tuân thủ và đi về điều",1,openai/gpt-oss-20b,test,vi,66,vsmec,0
"cái minh chứng hình đó dễ lắm. cứ vẽ lên bài rồi người chấm thấy mình biết, sao :))",1,openai/gpt-oss-20b,train,vi,19,vsmec,0
có vẻ lo lắng quá 😂😂😂... dừng tới lúc nó nhảy trượt rơi xún chắc bó gào thét banh ...,1,openai/gpt-oss-20b,train,vi,20,vsmec,0
đỉnh lắm =))),1,openai/gpt-oss-20b,train,vi,3,vsmec,0
đúng là cảm động lắm hic,1,openai/gpt-oss-20b,train,vi,6,vsmec,0
dạ cho em hỏi đường này nằm đâu z ạ . để em đéo tới đây ạ . đm bước cái chắc tét háng,1,openai/gpt-oss-20b,train,vi,24,vsmec,0
yte24tr tháng này ???? kinh vầy ???,1,openai/gpt-oss-20b,test,vi,7,vsmec,0
cách em mày mày bao nhiêu tuổi ?,1,openai/gpt-oss-20b,test,vi,8,vsmec,0
"đọc bình luận, cười ẻ",1,openai/gpt-oss-20b,test,vi,5,vsmec,0
biết chứ đãtừng dùng,1,openai/gpt-oss-20b,train,vi,4,vsmec,0
"per tao đã nói rồi nha, địt mẹ mày",1,openai/gpt-oss-20b,train,vi,9,vsmec,0
điên mệt lắm - _ -,1,openai/gpt-oss-20b,train,vi,6,vsmec,0
đúng em sai rồi . a xin lỗi em đi 😂😂,1,openai/gpt-oss-20b,train,vi,11,vsmec,0
hoàng thượng mặc áo đầu lâu sợ,1,openai/gpt-oss-20b,test,vi,7,vsmec,0
đã mua p30 ngay,1,openai/gpt-oss-20b,train,vi,4,vsmec,0
vì bố bảo thủ quá,1,openai/gpt-oss-20b,train,vi,5,vsmec,0
"mút này mình phun nước để mềm, lấy chổi đùa đùa quét tới lúc nghỉ việc, quét vẫn chưa xong, nha, đúng đi, đi, đi, đi, đi, thứ nl",1,openai/gpt-oss-20b,train,vi,29,vsmec,0
đau lắm mà huhu,1,openai/gpt-oss-20b,train,vi,4,vsmec,0
em đã bao giờ nghĩ tới mối quan hệ đồng tính chưa?,1,openai/gpt-oss-20b,train,vi,12,vsmec,0
"đánh nhau , ghét nhau , nói xấu nhau dcm",1,openai/gpt-oss-20b,train,vi,10,vsmec,0
"mình thấy trong lúc khám bệnh, con nói chuyện mẹ như nói chuyện với cháu.",1,openai/gpt-oss-20b,train,vi,15,vsmec,0
"Ông tóc ngắn, tóc cam, tên là gì ạ?",1,openai/gpt-oss-20b,train,vi,9,vsmec,0
"là mai cũng có chuyện gì đó, vụ gì, và này nọ cho xem",1,openai/gpt-oss-20b,train,vi,14,vsmec,0
Ông này đẹp lắm,1,openai/gpt-oss-20b,train,vi,4,vsmec,0
per tập gym đi bạn có người yêu đấyyyy =))))),1,openai/gpt-oss-20b,train,vi,10,vsmec,0
"đi xem hết mới hiểu video này không phải hài, thấy buồn buồn 😪",1,openai/gpt-oss-20b,train,vi,14,vsmec,0
"khi học đại học, em gọi bố xin tiền, bố ra ngân hàng chuyển tiền rồi em hỏi stk rồi hỏi “tên mày là gì ??” 😭😭",1,openai/gpt-oss-20b,train,vi,27,vsmec,0
per còn nhớ cây này chưa?,1,openai/gpt-oss-20b,train,vi,6,vsmec,0
đáng yêu ha,1,openai/gpt-oss-20b,train,vi,3,vsmec,0
đã rơi nước mắt . cha mẹ là người luôn yêu thương mình nhất,1,openai/gpt-oss-20b,train,vi,14,vsmec,0
đó mới làm nên công lớn chứ,1,openai/gpt-oss-20b,train,vi,7,vsmec,0
"thằng này đi sing học luật, sao mà viết hay quá đúng à?",1,openai/gpt-oss-20b,train,vi,13,vsmec,0
có biết bao người có mảnh đời như thế!,1,openai/gpt-oss-20b,train,vi,9,vsmec,0
mạng nhện chắc đã đóng kín rồi nhỉ,1,openai/gpt-oss-20b,train,vi,8,vsmec,0
"đón khách tàu nhanh, ai muốn ok nè",1,openai/gpt-oss-20b,train,vi,8,vsmec,0
đã đã thấy đỏ chót rồi,1,openai/gpt-oss-20b,train,vi,6,vsmec,0
"cái sao lại có nhiều người thật là ngu quá. đậu xe xát đường ray xe lửa. còn mấy thằng bình luận cũng ngu, nói xe lửa chạy trên đường ray mà kêu nó bẻ lái qua chúc xíu. bẻ đâu bẻ",1,openai/gpt-oss-20b,train,vi,42,vsmec,0
vãi tinh hồn .,1,openai/gpt-oss-20b,train,vi,4,vsmec,0
giun này xào thêm chút xả ớt thì siêu hay lắm 🤣,1,openai/gpt-oss-20b,train,vi,12,vsmec,0
xỉu lên đi xuống :(,1,openai/gpt-oss-20b,train,vi,5,vsmec,0
em hy vọng tiền kiếm sẽ không bị vợ giữ nốt 🤣,1,openai/gpt-oss-20b,train,vi,12,vsmec,0
"Ăn hại zồi, bắt em gái dọn, quá đáng lắm rồi đi đó",1,openai/gpt-oss-20b,train,vi,13,vsmec,0
"tui cũng ch và i lắm mà ăn nhỉ, u nở người lắm mọi người anh, bi lơ miệ người",1,openai/gpt-oss-20b,train,vi,20,vsmec,0
per tiến cử bản mình nào!,1,openai/gpt-oss-20b,train,vi,6,vsmec,0
ổng bị bắt rồi :( thì lấy gì xem,1,openai/gpt-oss-20b,test,vi,9,vsmec,0
"xem giá cả, chất lượng, nếu không ổn thì cũng không được ...",1,openai/gpt-oss-20b,test,vi,13,vsmec,0
trời mà cute quá lozzzz,1,openai/gpt-oss-20b,train,vi,5,vsmec,0
Ly hôn kiểu này không cần bước cuối cùng. Chỉ cần tính xem trả tiền mừng là mình ngay bỏ ý định ly hôn rồi... kkkk,1,openai/gpt-oss-20b,train,vi,26,vsmec,0
đúng vibe dân miền tây hahaha,1,openai/gpt-oss-20b,train,vi,6,vsmec,0
"kaka anh này bán hành hay luôn kaka . bó tay . miệng nói một đường , não nghỉ một lối",1,openai/gpt-oss-20b,train,vi,21,vsmec,0
có 1 người hợp tác thì đã cũg quý hoá quá rồi,1,openai/gpt-oss-20b,train,vi,12,vsmec,0
tao hiểu rồi,1,openai/gpt-oss-20b,test,vi,3,vsmec,0
đúng rồi . haha,1,openai/gpt-oss-20b,train,vi,4,vsmec,0
tao đéo ngờ được đây là trường của tao :)))),1,openai/gpt-oss-20b,train,vi,10,vsmec,0
"nếu không xin lỗi em tao , tao hứa cắt tiệt từng người ... nhưng tao không giết 🙄. học hành cái lồn gì bọn này .",1,openai/gpt-oss-20b,train,vi,27,vsmec,0
ngày ấy cũng như lúc ấy ☺️,1,openai/gpt-oss-20b,train,vi,7,vsmec,0
đơn giản vì đó đéo còn yêu mày nữa rồi ==,1,openai/gpt-oss-20b,train,vi,11,vsmec,0
đã chuẩn rồi per dù mệt nhưng vẫn vui :))),1,openai/gpt-oss-20b,train,vi,10,vsmec,0
nấu mì 2 tôm là siêu tướng,1,openai/gpt-oss-20b,train,vi,7,vsmec,0
cảm ơn các người thả 😡 vì mình biết là đéo giỏi nên mình đéo xem . may vãi,1,openai/gpt-oss-20b,train,vi,19,vsmec,0
không chỉ hạnh phúc mà còn cứng nữa đi :)),1,openai/gpt-oss-20b,test,vi,10,vsmec,0
đứa trâu Việt Nam đáng sợ thật,1,openai/gpt-oss-20b,train,vi,7,vsmec,0
đồ bẩn vãi nồi,1,openai/gpt-oss-20b,train,vi,4,vsmec,0
cảm giác bị tổn thương,1,openai/gpt-oss-20b,train,vi,5,vsmec,0
đổi từ đau lòng thành muốn chết vì chán quá đi đi:((,1,openai/gpt-oss-20b,train,vi,12,vsmec,0
"móe mình chưa thấy cảnh này, chỉ dọn bánh kem, bọn ném nhau, dính lên mọi thứ, trộn lẫn với bãi nôn thôi 😱😱😱",1,openai/gpt-oss-20b,train,vi,24,vsmec,0
liên quan à . cr mày đéo mày đâu . nó có crush mới rồi . 🙂,1,openai/gpt-oss-20b,train,vi,17,vsmec,0
nhà bên sông thật đẹp . tiếc là sông đầy rác rác rác,1,openai/gpt-oss-20b,train,vi,13,vsmec,0
đánh thì đánh . nhưng giọng anh dọn phòng thật là trổi tai đúng .,1,openai/gpt-oss-20b,train,vi,15,vsmec,0
"đúng là romantic, mà mà mà... khi nghĩ tới cảnh động phòng hoa, mình thấy nhột nhột lỗ đít 😧😧",1,openai/gpt-oss-20b,test,vi,20,vsmec,0
"tỏ tình cho nó biết thôi mà, không phải yêu đương kiểu này :(((",1,openai/gpt-oss-20b,train,vi,14,vsmec,0
"đấm liên tục vào miệng, không trượt phát nào ...",1,openai/gpt-oss-20b,train,vi,10,vsmec,0
đã lâu mới nghe lại bài này buồn thế,1,openai/gpt-oss-20b,test,vi,9,vsmec,0
"đứng cao đánh nhẹ, cảnh cáo cho có lệ",1,openai/gpt-oss-20b,train,vi,9,vsmec,0
cô ấy nói: đời như lol 🙂,1,openai/gpt-oss-20b,train,vi,7,vsmec,0
không biết đâu! vợ tôi cũng không cho nữa!,1,openai/gpt-oss-20b,test,vi,9,vsmec,0
điên thông minh,1,openai/gpt-oss-20b,train,vi,3,vsmec,0
đừng hỏi vì sao giới tính luôn bị bẻ cong,1,openai/gpt-oss-20b,test,vi,10,vsmec,0
vì mày ngu đéo ghi chỗ khác :)),1,openai/gpt-oss-20b,train,vi,8,vsmec,0
cười to gục lắm 🤣🤣🤣,1,openai/gpt-oss-20b,train,vi,5,vsmec,0
per sợ nhện à không :)),1,openai/gpt-oss-20b,train,vi,6,vsmec,0
đợi một con chó thì chắc chưa kịp kiên nhẫn với bố mẹ hay người thân ngay bên mình.,1,openai/gpt-oss-20b,train,vi,19,vsmec,0
xong mấy bác bị dắt mũi rồi. nghe tới đoạn au mobile thì biết nó quảng cáo game trá hình rồi. như con cặc,1,openai/gpt-oss-20b,train,vi,24,vsmec,0
bà ta đâu cư xử như một vợ đâu!,1,openai/gpt-oss-20b,train,vi,9,vsmec,0
đến tuổi người ta mình vẫn mải suy nghĩ chiều nay ăn gì 😢,1,openai/gpt-oss-20b,train,vi,14,vsmec,0
cậu ấy đang ở đâu ạ,1,openai/gpt-oss-20b,train,vi,6,vsmec,0
tao rơi nước mắt 1 buổi ☹️,1,openai/gpt-oss-20b,train,vi,7,vsmec,0
"tao không phân biệt được bà nội, bà ngoại ??",1,openai/gpt-oss-20b,train,vi,10,vsmec,0
đây buồn :(((,1,openai/gpt-oss-20b,train,vi,3,vsmec,0
sáng anh gọi tôi dậy đi :)),1,openai/gpt-oss-20b,test,vi,7,vsmec,0
đã ăn cơm chưa rồi?,1,openai/gpt-oss-20b,train,vi,5,vsmec,0
vỡ tan cũng như thế đó,1,openai/gpt-oss-20b,train,vi,6,vsmec,0
em đang ở đâu mà mấy năm rồi vẫn chưa xuất hiện :),1,openai/gpt-oss-20b,train,vi,13,vsmec,0
"đấm liên tục vào mồm, đđéo trượt, phát lòn hết rồi =))",1,openai/gpt-oss-20b,train,vi,12,vsmec,0
"thế mày lại mix nhạc vào làm sao, con bé bị tán mấy chục cái, mày thật ác lắm",1,openai/gpt-oss-20b,train,vi,19,vsmec,0
sao giốg với mình v . nhưg mình bỏ rồi người ta có vẻ cũng có người khác . từ đầu là do mình ảo tưởng thôi giờ thì tỉnh đi cô gái ạ,1,openai/gpt-oss-20b,train,vi,34,vsmec,0
"chiến tranh đâu có gì vui, chỉ gây thương",1,openai/gpt-oss-20b,test,vi,9,vsmec,0
"nói mưa là mưa v chờ, tôi còn đi chơi đi học nữa mừ.",1,openai/gpt-oss-20b,train,vi,14,vsmec,0
t vẫn được nghỉ 1 tuần :)))),1,openai/gpt-oss-20b,train,vi,7,vsmec,0
"ờ mình thật thông minh, đã dừng đúng lúc rồi nhé",1,openai/gpt-oss-20b,train,vi,11,vsmec,0
lạy chúa con vẫn là học sinh,1,openai/gpt-oss-20b,train,vi,7,vsmec,0
tao cứ nghĩ đoạn per sẽ nói hôn nụ hôn chia tay mà… ai ngờ kết quả lại khác bây đi,1,openai/gpt-oss-20b,train,vi,21,vsmec,0
"xem phim mà cứ nhìn đôi chân của ổng, chân gì mà dài luôn thượt. chồi ôi 1m87",1,openai/gpt-oss-20b,train,vi,18,vsmec,0
đã tiến triển! kkk,1,openai/gpt-oss-20b,train,vi,4,vsmec,0
đá mấy ba trò nấu cơm này sao làm khó tao.,1,openai/gpt-oss-20b,train,vi,11,vsmec,0
"cá nhân mình nghĩ, nếu nó dừng hay đỗ sai thì đã có ca pạt, còn nếu nó đỗ trước cửa nhà mình mà ô tô hay xe không vào được thì lúc đó mới có ý kiến. Công nhận bọn ô tô đỗ trước nhà chỉ muốn đốt",1,openai/gpt-oss-20b,train,vi,49,vsmec,0
đáng sợ,1,openai/gpt-oss-20b,train,vi,2,vsmec,0
đọc khi bé đã nghĩ rồi đã đã =)))))))),1,openai/gpt-oss-20b,train,vi,9,vsmec,0
xem lại nhiều lần đến mức không nhớ được vì phim hay đặc đặcvà ý nghĩa .!,1,openai/gpt-oss-20b,train,vi,17,vsmec,0
đời thơ không có gì lạ cho tới khi năm lớp 12 . nhớ suốt đời cậu bạn ngồi bên đúng cạnh,1,openai/gpt-oss-20b,train,vi,22,vsmec,0
"per khiếp nhớ thời xưa quá anh em ơi,đi đi đi làm cười suốt ngày luôn 😩",1,openai/gpt-oss-20b,train,vi,17,vsmec,0
"xem 1 lần rồi, thôi !!",1,openai/gpt-oss-20b,train,vi,6,vsmec,0
"loại này là như thế, y con chó mình .. hjjjj",1,openai/gpt-oss-20b,train,vi,11,vsmec,0
cũng có kỹ thuật của per trong đấu trường thú nè :))),1,openai/gpt-oss-20b,test,vi,12,vsmec,0
"mức thu cao nhất - đồng ý vì số liệu cho thấy như vậy, còn hiệu quả thì mình không biết đúng không 😂 mỗi lần vào vcb là phải chờ mỏi mòn, không như những người khác",1,openai/gpt-oss-20b,train,vi,38,vsmec,0
mấy con gà đã bị lừa mà đéo biết.,1,openai/gpt-oss-20b,train,vi,9,vsmec,0
tao ho mất hết tóc rồi 😭,1,openai/gpt-oss-20b,train,vi,7,vsmec,0
còn buồn hơn là cố gắng quan tâm nhưng họ vẫn không trả lời,1,openai/gpt-oss-20b,train,vi,14,vsmec,0
crush ăn thịt hay không quan trọng lắm. t chỉ lo vợ mình bị thg nào đó gạ địt thôi. nghĩ mà buồn,1,openai/gpt-oss-20b,train,vi,23,vsmec,0
lần sau đi mua vài vít gỗ 2cm lém gần bánh :)) lần sau sợ ngay :)) ﻿,1,openai/gpt-oss-20b,train,vi,18,vsmec,0
"ôi vãi xem ảnh sốc mình, đám nghiệt súc cười nhé răng !!!!!!!! đhs ... 😞 đẻ ra đau bết cả lồn",1,openai/gpt-oss-20b,train,vi,22,vsmec,0
per ta quyết giữ im,1,openai/gpt-oss-20b,train,vi,5,vsmec,0
các bác dẫn crush qua cây sữa hôm nay mà bị nước đái ve nha haha,1,openai/gpt-oss-20b,train,vi,16,vsmec,0
"đệm lắm lông , cánh tay to ói tuổi thơ của taoooo :33333!!!",1,openai/gpt-oss-20b,test,vi,13,vsmec,0
"đọc nhiều truyện cổ tích, vầy thấy yêu đời hẳn :))",1,openai/gpt-oss-20b,test,vi,11,vsmec,0
moẹ s tuổi thơ của tôi toàn gặp phải thằng mất dạy . toàn đánh với bắt nạt các cô gái . đm thằng per với thằng per lớn . tau vẫn nhớ,1,openai/gpt-oss-20b,train,vi,33,vsmec,0
"a trai mình làm trung nguyên 3 năm thôi. cũng gặp qua bà thảo cùng ông vũ rồi, bà thảo đúng là con buôn, tham lam lắm, chả có tâm chút nào 👌",1,openai/gpt-oss-20b,test,vi,33,vsmec,0
3s để tôi nói 'tôi yêu em' và cả quãng đời còn lại để tôi chứng minh lời 'tôi yêu em',1,openai/gpt-oss-20b,train,vi,21,vsmec,0
điều cười đau bụng đều 🤣🤣,1,openai/gpt-oss-20b,test,vi,6,vsmec,0
mình còn để ảnh anh ấy trong thẻ học sinh rồi bị thấy cơ,1,openai/gpt-oss-20b,train,vi,14,vsmec,0
ai ngốc như mày,1,openai/gpt-oss-20b,test,vi,4,vsmec,0
đúng cảm động,1,openai/gpt-oss-20b,train,vi,3,vsmec,0
"xem ít nhất 3 lần chia sẻ, ít nhất 2 lần, nhưng mỗi lần lại thấy buồn khi xem lại",1,openai/gpt-oss-20b,train,vi,20,vsmec,0
"đi học về, thấy bán hoa ở đây đường, cảm thấy tội cho bọn có gấu... lại tốn tiền",1,openai/gpt-oss-20b,train,vi,19,vsmec,0
"đụ mẹ tặc , cuối tuần về ra nha :))",1,openai/gpt-oss-20b,train,vi,10,vsmec,0
"có vài con đi quán, biết là bọn mày bỏ tiền ra thật mà nhưng làm người thì phải có văn hóa à ... đcm xả rác, đổ tùm lum rồi xé giấy ... nói chung là bọn nó đi chỗ đó như kiểu trong ngành luôn ấy ... tưởng bỏ tiền ra là làm cha làm mẹ người ta z đó .... mặt đẹp mà tính ở dơ",1,openai/gpt-oss-20b,train,vi,69,vsmec,0
chúng mày có điên không 😒,1,openai/gpt-oss-20b,train,vi,6,vsmec,0
"cái gì thế này?  
này là kiến thức đó à?",1,openai/gpt-oss-20b,train,vi,10,vsmec,0
biết giả cũng phải tạo,1,openai/gpt-oss-20b,test,vi,5,vsmec,0
"đã xưa vào trông nhà cho ông bà, thuê bản võ thuật này xem cho mạnh mé đỡ sợ mà ngay thuê bản này. ám ảnh quả nhạc tao tao téo vãi",1,openai/gpt-oss-20b,train,vi,32,vsmec,0
có ai như mình đọc bình luận 🤣 mình cười mình xĩu,1,openai/gpt-oss-20b,train,vi,12,vsmec,0
cùng câu hỏi .. vụ thang máy đâu sao nhỉ,1,openai/gpt-oss-20b,train,vi,10,vsmec,0
tao thật sợ mất đứa trông như thế đi,1,openai/gpt-oss-20b,train,vi,9,vsmec,0
chỉ có được chữ đẹp thôi . hihihi ...,1,openai/gpt-oss-20b,train,vi,9,vsmec,0
bọn dân trí thấp cũng nghĩ là hay.,1,openai/gpt-oss-20b,train,vi,8,vsmec,0
buồn lắm!!,1,openai/gpt-oss-20b,train,vi,2,vsmec,0
đỉnh quá,1,openai/gpt-oss-20b,train,vi,2,vsmec,0
mày sao mặt boss gian đến như vậy nhỉ.,1,openai/gpt-oss-20b,train,vi,9,vsmec,0
điều giả 😌,1,openai/gpt-oss-20b,test,vi,3,vsmec,0
"đập chết mẹ nó đi, nó làm người ta nhồi máu tim có khác gì giết gián tiếp mà ở Mỹ gọi là giết người cấp 2 đấy.",1,openai/gpt-oss-20b,train,vi,28,vsmec,0
"đúng là quá, mình đang nhà dệt chăn xem cảnh này, lạnh lẽo đi, chắc chớt",1,openai/gpt-oss-20b,train,vi,16,vsmec,0
"cắt tóc xong rồi gội đầu, tóc vẫn ướt, nhìn đẹp trai lắm luôn đúng!!!",1,openai/gpt-oss-20b,train,vi,15,vsmec,0
mặt dày đã ôm chặt ngắt cho chị. 😆,1,openai/gpt-oss-20b,train,vi,9,vsmec,0
điên rồ vô lý,1,openai/gpt-oss-20b,test,vi,4,vsmec,0
móng của bố tao . trước và giờ đã cắt vì lý do . sức khỏe đi đi .,1,openai/gpt-oss-20b,train,vi,19,vsmec,0
đứa nào kiểu này tao cho cạch mặt!!! không thích nữa 😂😂,1,openai/gpt-oss-20b,train,vi,12,vsmec,0
"đề này cho lực học lớp 9 không khó lắm, cẩn thận một chút là được",1,openai/gpt-oss-20b,train,vi,16,vsmec,0
đời mà mấy ai được trọn vẹn 😢😢,1,openai/gpt-oss-20b,train,vi,8,vsmec,0
cần tỉnh táo luôn,1,openai/gpt-oss-20b,train,vi,4,vsmec,0
đầu bọn này nếp nhăn nhiều lắm,1,openai/gpt-oss-20b,train,vi,7,vsmec,0
cưng sao,1,openai/gpt-oss-20b,train,vi,2,vsmec,0
a per ..... nhìn những bức ảnh này ... sao em nhớ anh quá ... 15 năm đã qua .. giờ anh lưu lạc ở đâu . 😭😭😭😭,1,openai/gpt-oss-20b,train,vi,28,vsmec,0
mẹ cái lũ thầu nấu ăn cho bé. ai cũng nói mày nấu 1 năm thì có hàng tỉ tiền. mẫu giáo còn chịu được thì cấp 1 còn điều gì đi.,1,openai/gpt-oss-20b,train,vi,32,vsmec,0
"Em per gì gì đang hot, làm lại ngực nhưng đi đi đoạn đường này thì ngải cứu :))",1,openai/gpt-oss-20b,train,vi,19,vsmec,0
"có dăm ba nồi này, sao nấu ngon bằng cơm điện nhà tao được? kaka",1,openai/gpt-oss-20b,train,vi,15,vsmec,0
"đúng là xa thơm, gần thối. người tuyệt vời ngay trước mắt mà không thấy",1,openai/gpt-oss-20b,train,vi,15,vsmec,0
per =))))) đúng vibe sáng tạo :)),1,openai/gpt-oss-20b,train,vi,7,vsmec,0
per vui lắm .. đã đi dạo ven hồ rồi 🙂,1,openai/gpt-oss-20b,train,vi,11,vsmec,0
công nhận 😌😌😌 đồng nghiệp hạp hạp tí có lúc ngồi bán cả ngày bám hơn cả bám người yêu . đi làm hôm nào cảm thấy hôm đó ý nghĩa vãi,1,openai/gpt-oss-20b,train,vi,32,vsmec,0
"tôi cũng trong hoàn cảnh với bạn, má tôi đang bệnh và mỗi ngày tôi bên má, tôi sợ giây phút má bỏ tôi đi, và ngày đó, ai cũng nhớ từng giây từng khắc bên mẹ.",1,openai/gpt-oss-20b,train,vi,37,vsmec,0
người ngoài hành tinh đã học tiếng Anh rồi à vãi,1,openai/gpt-oss-20b,train,vi,11,vsmec,0
tao thì muốn là đéo lúc nào . nhưng mẹ tao thì muốn ngay bây giờ 😢,1,openai/gpt-oss-20b,test,vi,17,vsmec,0
"đúng là mình cũng được tỏ tình lãng mạn kiểu này . ôi, ngủ đi. muộn rồi :3",1,openai/gpt-oss-20b,test,vi,18,vsmec,0
em đã chờ được 🙂,1,openai/gpt-oss-20b,test,vi,5,vsmec,0
vừa rồi đông tới tâm hồn càng sâu đêm càng lạnh,1,openai/gpt-oss-20b,train,vi,11,vsmec,0
có lẽ tao vác dao đâm chết cdm bọn hãm này :)))),1,openai/gpt-oss-20b,test,vi,12,vsmec,0
"thêm trang này, nó ăn cắp ý tưởng của tôi",1,openai/gpt-oss-20b,train,vi,10,vsmec,0
"đã tan rã hết rồi, giờ chỉ đánh lẻ 😭😭😭",1,openai/gpt-oss-20b,train,vi,10,vsmec,0
điên ghét bọn trộm cắp,1,openai/gpt-oss-20b,train,vi,5,vsmec,0
không biết nói gì . xem clip em cười tục mà tim tôi không thấy vui chút nào . thương em,1,openai/gpt-oss-20b,train,vi,21,vsmec,0
"Ngày xưa cứ bị mẹ đánh bằng dây điện, ngay khi phát nào ứa máu phát ngay. giờ nhớ lại thấy hay, vì mẹ lúc ấy nghiêm khắc nên mình đúng là mới ngoan 🙂",1,openai/gpt-oss-20b,train,vi,35,vsmec,0
"có vẻ tối tăm, bẩn thỉu, nhìn kinh khủng",1,openai/gpt-oss-20b,train,vi,9,vsmec,0
"từ bé tới lớn học luôn ngồi cùng bàn với chàng , luôn phải đối mặt chiến đấu với vạch phấn chia đôi ghế . đi 🤣🤣!",1,openai/gpt-oss-20b,train,vi,27,vsmec,0
điên trời thằng con trời đánh,1,openai/gpt-oss-20b,train,vi,6,vsmec,0
"đi làm quán nước mà mỗi chiếc bịch nay long đựng ống hút cũng xé nhỏ rồi bay tứ tung, quét đã muốn lòi lồn",1,openai/gpt-oss-20b,train,vi,25,vsmec,0
tao cũng muốn học vẽ nhiều lắm :( nhưng không có điều kiện để đi học,1,openai/gpt-oss-20b,test,vi,16,vsmec,0
"quá ẩu vay mà bị tù, người ta tân 7nam giờ trả 200tr. quá tội cho cô ấy, còn những thằng kia thì quá tệ...",1,openai/gpt-oss-20b,train,vi,25,vsmec,0
"Ủa, mình tưởng trái bòn bon mà,",1,openai/gpt-oss-20b,train,vi,7,vsmec,0
"đến gặp tao, tao sút cho vào mỏ",1,openai/gpt-oss-20b,train,vi,8,vsmec,0
đắng cay ngọt bùi . nhưng đắng cay thường nhiều hơn =)),1,openai/gpt-oss-20b,train,vi,12,vsmec,0
"đã bị tát lần đầu có thể hơi sốc chút, đi nhưng rồi nhiều lần rồi sẽ quen ngay mà! 😂!",1,openai/gpt-oss-20b,test,vi,21,vsmec,0
bởi chính sách quản lý yếu mới ra vậy,1,openai/gpt-oss-20b,train,vi,9,vsmec,0
đau hơn tỏ tình bị từ chối lắm per,1,openai/gpt-oss-20b,train,vi,9,vsmec,0
đai giảm tốc độ kiểu ấy mà gặp mấy bà đang sinh là quyết định sinh trên xe hay ở nhà rồi hẳn đưa lên bệnh viện đúng đi 😂😂😂,1,openai/gpt-oss-20b,train,vi,30,vsmec,0
ơ . t chỉ băn khoăn sao mày lại mặc quần màu hường hình cô gái thôi ??,1,openai/gpt-oss-20b,test,vi,18,vsmec,0
tao thấy mấy chàng đi sh 10 chàng thì 9 chàng không mũ ngông nghênh. ngồi trên xe thì dume mặt cứ nhìn lên trời =)) đéo hiểu chúng nó sĩ oai cái lol gì luôn.,1,openai/gpt-oss-20b,train,vi,36,vsmec,0
suốt ngày được chửi ??,1,openai/gpt-oss-20b,train,vi,5,vsmec,0
"đã xong vài tháng, thằng bạn chung lớp chửi mình chảnh , bố đời .",1,openai/gpt-oss-20b,train,vi,15,vsmec,0
"người Vũng Tàu khác, hết người có nhân cách cao",1,openai/gpt-oss-20b,test,vi,10,vsmec,0
"cái miệng nhanh hơn não, nhanh hơn",1,openai/gpt-oss-20b,train,vi,7,vsmec,0
cách nào mà mình có thể yêu con người này ???,1,openai/gpt-oss-20b,train,vi,11,vsmec,0
bể mẹ đồ kính cường lực đã dán :#,1,openai/gpt-oss-20b,train,vi,9,vsmec,0
"dù sống được mấy đời thì vẫn nợ mẹ cha hết cả mấy đời, tránh.",1,openai/gpt-oss-20b,train,vi,15,vsmec,0
"per nói này, mày không được đi chơi đêm nhé",1,openai/gpt-oss-20b,test,vi,10,vsmec,0
"đã gần 2 năm tới sớm nhất mở cửa lớp, khi về cũng là người cuối cùng khóa cửa. đến giờ ra trường 3 năm vẫn không muốn vứt chìa khóa lớp...",1,openai/gpt-oss-20b,train,vi,32,vsmec,0
đã nhận ra không lỗi 😆😆,1,openai/gpt-oss-20b,test,vi,6,vsmec,0
"đến giờ 24 tuổi vẫn bị ám ảnh, sợ ngỗng :)))",1,openai/gpt-oss-20b,train,vi,11,vsmec,0
"cây hoa sữa thì nói cây hoa sữa đi, tình yêu tình báo gì ra ngửi mùi chắc mất mẹ tình yêu luôn",1,openai/gpt-oss-20b,train,vi,23,vsmec,0
đã gặp em đúng lúc . nhưng lại không đúng thời điểm em muốn ....,1,openai/gpt-oss-20b,test,vi,15,vsmec,0
"đúng là, chỉ vàng thật mới có giá trị, vàng trắng thì chẳng có giá trị 😥",1,openai/gpt-oss-20b,test,vi,17,vsmec,0
thương .. mong sớm có ai chăm sóc bé,1,openai/gpt-oss-20b,train,vi,9,vsmec,0
"đau thật, dạo này hồi xuân sao đọc những thứ này ấm lòng vãi đầy đầy. :(",1,openai/gpt-oss-20b,test,vi,17,vsmec,0
đột ngột giận mẹ mắt,1,openai/gpt-oss-20b,train,vi,5,vsmec,0
điểm hay nhưng chỉ là đáy thôi,1,openai/gpt-oss-20b,train,vi,7,vsmec,0
đáng sợ trông ngu vãi,1,openai/gpt-oss-20b,test,vi,5,vsmec,0
giờ nín ngay không? làm gì phải khóc,1,openai/gpt-oss-20b,train,vi,8,vsmec,0
"củ cà rốt mà cái mẹt đã vây, nếu là miếng thịt thì không bít mẹt ra sao nhể đấy 😂",1,openai/gpt-oss-20b,test,vi,21,vsmec,0
"ôi trời, nguy hiểm à",1,openai/gpt-oss-20b,train,vi,5,vsmec,0
"đi chơi gặp 3 con, mất dậy này vừa bị dí vừa bị cạp đít đau, không chịu được, phải nhảy lên cây trốn, giờ gặp là sợ 😭😭",1,openai/gpt-oss-20b,test,vi,29,vsmec,0
đứng đội luôn,1,openai/gpt-oss-20b,train,vi,3,vsmec,0
t không thấy gì thú vị.,1,openai/gpt-oss-20b,train,vi,6,vsmec,0
đáng yêu lắm . người quay phim cũng không kiểu vừa ^^,1,openai/gpt-oss-20b,train,vi,12,vsmec,0
mẹ chồng nghiệt lắm =))))),1,openai/gpt-oss-20b,train,vi,5,vsmec,0
"cô ấy đang rơi nước mắt, nhưng vì hàm răng không thụt vào nên mọi người nghĩ là cô đang cười :))))",1,openai/gpt-oss-20b,test,vi,22,vsmec,0
một lũ ngốc,1,openai/gpt-oss-20b,test,vi,3,vsmec,0
"sau vụ 200k rồi, vụ 5tr này có nội dung hài hước y hịt :))))",1,openai/gpt-oss-20b,train,vi,15,vsmec,0
đầu mùa chua chua ăn ngon lắm_chưởng . yêu vải nhiều cũng . trong khi nhà đầy nhãn .,1,openai/gpt-oss-20b,train,vi,19,vsmec,0
"tao cứ giận hết, dỗi lại, phải dỗ tao đều luôn. hahahaha",1,openai/gpt-oss-20b,train,vi,12,vsmec,0
động lực giúp mình tiếp,1,openai/gpt-oss-20b,train,vi,5,vsmec,0
"giá như ở đâu cũng có một đội như thế, những người đi khuya xe hỏng chịu khổ biết bao. thật là hành động xứng đáng chia sẻ",1,openai/gpt-oss-20b,train,vi,28,vsmec,0
đã lắm bọn biến thái đó,1,openai/gpt-oss-20b,test,vi,6,vsmec,0
có chua cay bùi ngọt mặn chả này,1,openai/gpt-oss-20b,test,vi,8,vsmec,0
boss không có 6 múi à? :( buồn dị,1,openai/gpt-oss-20b,train,vi,9,vsmec,0
per cảm ơn mình đi . thấy tầm quan trọng của máy cắt gió chưa,1,openai/gpt-oss-20b,train,vi,15,vsmec,0
aw giống mình cũng vậy =))) mấy thứ linh tinh mình vẫn để vào 1 hộp bự đó đi,1,openai/gpt-oss-20b,train,vi,19,vsmec,0
Ngày xưa mừn cũng vui thế lắm.,1,openai/gpt-oss-20b,train,vi,7,vsmec,0
đồ bán hàng này đéo có cảm xúc. rồi mày sẽ ế bánh cho xem,1,openai/gpt-oss-20b,train,vi,15,vsmec,0
dume s cũng giống suy nghĩ tao àđi:))) hihi,1,openai/gpt-oss-20b,train,vi,9,vsmec,0
nó cười làm mình rụng tim 😂💔,1,openai/gpt-oss-20b,train,vi,7,vsmec,0
t tưởng móc được mớ vụn ra là xong rồi . ai ngờ còn 2 cục đựu má chà bá,1,openai/gpt-oss-20b,train,vi,20,vsmec,0
rơi vô đây chắc chắc rơi nước mắt Thái,1,openai/gpt-oss-20b,train,vi,9,vsmec,0
"anh, vote cho anh Vũ",1,openai/gpt-oss-20b,train,vi,5,vsmec,0
đúng kkk  😁,1,openai/gpt-oss-20b,train,vi,3,vsmec,0
"đã bị ngỗng mổ sợ vãi_chưởng, khi bé tao đã không đi nhà b tao cả tuần trời vì nhà nó mới nuôi ngỗng mà thường tao ăn chùa cơm, nhà nó thiếu điều làm con nuôi nhà nữa thôi :))) nhắc lại mới thấy sợ vãi",1,openai/gpt-oss-20b,train,vi,47,vsmec,0
phòng là gì?,1,openai/gpt-oss-20b,train,vi,3,vsmec,0
chia buồn cùng chủ khổ,1,openai/gpt-oss-20b,train,vi,5,vsmec,0
"đừng xa nó đi, nó ngáo đó, 8h sáng mà nó đòi ngủ là hiểu rồi",1,openai/gpt-oss-20b,train,vi,16,vsmec,0
rốt cuộc thằng bé này xuất hiện ở đâu mà lại có nhiều ảnh chế thế này.,1,openai/gpt-oss-20b,train,vi,17,vsmec,0
xem tới đây dume rơi nước mắt 😞,1,openai/gpt-oss-20b,test,vi,8,vsmec,0
thề dume đúng ai nghĩ ra đoạn kết kiểu hết phim như này thì nhàm vãi quá đúng. đang hay thì tụt hứng,1,openai/gpt-oss-20b,train,vi,23,vsmec,0
"đm tao đã biết trước mọi chuyện, kiểu lìn nào cũng có nhện nhảy lên màn hình. vì vài năm trước cũng có một thể loại tương tự. đm hú nhồn",1,openai/gpt-oss-20b,train,vi,31,vsmec,0
đang lớp mà rơi nước mắt,1,openai/gpt-oss-20b,test,vi,6,vsmec,0
evn nó đéo thích lắm đâu nhé .. nó chỉ giả vờ lươn lẹo nói thôi ..!?😁😂🤣,1,openai/gpt-oss-20b,train,vi,17,vsmec,0
"ai lên, đưa anh cái áo mưa đi, kẻo ướt ảnh đó nhé đi",1,openai/gpt-oss-20b,train,vi,14,vsmec,0
"mày vã quá rồi đấy , lên lên chứ  🙄",1,openai/gpt-oss-20b,train,vi,10,vsmec,0
ngưỡng mộ thật ạ. chúc 2 anh em luôn hạnh phúc như này nha :))),1,openai/gpt-oss-20b,train,vi,15,vsmec,0
đánh người yêu quá,1,openai/gpt-oss-20b,test,vi,4,vsmec,0
"đây là hạnh phúc, chứ đâu =)))",1,openai/gpt-oss-20b,train,vi,7,vsmec,0
"đúng rồi còn quay quay, lống lống ngớ xuống trách người ta. có phải bãi xe tự phát đâu mà người ta dám làm láo.",1,openai/gpt-oss-20b,train,vi,25,vsmec,0
ô .. đã lâu quá ...,1,openai/gpt-oss-20b,test,vi,6,vsmec,0
"đã chọn cây đẹp lắm rồi, các bạn trẻ đổ xô tới vì tò mò, lại làm tắc đường à dume",1,openai/gpt-oss-20b,test,vi,21,vsmec,0
"người ta ăn con kiến bống, loại có axit, vị chua, đi, nhưng đéo, đi ai dùng loại kiến đen cứt trâu này.",1,openai/gpt-oss-20b,test,vi,23,vsmec,0
xem mặt nó thì tao thừa nhận mình thất tình thật đúng đáng thương ?,1,openai/gpt-oss-20b,train,vi,15,vsmec,0
nó đi cùng gái thì co,1,openai/gpt-oss-20b,train,vi,6,vsmec,0
điều tuyệt vời là hạnh phúc . nhưng hạnh phúc của anh ta thì khó nói nhiều lắm . kaka,1,openai/gpt-oss-20b,train,vi,20,vsmec,0
đã trở thành ca khúc huyền thoại trong xe hơi :3,1,openai/gpt-oss-20b,train,vi,11,vsmec,0
khó nói hết rồi,1,openai/gpt-oss-20b,test,vi,4,vsmec,0
tạm biệt tổng thống Trump !! việt nam hẹn gặp lại ngài!,1,openai/gpt-oss-20b,test,vi,12,vsmec,0
"phải có ai đối xử với ta như này ha . nghĩ lại, ta không bằng cả chó. aiyo !!....",1,openai/gpt-oss-20b,test,vi,20,vsmec,0
per lần sau ủng hộ câu chuyện của tao như này,1,openai/gpt-oss-20b,train,vi,11,vsmec,0
củ người ít xa mày là mày ..,1,openai/gpt-oss-20b,test,vi,8,vsmec,0
đáng sợ thật lắm :((,1,openai/gpt-oss-20b,train,vi,5,vsmec,0
đá đá cái đéo đó à ... bố đá luôn mày giờ ...!!!,1,openai/gpt-oss-20b,train,vi,13,vsmec,0
mấy người thả chó không rọ mõm làm hại người khác thì được chó cắn thật đúng thích hợp,1,openai/gpt-oss-20b,train,vi,19,vsmec,0
"phim này đã ra, chỉ có tập 1 thôi. hay phết",1,openai/gpt-oss-20b,train,vi,11,vsmec,0
nuôi kiểu lố gì mà lại làm nó như thế này ??? thằg chủ có tâm hồn thối rữa à ??,1,openai/gpt-oss-20b,test,vi,21,vsmec,0
"còn giữ 2 đĩa cổ này luôn á, ghê đúng không?",1,openai/gpt-oss-20b,train,vi,11,vsmec,0
mình vẫn chưa được nắm tay,1,openai/gpt-oss-20b,train,vi,6,vsmec,0
lỗi là thằng bán hàng,1,openai/gpt-oss-20b,train,vi,5,vsmec,0
ông nội này chất lắm,1,openai/gpt-oss-20b,test,vi,5,vsmec,0
ếch chết đâu miệng,1,openai/gpt-oss-20b,train,vi,4,vsmec,0
cần lắm chia sẻ. cần lắm thấu hiểu,1,openai/gpt-oss-20b,train,vi,8,vsmec,0
sẽ thú vị hơn khi dưới sông có cá sấu :)) lót dép hóng,1,openai/gpt-oss-20b,train,vi,14,vsmec,0
và khi quay lại nói chuyện với nhau .... không biết nói gì giờ huhu,1,openai/gpt-oss-20b,train,vi,15,vsmec,0
dù thời tiết nóng say ... nhưng ăn vải vẫn ngon nhất,1,openai/gpt-oss-20b,train,vi,12,vsmec,0
"ôi các người dễ bị ám ảnh quá khứ, ôm nhau cái nào",1,openai/gpt-oss-20b,train,vi,13,vsmec,0
đến khi kể chuyện giả cũng là một lời nhắc nhở. nhớ nhé. sân si cái đầu buồi à.,1,openai/gpt-oss-20b,train,vi,19,vsmec,0
đâu gì honey của mình sau này cũng thế,1,openai/gpt-oss-20b,train,vi,9,vsmec,0
"đã tới lúc chia tay, khóc :(",1,openai/gpt-oss-20b,train,vi,7,vsmec,0
"10 triệu lẻ quá ít so với số tiền mà bọn này được thê để phá hoại cả nền chăn nuôi gia súc, nói riêng, cả nền kinh tế nói chung, đặc biệt đáng làm,,,",1,openai/gpt-oss-20b,train,vi,35,vsmec,0
thật là chó cậy chủ mà 🤣,1,openai/gpt-oss-20b,train,vi,7,vsmec,0
đúng là tấm gương sáng để con cháu noi theo =)))))),1,openai/gpt-oss-20b,train,vi,11,vsmec,0
có vẻ lo lắng vì những suy nghĩ cổ của người lớn :(,1,openai/gpt-oss-20b,train,vi,13,vsmec,0
không gì tồn tại mãi đâu nhỉ,1,openai/gpt-oss-20b,train,vi,7,vsmec,0
Bình Phước vẫn là cột mốc chính.,1,openai/gpt-oss-20b,train,vi,7,vsmec,0
có con cục gạch đó đúng đó xong chả biết từ đâu lôi ra con ai chơi :))) vô lý vãi :)) hư cấu 🙃,1,openai/gpt-oss-20b,train,vi,25,vsmec,0
vừa sếp vừa đồng nghiệp hay thì làm việc như chơi hết mình 💃 thêm 6h chưa hẳn muốn rời đi,1,openai/gpt-oss-20b,test,vi,21,vsmec,0
"tao đã từng viết như này . giờ không muốn ai đọc, chỉ có đốt mà lười đốt",1,openai/gpt-oss-20b,test,vi,18,vsmec,0
"Ngày xưa đi học gần trường, có bày ngỗng, mỗi ngày nó cà khía, rượt tụi học sinh chạy sấp mặt ngay đi!",1,openai/gpt-oss-20b,train,vi,23,vsmec,0
"đội mũ vào chết đéo ai. không có mũ thì đập đầu đi xuống đất, đi chết hay không, lại sống cuộc đời nửa ngáo",1,openai/gpt-oss-20b,train,vi,25,vsmec,0
có lẽ đó là tốt nhất,1,openai/gpt-oss-20b,train,vi,6,vsmec,0
"Ủa tại sao không nghỉ việc ngay đi, hay lương tâm đã không còn chữ đức nữa",1,openai/gpt-oss-20b,train,vi,17,vsmec,0
tấu hài siêu mạnh,1,openai/gpt-oss-20b,train,vi,4,vsmec,0
đẹp à???,1,openai/gpt-oss-20b,train,vi,2,vsmec,0
đúng là một câu chuyện buồn 😌,1,openai/gpt-oss-20b,train,vi,7,vsmec,0
per cấm dừng xe đâu cụ thớt ???!,1,openai/gpt-oss-20b,train,vi,8,vsmec,0
đứa trâu quá đông và nguy hiểm,1,openai/gpt-oss-20b,test,vi,7,vsmec,0
"toàn thế giới biết crush toau, còn mày thì íu nhận ra 😐",1,openai/gpt-oss-20b,train,vi,13,vsmec,0
Giống chó này tên là gì mà các bác 🙄,1,openai/gpt-oss-20b,train,vi,10,vsmec,0
tài liệu bí mật mà mày biết à 😆 max đ xạo lờ,1,openai/gpt-oss-20b,test,vi,13,vsmec,0
đời này mà phải chịu thôi =(((,1,openai/gpt-oss-20b,train,vi,7,vsmec,0
ngọc ngọc đồng nghiệp tuyệt,1,openai/gpt-oss-20b,train,vi,5,vsmec,0
"có thằng mắc cười không, hay là vì tao đéo có cảm xúc vkl",1,openai/gpt-oss-20b,test,vi,14,vsmec,0
đi gõ mà ấm lòng nhờ :))) gặp anh shipper đẹp trai nữa thì chủ thớt rụng hết buồng trứng :))),1,openai/gpt-oss-20b,train,vi,21,vsmec,0
đừng bố mẹ dẫn bác sĩ ngay,1,openai/gpt-oss-20b,train,vi,7,vsmec,0
bả đòi gì đây lắm đ?,1,openai/gpt-oss-20b,train,vi,6,vsmec,0
"ng ta có đoạn nhất cứu lệnh đôi độ nhanh, mày phải ghi xát dô, ghi nhanh nhanh nữa,...",1,openai/gpt-oss-20b,train,vi,19,vsmec,0
phải có người yêu nhắn tin ngọt ngào đi!,1,openai/gpt-oss-20b,train,vi,9,vsmec,0
không thích huhu,1,openai/gpt-oss-20b,train,vi,3,vsmec,0
đáng yêu quá lắm hà ..😂,1,openai/gpt-oss-20b,test,vi,6,vsmec,0
vẻ đẹp không giới tính luôn,1,openai/gpt-oss-20b,train,vi,6,vsmec,0
per dăm ba đồ con nhện :))))),1,openai/gpt-oss-20b,train,vi,7,vsmec,0
nhà mình còn nè,1,openai/gpt-oss-20b,train,vi,4,vsmec,0
đáng sợ,1,openai/gpt-oss-20b,test,vi,2,vsmec,0
"toàn xử ép, đã đi tù gần 7 năm rồi, phải đền 200 triệu cho người ta. Thời gian tuổi trẻ của con người thật rẻ mạt quâ.",1,openai/gpt-oss-20b,test,vi,28,vsmec,0
per mình có 1 người bạn lúc nào cũng chỉ lo dìm hàng chiều cao mình thôi đi.,1,openai/gpt-oss-20b,train,vi,18,vsmec,0
đúng nói được lắm 🙂 đời không phải lúc nào cũng như ý,1,openai/gpt-oss-20b,test,vi,13,vsmec,0
"có người yêu thì lo giữ đi, mấy cô gái khoe khoe buồi dume, xem mà thấy tức vãi :''>",1,openai/gpt-oss-20b,train,vi,20,vsmec,0
buồn vì mình đi không làm được gì cho ai. nhìn thấy người khác khổ hơn mình thì thương họ đi,1,openai/gpt-oss-20b,test,vi,21,vsmec,0
con này ăn cức mà lớn hay sao ấy . đánhđ không lại thì điđ ngu như bò đứng cho tụi nó đánh,1,openai/gpt-oss-20b,train,vi,23,vsmec,0
"cái sao nhanh thế? sáng đọc báo thấy tin chôm ngân ngàng, chiều đọc báo đã bắt được rồi",1,openai/gpt-oss-20b,train,vi,19,vsmec,0
tôi bình luận chủ yếu muốn khoe là fan cứng :)) các bạn cứ yên tâm đừng lo lắng,1,openai/gpt-oss-20b,train,vi,19,vsmec,0
cũng có những nơi gia đình giàu mới có!,1,openai/gpt-oss-20b,train,vi,9,vsmec,0
"Tôi hồi bạn ấy chuyến trường người, nhưng không ai còn đối xử với tôi như vậy, nữ anh. :(",1,openai/gpt-oss-20b,train,vi,20,vsmec,0
cưng xỉu ~~??,1,openai/gpt-oss-20b,train,vi,3,vsmec,0
"má hồi xưa về ngoại, chơi đi đường bị nguyên đàn yêu nghiệt này, dí chạy té đái, giờ vẫn sợ bọn nó 😨😨😨",1,openai/gpt-oss-20b,test,vi,24,vsmec,0
đáng thương quá ah,1,openai/gpt-oss-20b,train,vi,4,vsmec,0
"Thật buồn khi mình đã quan hệ với vợ của người khác, mà người khác lại quan hệ với vợ của mình.",1,openai/gpt-oss-20b,train,vi,22,vsmec,0
mặt hài siêu vui =)))),1,openai/gpt-oss-20b,test,vi,5,vsmec,0
à ừ đúng rồi tin người quá khi nó đâm vào cũng không biết đi,1,openai/gpt-oss-20b,test,vi,15,vsmec,0
đỉnh lắm,1,openai/gpt-oss-20b,test,vi,2,vsmec,0
mặt héo queo luôn luôn,1,openai/gpt-oss-20b,train,vi,5,vsmec,0
đấy thấy chưa con người ta đau như thế,1,openai/gpt-oss-20b,train,vi,9,vsmec,0
"chồng tao nói thế, tao cũng phải vỡ con mẹ nó mồm :))",1,openai/gpt-oss-20b,train,vi,13,vsmec,0
bù anh trước mới nghĩ xong tao đi đá nă người chơi 3 nga y xong vê kho em re =))),1,openai/gpt-oss-20b,test,vi,21,vsmec,0
vợ con cũng chẳng tích được gì ! toàn đi hết tâm ??,1,openai/gpt-oss-20b,train,vi,13,vsmec,0
"đúng, thằng đó không nghe vợ!",1,openai/gpt-oss-20b,train,vi,6,vsmec,0
điểm hay! 😂,1,openai/gpt-oss-20b,train,vi,3,vsmec,0
đời sống đó,1,openai/gpt-oss-20b,train,vi,3,vsmec,0
không thấy cưng gì đâu,1,openai/gpt-oss-20b,train,vi,5,vsmec,0
"per nhớ quá lắm, nhớ luôn nè",1,openai/gpt-oss-20b,train,vi,7,vsmec,0
"clm đêm rồi, tha cho tao 🙂 tao đéo muốn chạy xuống dưới nhà hay nhịn đến sáng mai đâu 🙂 con gì thì con kệ mẹ 🙂 đừng nhắc đến nhện 🙂",1,openai/gpt-oss-20b,train,vi,33,vsmec,0
uề ... lần nữa li hôn không thành công ... 😂😂. t thấy câu này quá buồn cười per,1,openai/gpt-oss-20b,train,vi,19,vsmec,0
"per giống một cú tát vào mặt, đau lòng quá đi",1,openai/gpt-oss-20b,train,vi,11,vsmec,0
"agribank thu nhập phong phú, ai mà biết cập nhật được?",1,openai/gpt-oss-20b,train,vi,11,vsmec,0
ngoài kia! còn có vô số điều hay vẫn đang tồn tại trên thế giới này! hy vọng những điều hay luôn xảy ra từng phút giây..,1,openai/gpt-oss-20b,train,vi,27,vsmec,0
"đúng rồi, thấy anh nam kia cứu chó mà không cần nhìn mặt cũng biết đẹp trai rồi 😆",1,openai/gpt-oss-20b,train,vi,19,vsmec,0
suy thoái gớm à :)),1,openai/gpt-oss-20b,test,vi,5,vsmec,0
"dm gì cũng bắt phải làm, phí thu vãi quá thì chả top1 :))) nhân với chả viên",1,openai/gpt-oss-20b,train,vi,18,vsmec,0
nhiều cụ cứ gào ghê người khác mà không dám nhìn lại chính mình :)),1,openai/gpt-oss-20b,train,vi,15,vsmec,0
đơn giản coi cũng đủ say rồi 💋,1,openai/gpt-oss-20b,train,vi,8,vsmec,0
đôi mắt to lắm,1,openai/gpt-oss-20b,train,vi,4,vsmec,0
"mình hiền nhưng khi tức giận thì chỉ im lặng, không nói gì, sao mà thế 🤔",1,openai/gpt-oss-20b,test,vi,17,vsmec,0
per hồi đó đặt điểm đại học nè 😂😂😂,1,openai/gpt-oss-20b,train,vi,9,vsmec,0
"khi nó nói thích mình, 1 phút sau lại trêu mình. mệt rồi",1,openai/gpt-oss-20b,train,vi,13,vsmec,0
"nhà mình trong ngõ bác ơi, bác cho xe vào vừa thì em đỗ bác ngay nhé",1,openai/gpt-oss-20b,test,vi,17,vsmec,0
không có biển cấm dừng đỗ nhưng dừng thò đầu ở ngã 3 kia là rất bố láo.,1,openai/gpt-oss-20b,test,vi,18,vsmec,0
"tao sẽ gỡ hết mọi nick clone, tao đang giận dữ với vid này đúng điều 🙂",1,openai/gpt-oss-20b,train,vi,17,vsmec,0
ai hát cho tao ngê bài này chắc ta say quá đi,1,openai/gpt-oss-20b,train,vi,12,vsmec,0
tao mà là con đi xe cũ . tao vả thẳng mặt bà mặt lờ kia . méo cần biết ai sai ai đúng . vả vỡ mồm rồi gọi con bà ra đây hốt xác . 🤟,1,openai/gpt-oss-20b,train,vi,38,vsmec,0
có vẻ tội vãi,1,openai/gpt-oss-20b,train,vi,4,vsmec,0
đứng trụ điện lạ mới chứ,1,openai/gpt-oss-20b,train,vi,6,vsmec,0
đấy . người ta làm video ý nghĩa . chứ không phải ba video xàm xí như cái đéo gì cũng có kết đó . xàm .,1,openai/gpt-oss-20b,train,vi,27,vsmec,0
"ngày tao chia tay, tao rơi nước mắt quá nhiều luôn",1,openai/gpt-oss-20b,test,vi,11,vsmec,0
"có ai còn tin vào cô gái nào chịu một thằng vừa nghèo vừa xấu, đặc biệt còn yếu sinh lý như tôi không",1,openai/gpt-oss-20b,test,vi,24,vsmec,0
buồn nhất là crush cũng không có để thả 😞,1,openai/gpt-oss-20b,train,vi,10,vsmec,0
đi  bao xa mới thoát khỏi kiếp không có người yêu?  :<,1,openai/gpt-oss-20b,train,vi,12,vsmec,0
đồ siêu phẩm đời .,1,openai/gpt-oss-20b,train,vi,5,vsmec,0
đm chưa thấy thằng nào ngớ như thằng này :))) bị ngáo cần :)),1,openai/gpt-oss-20b,train,vi,14,vsmec,0
không biết mình có may mắn như cụ bà này đâu không,1,openai/gpt-oss-20b,train,vi,12,vsmec,0
đáng sợ lắm,1,openai/gpt-oss-20b,test,vi,3,vsmec,0
"thế 1 chàng trai dành thời gian trò chuyện thân mật với 1 cô gái mà không phải là anh ấy thích cô ấy thì có con, cặc, anh làm gì vậy",1,openai/gpt-oss-20b,train,vi,32,vsmec,0
"má ơi, đây là thứ làm con ám ảnh nhất đời mình. kẻ thù 😢😢😢",1,openai/gpt-oss-20b,test,vi,15,vsmec,0
lo cho thang bé rơi điện thoại vào nước thì ....,1,openai/gpt-oss-20b,test,vi,11,vsmec,0
đánh crush này ăn chơi lành mạnh,1,openai/gpt-oss-20b,train,vi,7,vsmec,0
và sau đó nó nói đùa đó và gửi tin mày tỏ tình cho mọi người cả biết 🙂,1,openai/gpt-oss-20b,test,vi,19,vsmec,0
xây1 được2 nhà:))chủ nhà ấm vãi :)),1,openai/gpt-oss-20b,train,vi,7,vsmec,0
đâu làm sao dỗ bạn gái đang giận :(,1,openai/gpt-oss-20b,train,vi,9,vsmec,0
bọn này cứ tự tin mình thật hay 🚀 #cặpđôi #tựtin #đángmến ❤️,1,openai/gpt-oss-20b,train,vi,13,vsmec,0
"đậu xanh, tao giỡn mặt với mày à",1,openai/gpt-oss-20b,train,vi,8,vsmec,0
con mèo ngộ nghĩnh nhất  :3,1,openai/gpt-oss-20b,train,vi,6,vsmec,0
béo tí đáng yêu đó =)),1,openai/gpt-oss-20b,train,vi,6,vsmec,0
"per đại ca, kkkk",1,openai/gpt-oss-20b,train,vi,4,vsmec,0
ha ha ơi em yêu  ❤️,1,openai/gpt-oss-20b,train,vi,6,vsmec,0
"per anh ơi, bỏ gym đi. boxing là đụ rùi :((",1,openai/gpt-oss-20b,train,vi,11,vsmec,0
7 năm rồi. thật nhanh,1,openai/gpt-oss-20b,test,vi,5,vsmec,0
mèo của tao cũng đã đi lạc vì chó rượt theo mất rồi. sau vài tháng thấy nó quay về nhà thì vui quá 😁,1,openai/gpt-oss-20b,train,vi,25,vsmec,0
tuổi trẻ tài cao đây,1,openai/gpt-oss-20b,train,vi,5,vsmec,0
per wow 😂 cảnh săn nhện cực kịch đặc!,1,openai/gpt-oss-20b,train,vi,9,vsmec,0
"nước mình không biết gì, xả rác bừa bãi, để rác trôi đầy đường, thật buồn lắm điều này đi.",1,openai/gpt-oss-20b,train,vi,20,vsmec,0
hãm 1 rổ lồn . chúc mừng bạn đã chọn sai người để tâm thự,1,openai/gpt-oss-20b,train,vi,15,vsmec,0
đứng nhìn gương mặt nó làm ta thỏa mãn vãi,1,openai/gpt-oss-20b,train,vi,10,vsmec,0
"họ đã để ta đứng trên cột đời này rồi, còn gì khác nữa đúng, chứ, đúng",1,openai/gpt-oss-20b,train,vi,17,vsmec,0
đánh mất 1 đời,1,openai/gpt-oss-20b,train,vi,4,vsmec,0
t đang băn khoăn 2 thằng kia đéo hỏi thằng per à 🤔,1,openai/gpt-oss-20b,train,vi,13,vsmec,0
"thương quá . giờ con học ở trường cả ngày thì hên xui thôi mà, biết làm sao, không ăn thịt heo thì ăn gì. hy vọng có lệnh tạm dừng ăn thịt heo trong thời gian này cho các trường mầm non thì biết mấy .",1,openai/gpt-oss-20b,train,vi,47,vsmec,0
điều này chỉ làm bọn trẻ đau khổ lắm,1,openai/gpt-oss-20b,train,vi,9,vsmec,0
tao xin điền thêm,1,openai/gpt-oss-20b,train,vi,4,vsmec,0
"để nó đỗ chút, không mất gì",1,openai/gpt-oss-20b,train,vi,7,vsmec,0
đơn giản nha .. cơm này ngon hơn cơm điện nhiều hơn. không tin thì cứ thử,1,openai/gpt-oss-20b,train,vi,17,vsmec,0
đã làm bát phở rồi bác ơi,1,openai/gpt-oss-20b,test,vi,7,vsmec,0
"trưa nay nhà em ăn cơm, admin bảo mấy chú truyền hình đừng phát tin này lên nha",1,openai/gpt-oss-20b,train,vi,18,vsmec,0
nhện này trong nhà tao chắc tao phải bỏ nhà đi 😱🤯,1,openai/gpt-oss-20b,train,vi,12,vsmec,0
"xinh , đẽ tình đó",1,openai/gpt-oss-20b,test,vi,5,vsmec,0
vậy con trai là ai cho?,1,openai/gpt-oss-20b,test,vi,6,vsmec,0
"Mỗi ngày đéo cũng muốn người yêu, sinh nhật bác Hồ hay Quốc khánh cũng đéo thấy thoải 😕",1,openai/gpt-oss-20b,train,vi,19,vsmec,0
chửi thêm đi anh ơi :)),1,openai/gpt-oss-20b,train,vi,6,vsmec,0
nói kiểu Việt Nam. nhưng hơi lảo cá chắc thầy của ônc cũng như ông,1,openai/gpt-oss-20b,train,vi,15,vsmec,0
tuổi trẻ tài giỏi mà :)))))))),1,openai/gpt-oss-20b,train,vi,6,vsmec,0
"các bạn đéo biết được đâu vì các bạn đbh gặp thì lsao các bạn biết được mấy con mụ già đi mất dạy như thế nào . đm cậy mình già là muốn đi thế nào cũng được ý . đi sai rồi chửi người ta mới vãi, dume có ngày đâm vào người ta chết, có ngày ở đó mà già mồm . cứ kêu người ta lớn tuổi hơn, nhưng có lớn mà đéo có học thì cũng đéo là cái gì",1,openai/gpt-oss-20b,train,vi,85,vsmec,0
"nguyễn thị hồng phấn cũng may, tao không thấy cặp nào hết",1,openai/gpt-oss-20b,train,vi,12,vsmec,0
vậy còn đi họp lớp không?,1,openai/gpt-oss-20b,train,vi,6,vsmec,0
"mỗi bữa thử đi, mày",1,openai/gpt-oss-20b,train,vi,5,vsmec,0
cũng lo mấy con ngoe lắc như giòi 😰,1,openai/gpt-oss-20b,train,vi,9,vsmec,0
"đón nhận mọi thứ, kể cả nỗi buồn, nếu điều ấy làm cuộc sống của bạn thêm một hương vị đáng nhớ và đặc biệt ...",1,openai/gpt-oss-20b,train,vi,26,vsmec,0
đã hứa mỗi lần sai là tao cười to hơn 😆😆,1,openai/gpt-oss-20b,train,vi,11,vsmec,0
đáng kinh ngạc,1,openai/gpt-oss-20b,train,vi,3,vsmec,0
đi vì lợi nhuận .. quên hết tính người . thương các bé,1,openai/gpt-oss-20b,train,vi,13,vsmec,0
"không cho giáo viên quyền gì thì lấy gì, dạy nhất là lúc lố lăng như hiện nay ... nó quỳ khi nhỏ sai, còn sửa được thì đợi lớn lên, bố mẹ quỳ nhìn vào nhà đá",1,openai/gpt-oss-20b,test,vi,38,vsmec,0
tóm lại giá trị anh đéo chẳng bằng 1 chiếc bánh :<,1,openai/gpt-oss-20b,train,vi,12,vsmec,0
"per mỗi ngày đi làm, thấy per như thêm power cho 1 ngày siêng năng !!!!",1,openai/gpt-oss-20b,train,vi,16,vsmec,0
có vẻ như hai anh đang say sưa với nhau thật (mình là hủ đừng ném đá nha 😅😅😅),1,openai/gpt-oss-20b,test,vi,19,vsmec,0
per quá ngốc mà,1,openai/gpt-oss-20b,test,vi,4,vsmec,0
đáng yêu quà 🤤🤤🤤,1,openai/gpt-oss-20b,test,vi,4,vsmec,0
điên bà cố luôn ??????,1,openai/gpt-oss-20b,train,vi,5,vsmec,0
điều xấu nhất là phải kiểm tra code bằng giấy.,1,openai/gpt-oss-20b,train,vi,10,vsmec,0
"việt nam ăn hết mọi thứ, không gì",1,openai/gpt-oss-20b,test,vi,8,vsmec,0
người yêu mày cắt tóc hay là lại đầu thai như thế ???,1,openai/gpt-oss-20b,train,vi,13,vsmec,0
tao đang điđi khối lớn này . mọi người kêu nhìn cá tính vãi 😁,1,openai/gpt-oss-20b,train,vi,15,vsmec,0
mà sao em luôn biết mọi thứ :))),1,openai/gpt-oss-20b,train,vi,8,vsmec,0
đã nhớ lại kỷ niệm buồn quá,1,openai/gpt-oss-20b,train,vi,7,vsmec,0
đã thính mùi?,1,openai/gpt-oss-20b,train,vi,3,vsmec,0
"cẩn thận lắm, cô ơi",1,openai/gpt-oss-20b,train,vi,5,vsmec,0
"em cũng là con chó thôi, nếu anh đủ kiên nhẫn thì mọi chuyện sẽ khác rồi 😪",1,openai/gpt-oss-20b,train,vi,18,vsmec,0
có chuyện gì ơi bố . bố đừng làm con lo :((,1,openai/gpt-oss-20b,train,vi,12,vsmec,0
mình chụp vài lần liền mà không thấy bác sĩ mặc áo gì cũng đâu 😭😭😭,1,openai/gpt-oss-20b,train,vi,16,vsmec,0
có cả túi để vứt vỏ kẹo. văn minh lắm,1,openai/gpt-oss-20b,train,vi,10,vsmec,0
còn em ăn anh được không?,1,openai/gpt-oss-20b,test,vi,6,vsmec,0
"Theo mình, phần mấy chàng đỡ đẻ là tuyệt nhất.",1,openai/gpt-oss-20b,train,vi,10,vsmec,0
hahaha trước ca làm đã có 4 chị em vui biết bao :)),1,openai/gpt-oss-20b,train,vi,13,vsmec,0
"bồ tao cũng đang đi cái này, từ nhà nó lên đây 2 tiếng, và dume nó bảo tao ngủ đi vì nó sẽ đi tới sáng :)))))",1,openai/gpt-oss-20b,train,vi,28,vsmec,0
"nghe, dạo này bạn chăm làn da để tìm người yêu, per",1,openai/gpt-oss-20b,train,vi,12,vsmec,0
"ngôn tình đầy lãng mạn là một cô gái, sao em lại bỏ lỡ bao giấc mơ",1,openai/gpt-oss-20b,train,vi,17,vsmec,0
xem phim này rồi thì bạn nhỏ tao bắt chước kiểu vầy với crush nó . sau đó thì ... à mà đéo có gì sau đó :v,1,openai/gpt-oss-20b,test,vi,28,vsmec,0
đời . em chết được,1,openai/gpt-oss-20b,train,vi,5,vsmec,0
xem một chút rồi lùi lại thì thấy hài lòng rồi.,1,openai/gpt-oss-20b,test,vi,11,vsmec,0
per mình đã làm fan cứng như mày rồi 🤣,1,openai/gpt-oss-20b,train,vi,10,vsmec,0
hình vui nhưng sao đọc lại lại muốn khóc nhĩ ...,1,openai/gpt-oss-20b,train,vi,11,vsmec,0
"1 lũ kẻ hèn bỏ mẹ, mấy đứa cũng vậy",1,openai/gpt-oss-20b,test,vi,10,vsmec,0
đã đi cắt răng số 8 và chụp 😞,1,openai/gpt-oss-20b,test,vi,9,vsmec,0
"Tuổi thơ tao tràn ngập trai bánh bều, mít ướt. Toàn là tao galang, dỗ dành. Oi, cái cuộc đời này per.",1,openai/gpt-oss-20b,train,vi,22,vsmec,0
nó có bay được không?,1,openai/gpt-oss-20b,train,vi,5,vsmec,0
mày nhớ ghi ý cho những lần gọi sau nhé !,1,openai/gpt-oss-20b,train,vi,11,vsmec,0
"bánh tráng trộn năm ấy ở roai ờ ti, ruột đau như cắt nói chuyện mắt đầm đìa đền thg dưa gang cốc dưa hấu kem chi per",1,openai/gpt-oss-20b,test,vi,28,vsmec,0
đi chơi mà quên cả não ấy rồi,1,openai/gpt-oss-20b,train,vi,8,vsmec,0
"đi lười,đi",1,openai/gpt-oss-20b,train,vi,2,vsmec,0
tao rơi nước mắt xem phim này 😭😭😭😭😭,1,openai/gpt-oss-20b,train,vi,8,vsmec,0
per luôn nhớ được hihi,1,openai/gpt-oss-20b,train,vi,5,vsmec,0
con gái không như :)))) con trai đi dume mày có nhận hàng đi,1,openai/gpt-oss-20b,train,vi,14,vsmec,0
"ai cũng bận lắm, không ai có thời gian ngày nào để quan tâm bạn đâu?",1,openai/gpt-oss-20b,train,vi,16,vsmec,0
"trước tao cũng tin vào tình yêu thật lòng lắm , niềm tin chết rồi",1,openai/gpt-oss-20b,train,vi,15,vsmec,0
đi mà gãy xương kể ra trên đời chuyện kỳ lạ vãi,1,openai/gpt-oss-20b,train,vi,12,vsmec,0
"đen thôi, đỏ vẫn như",1,openai/gpt-oss-20b,test,vi,5,vsmec,0
điểm quan trọng vẫn là phải đẹp trai rồi mới sau đó nữa ... lạ gì các bà,1,openai/gpt-oss-20b,test,vi,18,vsmec,0
"mẹ, suốt ngày đọc ba bộ ngôn tình này rồi n mơ mộng. 25 rồi nha. nha nha nha",1,openai/gpt-oss-20b,train,vi,19,vsmec,0
"làm ở đâu cũng như vậy, đều đầy rẫy khó khăn, nhưng trọng hơn là làm cùng đồng nghiệp như thế nào.",1,openai/gpt-oss-20b,train,vi,22,vsmec,0
mập nhưng xinh thì sẽ khác mập và xấu - _ -,1,openai/gpt-oss-20b,train,vi,12,vsmec,0
đáng ngạc nhiên vãi :v tay vàng trong làng vẩy khế :v,1,openai/gpt-oss-20b,test,vi,12,vsmec,0
cái sao nhanh như chớp đó,1,openai/gpt-oss-20b,train,vi,6,vsmec,0
"không biết bác dạy thế nào mà tới mức này. còn mình dạy nhận tiền mặt, 10 ngày dạy thì phụ huynh trả ngay tiền tháng đó mà không có rắc rối gì.",1,openai/gpt-oss-20b,train,vi,33,vsmec,0
"cẩn thận, mày lại sớm có cháu 🤣",1,openai/gpt-oss-20b,train,vi,8,vsmec,0
đkm mấy thằng mặt cặc! gặp bà thì bà lại đá cho thọt con mẹ nó dái lên cổ xem các mày có cười mà khoe chiến tích được không. đm lũ chó chết không riềng 😡😡,1,openai/gpt-oss-20b,train,vi,37,vsmec,0
nếu bạn phạm lỗi mà không muốn sửa thì cách hay nhất là đe dọa đối thủ thật mạnh @@,1,openai/gpt-oss-20b,train,vi,20,vsmec,0
còn gì đau buồn hơn 🙂🙂,1,openai/gpt-oss-20b,train,vi,6,vsmec,0
nó xâu ta thì đi đi...,1,openai/gpt-oss-20b,train,vi,6,vsmec,0
"nếu thiếu tình yêu, thì đừng nuôi bất cứ ai",1,openai/gpt-oss-20b,test,vi,10,vsmec,0
sẵn sàng hết ế :)),1,openai/gpt-oss-20b,train,vi,5,vsmec,0
đó là lúc anh per cưới vợ đó 🤣,1,openai/gpt-oss-20b,train,vi,9,vsmec,0
"bé bé không học, lớn lên làm báo",1,openai/gpt-oss-20b,test,vi,8,vsmec,0
bếp dầu đã qua để nhớ,1,openai/gpt-oss-20b,train,vi,6,vsmec,0
tao thấy có 1 thằng ít trí trong đám bình luận này rồi điều đấy,1,openai/gpt-oss-20b,train,vi,15,vsmec,0
"Trời ơi, phần này em rơi nước mắt ngay 😪.. khi khoảnh khắc xa một ai đó mãi mãi, cơn đau thấm sâu vào ngực trái huhu",1,openai/gpt-oss-20b,test,vi,27,vsmec,0
dkm xấu mặt những thằng tập gym vkl tao đéo hiểu sao thằng này lại thích đi đường tiểu ngạch là gì,1,openai/gpt-oss-20b,train,vi,22,vsmec,0
mắt ngứa quá à nhen,1,openai/gpt-oss-20b,train,vi,5,vsmec,0
t định đăng sad nhưng đọc bình luận buồn cười vailon 😂 nên thả hahaa :v,1,openai/gpt-oss-20b,train,vi,16,vsmec,0
đơn giản nhưng thật vui 😘,1,openai/gpt-oss-20b,train,vi,6,vsmec,0
"đau đời các thanh niên, lố bịch chứ hay ho đéođâu gì",1,openai/gpt-oss-20b,train,vi,12,vsmec,0
đây là lý do tao giảm cân hoàn toàn thất bại,1,openai/gpt-oss-20b,train,vi,11,vsmec,0
"em thật duyên, có khiếu hài hước, chỉ nhìn mặt em là chị muốn cười, ba mẹ chửi nhưng vẫn tươi cười như vậy thì đáng khen, sao nhiều người bình luận nặng lời không hiểu, chỉ là vui thôi mà",1,openai/gpt-oss-20b,train,vi,41,vsmec,0
"vì mà có nhiều người nghĩ sai lầm khi có bạn là trai, mà thực ra không.",1,openai/gpt-oss-20b,train,vi,17,vsmec,0
per lật lại nữa hả,1,openai/gpt-oss-20b,train,vi,5,vsmec,0
đóng vui cho chủ thớt 😂😂,1,openai/gpt-oss-20b,train,vi,6,vsmec,0
bạn gái xinh xinh lạc mất thì đi vào nhà mình ngủ được nhỉ đi đi . ??,1,openai/gpt-oss-20b,train,vi,18,vsmec,0
điểm mắt vào,1,openai/gpt-oss-20b,train,vi,3,vsmec,0
tao đi quài mà vẫn chưa gặp nhỉ 🙃,1,openai/gpt-oss-20b,test,vi,9,vsmec,0
Thẳng thắn tránh lãng phí thời gian của nhau,1,openai/gpt-oss-20b,train,vi,9,vsmec,0
:))) ai hỏi anh :vv,1,openai/gpt-oss-20b,train,vi,5,vsmec,0
tối nay luyện tập mai ??,1,openai/gpt-oss-20b,test,vi,6,vsmec,0
"thay vì gà chuyển sang ăn lợn, tao cũng vậy nên món ngon là gà chuyển sang sườn mày ạ",1,openai/gpt-oss-20b,train,vi,20,vsmec,0
khi nào đến chùa ba vàng đánh bại vong thì đi hôn :)),1,openai/gpt-oss-20b,test,vi,13,vsmec,0
đôi khi tiền cũng chẳng đi được đâu vì đéo có ai đi cùng,1,openai/gpt-oss-20b,train,vi,14,vsmec,0
tao thầy mày cười hi hửng vãi mà!?,1,openai/gpt-oss-20b,test,vi,8,vsmec,0
"hãy cố gắng lên, cụ nhé!!❤",1,openai/gpt-oss-20b,test,vi,6,vsmec,0
"per lại nữa, tao đang suy nghĩ có nên rap đi không",1,openai/gpt-oss-20b,test,vi,12,vsmec,0
per xem câu chuyện giả tưởng này tốn thời gian này 👏,1,openai/gpt-oss-20b,train,vi,12,vsmec,0
đã thêm một con ngáo bất hạnh,1,openai/gpt-oss-20b,test,vi,7,vsmec,0
"một đời không cần nhà lầu 4 tầng, xe hơi hàng tỉ, chỉ mong người đàn ông đồng hành cùng mình tới cuối cùng luôn trân trọng, yêu thương mình 😊",1,openai/gpt-oss-20b,train,vi,31,vsmec,0
đoạn phim thôi mà ý nghĩa như thế,1,openai/gpt-oss-20b,test,vi,8,vsmec,0
bọn này phạt nặng.,1,openai/gpt-oss-20b,train,vi,4,vsmec,0
đúng lúc gắp nhưng có vẻ đúng lúc người ta không muốn ai ???? đó là 1 câu chuyện buồn,1,openai/gpt-oss-20b,train,vi,20,vsmec,0
":))) lúc đó năm nhất, mình ""được"" họ lấy 100k, vì sáng sớm mang duy nhất 100k trong túi, nên nộp ngay :))))",1,openai/gpt-oss-20b,train,vi,23,vsmec,0
"đã hói lại, mắt vẫn thâm",1,openai/gpt-oss-20b,test,vi,6,vsmec,0
"ê tao đi Nhật chưa 1 năm, xem video này làm ta ngôn ngữ loạn ghê. Thỉnh thoảng phải dừng video để suy nghĩ nó nói gì",1,openai/gpt-oss-20b,train,vi,27,vsmec,0
câu chuyện này như dao kim nèk... tụi bây vẫn ăn hiếp anh nữa thì hối hận không kịp nhé,1,openai/gpt-oss-20b,train,vi,20,vsmec,0
"ngta cười lò xo ăn vụn, lúc đầu thấy êm, rồi tội quá, sau đó nước vỡ bờ 😂😂😂",1,openai/gpt-oss-20b,train,vi,19,vsmec,0
"sừng mọc lại, không hay đi",1,openai/gpt-oss-20b,train,vi,6,vsmec,0
đi 200tr là ngay vào biên chế . thực tế chung . cần gì chuyên môn hay không đúng.,1,openai/gpt-oss-20b,train,vi,19,vsmec,0
"con người mà, không phải con cặc đâu, nói nhưthế",1,openai/gpt-oss-20b,train,vi,10,vsmec,0
"kiến đỏ thì được, nhưng đây lại mấy con kiến thường bò qua cứt... mấy ổng ăn ngon vãi 😐",1,openai/gpt-oss-20b,train,vi,20,vsmec,0
ở nơi khác chắc không có ai béo như mình!,1,openai/gpt-oss-20b,train,vi,10,vsmec,0
mà chủ xe cũng ngu vãi. mất công đậu thì đậu ngay giữa đường trống. để anh ấy không phải mất công về lại phải mất công đi đại đúng tu,1,openai/gpt-oss-20b,train,vi,31,vsmec,0
"per má điểm lên, sướng vãi lắm",1,openai/gpt-oss-20b,train,vi,7,vsmec,0
bỏ lỡ học cùng vui nhé,1,openai/gpt-oss-20b,train,vi,6,vsmec,0
đây hội à anh? làm tao phải lên gg xem sao lại đông người thế :)),1,openai/gpt-oss-20b,train,vi,16,vsmec,0
:(( lỗi nhỏ,1,openai/gpt-oss-20b,train,vi,3,vsmec,0
nhà mình có nhưng nó rỉ sét hết rồi :((,1,openai/gpt-oss-20b,train,vi,10,vsmec,0
hoan hô . công nhân không phải trẻ mầm non,1,openai/gpt-oss-20b,train,vi,10,vsmec,0
câu hỏi khiếp,1,openai/gpt-oss-20b,train,vi,3,vsmec,0
"góp xây dựng đất nước, không phải kkk, đóng đi gì rứa",1,openai/gpt-oss-20b,test,vi,12,vsmec,0
"đứa này còn nguy hiểm hơn ốc bươu vàng. cấm ngay còn kịp, để nó ra ngoài thì chỉ có nông dân mới chịu.",1,openai/gpt-oss-20b,train,vi,24,vsmec,0
"tố tao nhất là chết ngay đi, ko chết mà sau này lại ngáo kéo theo người khác thì khổ .",1,openai/gpt-oss-20b,train,vi,21,vsmec,0
"Ngày xưa, ngoài việc chọc chó dí, còn chọc ngỗg rượt nữa. Cách giảm cân cực hiệu quả nhất cho những đứa lười 😂. Nhớ lại thật vui, đúg là thời sửu nhi.",1,openai/gpt-oss-20b,train,vi,33,vsmec,0
đó là lúc nhớ,1,openai/gpt-oss-20b,train,vi,4,vsmec,0
"công việc mệt mỏi có được món ăn, mà chúng nó thật khốn khổ",1,openai/gpt-oss-20b,train,vi,14,vsmec,0
"người đang buồn ỉa càng nhịn, khi bùng phát mới thực sự đáng sợ 😂😂",1,openai/gpt-oss-20b,train,vi,15,vsmec,0
:v đi tới đây anh chịu trách nhiệm cho :v,1,openai/gpt-oss-20b,test,vi,10,vsmec,0
"bố mẹ thì còng lưng nuôi ăn học vất vả, không mua được thì thôi, bất hạnh gì, bất hạnh gì đi đâu!!",1,openai/gpt-oss-20b,test,vi,23,vsmec,0
"mình đã dùng rồi nè, lúc làm xí nghiệp mà gọi là lò xô đổ dầu xài",1,openai/gpt-oss-20b,train,vi,17,vsmec,0
cái quần lò lò xanhhhh.,1,openai/gpt-oss-20b,train,vi,5,vsmec,0
đáng sợ thật lắm,1,openai/gpt-oss-20b,train,vi,4,vsmec,0
"công an toát như lợn, không bắt được tội phạm 😂😂",1,openai/gpt-oss-20b,train,vi,11,vsmec,0
"per 2ce có thể làm được đi đúng, nhưng làm như vầy thì 🤣",1,openai/gpt-oss-20b,train,vi,14,vsmec,0
đi qua nhìn lại nhớ thời gian oanh liệt đã qua 😴 đề vẫn như cũ suốt năm. mà mình thích nhất là câu 4 hình học 😊,1,openai/gpt-oss-20b,train,vi,28,vsmec,0
điểm hồn hối từng hạt trân châu,1,openai/gpt-oss-20b,train,vi,7,vsmec,0
đi con ế đọc tổn thương sâu con mẹ nó sắc :((,1,openai/gpt-oss-20b,train,vi,12,vsmec,0
đánh thức 😂,1,openai/gpt-oss-20b,train,vi,3,vsmec,0
chúng ta gọi đây là chất :v,1,openai/gpt-oss-20b,test,vi,7,vsmec,0
đã muộn?? :))),1,openai/gpt-oss-20b,train,vi,3,vsmec,0
đi móc cống thốn lắm nè cái này,1,openai/gpt-oss-20b,test,vi,8,vsmec,0
đi chấp nhận đi mày .. chửi gì dữ vậy ..! mỗi người làm việc của mình mà ... nếu không thích thì tìm việc khác làm ..,1,openai/gpt-oss-20b,train,vi,28,vsmec,0
per giờ này chưa nói nhưng cảm giác phủ nhận vai trò bà thảo cũ đúng. điều đó. vl không chị đọc thấy viết khập khiễng quá :))),1,openai/gpt-oss-20b,train,vi,28,vsmec,0
"Ý nghĩa, đáng suy ngẫm",1,openai/gpt-oss-20b,train,vi,5,vsmec,0
"điên, sao mày đánh tao",1,openai/gpt-oss-20b,train,vi,5,vsmec,0
"đã từng coi em là toàn bộ . mỗi khi mệt mỏi về nhà thấy em và con cười, anh thấy hạnh phúc rồi",1,openai/gpt-oss-20b,train,vi,24,vsmec,0
eò ....,1,openai/gpt-oss-20b,train,vi,2,vsmec,0
cần nhiều nhà tuyển dụng kiểu này :)))),1,openai/gpt-oss-20b,train,vi,8,vsmec,0
cạn lời với bọn động vật này làm xấu mặt người bắc giang 😑😑😑,1,openai/gpt-oss-20b,test,vi,14,vsmec,0
"người ta kiếm hàng tỉ rồi phát 5 tr, còn gì là luật nữa",1,openai/gpt-oss-20b,test,vi,14,vsmec,0
"hahaa , đợi em ngủ một chút rồi buôn thôi đúng điều :))",1,openai/gpt-oss-20b,test,vi,13,vsmec,0
đánh không lỡ điểm nào luônđúng à,1,openai/gpt-oss-20b,test,vi,7,vsmec,0
"lại một người nghĩ trump chỉ làm đùa, đúng haizz",1,openai/gpt-oss-20b,test,vi,10,vsmec,0
"đm 3 tiếng chỉ đi được 20m, đéo biết khi nào mới về nhà",1,openai/gpt-oss-20b,train,vi,14,vsmec,0
sau khi có vợ anh per đã có đồ giả gái đẹp và tinh tế hơn 😆,1,openai/gpt-oss-20b,train,vi,17,vsmec,0
3 Idiots! Phim tuyệt nhất mọi thời đại .,1,openai/gpt-oss-20b,train,vi,9,vsmec,0
năm nay lạnh lùng quá . haizz,1,openai/gpt-oss-20b,test,vi,7,vsmec,0
lớp 5 mà viết thế này cô đánh gãy tay.,1,openai/gpt-oss-20b,train,vi,10,vsmec,0
mỗi người đừng hành hạ con bé như thế nữa,1,openai/gpt-oss-20b,train,vi,10,vsmec,0
"dm . đồ dạo này đầy tạp chất, hay sỉ nó đéo phê nhg mà vẫn bị ngáo",1,openai/gpt-oss-20b,train,vi,18,vsmec,0
khác hẳn rồi mà,1,openai/gpt-oss-20b,train,vi,4,vsmec,0
"mặt đúng kiểu, em hiểu cảm giác phê anh mà đúng đ!kkk",1,openai/gpt-oss-20b,test,vi,12,vsmec,0
"Trung Thu là ngày dành cho trẻ em, chứ đéo phải là ngày sinh ra trẻ em nhé. Dume, bọn có gấu tem tem nữa, kiểm tra xem có thêm sừng nào không?",1,openai/gpt-oss-20b,train,vi,33,vsmec,0
đi  ý nghĩa giống phim không ???,1,openai/gpt-oss-20b,train,vi,7,vsmec,0
"tưởng chơi chung, ai biết đâu xấu",1,openai/gpt-oss-20b,test,vi,7,vsmec,0
từ khi ra trường thì chưa về,1,openai/gpt-oss-20b,train,vi,7,vsmec,0
bộ cuối thấy thật đau lòng :(,1,openai/gpt-oss-20b,train,vi,7,vsmec,0
tình yêu là lời dối của 1 kẻ điên được tin bởi 1 con ngu đồ đồ!🤣🤣,1,openai/gpt-oss-20b,train,vi,17,vsmec,0
"đần mặt nhìn nó như con ngu, cười theo nó, rồi bị phát hiện.",1,openai/gpt-oss-20b,train,vi,14,vsmec,0
"gấu của thằng da đen đậm vkl, mà công nhận chạy nhanh vãi",1,openai/gpt-oss-20b,train,vi,13,vsmec,0
"có thể thay thì thay, giáo viên giờ thừa nhiều lắm rồi, đáng tiếc!",1,openai/gpt-oss-20b,test,vi,14,vsmec,0
đây là một ông bản lĩnh thật 👍,1,openai/gpt-oss-20b,train,vi,8,vsmec,0
"đắt quá, sao lại giảm tới mức này sao ta",1,openai/gpt-oss-20b,train,vi,10,vsmec,0
đã gắn bó sinh viên á!,1,openai/gpt-oss-20b,test,vi,6,vsmec,0
"tui vừa vào phòng, con vợ mặt trắng bốc nhảy ra, tưởng là ma điều gì điđiđiđi!",1,openai/gpt-oss-20b,train,vi,17,vsmec,0
"đã sợ rồi .. cố gắng hí mắt để tránh xa, xem sao .. cuối cùng hết hồn lạc luôn điện thoại :)))",1,openai/gpt-oss-20b,train,vi,23,vsmec,0
tao cũng muốn mìnhcó 1 tình yêu như ông bà ❤,1,openai/gpt-oss-20b,test,vi,11,vsmec,0
"là mặt nạ, không phải mặt lạ nhé . ngọng thế nhưng vẫn lấy được vợ ????",1,openai/gpt-oss-20b,train,vi,17,vsmec,0
vậy bỏ tiền mua máy tính đó để chi ta đúng ???,1,openai/gpt-oss-20b,train,vi,12,vsmec,0
thì con đĩ mẹ mày đi nhanh vào .,1,openai/gpt-oss-20b,train,vi,9,vsmec,0
:))) bố mày đang nghi ngờ rồi . tắt loa tự động để sáng suốt :))),1,openai/gpt-oss-20b,train,vi,16,vsmec,0
tàn nhẫn thật là khi mình tin tưởng họ hết rồi họ lại tắt đứt đi nó,1,openai/gpt-oss-20b,train,vi,17,vsmec,0
đời nào so với anh! :) haha,1,openai/gpt-oss-20b,train,vi,7,vsmec,0
"lớp 1 tao đã bị nằm sấp lên bàn, bị đánh 20-30 cây vì tội viết chữ không tiến bộ mà dám hó hé gì đâu. đúng đấy đúng đấy còn học sinh giờ sắp thành hiệu trưởng hết rồi",1,openai/gpt-oss-20b,train,vi,40,vsmec,0
ai ai chọc mù mắt mình đi ... mất mẹ tuổi thơ,1,openai/gpt-oss-20b,train,vi,12,vsmec,0
"đã hết hôi, cống vẫn đổ xuống sông, rồi lại thành 'hòa vốn' 🤔🤔",1,openai/gpt-oss-20b,test,vi,14,vsmec,0
để tránh đá ở Việt Nam . sao căng?,1,openai/gpt-oss-20b,train,vi,9,vsmec,0
đúng là tuyệt!!,1,openai/gpt-oss-20b,train,vi,3,vsmec,0
mưa tới sớm rồi huhu đúng,1,openai/gpt-oss-20b,train,vi,6,vsmec,0
có người như chủ thớt nói sao đất nước không tiến bộ đúng,1,openai/gpt-oss-20b,train,vi,13,vsmec,0
Ông này siêu,1,openai/gpt-oss-20b,train,vi,3,vsmec,0
thanh xuân là để bỏ qua 😔,1,openai/gpt-oss-20b,train,vi,7,vsmec,0
mày không được nhảy vào miệng tao như thế. nhảy vào thì tao cạp cạp cạp ...,1,openai/gpt-oss-20b,train,vi,17,vsmec,0
"làm video thì ăn ít chắp chắp như heo, xem nghe ăn phát mất con mẹ nó hứng, vô duyên",1,openai/gpt-oss-20b,train,vi,20,vsmec,0
uiiiii đỉnh vì n đổ ra sàn nhưng n đổ đầy mồm thì pheee,1,openai/gpt-oss-20b,train,vi,14,vsmec,0
"Crush ai cũng cờ rớt, mà đừng cờ rớt như mẹ bán hàng online, làm bất động sản của các bạn nhé :3",1,openai/gpt-oss-20b,train,vi,23,vsmec,0
trời ơi mình chóng mặt quá đi :((,1,openai/gpt-oss-20b,train,vi,8,vsmec,0
"em đã cướp đi niềm tin mà anh không hề cho, vì anh vụng về, đánh rơi hay càng xa vời càng dễ mất .. anh thật thành thật nên anh tổn thương",1,openai/gpt-oss-20b,test,vi,33,vsmec,0
anh thíck kiểu tra tấn mỗi ngày !:))),1,openai/gpt-oss-20b,train,vi,8,vsmec,0
em buông tay anh đi! .... quá khứ ấy anh hãy xoá hết đi .......,1,openai/gpt-oss-20b,test,vi,15,vsmec,0
đi xem mà nghe nói cực kỳ hay lắm á,1,openai/gpt-oss-20b,test,vi,10,vsmec,0
per nó tấn công tao cùng mày đó,1,openai/gpt-oss-20b,train,vi,8,vsmec,0
hãy cười thật tươi để cuộc sống của bạn trở nên tuyệt vời hơn 😁,1,openai/gpt-oss-20b,train,vi,15,vsmec,0
chỉ mong ở tuổi ấy chúng ta vẫn được như vậy đúng đó,1,openai/gpt-oss-20b,train,vi,13,vsmec,0
đánh cả bố lẫn mẹ rồi để nó chừa,1,openai/gpt-oss-20b,train,vi,9,vsmec,0
"đúng người mà mình muốn thương, yêu, chăm sóc. nhưng thật tiếc khi chưa có gì trong tay, vẫn đang chờ để đi đến điểm.",1,openai/gpt-oss-20b,train,vi,25,vsmec,0
đã hết tiền rồi,1,openai/gpt-oss-20b,train,vi,4,vsmec,0
có ai vào xem bình luận trước khi xem như tao không ???,1,openai/gpt-oss-20b,train,vi,13,vsmec,0
mình kì muốn đi nhưng trong túi kô chưa có xu mẹ nào vân kiều ơi,1,openai/gpt-oss-20b,train,vi,16,vsmec,0
kệ mẹ nó,1,openai/gpt-oss-20b,train,vi,3,vsmec,0
được rồi mày con nhà giàu có . nhưng nghèo như ta đâu đau khổ .??,1,openai/gpt-oss-20b,train,vi,16,vsmec,0
trước em cũng thở dài 1 lần lưng gãy như ông già đau nặng vãi!,1,openai/gpt-oss-20b,train,vi,15,vsmec,0
"đúng như mình trèo lên cũng bị phóng điện ngay bạn nhỉ, mình cũng không hiểu sao chúng nó không bị",1,openai/gpt-oss-20b,train,vi,21,vsmec,0
"hành nó đẩy đèn ông sao lên nữa chứ, ác vãi, ta nhớ lại còn cay?",1,openai/gpt-oss-20b,train,vi,16,vsmec,0
c trai như thế nào hết rồi mà đâu :),1,openai/gpt-oss-20b,train,vi,10,vsmec,0
đều vậy . khi còn bé tao cũng nấu kiểu này . nấu lười lùng trên bếp nhà chú,1,openai/gpt-oss-20b,train,vi,19,vsmec,0
"đi học giỏi, xinh xắn hì",1,openai/gpt-oss-20b,test,vi,6,vsmec,0
đau mấy ông thanh niên.,1,openai/gpt-oss-20b,train,vi,5,vsmec,0
đáng yêu quá à ????????,1,openai/gpt-oss-20b,train,vi,5,vsmec,0
"động lực là tình yêu, gia đình là nơi trở về hihi",1,openai/gpt-oss-20b,train,vi,12,vsmec,0
xem xong buồn quá,1,openai/gpt-oss-20b,train,vi,4,vsmec,0
cháu xl ông trước . cháu cũng không có gì chê bai đúng đúng đâu ạ . nhưng cháu thấy móng dài bẩn quá . đang ăn mà cháu run run .,1,openai/gpt-oss-20b,train,vi,32,vsmec,0
"má ơi, xem tới fire tưởng quảng cáo rạp chiếu phim, cuối cùng lại là mái nhà =))",1,openai/gpt-oss-20b,train,vi,18,vsmec,0
đẹp chi tiết đó,1,openai/gpt-oss-20b,test,vi,4,vsmec,0
per chị trả lời khách hàng thế này 😞 bị phốt rồi,1,openai/gpt-oss-20b,train,vi,12,vsmec,0
tôi cũng đang là con ghẻ của tạo hoá,1,openai/gpt-oss-20b,train,vi,9,vsmec,0
có ai thấy tội ông cụ như mình không 😭,1,openai/gpt-oss-20b,train,vi,10,vsmec,0
đi tù mà các cháu,1,openai/gpt-oss-20b,train,vi,5,vsmec,0
thói tính ích kỷ,1,openai/gpt-oss-20b,train,vi,4,vsmec,0
"tao cứ nhìn suy nghĩ, tay nào cầm bút là tay phải,",1,openai/gpt-oss-20b,train,vi,12,vsmec,0
"và mày chỉ cần lùi lại, như không quan tâm và nhắn tin, mày sẽ được crush ngay đúng đi 😎😎",1,openai/gpt-oss-20b,train,vi,21,vsmec,0
per nhớ thật đấy,1,openai/gpt-oss-20b,train,vi,4,vsmec,0
không thực sự biết mà hix.,1,openai/gpt-oss-20b,train,vi,6,vsmec,0
nhà tao cũng gần nhưng tao không bao giờ dám đi đêm,1,openai/gpt-oss-20b,train,vi,12,vsmec,0
"đỗ trên đường cấm và đỗ gần ngã ba là sai hoàn toàn, nhưng vẫn có người vào bênh. em là chủ thớt nên em cứ để họ đỗ thoải mái rồi gọi phường tới xử lý, cần gì thì nói ít thôi đi đúng về",1,openai/gpt-oss-20b,train,vi,46,vsmec,0
còn nhiều người chịu khó hơn mình :)),1,openai/gpt-oss-20b,train,vi,8,vsmec,0
ông lại làm vấn đề phức tạp hơn nữa :v,1,openai/gpt-oss-20b,train,vi,10,vsmec,0
đã hiểu lầm chút,1,openai/gpt-oss-20b,train,vi,4,vsmec,0
chị là người khó hiểu nhất mà em từng gặp đấy,1,openai/gpt-oss-20b,train,vi,11,vsmec,0
đừng tin khi nó nói yêu mày là thậtđấy :))),1,openai/gpt-oss-20b,train,vi,10,vsmec,0
"đúng kiểu tham lam mà tài năng thì có giới hạn, miệng nói sợ ông Vũ làm sạt nghiệp trung nguyên nhưng bản thân trước đó lại lỗ công tình yêu 1700 tỉ, mụ đàn bà mặt dày",1,openai/gpt-oss-20b,train,vi,38,vsmec,0
điểm rùng rợn,1,openai/gpt-oss-20b,train,vi,3,vsmec,0
con gái bây giờ .. nấu kiểu này thì xong rồi ... cháy luôn cả đi nhà 😂,1,openai/gpt-oss-20b,train,vi,18,vsmec,0
:))) thật nhiều tiền là vui đi,1,openai/gpt-oss-20b,test,vi,7,vsmec,0
cái gì làm nó leo lên được như thế này @@,1,openai/gpt-oss-20b,train,vi,11,vsmec,0
nó giảm giá còn 225k thì đã ok :))) không cần lời nữa. mẹ mày per bình luận gì để nó nhận ra chi v 😂,1,openai/gpt-oss-20b,train,vi,26,vsmec,0
lò xô kkk lâu lắm không thấy,1,openai/gpt-oss-20b,test,vi,7,vsmec,0
"yêu nhau quá, cắn nhau đau, tao thấy dòng chảy tiền kiếp của 2 đứa mày là như vậy",1,openai/gpt-oss-20b,train,vi,19,vsmec,0
chưa chia tay mà còn khó đây,1,openai/gpt-oss-20b,test,vi,7,vsmec,0
ỏ đáng ơi! =))),1,openai/gpt-oss-20b,train,vi,4,vsmec,0
"ba mẹ mình nhớ hết ngày tháng năm sinh âm lịch, giờ sinh, tên tuổi của 4 chị em...",1,openai/gpt-oss-20b,train,vi,19,vsmec,0
hahaha . thâm hơn nữa . nhưng thật chỉ có trong cổ tích nhé,1,openai/gpt-oss-20b,train,vi,14,vsmec,0
"rảnh rỗi, không làm gì, chỉ mất tiền.",1,openai/gpt-oss-20b,train,vi,8,vsmec,0
"làm con người vẫn khỏe, còn lành mạnh, nhưng vác mặt vào ăn cơm từ thiện thì chết con mẹ nó đi, để tránh chật đất, điều điều điều Cơm này dành cho những người không còn khả năng lao động, hoặc vô gia cư và hoàn cảnh quá khó khăn điều thôi",1,openai/gpt-oss-20b,train,vi,53,vsmec,0
sở khanh như boss chịu ngay .. đẹp trai quá trời ui,1,openai/gpt-oss-20b,train,vi,12,vsmec,0
đứa học sinh làm phiền bome mày rồi,1,openai/gpt-oss-20b,train,vi,8,vsmec,0
"tao không thấy cười ở đoạn buồi nào, sắp tới đoạn lại ngắt cmnl",1,openai/gpt-oss-20b,train,vi,14,vsmec,0
"thành phố không nói, chỉ 9 lần quay lại mới nấu thoi",1,openai/gpt-oss-20b,train,vi,12,vsmec,0
cảm xúc gì khi họp lớp mà đéo đi đâu,1,openai/gpt-oss-20b,train,vi,10,vsmec,0
có ai mình không? không thích đi đền chùa vì nhiều lí do ??,1,openai/gpt-oss-20b,train,vi,14,vsmec,0
"cảm ơn các tình nguyện viên, nhớ có các bạn thì người dân ít vất vả hơn",1,openai/gpt-oss-20b,train,vi,17,vsmec,0
không hiểu nhiều,1,openai/gpt-oss-20b,train,vi,3,vsmec,0
tao tát ngay bây giờ đấy,1,openai/gpt-oss-20b,train,vi,6,vsmec,0
đã gần có tiền mua,1,openai/gpt-oss-20b,train,vi,5,vsmec,0
đi thả mẹ tay ra :vậy đằng nào em kia cũng không chịu😅,1,openai/gpt-oss-20b,train,vi,13,vsmec,0
"đỗ ngay góc cua, thế có ngày sứt mõm đđ??",1,openai/gpt-oss-20b,train,vi,10,vsmec,0
1 từ (mờ)🙂,1,openai/gpt-oss-20b,train,vi,3,vsmec,0
như con ngốc ngế :)))))),1,openai/gpt-oss-20b,train,vi,5,vsmec,0
"đáng ghê tởm, ông thầy ấy 🙄",1,openai/gpt-oss-20b,train,vi,7,vsmec,0
mấy lần đi ngang hết tâm,1,openai/gpt-oss-20b,test,vi,6,vsmec,0
"per, đừng hỏi tui nữa",1,openai/gpt-oss-20b,train,vi,5,vsmec,0
"con ước bác dù nghèo nhưng vẫn sống luôn luôn vv, chúc bác một đời bình an",1,openai/gpt-oss-20b,train,vi,17,vsmec,0
per 1 lần cược lớn xem em có ngỡ ngàng,1,openai/gpt-oss-20b,train,vi,10,vsmec,0
"các hành động tuyệt vời, xứng đáng được trân trọng, và sẽ lan rộng đúng khắp nơi, thật tuyệt 😍",1,openai/gpt-oss-20b,train,vi,20,vsmec,0
tao gửi từ ngã tư đồng đội mà đi xa vãi,1,openai/gpt-oss-20b,train,vi,11,vsmec,0
"đôi khi cũng muốn dỗi nhiều, nhưng lại nghĩ đéo có người yêu nên dỗi",1,openai/gpt-oss-20b,train,vi,15,vsmec,0
em nó phượt cùng gái cả đêm,1,openai/gpt-oss-20b,train,vi,7,vsmec,0
đã bị đuổi 1 lần. đéo lgi cũng bị dí,1,openai/gpt-oss-20b,test,vi,10,vsmec,0
"ôi trời ơi, thật hài hước quá đi 😂😂😂😂😂😂",1,openai/gpt-oss-20b,train,vi,9,vsmec,0
"k có gì ác hơn con người, những con bé như thế mà không tha",1,openai/gpt-oss-20b,train,vi,15,vsmec,0
chị dâu đã vãi rồi,1,openai/gpt-oss-20b,train,vi,5,vsmec,0
"có những người đi qua đời như 1 cơn gió vậy, vô tình nhìn lại, nó vẫn là quá khứ...",1,openai/gpt-oss-20b,test,vi,20,vsmec,0
khi 2 đứa giận nhau thì kéo nhau vào nn rồi xong =)))),1,openai/gpt-oss-20b,train,vi,13,vsmec,0
đm mùi đó :))),1,openai/gpt-oss-20b,test,vi,4,vsmec,0
"đời còn bé thường bị ngỗng đuổi, chạy chạy lại khóc la la 🤣🤣",1,openai/gpt-oss-20b,test,vi,14,vsmec,0
đổ đầu mặt lồn là có thật,1,openai/gpt-oss-20b,train,vi,7,vsmec,0
"tử hình con mẹ nó lũ chó, má không có tính người đi. khổ thân lũ trẻ",1,openai/gpt-oss-20b,train,vi,17,vsmec,0
per chúng ta cứ xài luôn. kk,1,openai/gpt-oss-20b,test,vi,7,vsmec,0
Bây giờ càng có nhiều tiền thì cơ hội tìm việc sẽ cao hơn.,1,openai/gpt-oss-20b,test,vi,14,vsmec,0
đã thấy kết luận phí đợt trước là 8 tỷ nhưng giờ đã lên 81 tỷ rồi ???,1,openai/gpt-oss-20b,train,vi,18,vsmec,0
