text,label,multi_label,split,language,length,source,potential_noise
قوتنا بعد الله دائما أنتم🌹💙 الف مبرووك 💙 الحمد لله و الشكر له 🙏,0,human,train,ar,14,ajgt,0
‌صباح_الخير صباح ھادئ 🍃 يعآنق السماء ب امنيات مسبوقه ب كلمة يآرب.💕🍃 🌷🌷,0,human,test,ar,13,ajgt,0
صباح الورد 🍁,0,human,train,ar,3,ajgt,0
وأحب أسافر مع سحاب تعلى 💙,0,human,train,ar,6,ajgt,0
"مرة سألهم شخص ليش چذي مغلدمين مادمتم ""على الصراط المستقيم"" قالوا نتذكر عذاب القبر 🙄فقارة شاقين ارواحهم كل الوقت 😬",0,human,train,ar,20,ajgt,0
انا قررت أطبق بس مش لدرجة ادخل اشوف الحاجات دي، العيال تحسهم متفقين مع بعض,0,human,train,ar,15,ajgt,0
راح تنفعك في قبرك 💚,0,human,train,ar,5,ajgt,0
لا انا حاسس ان اجيري هيفاجأنا بمنتخب ابن ناس اه وانا معاكي ف الحته دي والمنتخب بتاعنا معروف بكدا آ…,0,human,train,ar,20,ajgt,0
افا هذي اخرتها نردد نشيد #الاتحاد ؟ طول عمرنا نهايط ونقول #الهلال مايهمه أحد وفوق الجميع والحين ندور الفزعة من فريق…,0,human,test,ar,21,ajgt,0
💕🍃🌹🍃💕 💕.•°``°•.¸.•°``°•.💕 💕(س ريمووراب) 💕 💕`•.¸ 💗 ¸.•` 💕 💕° •.¸¸.•° 💕 💕💕…,0,human,train,ar,13,ajgt,0
اللطف شي شفته في حياتي😭😭,0,human,train,ar,5,ajgt,0
واقسم بالله عذااب,0,human,train,ar,3,ajgt,0
الشيء الوحيد الذي وصلوا فيه للعالمية هو : المسيار ..! . ترى كانوا يشجعون ريال مدريد ضد النصر 🤣,0,human,train,ar,19,ajgt,0
"هنآك أشخآص يشبهون آلسمآء. في علو مستوآهم,رآقين آلآخلآق وآفين آلطبع أصحاب قلوب صافية🌹 🌸 🌸 …",0,human,test,ar,16,ajgt,0
ثريد عن أشرف الناس 💔,0,human,test,ar,5,ajgt,0
محتاجه الرياض بكبره مو بس جوها 💔,0,human,train,ar,7,ajgt,0
اييوه باين قماش ابيض طيب كفرالغطا حق السرير مثلا 😐,0,human,train,ar,10,ajgt,0
وضع الدوري هالسنه 😁,0,human,train,ar,4,ajgt,0
❀ انا فتاةة زماني👸 أنوثتي كالجبال 🏔️ لاتنحني (stop_sign) لي الف رئي 🤔 والف مزاج 🎉🤗 ولي م…,0,human,train,ar,18,ajgt,0
حبيبتي يفدونج 😘,0,human,train,ar,3,ajgt,0
"💔 عن #رسول_الله (صلى الله عليه وآله) \"" #ياعلي ، إني قد أوصيت فاطمة ابنتي بأشياء وأمرتها أن تلقيها إليك ، فأنفذها ،…",0,human,test,ar,23,ajgt,0
بجي بجي اسبوع الجاي 🌚,0,human,test,ar,5,ajgt,0
احلى أمر : أغلقوا هواتفكم نستعد للإقلاع 🌚 .. إلى اللقاء ✋♥️,0,human,train,ar,12,ajgt,0
نسأل المولى أن يمن على الفقيد بالرحمة والرضوان، ولكم من بعده الصبر والسلوان، إنا لله وإنا إليه راجعون. عظم الله…,0,human,train,ar,20,ajgt,0
على مدار اليوم بنقابل ناس وبننحط فى مواقف بتفكرنا قد ايه ان الحياه ظالمه وكانت قاسيه علينا 💔,0,human,train,ar,18,ajgt,0
اش طلع 🤔,0,human,train,ar,3,ajgt,0
حقيقي مو قادره اتخطى صدمتي فيك 💌,0,human,test,ar,7,ajgt,0
للأسف الحلو بنستهطر به 😔 مش بنمسك في الفرصة✋🏻 يلا ربنا معهم ويفوقوا كدة,0,human,train,ar,14,ajgt,0
😴 #مبادل_جدة شكلها القصله مافيكم احد مبادل وجاد 🤕,0,human,train,ar,9,ajgt,0
وانت مشغلك الله باامير محمد وابناء بلده بدل ماتنشغل في بلدك ومشاكله الله يشغلك في نفسك 🙂,0,human,train,ar,17,ajgt,0
الله يعيننا الحين على استعراض انا الي بار بأمي . الأم غلطانة .من متى احد يركب مع العرسان ؟ ناقص تنام بينهم في الفند…,0,human,train,ar,24,ajgt,0
دائما بكل البلدان دور الاخونجية -يختارون أحد اتباعهم ويجعلونه رمز للثورة بالدعم الإعلامي -يضعون قناصة ويستهدفون…,0,human,train,ar,16,ajgt,0
صباحك جميل حبيبتي 💕,0,human,train,ar,4,ajgt,0
فعلا صباح الخير صصباح جمميل يبتدي ب امطار وبرق ورعد صباح طاقه ايجابيه 💕 الحمدلله دائما .,0,human,train,ar,17,ajgt,0
"كل مانحتاجه:🤔 ""عتمة ليل ولمعة نجوم وقمر مضيء.""❤ و موجه بحر هادي 💛 💙 ليل مايجي بوصلك ماهو مرحبا فيه . ﺎ…",0,human,test,ar,22,ajgt,0
ماعندنا شك فيك يامعلم ونعلم مابداخلك من عشق للعالمي وكل ماتقوم به بشكل عفوي اعتذارك للجمهور النصراوي يزيد محبتك اكث…,0,human,train,ar,20,ajgt,0
مشتاقة للمطر 😔 #صباح_الخير,0,human,train,ar,4,ajgt,0
والله هذا اسمه مو زوران هذا يصلح ثوران 😂 خلوني اكمل هدايا بس 💔,0,human,test,ar,14,ajgt,0
نفس الشي 💘,0,human,train,ar,3,ajgt,0
الله يبارك فيك ويسعدك 💜,0,human,train,ar,5,ajgt,0
قوتنا بعد الله دائما أنتم🌹💙 الف مبرووك 💙 الحمد لله و الشكر له 🙏,0,human,test,ar,14,ajgt,0
صباح الخير 🌚,0,human,train,ar,3,ajgt,0
ذا يتكلم ولا يتمضمض 🙂,0,human,train,ar,5,ajgt,0
الحمد لله .. كانت مباراه صعبه ولكن بتوفيق الله ثم دعمكم تجاوزنا المباراه 💙,0,human,train,ar,14,ajgt,0
صراحة سيرفس سيء جدا ساعة علشان انقل لطاولة برى وطول الوقت وانا جالسة داخل محد مر علي قالي وش تبين تطلبين 😒 ( Urth…,0,human,train,ar,24,ajgt,0
أتمنى أني أهون عليك قسوة العالم، لكنك تعلم أنه ليس بيدي حيلة.. ستفرج عما قريب.. 💙 ⠀,0,human,train,ar,17,ajgt,0
لحظه شلون اختبار يوم السبت 🤔,0,human,train,ar,6,ajgt,0
#مسلسل_ودك_يتكرر_برمضان رمضان شهو عبادة مب شهر مسلسلات 😒,0,human,train,ar,8,ajgt,0
ابي اروح كوتشيلا 😞,0,human,train,ar,4,ajgt,0
كلمة حب وتقدير وتحية وفاء وإخلاص.. تحية ملئها كل معاني الأخوة والصداقه.. تحية من القلب إلى ال…,0,human,train,ar,17,ajgt,0
كل واحد يعبر عن حزنه بطريقته :),0,human,train,ar,7,ajgt,0
ياان بابا عليه حركات يقول بروح مشوار فجاه يصور بالملعب يااهوو ايش فييه!! جحد بناته 😞,0,human,train,ar,16,ajgt,0
صباح الخير يا قوم. منذ بضع أيام والتحذيرات من كميات كبير من الأمطار قادمة نحونا. تصلنا تباعا. أين أنتم ياغرفة طوا…,0,human,train,ar,21,ajgt,0
منجدكم ماتبغونهم مايغنون ستاي من كثر الاغاني عشان يختارو 🙂 #BLACKPINKxCoachella_D1,0,human,test,ar,11,ajgt,0
"بتتجوز 💍 وعمرها -18 سنة وبتساوي حفلة ""توديع العزوبية"" 😅 على اساس عشتي العزوبية 😒 ساوي حفلة ""توديع الطفولة"" احسنلك 👶🍼",0,human,train,ar,21,ajgt,0
يمكن هوايتي الوحيده اصور الغيوم بس 💘,0,human,train,ar,7,ajgt,0
وايد قاعده احاتي ماعرف اشلون بقدر انام 😢,0,human,train,ar,8,ajgt,0
طيب يمكن تعبان مشغول أو عنده ظرف عائلي' الاسبان يحبون يسوون دراما 🚶🏻‍♂️,0,human,train,ar,13,ajgt,0
الحب لأنك تحبي المال 😜,0,human,train,ar,5,ajgt,0
#صباح الاتحاد 💛 حي الصباح اللي نسيمه وصالك ي إتحاد💛😩,0,human,train,ar,10,ajgt,0
لاتشغلون الاغاني مع المطر :),0,human,train,ar,5,ajgt,0
اليوم 🇸🇩 ✨رحمة الله ومغفرته لكل الشهداء ،، ارقدو بسلام وأمان 🌹 #السودان #اعتصام_القيادة_العامة #sudan #تسقط_بس,0,human,train,ar,16,ajgt,0
محمد يوم يغني مذهلة بالرياض وعباس يوم يغني زاهية اكيد كانوا يقصدون الرياض بوقت المطر 💙,0,human,train,ar,16,ajgt,0
عشان نبقي متفقين اى حد يبعت Dm بلوك وهريح دماغى مش ناقصه استظراف 😤,0,human,train,ar,14,ajgt,0
آميين يارب 💗 ويديمك لأهلك,0,human,test,ar,5,ajgt,0
#زلزل_الملعب_نصرنا_بيلعب #النصر_الاتحاد تبقى الوحيد بخافقي ماشطبته اللي ملكني بالغلا و احتواني اخذتني كلي .. و…,0,human,train,ar,15,ajgt,0
الحمدلله عدت الى احضان امي 😂,0,human,train,ar,6,ajgt,0
«🌸 ✨ » اللهم رضاڪ ، اللهم لا شتات و لا خيبهۂ ظن ، اللهم طمأنينهۂ لا سقوط و لا اختلال و لا تعثر ، الل…,0,human,train,ar,26,ajgt,0
ابطال الحد الجنوبي 💪 منسيناكم وسوف تخرجون الحوثي ومن معهم من جحورهم واليوم باليمن 🤘 وغدن في قلب طهران 💪 قادموو…,0,human,train,ar,21,ajgt,0
إن لم تستطع قول ألحق فلا تصفق للباطل💫🌷 ✋,0,human,train,ar,9,ajgt,0
تصرف محمد كنو في الهدف هو ٪ من قيمة الهدف، لعيب يا محمد 💙,0,human,train,ar,14,ajgt,0
طيب سويلهم فطور ولا يكثر 😂,0,human,train,ar,6,ajgt,0
بادكوك طالب باخصاء السعودين ليوقف نسلهم لكنه قوبل بغضب شعبي وفضح المخطط . ولجوء شركاء المخطط بمنع الشباب من الزواج…,0,human,train,ar,20,ajgt,0
الاتحاد غدا مباراة انتحارية لا تقبل انصاف الحلول يجب ان نفعل الغير متوقع .. نحن في موقف صعب للغاية الاتحاد قدها 💛,0,human,train,ar,22,ajgt,0
لاعبي #الهلال يتجهون لتحية عبدالله المعيوف بعد نهاية المباراة نتيجة مستواه الكبير في لقاء اليوم 💙,0,human,train,ar,16,ajgt,0
┊┊⇣✧ ┊⇣✦ ⇣✧ ⠀⠀ لليالي نجد مامثلك لليالي غلاك أول وزاد الحب غالي ،.#الرياض #مطر🇸🇦🎵🕊✨ #ذكراك 💔 #حنايا_الغيث💜🌟,0,human,train,ar,18,ajgt,0
هسى شو يعني الواحد بس يصحى بلاقي وجهه منفخ وأصابعه منفخات 🤔 Ps : بحبش اروح ع دكتور,0,human,train,ar,18,ajgt,0
ٲليس من العيب ان تحفظ كل الأغاني .. وتكرر نفس السورة في كل صلاة .. 💔,0,human,train,ar,16,ajgt,0
شيخة عرب بنت العرب وبنفسها معتزه طيب ونسب زين وادب واللي تبيه تحوزه من مثلها من قدها واقوى شعور اته…,0,human,train,ar,20,ajgt,0
أول صباح لي ورئيسي ما كوز 😭 يا صباحات السعادة يا صباحات الهناء 💛💛,0,human,train,ar,14,ajgt,0
أصبحنا وأصبح الملك لله،اللهم أجعل قلوبنا خزائن توحيدك وألسنتنا مفاتيح تمجيدك وجوارحنا خدم طاعتك وعزنا في الذل لك و…,0,human,train,ar,19,ajgt,0
جنه محد تايب 😂 الوصخ وصصخخ ..,0,human,train,ar,7,ajgt,0
🤣 الحلقة كم ساعه ولا ساعتين,0,human,train,ar,6,ajgt,0
🎥 وضعنا غدا 😩 .. #الاتحاد #الشاهينو,0,human,train,ar,7,ajgt,0
⚛ تبي شي يقويك جنسيا 😳 ☣ فوريفر تعطيك 😉 🔸 *مجموعة تعزيز القدرة* 👨 مع🌹 _آرجي بلس والمالتي ماكا_ 🌹 ✅ ذي مني لك وهتقوي…,0,human,train,ar,26,ajgt,0
صباح النور 🌹,0,human,train,ar,3,ajgt,0
📌 فيفا تركت الاتحادات والبطولات القارية وتركت القضايا الدولية وتركت مشكلة تنظيم كأس العالم وتنظيم كأس العالم للأندي…,0,human,train,ar,18,ajgt,0
#الغانم_العيسى_للمقاولات #دمشق_الرياض #جدة 💚تنفيذ المظلات 💚المشبات 💚الشويات 💚الافران 💚 هناجر 💚مستودعات 💚ترميمات…,0,human,test,ar,12,ajgt,0
"""فوق السماء جنة .. وتحت السماء امي 🌌",0,human,train,ar,8,ajgt,0
على حسب المشكلة لان صعب يعمم الشخص بجواب واحد لكل المشاكل ..بعض الزوجات عقوبة مو زوجة ومن تحط رجلها ببيت زوج…,0,human,train,ar,21,ajgt,0
ولا يوم عرفت يا أهلي المستحيل ❤️ الأهلى فوق لو فين ما كان 💖,0,human,train,ar,14,ajgt,0
"فعلا ""الحياه جديره بالإهتمام"" 💜",0,human,test,ar,5,ajgt,0
#الفيفا_يرد_احتجاج_الهلال_صحيح القانون معك اما وش ذنب الوحده هذا كلام استرحات .فرصتك لتثبت وجودك ي كبير الرياض 💙,0,human,train,ar,17,ajgt,0
🌹 *بسم الله الرحمن الرحيم* اللهم صل على محمد وآل محمد عن فاطمة الزهراء عليها السلام أنها قالت ،،…,0,human,train,ar,19,ajgt,0
"الوطنيين القدامى ""الشياب"" ضايقتهم الأقاويل عن سمية الخشاب لكن لم يحرك شعره منهم عندما قذف مغردين #حلف_الفجار بنات و…",0,human,train,ar,19,ajgt,0
❀ ∞ سڪروا الباب ف وجھہ اللي يڪسرون خواطرڪم من المرھہ الاولى لانها راح تنعاد مرھہ ثانيھہ وثالثھہ ورابعھہ .. ❀,0,human,test,ar,21,ajgt,0
📜 قصيدة ((حدنا لابطون المملكة)) ☆ للشاعر/ #محمد_الجرف ☆ تسجيل ومكساج / ذوالفقار السراجي قال أبو معد من عرش الصروح…,0,human,train,ar,20,ajgt,0
لروحك مليون سلام شهيد الغربة محمد ابو شملة الى جنان النعيم 😥,0,human,train,ar,12,ajgt,0
هذا #الرجل من #أمريكا قضى عاما في #السجن ظلما في قضية #قتل وحكم علية مؤبد وبعد #قضاء #المده #عاما اكتشف أنه…,0,human,test,ar,21,ajgt,0
↴ ✿❥ 🕌 #تذكير_يوم_الجمعة 🕌 ✨يوم الجمعة اجازة وراحه من الرتويت_الاجباري 🔁 ٰ ✨#التبادل_ودي_بين_الاعضاء ♻️ من…,0,human,train,ar,16,ajgt,0
كلما سرح الخيال تلوح لي أيامنا و الماضي 💔,0,human,train,ar,9,ajgt,0
يحليلك ليش منكد ع عمرك صاحب الفرح والسعادة بدلهم 😬,0,human,train,ar,10,ajgt,0
بعد كدا الجامعة ح تفتح و ح نسقط نحن 💔,0,human,train,ar,10,ajgt,0
اللهم إفتح لنا ، أبواب السعاده و الرضا و إجعل ما نسعى إليه أجمل مما مضى ..!! ⁧ 🌸صباح الخير 🌸,0,human,test,ar,21,ajgt,0
السحب الليلة على الايفون .. رتويت للمرفقة وطبق الشروط 👇,0,human,train,ar,10,ajgt,0
كل مرة تخليني احبها بطريقه أعمق واكبر وكأنها تثبت لي إن نهايتها بقلبي مستحييله :(,0,human,train,ar,15,ajgt,0
من كبرت ماقمت اسير 💔,0,human,train,ar,5,ajgt,0
والله الثلاثة اتفه من بعض العروس كريهة شو يعني لو الام ركبت و العريس دراما حبتين طلقها عشي تافه و الام نشبة و لزقة…,0,human,train,ar,24,ajgt,0
الله أكبر 🌸 الحمد لله 🍁 لا اله الا الله 🌸 سبحان الله وبحمده 🌴 سبحان الله العظيم 🌴 لاحول ولا قوة الا بالله العلي الع…,0,human,train,ar,26,ajgt,0
#زلزل_الملعب_نصرنا_بيلعب #النصر_الاتحاد - عبدالرزاق حمد الله بعد مباراة الهلال قال كلمه للتاريخ : ( إذا ماتثق في…,0,human,train,ar,17,ajgt,0
مشكور حبيبي 😍,0,human,train,ar,3,ajgt,0
ايي والله 💔,0,human,train,ar,3,ajgt,0
كسرت الخاطر من شخص عزيز ع قلب تختلف وتخلينا نسوي ردت فعل مو احنا 😔,0,human,test,ar,15,ajgt,0
الى متى التعامل السئ للخادمات وعدم احترامهم وكأنهم حشرات والله هالمواقف تصير بيننا ونشوفها المربية جات من بيتها مع…,0,human,train,ar,19,ajgt,0
الهلال ينتصر .. لكنه بعيد جدا عن مستواه ! إهدار غريب .. لفرص سهلة جدا ! خط دفاع يعاني كثيرا ! كنو .. إمك…,0,human,train,ar,24,ajgt,0
الساده العالم العربى 😎 احنا الشعب النايم الكسول اول شعب افريقى نوبى عربى طلع طالب برحيل نظام ورئيس اول شعب خلع…,0,human,train,ar,21,ajgt,0
ده انتي مش هتحتويهم بس ده انتي هترضعيهم كمان .. قلب الام 😇,0,human,train,ar,13,ajgt,0
ياكثر ماشفت الصوره ذي 💀,0,human,train,ar,5,ajgt,0
ليتك تفرحنا وتحكيلنا قصة ليمان وكيف كان يأمر الأتراك بأن يضعوا أهلك على الخوازيق وكان الترك ينفذون أوامره وليتك تحك…,0,human,train,ar,20,ajgt,0
معك حق ، اهل طرابلس عم يسألواعنها ، ما شافوها من وقت ما كانت نائبة .,0,human,train,ar,16,ajgt,0
واو باقي يوم وابدأ ادوام :),0,human,train,ar,6,ajgt,0
الله موجود إذا حزنك على غائب، الله معاك اذا مزعلك انك وحيد، الله كبير لو الضعف تعبك، الله جنبك لو محد قاعد يشاركك…,0,human,test,ar,23,ajgt,0
للاسف محلمتش الا بجون واحد بس 😐,0,human,test,ar,7,ajgt,0
زهرة شبابى دبلت 😂,0,human,train,ar,4,ajgt,0
كففو انا ب طريق السحبة على كيهيون لاجل جوهون :(,0,human,train,ar,10,ajgt,0
😂😂 تصدقي الصباح الساعه وحده راكبه دراجة على الكورنيش 😑 ليتها كانت سيارة لابسه مرة لباس الدراجين.. غير أ…,0,human,train,ar,19,ajgt,0
انتظرك ولازلت متمسك فيك وغيري للأسف فيك يقهرني 💔,0,human,train,ar,9,ajgt,0
"""إلا من أتيٰ الله بقلب سليم"" اللهم قلبا سليما قلبا مليئا بالطمأنينة والسلام 💜 #سعاد_تك",0,human,train,ar,15,ajgt,0
بسم الله الذي لا يضر مع اسمه شئء في الأرض ولا في السماء وهو السميع العليم رضيت بالله ربا وبالإسلام دين وبمحمد صلى…,0,human,train,ar,23,ajgt,0
گم #ﻫﻲ ﺻﻌبة لحظﺎﺕ #ﺍﻹﺷتيﺎﻕ ﻟﻤﻦ😔 ﻻ ﻳﻤگن ﺭوﻳﺘﻬﻢ #ﺃﻭ ﺣﺘﻰ #ﻣﺤﺎﺩثﺘﻬﻢ 💔,0,human,train,ar,13,ajgt,0
انا خايفة التعليم يموتني قبل مايموت 😰,0,human,test,ar,7,ajgt,0
طبعة الروج 💋 هي العلامة اللي تعرف بها البنت نقابها اذا مقلوب او لا صحيح هالكلام ي بنات ؟! 🌚😂,0,human,train,ar,20,ajgt,0
موقفي من الدولة محمد الخامري قال لي صديقي الوزير وهو المبهور بكتاباتي وآرائي كما يقول: لماذا تهاجم الشرعية وتقف مع…,0,human,train,ar,20,ajgt,0
صباح الاجواء الجميلة صباح المطر 💙,0,human,train,ar,6,ajgt,0
الحمد لله💙 ألف مبروك يازعماء 💙 القادم أجمل إن شاء الله 🙏🏼,0,human,test,ar,12,ajgt,0
الله يعيني على هالاسبوع الكل يذاكر وانا لا شغل ولا مشغله الوضع واضح بيصير اكتآب و طفش 😂,0,human,train,ar,18,ajgt,0
#الاتحاد_النصر #زلزل_الملعب_نصرنا_بيلعب #احتزم_يانصر_معك_رجال #العالمي آمين يارب العالمين والله يعطيهم العافيه 🌹💛…,0,human,train,ar,11,ajgt,0
"وعندما رفعت صوتها وقالت ليس لي أحد يا اللٰه 💔 رفع الأذان قائلا : "" اللٰه أكبر ""⁦❤️⁩",0,human,train,ar,18,ajgt,0
بشقها نصين عشان مره ثانيه ماتتمسكن علي 😅,0,human,train,ar,8,ajgt,0
تخيلو حمد لله يحسب عليهم وما يلعب 🌚,0,human,train,ar,8,ajgt,0
والله حمدتي والصادق المهدي لو بفكرو كده م كان سقطناها 🌚,0,human,train,ar,11,ajgt,0
جبرالله كسر قلبك وجمعك بها في دار كرامته ومستقر رحمته 💔 وغفر لها ولجميع موتى المسلمين,0,human,train,ar,16,ajgt,0
My little baby booy gonna graduation from high school today 🎓☹️💕 والله وكبرناا وصرنا خريجين وبنروح الجامعه 😢 ج…,0,human,train,ar,19,ajgt,0
🔴 المباراة القادمة : ⚽️ مانشستر يونايتد v وستهام يونايتد 🏆 بريميرليغ 🏟 أولدترافورد 🗓 السبت ابريل ⏰ :30 (بتوقيت…,0,human,test,ar,20,ajgt,0
الى متى التعامل السئ للخادمات وعدم احترامهم وكأنهم حشرات والله هالمواقف تصير بيننا ونشوفها المربية جات من بيتها مع…,0,human,train,ar,19,ajgt,0
يا اخوانا و الله لسة مطالبنا ما أتحقق منها غير مطلب واحد .. عليكم الله الناس ما تتخاذل 💔,0,human,train,ar,19,ajgt,0
يا اخوانا و الله لسة مطالبنا ما أتحقق منها غير مطلب واحد .. عليكم الله الناس ما تتخاذل 💔,0,human,test,ar,19,ajgt,0
هشتمها ع الصبح أهوو اهوو 😒,0,human,train,ar,6,ajgt,0
احسني الوحيدة الا م صورت المطر 🌚,0,human,train,ar,7,ajgt,0
_ ♨️ عسل سدر 🎀 ♨️ اقسم بالله انه عسل سدر ♨️ ⛰ جبلي طبيعي 🍯 🇸🇦 مفيد جدا للال…,0,human,train,ar,20,ajgt,0
املاء ولا نطق 😬 !,0,human,test,ar,5,ajgt,0
صباح الخير لك انتي فقط 💙,0,human,test,ar,6,ajgt,0
بنشكر الله انو القلب عضلة مو عظم .. بضل التعضيل ارحم من الكسر 😔,0,human,test,ar,14,ajgt,0
✋ الكلمة الطيبة صدقة، ورب كلمة يكتب الله لك بها الرضوان إلى يوم تلقاه، ورب كلمة يكتب الله عليك بها سخطه إلى تلقا…,0,human,train,ar,23,ajgt,0
بيازيد و سليم ♥️ صرب و مارت 🧡 هاكان و انجين 💛 #Arasbulutİynemli,0,human,train,ar,13,ajgt,0
اووخص يالاملط طلع لك لسان 😂,0,human,train,ar,6,ajgt,0
مفيش آجمل من آنگ تگونے عايشہ'ة 🙈 وسايبہ'ة گل حاجہ'ة علے ربنآا ❤🌼 وفے قلبگ يقين آانہ ديمآا ربنآا گاتبلگ آللے فيھ آلخير 💙,0,human,train,ar,24,ajgt,0
رئيسين في يومين قالو الربيع العربي 😒 نحنا الكتاحه الأفريقية,0,human,train,ar,10,ajgt,0
أبي اسوي شي مينون خارج الروتين ؟ عطوني اقتراحات 😍,0,human,train,ar,10,ajgt,0
أحبك جهرا في كتاباتي ، وسرا حين يستغرب من حولي ابتسامتي المفاجئه 💕,0,human,train,ar,13,ajgt,0
انا قوس، م احس اني عقرب ومواليد اخر يوم بالعقرب 😕 عقرب تقليد,0,human,test,ar,13,ajgt,0
انا من يوم شفت ابحك غسلت أيدي منك 😭,0,human,test,ar,9,ajgt,0
قبل كم يوم اتذكرته الله يغفر له ويرحمه 😢,0,human,train,ar,9,ajgt,0
💔💔 مانسسااك 💔💔 من قال عقب فرقاك حبيت كذااب ماملا عيني من جنسك غيرك أحد إنتي أول أغلا عشق آخر الأحباب مانسا…,0,human,train,ar,22,ajgt,0
ولا شي 🌞,0,human,train,ar,3,ajgt,0
ليلة الإسراء والمعراج 🕌 ليله غسلت فيها أحزان الحبيب ﷺ بعد عام الحزن 💝 اللهم كما جعلتها ليلة دخول الفرح والسرور عل…,0,human,train,ar,22,ajgt,0
#امطار_الشرقيه 🌺كلين 💪🏼 للتنحيف 🎀 والرشاقة💪🏼 متاابعة دورية خلال مدة الكوورس 🌻 مع خبراء تغذية 🌸…,0,human,test,ar,16,ajgt,0
اجعلني يارب نورا لا يأفل هديه، ومطرا لا يكف ريه.. وحدائق ذات بهجة 🌿,0,human,train,ar,14,ajgt,0
📚 انعتاق لا تظنوا الأمر سهلا، فأن تعيش كما يريد الله وحده، وكما تريد أنت وحدك، دون استعباد من شيء أو أحد، فذلك من أ…,0,human,train,ar,25,ajgt,0
الحضور الجاف .. مؤذ أكثر من الغياب 💔 #مساءالخيرر,0,human,train,ar,9,ajgt,0
✦ ✿ ‌. . أنت فقط من يلفت أنتباه قلبي دائما . . ✦,0,human,train,ar,14,ajgt,0
انت جاي تتهاوش معي ولا شالسالفة 😭,0,human,train,ar,7,ajgt,0
كبذور الحب أنثرك ع أرض جافة قاحلة لا حياة بها ،، فتزهو بك وردا وزهر فتتسم بالحب بجنانه .. 💜,0,human,train,ar,20,ajgt,0
اننا كالاموات في يأسهم من الحياة وكالاطفال في املهم وبين ذاك وهاذ روح تتحطم 💔,0,human,train,ar,15,ajgt,0
وذحين M 😭,0,human,train,ar,3,ajgt,0
لما رأيت أنواره سطعت وضعت من خيفتي كفي على بصري خوفا على بصري من حسن صورته فلست أنظره إلا على قدري روح من النور…,0,human,train,ar,24,ajgt,0
محد يحب ادهم نابلسي كثري :(,0,human,train,ar,6,ajgt,0
أريد أن لا يصابوا أخوتي بأي خدش بأي تعب، تلك هي دعوتي الأبدية ورجائي الدائم. - يارب. 💙,0,human,train,ar,18,ajgt,0
كلماتي أرددها دائما (أنا أتعلم.. أنا أتغير الأن) 🌸 #كتاب #رسائل_من_القلب #ماذا_نقرأ,0,human,train,ar,12,ajgt,0
عايز ارجعلك ممكن.. بكرهك ممكن.. لسه بحبك ممكن.. بما بشوفك قلبي يدق جامد اه.. وبعدين 💔,0,human,train,ar,16,ajgt,0
ابي اروح الكوتشيلا :(,0,human,train,ar,4,ajgt,0
بمناسبة فوز الهلال .. 💙 سحب على آيفون XR📱 رتويت وتابع - السحب بعد ساعة موثق بالفديو 💪,0,human,train,ar,18,ajgt,0
انا لم أرحل .. ولكن انتي من أطفأ النور بداخلي فتلاشيت 💔,0,human,train,ar,12,ajgt,0
على وين 😢,0,human,train,ar,3,ajgt,0
اشي استظراف اشي خفة دم اشي طقطقه,0,human,train,ar,7,ajgt,0
ردة فعل لينا اختي لما صحت وشافت ميك اب امي وهي طالعه 😂,0,human,train,ar,13,ajgt,0
لا يأتي الإهتمام إلا من قلب يخاف غيابك 🌹,0,human,test,ar,9,ajgt,0
اقصد بالرد 😂,0,human,test,ar,3,ajgt,0
ابن اخويا بيبلطج عليا وبياخد حجاتي 😏,0,human,train,ar,7,ajgt,0
لي وليف سم حالي وانا عنه انتحيت حالف أن عيني على غيرهم ما لدها في وداعه يوم قفا تهيضت وبكيت يوم نفسي جنبوها من اللي ودها :(,0,human,test,ar,27,ajgt,0
"اي انجاز بستحق انو نفرح بيهو , لكننا في انتظار الفرح الحقيقي والاحتفال الاكبر , البتلخص في تحقيق كل مطالب وغايات ال…",0,human,train,ar,22,ajgt,0
اي والله انها عيني 😢,0,human,train,ar,5,ajgt,0
-مفيش لسة مجاش🙄😕 -مفيش برضو 😂 -نفسى اعرف نفسى اكتر اعرف انا عايز اى😌,0,human,train,ar,14,ajgt,0
وش احكي لك ؟ غرق هالليل في زحمة تفاصيلك ♥,0,human,train,ar,10,ajgt,0
احد يفهمني شصاير هنا 😭,0,human,train,ar,5,ajgt,0
هل المطر على الديار و هلت رشاشه متى على الله يا شبيه الغيم ودك تهل 💙,0,human,train,ar,16,ajgt,0
وضع الدوري هالسنه 😁,0,human,train,ar,4,ajgt,0
أششين يوم بحيياتتي امي طاحت مغمى عليها وودوها الاسعاف دعواتكم لها تكفون والله لاموت اذا صار لها شي 💔,0,human,test,ar,19,ajgt,0
مافيه شي بهالزمن مضمون أقنعني الوقت وأقنعته ! يخونك اللي مستحيل يخون ويحبك اللي ؟ مٓ توقعته ﮼بوح،الريم ❥ αℓяɪм…,0,human,train,ar,20,ajgt,0
كل سنة وانتي طيبة كل سنة وانتي صاحبتي كل سنة وانتي فرحانة ومبسوطة كل سنه وانتي مثال للوفاء والجدعنه وال…,0,human,train,ar,20,ajgt,0
حتى عامه الشعب تلاقيهم بلندن أو باريس يحكون مع اولادهم إنجليزي ..! اللغه العربيه ذهب…,0,human,test,ar,15,ajgt,0
#قديما: كانت الفتاة تقاس بحيائها وعفتها😍❤ واليوم تقاس بمؤخرتها وكبر ثديها 👊,0,human,test,ar,12,ajgt,0
خلايا مخي وانا اذاكر السلم : OH MY MY MY OH MY MY 😭,0,human,test,ar,14,ajgt,0
لن أنسى تلك الغصة ، تلك الصدمة ، تلك ساعة الوداع التي مرت گ ثانية ، لن انسى ذكراهم أبدا .. 💔 _گم…,0,human,train,ar,23,ajgt,0
لم ينتزعوها ليفرطوا فيها بسهولة ثقتنا كبيرة بأبطالنا ومنصورين بأذن الله 💛,0,human,train,ar,12,ajgt,0
جرعة تحفيزية على شان ماتنحاش قبل رمضان 😂,0,human,test,ar,8,ajgt,0
يسعد قلبك 😘,0,human,test,ar,3,ajgt,0
🎈 . . . لم أتخيل أنني قادرة على تجاوزگ .. 🌸 و عندما فعلت .. 🦋 كان إنتصارا حزينا للغاية .. 💔 . . . #شريرة🖤,0,human,test,ar,27,ajgt,0
قبطان ومافي كلام وانا اقول انته جايبها من وين 🤣,0,human,train,ar,10,ajgt,0
- أتظاهر بأنني ﻻ أهتم لكنني أفتقدك اكثر 💔,0,human,train,ar,9,ajgt,0
استشعري طموحك وارسمي بخيالك حلم التخرج وقولي لنفسك إنك قوية وراح توصلي للنجاح وماراح ترضين غيره استعيني ب…,0,human,train,ar,18,ajgt,0
""" م البداية "" "" كلية تجارة انجليزي جامعة المنصورة "" ❤",0,human,train,ar,12,ajgt,0
احضر يحضر واجبك.. بس لا تنسى وانت جاي تجيب معك اث…,0,human,train,ar,11,ajgt,0
سبحان الله وبحمده سبحان الله العظيم ارح مسمعك 😴,0,human,train,ar,9,ajgt,0
ومش هناخد البطوله أخرنا نصف النهائي 😭,0,human,train,ar,7,ajgt,0
حسبي الله لا إله إلا هو عليه توكلت وهو رب العرش العظيم . ❀,0,human,train,ar,14,ajgt,0
البعبعات 🤔 صدفة عجيبة #السودان #الجزائر,0,human,test,ar,6,ajgt,0
شرأيكم باللي عندها 💔,0,human,train,ar,4,ajgt,0
يخسون الهباط يسويها 🙂,0,human,train,ar,4,ajgt,0
الحمد لله💙 ألف مبروك يازعماء 💙 القادم أجمل إن شاء الله 🙏🏼,0,human,test,ar,12,ajgt,0
الهلالي اللي متحزم بالاتحاد مثل النصراوي اللي متحزم بالأهلي اذا فاز الاتحاد انا مستعد اتبرع بنص ثروتي له 🙏,0,human,train,ar,19,ajgt,0
مع نهاية الدراسة، لا تنسى كلمة مهمة 💛 والله مهمة جدا,0,human,train,ar,11,ajgt,0
صحيت م النوم مرات ع كوابيس بسبب الماتش وبجد لو اللي حصل ف الكابوس دا حصل بجد أنا هتشل ربنا يستر 😭,0,human,train,ar,22,ajgt,0
أرجوك اهتم بصلاتك .. فهناك مكانا أجمل من الدنيا ينتظرنا 💕,0,human,train,ar,11,ajgt,0
لعب فينا البعوض 😤,0,human,train,ar,4,ajgt,0
يا يجينا يا نطق تذكره لباريس ونشوفه 😢,0,human,test,ar,8,ajgt,0
للأسف سنه اتعودنا انو المتهم غير بريء حتى تثبت برائته. ثقة ماف,0,human,train,ar,12,ajgt,0
م - القلب ، التايم ما يصير حلو الا بوجوج ياخ ! صووتج 😩 كلاامج يخلي اللي مايقتنع يقتنع يابنت,0,human,train,ar,20,ajgt,0
🎥 #شاهد| الحشود الجماهيرية الواسعة خلال الجمعة من مسيرات العودة وكسر الحصار بمخيم ملكة شرق مدينة غزة.…,0,human,train,ar,17,ajgt,0
#الزمن_الجميل . الله ياوقت مضى لوهو بيدينا مايروح 💔,0,human,test,ar,9,ajgt,0
عم شوفك بكلشي بحبو 💜,0,human,test,ar,5,ajgt,0
للحين احبك رغم اني منكسره على بعدك والله اني ماقويت علمني شلون اجيك بلا عذر واقولك كم مره بغيابك بكيت :),0,human,train,ar,21,ajgt,0
لا صوبنا ماشي 😔 مادري عاد أماكن ثانيه,0,human,train,ar,8,ajgt,0
💵 مبروك 💪 #حفله_ديانا_حداد_بالكويت,0,human,train,ar,4,ajgt,0
المفروض تويتر يقفل بعد صلاة العشاء مباشره ويفتح بعد الفجر مثل دكاكين زمان 🙂 والمفروض انهم يحطون ضريبة على الرتويت…,0,human,train,ar,20,ajgt,0
ثم تتحول فجأة لشخص لا يعاتب أحد ، يتجنب النقاشات التي لا جدوى منها ، ينظر للراحلين عنه بهدوء ، ويستقبل الصدمات بصمت مريب 😔,0,human,train,ar,25,ajgt,0
الجزء الثانى 🙈,0,human,train,ar,3,ajgt,0
قدرها مليان وسط قلبي من زمن داخل الوجدان #سيئون صباح الخير يابلادي .. #حضرموت ❤,0,human,train,ar,15,ajgt,0
معلش 😂 😂,0,human,train,ar,3,ajgt,0
#نطالب_بفتح_مكبرات_الصوت 🔹 رفع نداء الحق في مكبرات الصوت إزعاج وتعد على الحريات ! 🔺 رفع صوت الموسيقى في الأماكن…,0,human,train,ar,19,ajgt,0
اشتقت لرمضان 💔,0,human,train,ar,3,ajgt,0
ابن الجنوب مقطوع سرك والدنيا تبرق فعادي الوضع عندك انت 🌚,0,human,test,ar,11,ajgt,0
والفون والشاحن كمان بقو اهلى ✋,0,human,train,ar,6,ajgt,0
انا ريهام 😂,0,human,train,ar,3,ajgt,0
. . . . . . #الليله_تمنى إن قالوا أطلب تمنى شي وتنوله ؟ بتمنى مع هاذا #الفجر إن ربي يرد روح وكيان لشخص غالي…,0,human,train,ar,25,ajgt,0
😍 تسلميلي والله يسعدلي صباحك يا جميل ⚘,0,human,train,ar,8,ajgt,0
اخخ والله حلوين 💔,0,human,test,ar,4,ajgt,0
صباحك ورد 🌹,0,human,train,ar,3,ajgt,0
{ وإن يريدوا أن يخدعوك فإن حسبك الله هو الذي أيدك بنصره وبالمؤمنين } ❤,0,human,train,ar,15,ajgt,0
الله الله 🌻,0,human,train,ar,3,ajgt,0
عليا الطلاق قلبي 😍,0,human,train,ar,4,ajgt,0
فيه احد :),0,human,train,ar,3,ajgt,0
ليتك تفرحنا وتحكيلنا قصة ليمان وكيف كان يأمر الأتراك بأن يضعوا أهلك على الخوازيق وكان الترك ينفذون أوامره وليتك تحك…,0,human,test,ar,20,ajgt,0
مرحله شكو فيهم 😭,0,human,test,ar,4,ajgt,0
صباحي مزاج سيء 🌚,0,human,train,ar,4,ajgt,0
افا هذي اخرتها نردد نشيد #الاتحاد ؟ طول عمرنا نهايط ونقول #الهلال مايهمه أحد وفوق الجميع والحين ندور الفزعة من فريق…,0,human,train,ar,21,ajgt,0
قوتنا بعد الله دائما أنتم🌹💙 الف مبرووك 💙 الحمد لله و الشكر له 🙏,0,human,train,ar,14,ajgt,0
😧 المدرسات من وين بيشرون تنانيرهم؟,0,human,train,ar,6,ajgt,0
صباح الخير ليش عاملين لخمة ي عيال 😪,0,human,train,ar,8,ajgt,0
صاحبه التويته مش هي ال ف الصور ونقطه العيون هي دي النقطه ال اتفق معاكي فيها اما الباقي ال بتقوليه دا يضحك 😂والبنت ل…,0,human,train,ar,24,ajgt,0
عمره وشايب !! اجل اللي عمره وش تقول عنه 😅 يارجال ماشاء الله تبارك الله انشط مني ومنك,0,human,train,ar,18,ajgt,0
زمان محدش كان بيتكلم عربي دلوقتى الاقلية اللى بيتكلمو نوبى تخيلوا بعد كام سنة ايه هيحصل؟ حاجة توجع القلب والله ان ل…,0,human,train,ar,22,ajgt,0
🌹#صباح_الورد 💐 🌹صباح الامل المتجدد 🌷 🌹صباح مليء بالامل والنشاط والتفائل 🌷 🌹صباح مشبع برائحة الورد والزهور 🌸 ونسمات…,0,human,test,ar,19,ajgt,0
بنشكر الله انو القلب عضلة مو عظم .. بضل التعضيل ارحم من الكسر 😔,0,human,train,ar,14,ajgt,0
الناس الطبيعية بصداقتهم تقول : احنا مقربين من بعض احنا مثل الإخوان الخ 🔥 باستثناء طبعا سوبر جونيور 🌚 :,0,human,train,ar,20,ajgt,0
شميت ريحه مسبه !! يكلب،تقاوي احبك 😔,0,human,train,ar,7,ajgt,0
نعم وألف 🌻 صباح النور 🌻,0,human,train,ar,6,ajgt,0
الفار 🐀 في عهد خليل جلال 😲,0,human,train,ar,7,ajgt,0
كنت متوقعه موضوع الولاية بس بالسعودية صدمة ان قطر نفىىنا :),0,human,train,ar,11,ajgt,0
صباح الخير و المطر و الأجواء الجميلة 🙏 #الرياض,0,human,test,ar,9,ajgt,0
ياا شين الوقت من دوونه :(,0,human,train,ar,6,ajgt,0
الأولى جبتيها بس الثانيه مع الخلق كلهم 😭,0,human,train,ar,8,ajgt,0
بمناسبة فوز الهلال .. 💙 سحب على آيفون XR📱 رتويت وتابع - السحب بعد ساعة موثق بالفديو 💪,0,human,train,ar,18,ajgt,0
وربي يموت اه احب الحولا 😭,0,human,train,ar,6,ajgt,0
خلصت دموعي من البصل م يمازح 😿,0,human,train,ar,7,ajgt,0
ايه هين .. اصلا ماتروح فيها الا كثيرة المهايط 😛,0,human,train,ar,10,ajgt,0
""" انا بالقوة نسيت 😭😭💙 "" 💙",0,human,test,ar,7,ajgt,0
الله يسعدك 🌹,0,human,train,ar,3,ajgt,0
"الاعضاء يتكلمون عن ظهور هالزي معهم ورقصها وجيمين قال لها : "" سيكون من الرائع لو نظرتي في عيناي في المرة القادمه ..…",0,human,train,ar,23,ajgt,0
🔷🔶 ليش تضل مهموم وحزين 😍 وكاتم همك بقلبك❤ ليش تدمر حياتك الزوجيه 💔 والحل عنا😌 ايوه لحل عنا مع👇👇 مجموعة القدره ا…,0,human,test,ar,23,ajgt,0
كل شي يمكن اخفاؤه 🔕 الا ملامح العين ❗️ عندما تحن عندما تتألم عندما تفقد 💔,0,human,train,ar,16,ajgt,0
أخر ريتويت او منشن له ﷼ 😊,0,human,train,ar,7,ajgt,0
_⛔ #مناحل_ابو_سلطان . . 🍯 اقسم بالله انه عسل 🍯 . . . ⛔ سدر طبيعي ♨️ . . ⚠️ مضمون…,0,human,train,ar,21,ajgt,0
حركة ازاحة المتاريس دي مخيفة جدا 💔,0,human,test,ar,7,ajgt,0
💚🍃🌷📿 🥀 🥀 من السهل أن تضع يدك على فمك كي لآ. تتكلم ولكن من آلصعب أن تضع يدك على قلبك ك…,0,human,train,ar,22,ajgt,0
#كم_مغرد_بالصلاه_علي_النبي #الاثر_الجميل_لايموت صل الله عليه وسلم 🌿 صل الله ع…,0,human,train,ar,10,ajgt,0
💝 اطقم نسائي بالاسم 💝 *ساعه نسائية ماركة هاي كلاس بالاسم ضمان سنه يشمل👇🏻 مويه.. مكينه*بطاريه *اسواره مع خات…,0,human,train,ar,19,ajgt,0
قبل موت الإنسان ب يوم ينام كثيرا ، ينسى كثيرا ، يسرح كثيرا ، ويشتاق 💔 للماضي انتم بماذا تشعرون..؟! #زعيم_تويتر_فولورز_الجمعه,0,human,train,ar,21,ajgt,0
ضبطت الإيميل اخيرا 😭,0,human,test,ar,4,ajgt,0
سنة الضحى صدقة يومكم 🌿,0,human,train,ar,5,ajgt,0
يقول الليل ليس لي ذنب بما يحدث لكم في النهار وتحدثوني به ..ولكن بصمت وعلى وسادة 💔 #وش_يقول_الليل,0,human,train,ar,18,ajgt,0
اللهم اني استودعتك كل مافيني نفسي، فرحتي ، مستقبلي ، و قلبي ف يارب بشرني بما اتمنى و أحب. . __تصبحون ع خير 😴,0,human,train,ar,24,ajgt,0
#الاتحاد_النصر بإذن واحد احد بنفوز عليكم بالاربعه -4 💛🖤💛🔥 والدوري هلالي💙💙 وبنطلعك من الكأس وتصير نفس خويك بموسم ص…,0,human,train,ar,19,ajgt,0
لولا نداء القلب وشوفة النصر والا يعز علينا فراقك يا الشرقية 😞,0,human,test,ar,12,ajgt,0
"اي انجاز بستحق انو نفرح بيهو , لكننا في انتظار الفرح الحقيقي والاحتفال الاكبر , البتلخص في تحقيق كل مطالب وغايات ال…",0,human,train,ar,22,ajgt,0
يارب توفيقك. 😢,0,human,test,ar,3,ajgt,0
احط ابو نوره يجي اخوي يحط اصيل هميم المفروض اعوفك والله انا اللي بعوفك 🙂,0,human,train,ar,15,ajgt,0
ياخي ذيلا يجلطوني نعم 😫 نعيد و نزيد لحد يعلق وهمه يعلقوا,0,human,train,ar,12,ajgt,0
تغريدتك هزتنا هز 😤,0,human,train,ar,4,ajgt,0
يتحدثون عن اخلاق حسين ونجوم فرقهم نهاياتهم الرياضية أليمة ومخجلة نختلف ونتفق حول حسين ولكن المؤكد أن صحيفته الأخلاق…,0,human,train,ar,19,ajgt,0
نقول بسم الله 😊,0,human,train,ar,4,ajgt,0
"🎥 المهمة الأولى في ""جدة"" ✔💪🏼 💙 #الهلال #فيديو_الهلال",0,human,train,ar,9,ajgt,0
مر يومين ولسى جالسلك نزلي الصوره ترا كل يوم ادخل ادور الصوره 😂😂 — 😭,0,human,train,ar,15,ajgt,0
وااي يا رزان والله اتمنيت لو اقدر ابيت 😭,0,human,train,ar,9,ajgt,0
المشجع الهلالي vs المدرج : يردد أهازيج الإتحاد محليا 😂 يردد العالمية صعبه قويه عالميا 😭 ويجيك طاقية يقول ال…,0,human,train,ar,20,ajgt,0
#الهلال_والنصر يخرجون ان خسرت . شكاكون ان انتصرت . بكاوؤن ان ضربت . لا يرون إلا أنت لأنك فوقهم لذا فأوجعهم ما است…,0,human,train,ar,23,ajgt,0
#وش_تعلمت_من_الدنياء دع الأيام تفعل ما تشاء وطب نفسا إذا حكم..القضاء ولا تجزع…,0,human,train,ar,12,ajgt,0
كان اي لزومه بس تبني السور ما دمنا لسه بالحنين براه 💔 #عمروحسن,0,human,train,ar,13,ajgt,0
:40 الوضع امان الحمدلله .. ماف انباء عن اصابات لحدي اللحظة 🚨 🔴 الحصل انو في كجر مندس ضرب رصاص بالتزامن مع قناص ق…,0,human,train,ar,24,ajgt,0
وخلاه تعديل مزاج معاه صباح ❤,0,human,train,ar,6,ajgt,0
الحمد لله💙 ألف مبروك يازعماء 💙 القادم أجمل إن شاء الله 🙏🏼,0,human,train,ar,12,ajgt,0
حلمت ان الماتش خلص /0 للاهلي وخسرنا ف ضربات الجزاء 💔,0,human,train,ar,11,ajgt,0
صغاري لقد نجوتم من الحرب لكن الموت يرفض ان يترككم ارقدو بسلام .. 😢 #عطوره💕 #شوشو💕,0,human,train,ar,16,ajgt,0
» يآ ليت أقدر أدخل قلؤب البشر وأعرف مكآنتي فيهآ .. يمكن أحد يعزني و مآ عندي خبر ويمكن نآس…,0,human,train,ar,20,ajgt,0
اشوف انه إثارة جدل لا اكثر 😁,0,human,train,ar,7,ajgt,0
#اسطول_زعماء_توتير #اسطول_لفندر_للدعم الشيخ الشعراوي قال جملة عظيمة جدا🌿 لا تحزن عندما يهجرگ أو يتغير عليگ البعض…,0,human,test,ar,16,ajgt,0
📍 - #تذكير_اليوم - 📍 📿 يوم الجمعة اجازة وراحه من.. الرتويت الاجباري.. ٰ والتبادل ودي بين الاعضاء.. من الساعه …,0,human,train,ar,21,ajgt,0
اللهم مع هذا الصباح أروي أعيننا بفرح الحياة وغيث السعادة واجعل لنا اروحا صافية من كل شي 💕 صباح الخير والسعادة والحب والورد والتفاؤل 💕,0,human,test,ar,25,ajgt,0
كان الأمل 💔 #المال_او_الحب,0,human,train,ar,4,ajgt,0
ليت اللي عطيناهم قلوبنا قدروها :(,0,human,train,ar,6,ajgt,0
بمووت 😭 #SuperJuniorDnE #TheDnE_SeoulDay1,0,human,train,ar,4,ajgt,0
وحده كتبت لزوجها زوجي العزيز ماذا بينك وبين الله ؟؟ ماهو السر الذي خبأته حتى رزقك الله بزوجهه مثلي ؟ رد عليها زو…,0,human,train,ar,23,ajgt,0
الحين معي لستة صالونات زفته ف الحقيقة وحلوة ف السوشل ميديا 🌚 والقائمة تطول واللستة من تجربتي الشخصية أو تجارب القريبات والصديقات,0,human,train,ar,22,ajgt,0
#الزمن_الجميل ساعة ونسحب الفائزين 😎 الجوائز : ريال 💵 ريال 💵 ريال 💵 - تابعني ورتويت للمثبتة فقط 🔁 وتدخل السحب 🎁,0,human,train,ar,22,ajgt,0
#دعم_إداري #شكر وتقدير لك #عالتفاعلك 🌹 🌹 ☝🚀 #حساب_مميز_راقي 🌸👑أنيقه في أدق تفاصيلها 🌸👑نقيه ب روحهاا 🌸👑جمآ…,0,human,train,ar,17,ajgt,0
#مسلسل_ودك_يتكرر_برمضان رمضان صلاة وعباده 🌚,0,human,train,ar,5,ajgt,0
همسات الصباح 🌹 اللهم صفي قلوبنا وأغسل ذنوبنا وأسترعيوبنا وزكي نفوسنا وإجعلنا ممن طاب ذكرهم وحسنت سيرتهم وأستمرأجر…,0,human,train,ar,18,ajgt,0
"اللهم أجعل هذا الصباح صباح خير 🌸 لا يضيق🌹 لنا فيه صدر ,🌿 ولا يخيب لنا فيه امر , و اجعل لنا بكل 🌹خطوة توفيق و تيس…",0,human,train,ar,27,ajgt,0
اللي يخلص ينطم ترا شيء ناس تخلص 💔,0,human,train,ar,8,ajgt,0
السلام عليكم يسر مكتب الإخلاص أن يقدم لكم الأعمال الآتية📝:- - تفريغ الصوتيات. - البحث العلمي بكل أن…,0,human,train,ar,18,ajgt,0
هذا ما عاهد عليه جرير بن عبدالله رسولنا الكريم صلى الله عليه و سلم هذا هو النور .. 🌹 #أخلاقنا #عثمان_الخميس,0,human,test,ar,21,ajgt,0
طلعت نواياه ميراث اجداد 💀 خليك بتركيا وحدودها احسن الك محد راح ينطيك ارضه الا والثمن آلاف من جنود شعب…,0,human,train,ar,20,ajgt,0
👑#همس_الخاطر_للدعم👑 ══°✼★🌸★✻°══ هذا محلك وابتدى معك مشوار على الوفا والطيب تكتب سطوره من الفرح رحبت بك ن…,0,human,train,ar,17,ajgt,0
قبضوا امنجي في في نقطة تفتيش معاه مسدس و قيل مسدسين مافي اي هجوم حصل حركة بتاعت جري بدون سبب و خوف المهم الدوشكا ضر…,0,human,train,ar,25,ajgt,0
بنشكر الله انو القلب عضلة مو عظم .. بضل التعضيل ارحم من الكسر 😔,0,human,train,ar,14,ajgt,0
محتاجه دعوه حلوه لخالي والنبي يارب يفك اسرك يااخالي 😢💔ربنا ينتقم من اللي منه السبب 👐,0,human,train,ar,16,ajgt,0
إستعيدوا روح الفانله الحمراء فأنتم أبطال القاره السمراء 💔 #سته_مش_كتير #الأهلي #أفريقيا_يا_أهلي,0,human,train,ar,12,ajgt,0
#مسابقة والجائزة 💰 / من أول من فتق لسانه بالعربية ؟ الجواب داخل التاق #مسابقه_عبدالله_بن_محمد الشروط : متا…,0,human,test,ar,18,ajgt,0
أصبحت سلوكيات من ضيع ثقافته ليحاول ان يكون ندا لثقافتنا عن طريق الترويج لثقافات اخرى معروفه ومعلومة للكل ، استوقفت…,0,human,train,ar,20,ajgt,0
فقط أرغب بالعزلة كأن ألف حديث يدار في عقلي أتأرجح بين الوجود والعدم والصمت والكثير من الكلام بين الشعور واللا شعو…,0,human,train,ar,21,ajgt,0
🍃 أصبحنا في خير من الله ونعمة وعافية #اللهم لك الحمد حتى ترضى..💙 #صباح_الخير 🍂,0,human,train,ar,15,ajgt,0
دا منو 😂,0,human,train,ar,3,ajgt,0
⏳اقل من ساعه على بداية الكلاسيكو . - نسبة تفاؤلك 🤔 ؟,0,human,train,ar,12,ajgt,0
الحريه لكل شرفاء الثورة ✌,0,human,test,ar,5,ajgt,0
نزلت فضيحة بتس.. طاحوا من عيني ماتوقعتهم كذا 😖,0,human,train,ar,9,ajgt,0
#الهلال_الاهلي #حسين_عبدالغني سبق وان تكررت له لحالات مماثلة من داخل المستطيل الاخضر واليوم كاد ان يتسبب في اصابه…,0,human,test,ar,18,ajgt,0
انا صراحة ضد تصرف المعلم من البداية. صح الفكرة جميلة ولكن بالله الحين ايش استفاد الطفل غير انه تذكير له بأن ابوه مو…,0,human,train,ar,23,ajgt,0
محتاجين نتعلم أدب الحوار لأنو معدوم تماما في تويتر السوداني عشان تثبت وجهة نظرك لازم تطلع الطرف التاني غبي ومابفهم 🙂,0,human,train,ar,21,ajgt,0
والله يا اخي المنظر احزنني الكتاب كنز مهما كان موضعه او عنوانه جديد ام قديم قرأته ام لم تقرأه كتبي…,0,human,train,ar,20,ajgt,0
فعلا للاسف 😞,0,human,train,ar,3,ajgt,0
وماذا عن الذي ابتلي بحب دون لقاء الم يكفي ألم البعد حتى يذوق ألم الأشتياق 💔,0,human,train,ar,16,ajgt,0
يوم واحد على اعظم مسلسل :( #GamesOfThrones,0,human,train,ar,7,ajgt,0
#وش_تعلمت_من_الدنياء بتويتر : جوري وبالإنستقرام : جوري الحلوة و بالبيبي : Joory وصديقاتها ينادونها : جيجي وبدفتر ا…,0,human,train,ar,18,ajgt,0
الكلمة اللي تستحي منها قطها على غشمره 😂,0,human,train,ar,8,ajgt,0
رئيسين في يومين قالو الربيع العربي 😒 نحنا الكتاحه الأفريقية,0,human,train,ar,10,ajgt,0
اول مره اقول كل هالكلام كله كله وأحس ياليتني ما حكيت وبنفس الوقت اقول الا هالحلم ما ابي يصير له شي!! بس مدري :(,0,human,train,ar,24,ajgt,0
لاوالله احبه واعشقه وودي فيه 😂,0,human,train,ar,6,ajgt,0
أنا ولا الحناء؟ 😔,0,human,train,ar,4,ajgt,0
خربت نومي 🙁,0,human,train,ar,3,ajgt,0
دمهم سم بردو 😂,0,human,train,ar,4,ajgt,0
ياريت كل حد يشوف الكلام ده، يدعي لماما ربنا يشفيها ويقومها بالسلامه 💔,0,human,train,ar,13,ajgt,0
صباح الخير لليوم الجديد، ولكل من سيضيف لمسة جمال ليومنا هذا 💗,0,human,train,ar,12,ajgt,0
بنشكر الله انو القلب عضلة مو عظم .. بضل التعضيل ارحم من الكسر 😔,0,human,train,ar,14,ajgt,0
نستكمل حديثنا 😂 الشايب ماعنده وقت 😂😂 طفى حتى الكهرباء💡🔦,0,human,train,ar,10,ajgt,0
ياريت لو الناس تفهم الدولة العميقة بتاعت الكيزان وانو الناس ديل لسه عندهم يد في النظام 😭,0,human,train,ar,17,ajgt,0
مود يوم السبت : 😒,0,human,train,ar,5,ajgt,0
اشعر بالإنتماء للاشياء (البسيطه 💛,0,human,train,ar,5,ajgt,0
خوش لا يسوونها البنات عندنا 😂,0,human,train,ar,6,ajgt,0
لحد يقول الجو يشبهني محروز 😒,0,human,train,ar,6,ajgt,0
تم استلام الجائزه . من القلب .. شكرا للذين يتركون بنا أشياء .. سعيده وجميله 🌸 تجعلنا نبتسم…,0,human,train,ar,18,ajgt,0
اذا اكتشفت أنه حبيبتك بتدخن تسيبها أو تكمل معاها 🙈 ؟!؟!,0,human,train,ar,11,ajgt,0
لا متسلمش لا 😢,0,human,train,ar,4,ajgt,0
مايغثك غير لاصار في وجهك حيا وابتلاك الله في عالم ما يستحون :),0,human,train,ar,13,ajgt,0
يارب ايي الاثنين بسرعهه 😔,0,human,train,ar,5,ajgt,0
انا خفاش انام بالنهار واصحى بالليل 😂,0,human,train,ar,7,ajgt,0
يعني مش هاين عليك تكمل الكلام الحلو للآخر 😏,0,human,train,ar,9,ajgt,0
💫 تقدر تحفر بير .. وتسعد ناس كثير!! ✅ بحمد الله وتوفيقه أنجزنا حفر أكثر من بئر لعام 💰 ابتداء من ريال…,0,human,train,ar,22,ajgt,0
متى قال 😓,0,human,train,ar,3,ajgt,0
الله يستر يا رغدأ هانت 💔,0,human,test,ar,6,ajgt,0
لله ما اخذ ولله ما اعطى وما لنا الا ان نقول ما يرضى الله ان لله وان اليه راجعون ، يا رب ارحمها رحمه واسعه واستقبلها…,0,human,test,ar,26,ajgt,0
#أمي فقيدتي وأن مرت الأيام.. وبدأ الجميع بنسيانك لاتقلقي ف ربي وهبك روحا تحيا ملامحها على ذكراك أللهم أرحم فقيدة قل…,0,human,train,ar,21,ajgt,0
اعلن كرهي للمسلسل 😐,0,human,train,ar,4,ajgt,0
ماكانت حلوة متأكدة 😞,0,human,train,ar,4,ajgt,0
الناس اللي يسون follow وبعدين يعطونك unfollow. سلامات 🤔,0,human,train,ar,9,ajgt,0
ودي شعري يرجع هاللون 💔,0,human,test,ar,5,ajgt,0
رساله صباحيه : 💛 اللهم اسألك التوفيق في جميع امورنا واكتب لنا الفردوس نحن ووالدينا وجميع موتى المسلمين برحمتك يا ارحم الراحمين,0,human,test,ar,22,ajgt,0
⛔ مافي فض اعتصام قبل توجيه تجمع المهنيين يا سودان ⛔ مافي فض اعتصام قبل توجيه تجمع المهنيين يا سودان ⛔ مافي فض اعتصا…,0,human,train,ar,24,ajgt,0
قال لها : أنتي جميلة كجمال يوسف 🙈 فقالت له : وأنت كاذب كأخوته ✌😌,0,human,test,ar,15,ajgt,0
الحمد لله .. كانت مباراه صعبه ولكن بتوفيق الله ثم دعمكم تجاوزنا المباراه 💙,0,human,train,ar,14,ajgt,0
ابي اروح 😞,0,human,train,ar,3,ajgt,0
اسخف من نومتي الخفيفه ماشفت 🙂 مليقه خل تصير مرا وتثقل شوي,0,human,train,ar,12,ajgt,0
تصرف محمد كنو في الهدف هو ٪ من قيمة الهدف، لعيب يا محمد 💙,0,human,test,ar,14,ajgt,0
الحمد لله دايم وابدا 💙 فوز مهم جدا 🙏🙏 #الهلال #الهلال_الاهلي,0,human,test,ar,11,ajgt,0
بنشكر الله انو القلب عضلة مو عظم .. بضل التعضيل ارحم من الكسر 😔,0,human,train,ar,14,ajgt,0
#الزمن_الجميل . من فقد والديه فلا شك أنه يتيم؛ ولكن اليتيم حقا من فقد رضاهما. ✍🏼 د / عبدالمحسن المطيري . . 🎧 تلاو…,0,human,train,ar,24,ajgt,0
اتمنى الخير لغيرك .. اتمنى له اللي بتتمناه لنفسك .. لو اللي قدامك ربنا رزقه اتبسط له وادعي ربنا بإنه يديك زيه ويوسع رزقك .. خليك نقي ♥,0,human,train,ar,28,ajgt,0
بستي وياه حاجة ثانية 🙈,0,human,train,ar,5,ajgt,0
بعد عمر طويل ياارب 💋,0,human,test,ar,5,ajgt,0
هذا كلام إعلامي يظهر في قناة (حكوميه) ! الدعوه سايبه يا حبيبي 🙂 و قبلها اساء لحمدالله لا إلتزام بالحياد و لا احترام…,0,human,train,ar,23,ajgt,0
الروقان اللي يجي من غير سبب هو الأفضل على الإطلاق ✨,0,human,train,ar,11,ajgt,0
ياعمري انا الله يرجعه له بالسلامه 💔,0,human,test,ar,7,ajgt,0
#معصيتي_راحتي تعالي بحظني ياعيني وحسي بحرارته 👅,0,human,test,ar,7,ajgt,0
احبك وارقبك من بعيد 💔,0,human,test,ar,5,ajgt,0
هه 😅 ايه هاليومين مع البرد و الاجوء الحلوه طبيعي جدا. #يبيلهاا #مربين #مقلوبة,0,human,test,ar,14,ajgt,0
الشيء الوحيد الذي وصلوا فيه للعالمية هو : المسيار ..! . ترى كانوا يشجعون ريال مدريد ضد النصر 🤣,0,human,train,ar,19,ajgt,0
جزاك الله خير 😂😂 بس ليش معصب 😬,0,human,train,ar,8,ajgt,0
عمانية وارثة ذهب قيمته مليون دولار ذهب حر ورثته من جدها ، انظر واسمع ماذا تقول ✅ لله درك,0,human,test,ar,19,ajgt,0
يا جماعه والله #الوصل الخلل في الإدارة 😔💔 كايو كمل كم سنه وتم يعاني ويمكن يروح !! فما بالك الجمهور من سنين وسنين يع…,0,human,train,ar,24,ajgt,0
تم فلو والباك على طول 👍,0,human,train,ar,6,ajgt,0
📚 بعض الأشياء في حياتنا زجاجية التكوين ☁ إذا أصيبت بخدش يصعب ترميمها.. ☁ أو إعادة المحاوله وإعطائها…,0,human,train,ar,18,ajgt,0
تستاهل الاميره 🌷,0,human,train,ar,3,ajgt,0
شكرا يا مديرر 🤪😂,0,human,train,ar,4,ajgt,0
صحيح ليه و كانش بيصدي 😂,0,human,train,ar,6,ajgt,0
متاكد 🙁 احسك مش انته,0,human,train,ar,5,ajgt,0
😂 هذا الي يدور واجد,0,human,train,ar,5,ajgt,0
همسه المساء بإمكانك أن تقرأ وأنت ترعى أغنامك لا علاقة للثقافة بالقهوة 🌷,0,human,train,ar,13,ajgt,0
هي مو قاعده تسأل عن العلمانيه 😱 هي قاعده تورينا المنكير واضافرها 💅🏻,0,human,train,ar,13,ajgt,0
السلام عليكم ورحمة الله وبركاته ✋ متابعيني الكرام 🌺 كما عهدتكم فيكم الخير والبركة ادعموا اختكم ذكرى الشريف برتوي…,0,human,train,ar,19,ajgt,0
وضليت اردد .. احبگ حيل ! وبقاء حبك .. وانتهابي الحيل 😞,0,human,test,ar,12,ajgt,0
يوم كان غوميز يهايط على الشاب الصغير عبدالباسط كان الوضع فله ويركبون عليه مقاطع ويوم جاء ابو عمر وهجد غوميز صاحوا ع…,0,human,train,ar,22,ajgt,0
من ضعف الشبكة تنقطع 😕,0,human,train,ar,5,ajgt,0
ينفع في رمضان والله 😂💔 بدل ما اجلس اصب وغيري ياكل ويشرب 😤,0,human,train,ar,13,ajgt,0
┊┊⇣✧ ┊⇣✦ ⇣✧ ⠀⠀ لليالي نجد مامثلك لليالي غلاك أول وزاد الحب غالي ،.#الرياض #مطر🇸🇦🎵🕊✨ #ذكراك 💔 #حنايا_الغيث💜🌟,0,human,train,ar,18,ajgt,0
شفتا ولمحت عيونا صدفة وشي متل الكذبة..قلبي حنلا .. هي لي الزمن فرقني عنا ويلي بوقتا غنيتلا و قلتلا اسف حبيبتي♫…,0,human,train,ar,21,ajgt,0
هه يعني اتم ف البيت احسن 🤣,0,human,train,ar,7,ajgt,0
في رأيك بنزيما هو المهاجم الأمثل لريال مدريد الموسم المقبل؟ 🤔,0,human,train,ar,11,ajgt,0
♡ كل الأصدقاء أصدقاء ، لكن بينهم واحد يكون جميع الأصدقاء ♡ صديق واحد فقط قادر على إحياء قلبك ، صديق واحد فقط…,0,human,train,ar,23,ajgt,0
خد كل حاجة بس متمشيش 💔,0,human,train,ar,6,ajgt,0
آمين وإياك 🌹,0,human,train,ar,3,ajgt,0
"🌷 أول جمعة من شعبان 🌷 جعل اللة العافية لباسكم والمغفرة ستركم"" والسعادة ط…",0,human,train,ar,14,ajgt,0
،، تمم اللهم اسعدني بالفوز 🥀 ⠀┄༻💗༺┄ . #ميلاد_جديد . ﴿ يأت بها الله ۚإن الله لطي…,0,human,train,ar,17,ajgt,0
بمناسبة فوز الهلال .. 💙 سحب على آيفون XR📱 رتويت وتابع - السحب بعد ساعة موثق بالفديو 💪,0,human,train,ar,18,ajgt,0
◎ . ˚ يامن تملک عطاء جمأ أكاليل إمتنان على هيئة شكر 🌹 . ⋆ ˚ يعطيك العافيه…,0,human,train,ar,18,ajgt,0
حظج تيج اسألة حلوة انا ما تيني 💔 — اعتقد شخص واحد يلعب براسي,0,human,train,ar,14,ajgt,0
قرية الوافي عندام التابعة لولاية المضيبي وليست نيابة سناو 🌚,0,human,train,ar,10,ajgt,0
وردية الصباح الليلة تعبانة 🙁,0,human,train,ar,5,ajgt,0
✨تنحني الحروف خجلا لمدحكم اعتليتم السماء🎈 🌟حسابات ملكيه 👑 نفتخربتواجدهم ضمن كوكبتنا الراقيه صنعوا الابداع تمي…,0,human,train,ar,16,ajgt,0
الى متى التعامل السئ للخادمات وعدم احترامهم وكأنهم حشرات والله هالمواقف تصير بيننا ونشوفها المربية جات من بيتها مع…,0,human,test,ar,19,ajgt,0
وش رايك الفيفا يقول احتجاج الهلال صحيح 😏,0,human,train,ar,8,ajgt,0
جزاك الله خير يالغالي 💔,0,human,train,ar,5,ajgt,0
يعني م تعرف ؟؟ هه يمشونها مشي مو صاحي 😂,0,human,train,ar,10,ajgt,0
الدبلة قدت عيونا والله 💔,0,human,test,ar,5,ajgt,0
محتاج تأهيل نفسي يخليني ارجع احضر محاضرات و سكاشن من بعد الميدتيرم 💔,0,human,train,ar,13,ajgt,0
كل عتمة تحتاج إلى ضوء إلا.. عتمتي تحتاجك ⁧ أنت ⁩ 🕊 🥀,0,human,train,ar,13,ajgt,0
#الهلال_الاهلي #حسين_عبدالغني سبق وان تكررت له لحالات مماثلة من داخل المستطيل الاخضر واليوم كاد ان يتسبب في اصابه…,0,human,train,ar,18,ajgt,0
تحذير للبنات 🚫 ✋ تيريزا لينش تبلغ من العمر سنة، أصيبت بالعمى بسبب إستخدام ماسكارا لأكثر من سنة و كانت تنسى بع…,0,human,train,ar,22,ajgt,0
الله يرزقنا حدا لو شو ما صار بهالدنيا ما بنهون عليه.. 💔,0,human,train,ar,12,ajgt,0
🍁 ؛ ؛ ؛ ؛ ؛ ؛ ؛ ؛ ؛ ؛ ؛ ؛ ؛ ؛ ؛ ؛ ؛ ؛ ؛ ؛ ؛ يا باخلا بالوصل أنت قتلتني .🌸,0,human,train,ar,28,ajgt,0
حطمتني الهنديه 😗,0,human,train,ar,3,ajgt,0
اللهم امين 💛,0,human,train,ar,3,ajgt,0
صباح السبت .. صباح الدوام الجديد صباح بدايه اسبوع خفيف لطيف بإذن الله 🌺,0,human,train,ar,14,ajgt,0
لا حتى لو ماصار لاتختفي 😢,0,human,train,ar,6,ajgt,0
والله كل صبح اكون متاكد انك بالتايم 💘,0,human,test,ar,8,ajgt,0
🌴اللهم إنا نسألك بمقاعد العز من عرشك ومنتهى الرحمة من كتابك وباسمك العظيم اﻷعظم وبوجهك الكريم اﻷكرم أن تعطينا من جز…,0,human,train,ar,21,ajgt,0
إختيار مدرب #القادسية القادم يجب أن يتم بناء على أسس فنية تناسب إمكانيات لاعبينا و طريقة لعب الفريق و ليس على مدى…,0,human,train,ar,22,ajgt,0
_ 🔴 عسل المجرى للمتزوجين 🔴 ✔ أفضل المقويات الجنسية ✔ ✔ بمكونات طبيعية [ % ] ✔…,0,human,test,ar,18,ajgt,0
امين ' ليته هو يرد علشان يسب ويقذف يقرا ولا يرد ذي مشكلته 😂,0,human,train,ar,14,ajgt,0
#مسلسل_ودك_يتكرر_برمضان الحيالة 💔,0,human,train,ar,3,ajgt,0
#منتدى_الملك_سلمان_الرسمي صباحكم أذكار ودعوات تشرح صدوركم 🥀 وسعادة وفرح تملي اعماقكم وابتسامة ماتفارق شفاهكم وأمل…,0,human,train,ar,15,ajgt,0
أخسر شيء لأجل صديقك ، ولا تخسر صديقك من أجل شي .🖤 #صباح_الخيړ 😴 __…,0,human,test,ar,15,ajgt,0
لا إله إلا الله الملك الحق المبين، لاإله إلاالله العدل اليقين، لا إله إلاالله ربنا ورب آبائنا الأولين سبحانك إني كن…,0,human,train,ar,21,ajgt,0
.. تلك الاماني الصالحة سيأتي اليوم الذي يأذن الله تعالى لها ان تتحقق ماعليك الا الصبر والثقة بقدرة الله تعالى 💜,0,human,train,ar,21,ajgt,0
سؤال ملقوف معليش انتي اسراء صاحبة سماهر حدادي اللي تقولك ياريت ما رديت على ايميلك ؟ 🙈,0,human,train,ar,17,ajgt,0
#امطار_الشرقيه 🌺كلين 💪🏼 للتنحيف 🎀 والرشاقة💪🏼 متاابعة دورية خلال مدة الكوورس 🌻 مع خبراء تغذية 🌸…,0,human,test,ar,16,ajgt,0
الحب الذي يصل للبكاء لم يكن يوما كذبة 💔,0,human,train,ar,9,ajgt,0
الفائده من كل شي سواه صفر يعني م سوا شي 🙂,0,human,train,ar,11,ajgt,0
🌸 ومآ لي غير رب آلعرش يکفيني عن شر خلقه ويقيني من شر آلحآسدين ويکفيني…,0,human,test,ar,15,ajgt,0
بضنوها ايوا 😔,0,human,train,ar,3,ajgt,0
جوزه التمياط شخصية بدأت بالبحث عنها في التاريخ وفي قوقل لم أجد مايكفي فبدأت في البحث لدى نساء شمر، وكما يقال القصص…,0,human,train,ar,22,ajgt,0
[ 📊 ] مراكز اغنية Boy With Luv بالتعاون مع هالزي في المخططات الكورية الموسيقية الساعة :00 م بتوقيت كوريا :…,0,human,test,ar,21,ajgt,0
🤔 ان شاءالله يلعب بس التسريبات تقول غير كذا ☹️,0,human,train,ar,10,ajgt,0
جدي،مريم اللهم امين 💔,0,human,train,ar,4,ajgt,0
🌺كلين 💪🏼 للتنحيف 🎀 والرشاقة💪🏼 متاابعة دورية خلال مدة الكوورس 🌻 مع خبراء تغذية 🌸 ✨رشاقة✨ 🌟 حي…,0,human,test,ar,18,ajgt,0
احسن خليها لي 😂,0,human,train,ar,4,ajgt,0
بديع السماوات والأرض ۖ وإذا قضىٰ أمرا فإنما يقول له كن فيكون . 💗,0,human,test,ar,14,ajgt,0
للاسف هذا الواقع 💔 الله يعين الشعوب العربيه,0,human,train,ar,8,ajgt,0
صباح الخير فعلا 💙,0,human,train,ar,4,ajgt,0
• ﮼الشعور ﮼اللطيف : هو وجود شخص ؛ دائما يحاول يسبق الكل في ما يخص إبتسامتك ، يحاول يثبت لك بكل يوم وبكل موقف ، و…,0,human,train,ar,26,ajgt,0
😂 💔 يالله شكله كذاك آيه 😔,0,human,train,ar,7,ajgt,0
كل عتمة تحتاج إلى ضوء إلا.. عتمتي تحتاجك ⁧ أنت ⁩ 🕊 🥀,0,human,train,ar,13,ajgt,0
"صباح الخير 💛 ساعة تماما , كل ماتبقى على لقاء الكلاسيكو الكبير بين #النصر_الاتحاد . - نراكم 💛",0,human,train,ar,18,ajgt,0
ناس طيبين اوي اوي .. ليه فضحوني بس 🙈,0,human,train,ar,9,ajgt,0
معقولة الكلام الكبير هذا يطلع من ناصر القصبي 😳 إللي مايعرف يجمع كلمتين على بعض في أي مقابلة تلفزيونية وتخلص المقابل…,0,human,train,ar,21,ajgt,0
اشتقت ل شعور بدايتنا اشتقت إنك ما تفارقني :(,0,human,train,ar,9,ajgt,0
"لعل الحل في السماء ! 💛 وأنت تبحث في الأرض""",0,human,test,ar,10,ajgt,0
حسابات ملگية♛ 🌟🌟 مغردون مميزون.. لهم حضور أنيق وحروف رآقية 🌸 #حسابات_ملكية_تستحق_المتابعة 👇🏻👇🏻👇🏻👇🏻…,0,human,train,ar,13,ajgt,0
ألا تكفون يا ربعه ويا أصحابه لو تجيبون لي رويحة ثيابه عيني الشقي ما وقفت صبابه عين في غيبته ما تبصر إلا به :(,0,human,train,ar,24,ajgt,0
اشتقت لتلك الراحلة التي لملمت أمتعتها دون أن تودعني وتركت في داخلي بوتقة للحزن وحنين يعتريني لها كل صباح ومساء 💔,0,human,train,ar,21,ajgt,0
شو قصدك 😒,0,human,test,ar,3,ajgt,0
يارب فيك رجائي وعليك توكلي وبك حسن الظنون وكل ما أتمنى في خزائنك بين كاف ونون وأن شئت يارب قلت كن فيكون .. 💜,0,human,train,ar,24,ajgt,0
يصلح اسوي سكيب لبكرا 😢,0,human,train,ar,5,ajgt,0
مرت سنوات على رحيل الغالي أبي ولازال في القلب جمرة لفراقه الاب خيمة 💔 # الله يرحمك يابوي 💔,0,human,train,ar,19,ajgt,0
حرفيا ديونسيوس تناسب الجنون الموجود في رن 😭😭 بمووت وربي هذا جويي 😭,0,human,test,ar,13,ajgt,0
صباحكم إبتسامھ ودعوات صادقھ🕊🌹 الساعه :00 🕛 تم تجديد الرصيد للأعضاء ✔️ لكل عضو (5) تغريدات باليوم (3)تغريدا…,0,human,train,ar,18,ajgt,0
#يوم_الجمعه ربي في يوم الجمعه لك عباد ينتظرون فرجا فبشرهم و عباد يسألون شفاء فعافهم وعباد يرجون رحمتك فأرحمهم…,0,human,train,ar,19,ajgt,0
السلام عليكم يسر مكتب الإخلاص أن يقدم لكم الأعمال الآتية📝:- - تفريغ الصوتيات. - البحث العلمي بكل…,0,human,train,ar,17,ajgt,0
أصبحنا وأصبح الملك لله رب اجعل هذا الصباح صباح خير لايضيق لنا فيه صدر ولايخيب لنا فيه أمر واجعل لنا بكل خطوة توف…,0,human,train,ar,23,ajgt,0
ايام جميلة وضحك مع السدحان والقصبي 😴,0,human,train,ar,7,ajgt,0
هذا كلام إعلامي يظهر في قناة (حكوميه) ! الدعوه سايبه يا حبيبي 🙂 و قبلها اساء لحمدالله لا إلتزام بالحياد و لا احترام…,0,human,train,ar,23,ajgt,0
ياسلاام عليك .. سقى الله زمان راح 💔,0,human,train,ar,8,ajgt,0
✌ سرح استعادة حساب تويتر الموقوف,0,human,train,ar,6,ajgt,0
"رأى نوح عليه السلام إمراة تبكي 😭 , فسألها لماذا تبكين؟ قالت : ياوليتي ابكي على وفاة إبني وهو صغير وفي عز شبابه 😔😔 س…",0,human,train,ar,25,ajgt,0
#الهلال_الاهلي #حسين_عبدالغني سبق وان تكررت له لحالات مماثلة من داخل المستطيل الاخضر واليوم كاد ان يتسبب في اصابه…,0,human,test,ar,18,ajgt,0
"🎥 المهمة الأولى في ""جدة"" ✔💪🏼 💙 #الهلال #فيديو_الهلال",0,human,train,ar,9,ajgt,0
📌 تذكير اليوم📌 ✨يوم الجمعة ✨ ~~ #اجازة وراحة من #الرتويت الاجباري والتبادل #ودي بين الاعضاء…,0,human,train,ar,16,ajgt,0
الله يرحمها حبيبتي ويصبرك 💔,0,human,train,ar,5,ajgt,0
و صحي من اول منبه,0,human,train,ar,5,ajgt,0
انتي اعمق من ان احبك كالاخرين يلزمني لاجلك خمس قلوب وروحان والاف الشرايين 💙,0,human,train,ar,14,ajgt,0
يارب بحق فجرك نجحني واكرمني وفقني ♥,0,human,test,ar,7,ajgt,0
عن علي بن أبي طالب رضي الله عنه قال : كان رسول الله ﷺ إذا ركع، قال: اللهم لك ركعت، وبك آمنت، ولك أسلمت، خشع لك…,0,human,test,ar,26,ajgt,0
والله الثلاثة اتفه من بعض العروس كريهة شو يعني لو الام ركبت و العريس دراما حبتين طلقها عشي تافه و الام نشبة و لزقة…,0,human,test,ar,24,ajgt,0
قال لها : أنتي جميلة كجمال يوسف 🙈 فقالت له : وأنت كاذب كأخوته ✌😌,0,human,train,ar,15,ajgt,0
بس اعرف اني بصير كني ديك مع طول شعري ذا ☹ بس لامانع من التجربه 💁,0,human,train,ar,16,ajgt,0
⛔ طريق #الدمام × #الخبر ابعدواا عنه 📣,0,human,train,ar,8,ajgt,0
فداك الكون طنشي انا متعوده عليهم بتويتر 😂,0,human,train,ar,8,ajgt,0
ㅤ↴ 🍂 ء ⸀ ⠀ ⠀ ⠀ ㅤㅤ أستغفر الله ما هلت وما سقطت ** فوق الثرى في بقاع الأرض أوراق . . . #الوافي_رند_للتبادل…,0,human,train,ar,25,ajgt,0
_ قال الرسول صلئ الله عليه وسلم :( من أصبح منكم آمنا في سربه، معافئ في جسده، عنده قوت يومه، فكانما حيزت له الدنيا ) فاللهم لك الحمد 💛,0,human,train,ar,29,ajgt,0
الدمام والرياض أمطرت واحنا باقي 😭,0,human,train,ar,6,ajgt,0
الا دموعك فااهمه فااهمه 💔,0,human,train,ar,5,ajgt,0
هاه اجل 🌚,0,human,train,ar,3,ajgt,0
"ليتني م نشيت 💔 .""",0,human,test,ar,5,ajgt,0
اكتر انسانة مبطقش اشوف صورتها او اسمع صوتها 💙,0,human,train,ar,9,ajgt,0
قل للمليحة في الخمار الأسود 💗 ماذا فعلت بناسك متعبد؟!🖤 — و ده غزل متدينين ده و لا ايه 😹💔,0,human,train,ar,20,ajgt,0
سي يو 😞,0,human,train,ar,3,ajgt,0
فش تسريب اخبار من عندك انت 💔,0,human,test,ar,7,ajgt,0
📹 مقدمة أداء بلاك بينك في كوتشيلا - ابريل ،,0,human,train,ar,10,ajgt,0
ياا صباح الورد 🌼,0,human,train,ar,4,ajgt,0
آمين وياك يارب العالمين 🙂 🌹,0,human,train,ar,6,ajgt,0
#الهلال_الاهلي هل الهلال 💙 أيا عاشقين 💙,0,human,train,ar,7,ajgt,0
والله الثلاثة اتفه من بعض العروس كريهة شو يعني لو الام ركبت و العريس دراما حبتين طلقها عشي تافه و الام نشبة و لزقة…,0,human,train,ar,24,ajgt,0
🗓 السبت أبريل م 🎥النصر❌الإتحاد ⚽دوري الأمير محمد بن سلمان للمحترفين ⛳الرياض : استاد الملك فهد الدولي ⏱ …,0,human,train,ar,19,ajgt,0
وش يجيب كوكيز هوم بيكري للرياض الحين يابطني ! 😇,0,human,train,ar,10,ajgt,0
#عن شكوكك 💔,0,human,train,ar,3,ajgt,0
قال كبير الرياض قال خلك خدم عند الاتحاد ياصغير 😎,0,human,train,ar,10,ajgt,0
الشيء الوحيد الذي وصلوا فيه للعالمية هو : المسيار ..! . ترى كانوا يشجعون ريال مدريد ضد النصر 🤣,0,human,train,ar,19,ajgt,0
معقولة الكلام الكبير هذا يطلع من ناصر القصبي 😳 إللي مايعرف يجمع كلمتين على بعض في أي مقابلة تلفزيونية وتخلص المقابل…,0,human,train,ar,21,ajgt,0
لااعلم من اين ابدأ لكم يازعماء لكن مااقول الا الله يصبركم على تخبطات زوران ( الله يستر من اللي جاي ) 🤔,0,human,train,ar,22,ajgt,0
"كان من المفروض ان يكون للكرة الارضية !! ""مخرج للطوأرئ"" 😕 👌#أعجبتني",0,human,train,ar,12,ajgt,0
الشيء الوحيد الذي وصلوا فيه للعالمية هو : المسيار ..! . ترى كانوا يشجعون ريال مدريد ضد النصر 🤣,0,human,train,ar,19,ajgt,0
💚🍃🌷📿 🥀 🥀 من السهل أن تضع يدك على فمك كي لآ. تتكلم ولكن من آلصعب أن تضع يدك على قلبك ك…,0,human,train,ar,22,ajgt,0
صباح الخير 🥀,0,human,test,ar,3,ajgt,0
خضوع تام ويوم تاريخي 😂,0,human,train,ar,5,ajgt,0
#أمي فقيدتي وأن مرت الأيام.. وبدأ الجميع بنسيانك لاتقلقي ف ربي وهبك روحا تحيا ملامحها على ذكراك أللهم أرحم فقيدة قل…,0,human,train,ar,21,ajgt,0
والمرء لا تشقيه إلا نفسه حاشى الحياة بأنها تشقيه ما أجهل الإنسان يضني بعضه…,0,human,train,ar,14,ajgt,0
دعوات زهراء وريان وكلام اليف بيرن فى ودنى 😞 اتمنى ان الكاتبة توجه الدعوات دى للظالم الحقيقى وهما عزيزة ونصوح لان ف…,0,human,train,ar,22,ajgt,0
وين اسافر بشهر العسل 🤔,0,human,train,ar,5,ajgt,0
💕معا لإحياء سنن الحبيب ﷺ 💫 *سنة اليوم*💫 عن أبي هريرة رضي الله عنه…,0,human,train,ar,14,ajgt,0
لالا عااد ولدنا دكتور قد الدنياا ♥,0,human,train,ar,7,ajgt,0
كن كالزهور .. إذا حضرت زينت المكان، وأدخلت فيه البهجة والسرور .. وإذا غادرت ظلت رائحتها العطرة أسعد الل…,0,human,train,ar,19,ajgt,0
ماحددوا منهم الحكام اللي يبونهم يحكمون لهم بالمره 🤣,0,human,train,ar,9,ajgt,0
• حنيت اﻟڪ 💔 • واني ادريہ اﻟيحن ♪ • تثكل عيونه مט اﻟحزن !!☹️,0,human,test,ar,15,ajgt,0
خابرك تحب المطر جعل المطر لقبرك وصل 💔 - اللهم اغفر لعبدك الملك عبدالله بن عبدالعزيز .. واسكنه فسيح جنا…,0,human,train,ar,20,ajgt,0
صح بدنك .. وربي يسعد قلبك 🌹,0,human,train,ar,7,ajgt,0
#روب_ستارك شيخ قوم ومقدم عرب ومحزم مليان 👌,0,human,train,ar,8,ajgt,0
لم أرزق بخالة لأشعر هذا الشعور تجاههم 😥,0,human,train,ar,8,ajgt,0
يارب الراحه ل قلبي 💛,0,human,train,ar,5,ajgt,0
تفشلت وانا مالي شغل 😥,0,human,test,ar,5,ajgt,0
من ذي 😶,0,human,train,ar,3,ajgt,0
#الاهلي_الهلال -تحت هذي التغريده تحدي روقان واسرع اذا فاز الهلال ان شاء الله ، اسرع راح يوزع قيمة ايفون X …,0,human,train,ar,21,ajgt,0
الله الله رائع رعد 👌,0,human,train,ar,5,ajgt,0
مو هذه الي تزوجت اخوها علشان الجنسيه 🤔,0,human,train,ar,8,ajgt,0
لٱ بس دااحس بغداد محاصره من كل الجهات وكل المحافظات الي قريب ​​منه♡̨̐ا وصلتهم السيول وبلش…,0,human,train,ar,16,ajgt,0
اللهم امين 💛,0,human,test,ar,3,ajgt,0
صيني دخل كهف وحب يسمع صدى صوته قال : هنج شنح فو تالو تو غا طن ون قال الصدى : الله لا يوفقك عيدها مرة ثانية ما حفظتها 😂,0,human,test,ar,29,ajgt,0
تبا ل خفاق مايرضا ب أحد غيرك كنه عشانك من ديار البشر منفي ٰ اروح عايفك من ظلمك وتقصيرك واجيك مشتاق لك رغما عل…,0,human,test,ar,24,ajgt,0
اخيرا طلع كلامي صحيح 😏 وظفوني في اتحاد القدم ( للهواه ) 👎🏻,0,human,test,ar,13,ajgt,0
"🥀🥀حكمة اليوم 🥀🥀 السبت 🎀 الموآفق - - شعبان 🎀 ألموآفق - - ابريل لا تتعاطف"" مع"" شخص"" فشل"" با…",0,human,train,ar,20,ajgt,0
گم #ﻫﻲ ﺻﻌبة لحظﺎﺕ #ﺍﻹﺷتيﺎﻕ ﻟﻤﻦ😔 ﻻ ﻳﻤگن ﺭوﻳﺘﻬﻢ #ﺃﻭ ﺣﺘﻰ #ﻣﺤﺎﺩثﺘﻬﻢ 💔,0,human,train,ar,13,ajgt,0
#حسين_عبدالغني لا تعليق في حضرة المعلق الذي قال شيء مما بالقلب 💔,0,human,train,ar,12,ajgt,0
"آسألني عن إغتنآم الفرص "" أخبرك عن النظر إليك دون آنتباهك ؛ 💌 #نجد_تركي",0,human,train,ar,14,ajgt,0
الوقت يمشي على اقل من مهله .. ابغى اجلد الاختبار وارتاح 🆘,0,human,train,ar,12,ajgt,0
🎥 | لقطة طرد لاعب الاهلي يوسف الحربي .. برأيك هل يؤثر الكرت الأحمر على مجريات المباراة ؟ 🤔,0,human,train,ar,19,ajgt,0
﴿تؤتي أكلها كل حين﴾ الكلمة الطيبة تؤتي أكلها بذاتها، اكتبها، تكلم بها،دعها ترحل ، إنها تنمو ولو في صحراء ق…,0,human,train,ar,20,ajgt,0
حماس البدايات فتره وتعدي 😂,0,human,train,ar,5,ajgt,0
نستكمل حديثنا 😂 الشايب ماعنده وقت 😂😂 طفى حتى الكهرباء💡🔦,0,human,train,ar,10,ajgt,0
وانا شنو ها ؟ 😒,0,human,train,ar,5,ajgt,0
"#الهجمه_المرتده ✋ قلنا لكم معاشيق وكر الشر/ عنجيه 🔴✋ ""فرض الامر ال…",0,human,train,ar,12,ajgt,0
بفكر اشتغل معيده بعد الضهر 🤔,0,human,test,ar,6,ajgt,0
الله يستر علينا 😥,0,human,train,ar,4,ajgt,0
السلام عليك سيدي ابا جعفر ، يشهد الله على ما في قلبي من الألم لذكرى رحيلك 💔 #من_قلبك_غرد 💔,0,human,train,ar,19,ajgt,0
وكاالعاده زيت النخيل اسوأانواع الزيوت هوه الي دايم متواجد في التوزيعات على المحتاجين 😑,0,human,train,ar,14,ajgt,0
#قلبك_ماذا_فيه بعد ان افترس الذبول جوانحه ونقشت علامات الڪآبة على محياه ، ولم تجد التحاليل و الفحوصات سببا لهرمه…,0,human,train,ar,19,ajgt,0
صبباح الخير ♥ أذكار الصباح .,0,human,train,ar,6,ajgt,0
لخسارة وزنك بشكل طبيعي ما الك غير مجموعة كلين العيادة التخصصيه الرائدة في…,0,human,train,ar,13,ajgt,0
"""الرجال قوامون على النساء"" هذا خطاب تكليف لا خطاب تشريف أنت قوام لتجعلها سيده لا خادمه أنت قوام لتجعلها زوجه لا…",0,human,train,ar,21,ajgt,0
مستود لانه اللي عندنا فالبيت من بحر كرباباد.,0,human,train,ar,8,ajgt,0
صباحكك جميل ك جمال روحك خيوو 🌺,0,human,test,ar,7,ajgt,0
زعلان جدا ومخنوق اني محضرتش اليوم اللي بستناه بقالي سنة دا 💔 يوم اليتيم وواحد يرن عليا دلوقتي يقولي رحمة بتسأل عل…,0,human,train,ar,22,ajgt,0
ده شرف لينا انك من متابعينا ❤,0,human,train,ar,7,ajgt,0
اغلى مافي التاج الدرة ..هكذا يقولون ☺️,0,human,train,ar,7,ajgt,0
اللهم إنك ترى ما لا نرى وتعلم ما لا نعلم فاكفنا شر ما في الغيب، واحفظنا بحفظك ويسر أمورنا ، وارزقنا وانت خير…,0,human,train,ar,23,ajgt,0
#اسامه_نصيف حذف التغريدة وحسابه معقوله الكلام اللي قاله امس صارت اليوم صدفه !! 😎 #الهلال_الاهلي,0,human,train,ar,15,ajgt,0
بطريقة ما ، ستجد مواساة الله تعتني بأعماقك 💙,0,human,test,ar,9,ajgt,0
مجموعة كلين اخسر كيلو في يوم مع الاخصائيه سها السعدي 📒 📌 📌 دون تكميم او حرمان…,0,human,train,ar,17,ajgt,0
قريبا أنت 😂,0,human,train,ar,3,ajgt,0
فيك تتجاهل وجعك 💔 ~ بس مفيك تبطل تحس فيه :)) وفيك تبين ٳنك تمام 💔 بس مفيك تكذب ع…,0,human,train,ar,20,ajgt,0
انت فخور بالمرحلة الي وصلت فيها بحياتك؟ 😭,0,human,train,ar,8,ajgt,0
‌سر المشاهير بوزن مثالي معنا رشاقتي 🤗هي البدايه الصحيه لجسم سليم وقوام رش☺يق الدايت الاول حمية ك…,0,human,train,ar,17,ajgt,0
#همم_داعيات ' لا اعلم بأي ساعة كتب لي انقباض روحي فيارب خفف علي سكرات الموت واسكني بجنتك.. - اللهم اجعل…,0,human,train,ar,20,ajgt,0
تتذكر في أي موسم كانت هذه المباراة بين #النصر_الاتحاد ؟ 🤔 .. ومين كان بطل الدوري؟ جاوبنا في المنشن + ريتوبت للتغري…,0,human,train,ar,22,ajgt,0
لما حد بيسالني عامله ايه برد تمام من غير و انت/ي 😂 و اما حد بيدخل يقولي هاي تلقائي بلاقي نفسي برد 🏃بااي و لو حد بي…,0,human,test,ar,27,ajgt,0
💔 سعره يكسر الظهر,0,human,train,ar,4,ajgt,0
💌 انشر ماكان راقيا٠٠ يفيد الناس ويثبت حسن تربيتك لاتبتغي جزاء من الناس ابتغ فيما تنشره وجه الله ، واجعل كل حرف فيه حجة لك لا عليك 🌸🍃,0,human,train,ar,28,ajgt,0
اللهم صل وسلم على نبينا محمد وعلى اله وصحبه الكرام 🌹 #يوم_الجمعه,0,human,train,ar,12,ajgt,0
الحب الذي يصل للبكاء لم يكن يوما كذبة 💔,0,human,train,ar,9,ajgt,0
بنشكر الله انو القلب عضلة مو عظم .. بضل التعضيل ارحم من الكسر 😔,0,human,train,ar,14,ajgt,0
لعب فينا البعوض 😤,0,human,train,ar,4,ajgt,0
اجل رد FIFA لازلنا في شهر ابريل 😅,0,human,train,ar,8,ajgt,0
والله الثلاثة اتفه من بعض العروس كريهة شو يعني لو الام ركبت و العريس دراما حبتين طلقها عشي تافه و الام نشبة و لزقة…,0,human,test,ar,24,ajgt,0
قال الشيخ أحمد بن حجر آل بوطامي البنعلي رحمه الله: من التشبه بأعداء الله تصوير ذوات الأرواح ونصب #الصور في البيوت…,0,human,train,ar,21,ajgt,0
#مع_شركاء_القمه_الكل_رابح ترقبو الليلة #كاش💸💰 حفلة من أكبر الحفلات موعدنا معاكم اليوم الساعة :00 🎉 جائزة 💸…,0,human,train,ar,16,ajgt,0
لنا الله 💔,0,human,train,ar,3,ajgt,0
زائر للرياض ابي سالب 😍 ساكن وسط الرياض بشقه وامان مواصفاتي /٧٦/٢٨وسيم الجاد فقط,0,human,test,ar,14,ajgt,0
مساكين المغتربين والله فاتهم سقوطين يعني مافي حاجة ممكن توصف شعورهم تخيل تكون مغبون مرة وتنغبن تاني 😔,0,human,train,ar,18,ajgt,0
بمناسبة فوز الهلال .. 💙 سحب على آيفون XR📱 رتويت وتابع - السحب بعد ساعة موثق بالفديو 💪,0,human,train,ar,18,ajgt,0
وانا قاعده اذاكر سلم 😞 #Coachella,0,human,train,ar,6,ajgt,0
وكيف أخفي غيرتي؟ ياكامل الزين قلي! كنت أظن أبقوى المحبة وأثر المحبه قوتني 💙,0,human,train,ar,14,ajgt,0
شهور و يوم تعال خذ الزرقاء من فريق التماسيح,0,human,train,ar,9,ajgt,0
تعالوا خنسولف :),0,human,train,ar,3,ajgt,0
✦••┈• لا تعودوا أنفسكم على #الصمت اذكرو الله استغفروه #سبحوه •• عودوا السنتكم على #الذكر فإنها إن اعتادت لن تصم…,0,human,train,ar,20,ajgt,0
↓ رآحة بآل وخبر سآر ورزق حلال ورضى الرحمن ، تلگ اﻵمآني أتمنآها لي ولگم #صباح_الخير 🌷,0,human,train,ar,17,ajgt,0
#الاتحاد_النصر صباحكم نصر وفالنا الفوز بإذن الله 💛 💙 💛 💙 💛 💙 💛 💪💪💛💙,0,human,train,ar,15,ajgt,0
#شخص_تشتاق_له_دايما . . مرحبا .. أنا بحاجة إلى رسالة تجعلني أبتسم جدا، هل من متطوع؟ 💔,0,human,train,ar,16,ajgt,0
عايشه قبل بدونك يعني بموت الحين بدونك لا طبعا 😂,0,human,test,ar,10,ajgt,0
الف مبروكك 😍 مليون مشاهده مكانك_خالي #محمد_عساف 👏 👏 👏,0,human,train,ar,10,ajgt,0
هؤلاء البلطجية بغيت نسقسي هم مش جزايرين 🙄 والشرطة مش جزائرين والعصابة متعددي الجنسيات ☺ فيديوهات الشغب معظم لكانو…,0,human,train,ar,19,ajgt,0
أصبحنا وأصبح الملك لله #صباح_الخيرᅠ أنعشته زخات #المطر 🌨اللهم يا من رويت الأرض🌴🌳 مطرا أروي قلوبنا❤ فرحا 🌧 ريحة…,0,human,train,ar,19,ajgt,0
لا يمكن ان اتعاطف مع اي سعودي من رجال الاعمال قام بالاستعانه بإحانب وسرقوه بل اقول الله يزيدك يا من فضلت الاجنبي اب…,0,human,test,ar,23,ajgt,0
في العين دمع إذا أخفيه، يخنقني.. شوق لأرواح من واراهم البين 💔 حتىٰ إذا بحت شعرا في رثائهم.. بكي…,0,human,train,ar,19,ajgt,0
هذا كلام إعلامي يظهر في قناة (حكوميه) ! الدعوه سايبه يا حبيبي 🙂 و قبلها اساء لحمدالله لا إلتزام بالحياد و لا احترام…,0,human,train,ar,23,ajgt,0
جعلني ازعلك كل يوم 😔,0,human,train,ar,5,ajgt,0
يارب نفرح 💔,0,human,train,ar,3,ajgt,0
من جدك انت تبي انصاف ؟؟ 😎,0,human,test,ar,7,ajgt,0
الوضع الليلي مو اسود 😏 فتح عيونك,0,human,train,ar,7,ajgt,0
نرضى غصب عنا 😍,0,human,train,ar,4,ajgt,0
القصبي اللي لما أشوفه ب لقاء أتفشل بداله لانه مايعرف يقول كلمتين ع بعضها صار يقول هالكلام والمفردات 🤔,0,human,train,ar,19,ajgt,0
#الهلال_الاهلي وزيرتنا أختاري لي كم حساب يحتفلون معنا ذالليلة بمناسبة فوز #الهلال يستاهلون…,0,human,train,ar,13,ajgt,0
أصبجنا وأصبح الملك لله 💜 صباح الخير 🌼,0,human,train,ar,8,ajgt,0
#معصيتي_راحتي نززلت 😭,0,human,train,ar,3,ajgt,0
♪ عضت شفايفها من الهم والضيق. جعله تضيق صدور من ضايقوها يالي جرحتو ملح گل ' المخاليق اما عطوها ' الحب او '…,0,human,test,ar,23,ajgt,0
بنات منج ليها انتوا شلون اذا زهقانين تمرون بعض وتروحون تشربون عصير ما فيكم حيا ؟ 😏,0,human,test,ar,17,ajgt,0
آمين ياارب اللٰه يعطيك ماتتمني ويقدر لك كل ماهو طيب ويسعدك ويرضيك ويرضى عنك ♥,0,human,test,ar,15,ajgt,0
ماني قلت لكم ان سعيد جطر بيسقط حكم تميم ؟ 😔 #يسقط_حكم_تميم,0,human,test,ar,12,ajgt,0
الله يديم هالمحبة يا ستي تتهني فيها 😒,0,human,train,ar,8,ajgt,0
#شعبان | شعبان ه 🌱♥️♥️: والقلب يا رمضان لك تواق اللهم بارك لنا في شعبان وسلمنا لرمضان وسلمه لنا لا فاق…,0,human,train,ar,21,ajgt,0
حسبنا الله ونعم الوكيل همجيه لابعد حد 👌,0,human,test,ar,8,ajgt,0
بتتكسر عضامك وما طلع خالها 😂,0,human,test,ar,6,ajgt,0
موزه جامده ومثيره بتتظبط نطر من كوسها: خنيث نيج سحاق سالب زغب 😐 إبريل :16:21 صباحا,0,human,test,ar,16,ajgt,0
🇸🇦🇸🇦🇸🇦🇸🇦🇸🇦🇸🇦 #الإمبراطورية_السعودية_العظمى #فوق_هام_السحب #صقور_طويق 🇸🇦🇸🇦🇸🇦🇸🇦🇸🇦🇸🇦 الله يحفظكم . 💐,0,human,test,ar,9,ajgt,0
هه أي والله 😏,0,human,train,ar,4,ajgt,0
افا هذي اخرتها نردد نشيد #الاتحاد ؟ طول عمرنا نهايط ونقول #الهلال مايهمه أحد وفوق الجميع والحين ندور الفزعة من فريق…,0,human,train,ar,21,ajgt,0
اية المرمطة دي ..حرام عليكوا هو ده استقبال بردو 😅💔,0,human,train,ar,10,ajgt,0
يالذت صباح الخير منك طعمها غير :) #تركي,0,human,train,ar,8,ajgt,0
اللهم صل على محمد ماذكره الذاكرون وصل ع محمد ماغفل عن ذكره الغافلون .. ❗ . . . الماضي للعبرة :…,0,human,train,ar,21,ajgt,0
يا حظ حقون المسابقات ومشاهير تويتر .. دايم الناس تسلك لهم وتضحك على سوالفهم البيض 😂 الله يصبركم علينا 😂😂,0,human,train,ar,20,ajgt,0
#الهلال_الأهلي .. ختام بطولة النخبة لكرة الطائرة سوف تقام على صالة الهيئة العامة للرياضة بالرياض الساعة :00 م ..…,0,human,train,ar,19,ajgt,0
والله #عيب أن تلعب أيادي الوافد في ديرتنا وتر قرارات لكويتنا دكتور عبدالكريم قبل لاتشلع #عابدين اشل…,0,human,train,ar,17,ajgt,0
عايزة ادخل جامعة :(,0,human,train,ar,4,ajgt,0
شي متوقع..قبل سنة دخلت وسيط في شكوئ جيران بسبب كورة دخلت البيت وصلت لخلافات الاباء والامهات وانتهت بالابناء فالمدرسة 💔,0,human,train,ar,20,ajgt,0
أنا سامحت😔 لكن ما فقدت الذاكرة 💔,0,human,test,ar,7,ajgt,0
ويحدث أن نشتهي رحيلا حتى من أنفسنا ولا نعلم إلى أين! 💔,0,human,train,ar,12,ajgt,0
قوتنا بعد الله دائما أنتم🌹💙 الف مبرووك 💙 الحمد لله و الشكر له 🙏,0,human,train,ar,14,ajgt,0
معلمة لغة عربية دازتلي مسج قاعدت ؟ قلتلها لا نمت 💔,0,human,train,ar,11,ajgt,0
"ياريتك تحس ب ثلاث : 💙 °حبي لك ، غغيرتي ؏ليك "" ° وكرهي ل وقتي بدونكك💕 #مساء_الورد",0,human,test,ar,18,ajgt,0
الحمد لله💙 ألف مبروك يازعماء 💙 القادم أجمل إن شاء الله 🙏🏼,0,human,train,ar,12,ajgt,0
عند مغيب شمس كل يوم نهاية يوم من أعمارنا 👈 لن يعود أبدا ✋ اللهم ارزقنا حسن الخاتمة واجعل خير أعمالنا خواتيمها واج…,0,human,train,ar,23,ajgt,0
راح نسوي سحب على حبتين ريتويت لتدخل السحب 👍,0,human,train,ar,9,ajgt,0
_⛔ #مناحل_ابو_سلطان . . 🍯 اقسم بالله انه عسل 🍯 . . . ⛔ سدر طبيعي ♨️ . . ⚠️ مضمون…,0,human,train,ar,21,ajgt,0
وان تمنيتم شيئا .. تمنوا من الله أن لا يريكم قيمة الأشياء بعد زوالها. . صباحكم جميل 💕,0,human,train,ar,18,ajgt,0
الإبداع في عالم المستديرة لا يقتصر فقط على المهارات الفنية و كيفية تسجيل الأهداف ، بل هناك من يبدع في إحتفاله بالأه…,0,human,train,ar,22,ajgt,0
شهور الله يهديك يا حليمه لا تحطين قلوب صفراء عند اسمك 😂 تذكريني بهذوليك وشولوه ما تحطين قلوب زرقاء ( بصوت داود ا…,0,human,train,ar,23,ajgt,0
ㅤㅤ ⠀ ㅤㅤ ⠀⠀ ⠀ㅤ ⠀⠀ ⠀ㅤ ⠀⠀ ⠀ ⠀⠀ ⠀ ㅤㅤ ذنوب البشر بينهم وبين ربهم،وقد يغفرها الله لهم في سج…,0,human,train,ar,22,ajgt,0
حسابات ملگية♛ 🌟🌟 مغردون مميزون.. لهم حضور أنيق وحروف رآقية 🌸 #حسابات_ملكية_تستحق_المتابعة …,0,human,train,ar,13,ajgt,0
لا والله 🤔,0,human,train,ar,3,ajgt,0
حكمه رائعه.. من لا يرى في يومه ما يستحق الابتسامة فليغلق عينيه عشر دقائق .. وليعلم أن رؤية النور وحدها تستحق ال…,0,human,train,ar,22,ajgt,0
وحوش الدوافير 👾 شاركوا الدوافير هذا التصميم.,0,human,train,ar,7,ajgt,0
بإذن الله ومشيئته / ننتظر حالتين مطريتين متداخلتين تقريبا. من ابريل حتى نهاية الشهر. وفيها رعديات وغزارة هطول و…,0,human,train,ar,19,ajgt,0
تبي نفزع معها 😁,0,human,train,ar,4,ajgt,0
مادام لك عندي معزه وتقدير بيني وبينك يبيض الوجه خوه أبيك تعذرني ليا صار تقصير الكامل الله وأنت راعي مروه أسعد ال…,0,human,train,ar,22,ajgt,0
هنا القاهرة الجميلة الساحرة الساهرة السامرة المنيرة الصابرة النيرة الباهرة الأسرة العاطرة الطيبة الفاتنة 😍,0,human,train,ar,15,ajgt,0
من لا يشكر الناس لا يشكر الله أشكر أخوي ياسر على استرجاع حسابي الموقوف . . . 👈🏻 &gt;&gt;حسابي اللي توقف ت…,0,human,train,ar,22,ajgt,0
صح لسانك حلووة 🌹,0,human,test,ar,4,ajgt,0
وش منه 🤔,0,human,train,ar,3,ajgt,0
_نفسك ف ايه -مكان فاضي مفيهوش حد -افضل اصرخ من غير م حد يكون سامعني -اصرخ بكل قوتي 💔,0,human,test,ar,19,ajgt,0
اخخ يالحظ 💔,0,human,train,ar,3,ajgt,0
من #أذكار الاستيقاظ من النوم (الحمد لله الذي أحيانا بعد ما أماتنا، وإليه النشور) #صباح_الخير 🌞,0,human,train,ar,16,ajgt,0
عبدالله بالله ريتويت صدقة عن امي في هذا الليلة الماطرة .. تكفون ادعوا لامي بالرحمة وان الله يبشرني…,0,human,test,ar,18,ajgt,0
في الغالب هو حزين من امر واحد فقط لا يستطيع قلبه تجاوزه و بقية الأسباب البسيطة التي تؤرقه يراها ثقيلة و مؤلمة لأنها…,0,human,test,ar,23,ajgt,0
ياذكي بعد يناير الهلال لعب قي فبراير مع الفتح وبوتيا مالعب 😁 شوية تركيز,0,human,train,ar,14,ajgt,0
#الهلال_الاهلي ابد حسين لم يخطي ولم يسيء لاحد بهذه اللقطه👇🏻 حسين يشرح لقوميز تاريخ الاهلي 🐸,0,human,train,ar,16,ajgt,0
لااعلم من اين ابدأ لكم يازعماء لكن مااقول الا الله يصبركم على تخبطات زوران ( الله يستر من اللي جاي ) 🤔,0,human,train,ar,22,ajgt,0
مايحتاج تعطي ورد لورد 😜,0,human,train,ar,5,ajgt,0
لاخيل عندك تهديها ولا مال .. فليسعد النطق إن لم تسعد الحال 😢,0,human,train,ar,13,ajgt,0
واذا مرضت فهو يشفين 💔,0,human,train,ar,5,ajgt,0
بس انصحك كلمي وحبي صباع واحد 👍,0,human,train,ar,7,ajgt,0
#المشاعر_هالليله_تقول قل للذي نام والأحزان تخنقه،، وهمه في ظلام الليل يشقيه،، هون على قلبك المحزون إن له،، ربا…,0,human,train,ar,18,ajgt,0
أوجاعك التي لم يلتفت لها أحد ، هي تحت عناية الله سبحانه ، ثق دائما بالله ولا تفقد الأمل انهو على كل شي قدير صبا…,0,human,train,ar,25,ajgt,0
عز وجل. في هذا اليوم المبارك ، امنحنا القدرة على مساعدة بعضنا البعض ، والصبر والتفاهم للتعامل مع بعضنا البعض ، لفظ…,0,human,train,ar,22,ajgt,0
"جمهورنا : المتبعثر المكسور ! ياما : عطا .. ولا أخذ : حاجة ! ' ياما : وفا .. ولا عليه "" قصور "" ياما انجرح .. ولا لق…",0,human,test,ar,29,ajgt,0
يعنى انا دايما كنت بدور ع انى عندى حساسية من حاجة ولا لا و مش فاهمة ليه على اساس انها حاجة حلوة يعنى و ادينى اكتشفت…,0,human,test,ar,26,ajgt,0
ترى بعض الرجال لو على كيفهم يبونك تقومين الصبح تسجدين له سجدتين وتقومينه وانت تبوسين رجلينه واذا راح شغله تقرين كت…,0,human,train,ar,21,ajgt,0
موجووده 😬 بس كنت اشرف الضيعه عم بترشرش😍,0,human,train,ar,8,ajgt,0
وين طارت النومة 😢,0,human,test,ar,4,ajgt,0
#يوم_الجمعه بين رفات المقابر . هناك وجدت من قد خذل من حبيب . وظلم من قريب .ومن خاب امله من صديق ومن تجرع ألم الغياب…,0,human,train,ar,25,ajgt,0
- نقدم لكم سحب على: -iPhone XR اللون بحري G📲 - Xbox one X - Play station4: -FIFA 🎮🎮Two wireless control …,0,human,train,ar,22,ajgt,0
"""تلاتين سنة بترقص .. الليلة رقصتنا"" أنا ببكي 😭 دي حلاوة شديدة باخ",0,human,train,ar,13,ajgt,0
#مساء_الخير اللهم صلي وسلم على سيدنا محمد 🌸 للمتصلين حاليآ 🌸 ل #تبادل_رتويت مݩ المفضلﮧ ( العدد مفتوح…,0,human,train,ar,18,ajgt,0
🔥انفجار غضب الشعبي 🔥Explosion of popular anger 💥فيديو اخر من مظاهرات عارمة #الاهواز 💥 Video is another great demon…,0,human,train,ar,19,ajgt,0
🎥 وضعنا غدا 😩 .. #الاتحاد #الشاهينو,0,human,train,ar,7,ajgt,0
☜ #الساعه :00🕛 ☞ تم تجديد رصيد الاعضاء لكل عضو تغريدات باليوم 📍 📌#أجباري_وليس_أختياري📍 🌟┈┉┅━❀❀━┅┉🌟 #Gp_30 ☟ ☟…,0,human,test,ar,18,ajgt,0
جربوا مره هتعجبكوا 😍,0,human,train,ar,4,ajgt,0
هذى جريمة 😱,0,human,train,ar,3,ajgt,0
اقسمت أن اهجرالحب واغلق دونه قلبي .. وأنساه دهرا طويلا وينسانا .. لكن رياح الهوى عصفت بالقلب ..حتى رمته .. فعا…,0,human,train,ar,21,ajgt,0
من النعيم أن تجد من لا يضطرك إلى الاحتراز.. تبعثر أفكارك ومشاعرك وأنت في مأمن من نظرته وقلبه 💗,0,human,train,ar,19,ajgt,0
_⛔ #مناحل_ابو_سلطان . . 🍯 اقسم بالله انه عسل 🍯 . . . ⛔ سدر طبيعي ♨️ . . ⚠️ مضمون…,0,human,train,ar,21,ajgt,0
يا اخوانا و الله لسة مطالبنا ما أتحقق منها غير مطلب واحد .. عليكم الله الناس ما تتخاذل 💔,0,human,train,ar,19,ajgt,0
أصعب اشتياق ان تشتاق لاحد تعرف جيدا انك ابدا لن تراه ولن يأتي مثله ولن يعوض مكانه احد في قلبك 😔 #احلام*,0,human,train,ar,22,ajgt,0
#صباح_الخير 🌹 اللهم.. طهر صباحنا وصباح كل مسلم من الهم والحزن وافتح لنا أبواب السعادة والأمل..,0,human,train,ar,16,ajgt,0
صباح الخير .. لمن ينتظرنا كل صبح ليبادلنا التحية والكلمة العذبة والدعوات صباح الخير .. لمن نهض وتذكرنا فبادر بالت…,0,human,train,ar,20,ajgt,0
حاطه امل اودي اليهال اليوم 💔,0,human,test,ar,6,ajgt,0
قوتنا بعد الله دائما أنتم🌹💙 الف مبرووك 💙 الحمد لله و الشكر له 🙏,0,human,train,ar,14,ajgt,0
والرجاله لي ماتو اول وحدين,0,human,train,ar,5,ajgt,0
وانا صغيره شفت شيخ يقرأ ع وحده و يخنقها و طلع صوت منها صوت رجال يلعن ويسب يقولون انو صوت اللي فيها المهم مستحيل ان…,0,human,train,ar,25,ajgt,0
بيقولوا ان دي #أنا 😱,0,human,train,ar,5,ajgt,0
اكيد انتا اصلك قرد 🤔 لانو جسمك تطور بس محتفظ بعقلك لهلق,0,human,train,ar,12,ajgt,0
احنا اتربينا مع الاهلي ان مفيش مستحيل 👑 وإن شاء الله الاهلي يقدر 💪 #قدها__يا__اهلي,0,human,test,ar,15,ajgt,0
زين انت تدري ال يحب صدگ ضحكت شفافه تخونه ! وحتى اغاني هل الوكت ممكن تبجي عيونه 😔 ل رائد ابو فتيان,0,human,train,ar,22,ajgt,0
#وش_تعلمت_من_الدنياء انا اللي يكتب الدنيا دنياء لاترجي من وراه حكمه 😏,0,human,train,ar,11,ajgt,0
وش ذا النهاية كيف انتظر اسبوع 😰,0,human,train,ar,7,ajgt,0
اغنيه مكملناش #تامر_عاشور 💔 #بصوتي 🎶,0,human,test,ar,6,ajgt,0
كم حاجة راحت ورى ذمة الصمت .! راحت ، و صاحبها يردد عوافي .! 🌹 : ),0,human,train,ar,17,ajgt,0
صبآاح الحب ل الأمنيات الساگنٰة في أقاصي القلب ..صبآاح الشغف ل الذگريآت الضاحگة ..صبآ…,0,human,train,ar,14,ajgt,0
((شباب )) وغيبتك سوتنة (( شياب )) 🕊🕊 ابو هاشم 💚 مشتاقلك #رجل_استثنائي,0,human,train,ar,13,ajgt,0
بعيد برو 💋,0,human,train,ar,3,ajgt,0
🌼يللي بيوقف حدك و يؤمن بأفكارك و يصدق احلامك و يساعدك لتحققها ويفرح لفرحك #مين_بعد_بهالايام بس امك وبيك ✋ 🌼,0,human,train,ar,20,ajgt,0
"كلنا محتاجين كل فترة نتأسف لنفسنا بجد عن سوء إختياراتنا وعن العشم الى مكنش فى محله, وعن نظرتنا فى قرايب صحاب حبايب…",0,human,train,ar,22,ajgt,0
أوقات بيجي الصح في الوقت الغلط 😢,0,human,train,ar,7,ajgt,0
ستايل شعره 😭,0,human,train,ar,3,ajgt,0
والله ي فيروز ما حدا ل حدا ✋,0,human,train,ar,8,ajgt,0
والقادسية فريقنا 💔 حرام عليك 😔 💔 😭,0,human,train,ar,8,ajgt,0
بسترمم و شويه يرجع انام 😂,0,human,train,ar,6,ajgt,0
عندما تدآهمك لحظة ضعف حآول أن تكون لوحدك 🎻,0,human,train,ar,9,ajgt,0
"""أوقات ملئت بكنوز وشذاها في الجو يفوح صحبتنا في الله نعيم يعجز شعري كيف يبوح ! "" في حلقتنا…",0,human,test,ar,19,ajgt,0
#BoyWithLuv70M فخرر فخرر 😭,0,human,train,ar,4,ajgt,0
قبل امس نمت ساعة وامس نمت مافي حل وسط 😥,0,human,train,ar,10,ajgt,0
صباح اليقين بأن الله لا يضيع أجر المحسنين 🌸,0,human,train,ar,9,ajgt,0
#يسقط_حكم_تميم البلد بازط يا جدعان متعرفش الراجل من اللي مش راجل من المقنس والمش مقنس بلد مضروبه بخلاط الحجه فواكه…,0,human,train,ar,20,ajgt,0
اللهم اغفر ذنبي ويسر امري ووفقني في اختباراتي يارب 🌟,0,human,test,ar,10,ajgt,0
مرات الديوث 😍,0,human,test,ar,3,ajgt,0
اراجوز بضحك كل خلق الله ببكي بعيد عن عين صحابي عشان ملقاش ف عينهم شفقة ع حالي 💔 #أميرة_البيلى 💕,0,human,test,ar,20,ajgt,0
مفيش كلتم يوصفها 😂😂♥ ربنا يسمحو بقي 💔,0,human,train,ar,8,ajgt,0
قصيه قصيه هو شعرنا ولا شعرك راح تصيرين شينه 😂,0,human,test,ar,10,ajgt,0
لبستلي عروسه وفجمالها أنا دوبت 🌚,0,human,train,ar,6,ajgt,0
. إختاري الذي لا تهونين على قلبه 💛 !,0,human,train,ar,9,ajgt,0
﴿ والباقيات الصالحات خير عند ربك ثوابا وخير أملا ﴾ الباقيات الصالحات هن : 🌸 🍃• سبحان الله ..…,0,human,train,ar,19,ajgt,0
' كنت احب .. وحيل اخاف من الغياب وصرت اغيب وحيل اخاف اني احب 💙,0,human,train,ar,15,ajgt,0
° - في غيابك كل ما فيني سكات الحكي كأنه عن لساني سرح ! بأحتفظ ب الجرح و باقي الذكريات ، أشياء تصنع لي من أحزاني فرح 💔,0,human,train,ar,28,ajgt,0
الدنيا غرقت امطار و برد كل هذا وانا نايمه 😭,0,human,train,ar,10,ajgt,0
سبحان الله 🌷 والحمدلله 🍃 ولا إله إلا الله🌺 والله أكبر 🍂 ولا حول ولا قوة إلا بالله 🌼,0,human,train,ar,19,ajgt,0
بعد المايك معاكم 😂😂اقول قم صل لا ابلغ عليك 😎,0,human,train,ar,10,ajgt,0
رئيسين في يومين قالو الربيع العربي 😒 نحنا الكتاحه الأفريقية,0,human,train,ar,10,ajgt,0
سحب على مبلغ مالي 💰 لمتابعي #كشكول 👍🏻 المطلوب: ولا شي بس رتويت 🔁🔥 السحب من الرتويت في أي لحظة 😎 ✋🏻 #مسابقات #مسابقات_كشكول #مسابقه,0,human,train,ar,25,ajgt,0
#انه_اسلامنا_عزنا_وفخرنا ✨ أن تكون مسلما لابد أن تكون لك مهام ووظيفة ✨ الإسلام «شهادة» لابد من أن تكون لك وظيفة…,0,human,train,ar,20,ajgt,0
جددت انبسط 🌚,0,human,test,ar,3,ajgt,0
مو من صجهم 😕,0,human,train,ar,4,ajgt,0
إجعل لك سريرة بينك وبين الله 💔,0,human,train,ar,7,ajgt,0
وينزلوا صورة إزازة مية ساقعه وكمية خرا غير عادية هتطفح علينا 😐,0,human,test,ar,12,ajgt,0
صدق خير مرا قوي 😭 السؤال كيف هزمت الي قبله,0,human,train,ar,10,ajgt,0
تخيل بيوتنا تشتغل على كهرباء DC .. ووش رايك بالكونتينر اللي صار شقة ويشتغل بالطاقة الشمسية 😁,0,human,train,ar,17,ajgt,0
ديفل ماي كراي مترجم #16 Devil May Cry V و لا تنسون اللايك 👍🏻 و التعليق 💬 و الأشتراك + تفع…,0,human,test,ar,21,ajgt,0
🎶 ✨👑 الطيب ورثك ما شريته بالأثمان ↝ متسلسل من نبع ناس عربيين*↝ الطيب ساسگ وانت للطيب ديوان*↝ ق…,0,human,train,ar,19,ajgt,0
الينون عندي 💔,0,human,train,ar,3,ajgt,0
"🎥 المهمة الأولى في ""جدة"" ✔💪🏼 💙 #الهلال #فيديو_الهلال",0,human,train,ar,9,ajgt,0
❀ انا فتاةة زماني👸 أنوثتي كالجبال 🏔️ لاتنحني (stop_sign) لي الف رئي 🤔 والف مزاج 🎉🤗 ولي م…,0,human,train,ar,18,ajgt,0
فقعت امها تفقيع .. 😳,0,human,train,ar,5,ajgt,0
"جمهورنا : المتبعثر المكسور ! ياما : عطا .. ولا أخذ : حاجة ! ' ياما : وفا .. ولا عليه "" قصور "" ياما انجرح .. ولا لق…",0,human,test,ar,29,ajgt,0
"مافي اقوى من شعور الشوق لشخص ميت يكسرك ويرجع كل ذكرياتك القديمه , اللهم اجمعني معه في جنتك 💔",0,human,test,ar,19,ajgt,0
#منبر_فلسطين سلام •اللہ̣̥ للاخوات يا ذهبا م̷ن الاقصى و يا درا وتيجان 😍 لنا الاق…,0,human,train,ar,15,ajgt,0
🌸 والنفس تشتهى مگه وحضن الگعبه ثم سلاما ع الدنيا بگل ما فيها ❤😍 🌸,0,human,train,ar,15,ajgt,0
سألوا حكيما: لماذا لا ترد على الذين يسيئون لك؟ فرد ضاحكا: إذا رفسك الحمار هل ترفسه ! صباح الخير 😊 #حسين_عبدالغني,0,human,test,ar,21,ajgt,0
💔 إيه والله إبكي ليتي ما فقدتك وإيه والله انه ماجبر خاطري شي كل ما سجدت لوجه ربي ذكرتك يالميت اللي بداخلي حي..…,0,human,train,ar,23,ajgt,0
🥀 التسامح اقتصاد القلب.. فهو يوفر نفقات الغضب.. ويلغي تكاليف الكراهية.. ويقلل ساعات التسرع.. ويمحو أيام ال…,0,human,train,ar,17,ajgt,0
عبد الله تكفا بلعب معك من قبل شوي العب لحالي ورب الكعبه طفشت 💔,0,human,train,ar,14,ajgt,0
الحمد لله💙 ألف مبروك يازعماء 💙 القادم أجمل إن شاء الله 🙏🏼,0,human,train,ar,12,ajgt,0
"جمهورنا : المتبعثر المكسور ! ياما : عطا .. ولا أخذ : حاجة ! ' ياما : وفا .. ولا عليه "" قصور "" ياما انجرح .. ولا لق…",0,human,train,ar,29,ajgt,0
تتذكر في أي موسم كانت هذه المباراة بين #النصر_الاتحاد ؟ 🤔 .. ومين كان بطل الدوري؟ جاوبنا في المنشن + ريتوبت للتغري…,0,human,train,ar,22,ajgt,0
رئيسين في يومين قالو الربيع العربي 😒 نحنا الكتاحه الأفريقية,0,human,train,ar,10,ajgt,0
ا اللهم طهر صباحنا من الهم والحزن وافتح لنا أبواب السعادة والأمل طبتم ووطاب صباحكم واسعدكم الله أينما كنتم 🌷يسعد صباحكم 🌷,0,human,train,ar,22,ajgt,0
للتذكير 🚨 لقاء النصر و الاتحاد عند الساعه :٥٠ م.,0,human,train,ar,10,ajgt,0
#وش_يقول_الليل يقول لو الله يفكنا من النفسيات والي يدورون اي شي عشان يكتبون اشياء سلبيه وتحزن 😂,0,human,train,ar,17,ajgt,0
ليت الناس كلها بطيبه قلب رحاب :( — ليت 🤪,0,human,train,ar,10,ajgt,0
اللهم صيبا نافعا 💙,0,human,test,ar,4,ajgt,0
. . يا رب سخر لي الأرض ومن عليها ، والسماء ومن فيها، وعبادك الصالحين من حولي، اللهم سخر لي كل من تولى أمري وأرزقن…,0,human,train,ar,25,ajgt,0
فهد إذا جلس يلعب بلعبة وترك الثانية، لازم قبل يتركها يقول لها: Don’t worry! I'll be back soon هذا الاعتذار اللطيف للجمادات، يسور قلبي 💛,0,human,train,ar,25,ajgt,0
وش يعني تويست بلود 🤣,0,human,test,ar,5,ajgt,0
اللهم آمين صباح النور 🌹,0,human,test,ar,5,ajgt,0
┊┊⇣✧ ┊⇣✦ ⇣✧ ⠀⠀ لليالي نجد مامثلك لليالي غلاك أول وزاد الحب غالي ،.#الرياض #مطر🇸🇦🎵🕊✨ #ذكراك 💔 #حنايا_الغيث💜🌟,0,human,train,ar,18,ajgt,0
انا رقدت وقمت اله البحرين غارقه شالسالفه 😱,0,human,test,ar,8,ajgt,0
قلب الراجل هتلاقي جوااه حنان واحب وعطاء انما الموجودين دلوقتي هتلاقي جواهم حنان وعفاف ونعمه واخواتها ✋,0,human,train,ar,17,ajgt,0
بمناسبة فوز الهلال .. 💙 سحب على آيفون XR📱 رتويت وتابع - السحب بعد ساعة موثق بالفديو 💪,0,human,train,ar,18,ajgt,0
اللي بعدي الغثيثة ثالث متوسط ثم بعدها طير شلوى الزق سادس ابتدائي ثم البزر اختي في رابع ثم المبصر الوحي…,0,human,test,ar,20,ajgt,0
🤦🏻‍♀️ ليه علقت في حساب مشهور اللحين يتعبى منشني عينات غبية زي ذا,0,human,train,ar,13,ajgt,0
اف من زمان عن شينهوا اشتقت لهم 😔,0,human,train,ar,8,ajgt,0
تسلم حبيبنا صالح كلك ذوق 🌹,0,human,train,ar,6,ajgt,0
🎥 | لقطة طرد لاعب الاهلي يوسف الحربي .. برأيك هل يؤثر الكرت الأحمر على مجريات المباراة ؟ 🤔,0,human,test,ar,19,ajgt,0
ل عيونكم فوز الهلال اليوم يعني دبل 🎁 مرحله و 👌🏻 بطولة الدوري إذا ل الهلال يعني تدبيل 🎁 مرحله و مرتين 👌🏻,0,human,test,ar,23,ajgt,0
هه ياولد والله امزح 😂,0,human,train,ar,5,ajgt,0
سحب على مبلغ مالي 💰 لمتابعي #كشكول 👍🏻 المطلوب: ولا شي بس رتويت 🔁🔥 السحب من الرتويت في أي لحظة 😎 ✋🏻 #مسابقات #مسابقات_كشكول #مسابقه,0,human,train,ar,25,ajgt,0
ٲليس من العيب ان تحفظ كل الأغاني .. وتكرر نفس السورة في كل صلاة .. 💔,0,human,train,ar,16,ajgt,0
شهور و يوم تعال خذ الزرقاء من فريق التماسيح,0,human,train,ar,9,ajgt,0
اجعل رسالتك بناءة :) #صراحة,0,human,train,ar,5,ajgt,0
الحمدالله عسلامته 🙏 بس علي وحسن وحسين وعباس ومحمد وغيرن لي محجوزين بالإمارات ما حدا بيحكي فيهن,0,human,train,ar,17,ajgt,0
صباح السرور والفل وصباحك أجمل 🌹,0,human,train,ar,6,ajgt,0
انا بعد كده انزل لوحدي 😤,0,human,train,ar,6,ajgt,0
الله يسلمك يافيصل 🌹,0,human,train,ar,4,ajgt,0
اذا الفيفا عارف هالشي غلط مش المفروض يتصرف ويتخذ اجراءه ولا الاتحاد السعودي اقوى منه ولا هاي الشوشرا…,0,human,test,ar,18,ajgt,0
انتظر توقعاتك اليوم صلاح😍,0,human,train,ar,4,ajgt,0
#سلاطين_نجد_للدعم 🌹🍃 الساعه :00am صباحا تم تجديد الرصيد لكل الأعضاء كالتالي 👇 ⬇⬇ 🔴عدد تغريدات باليوم ✔ ✔ --…,0,human,train,ar,19,ajgt,0
انا ماطلعت بمقاطع فيديو 😂,0,human,train,ar,5,ajgt,0
باذن الله في رمضان سيكون اكبر اجتماع شرفي لنادي #الهلال وسيعود هذا الكيان لمحبينه 💙,0,human,train,ar,15,ajgt,0
جاهزين يا جماهير #العالمي 😍,0,human,train,ar,5,ajgt,0
واياك يارب .. صباحك فول وتميس 🌺,0,human,test,ar,7,ajgt,0
نعم لست بارعه بالكذب حين اقول انني لا اشتاق اليك 💔,0,human,train,ar,11,ajgt,0
آن ظننت آني لآ آفتقدك .. فآن بعض آلظن آثم 🍂 #خواطر #خواطر,0,human,train,ar,13,ajgt,0
شكل مونو مش منكسر 🤣,0,human,train,ar,5,ajgt,0
ليتها تنعاد 💔,0,human,train,ar,3,ajgt,0
"شاركنا توقعك الصحيح لنتيجة مباراة #الأهلي_الهلال بالأهداف ⚽ 😁 اهم شي شروط المسابقة ✅ "" سيتم السحب بعد نهاية المب…",0,human,train,ar,20,ajgt,0
عمرها سنه | العمر الفني 😍 #حفله_ديانا_حداد_بالكويت,0,human,train,ar,7,ajgt,0
سكان الذاكرة هم أنفسهم سكان القلوب ! أما عداهم ففي منازل العابرين وبس 🤐 #من_يسكن_في_قلوبكم,0,human,train,ar,15,ajgt,0
مشترك انت وجارك بعداد واحد ومتوهق بالفاتورة وكل شهر هواش معه ، والمالك مايقدر يحط لكل واحد عداد لحاله ؟ شف الحل بال…,0,human,train,ar,23,ajgt,0
"لو قمنا باستبدال مقولة ""للجدران آذان"" بمقولة ""للملائكة أقلام"" .. لخرجنا جيلا يشعر بمراقبة الله ولا ينشغل بمراقبة الناس. ✋",0,human,train,ar,20,ajgt,0
كييف نسيت 😭,0,human,test,ar,3,ajgt,0
وجه يرد الروح😍,0,human,train,ar,3,ajgt,0
عيوني تعورني :(,0,human,train,ar,3,ajgt,0
📌 #مشهد_مؤثر معلم يقوم بمبادرة تحفيزية بتشغيل فيديوهات تسجيل لأولياء أمور الطلاب مما جعل أحد الطلاب يجهش بالبكاء ع…,0,human,train,ar,19,ajgt,0
كلن على صبره يلقى سعاده 👌,0,human,test,ar,6,ajgt,0
شيل الصورة لاتزعلون العميد 💔,0,human,train,ar,5,ajgt,0
يقول عز وجل ( لقد خلقنا الإنسان في أحسن تقويم ) ويقول ( و لقد كرمنا بني آدم ) لايجوز بعض الصفات التي لا تليق على ال…,0,human,train,ar,27,ajgt,0
عبارات مترجمة 🌎 👍 Better than before افضل من قبل بتر ذان بفور - - - I’m on holiday💃 انا في اجازة آم اون هولدي -…,0,human,train,ar,26,ajgt,0
شاركت خلاص ارجع مكانك محد مهتم برأيك يانكرة 🤣,0,human,train,ar,9,ajgt,0
صباح الخير ✋,0,human,test,ar,3,ajgt,0
أفتقده بهدوء مؤلم لايحكى أبدا ربما كدموع السجين ليلا وأمنيات الفقير التي لاتتجاوز سقف منزله.. 😔 🇮🇶,0,human,train,ar,17,ajgt,0
- أمطري ياسماء و إسقي قلوب الحاقدين 🥀,0,human,train,ar,8,ajgt,0
والله الثلاثة اتفه من بعض العروس كريهة شو يعني لو الام ركبت و العريس دراما حبتين طلقها عشي تافه و الام نشبة و لزقة…,0,human,train,ar,24,ajgt,0
صباح الخير ✋,0,human,train,ar,3,ajgt,0
احس الدنيا سآئلتن وش اللي ابيه من الحياة ويصير معي عكس تماما 💔,0,human,train,ar,13,ajgt,0
هذه هي الحياة مواقف تصدمگ مواقف تبكيگ 😢 مواقف بحاجة لتجاهلها وتبقى هناگ .. مواقف لا تنسى..,0,human,train,ar,17,ajgt,0
برقعك فتنه 😞,0,human,train,ar,3,ajgt,0
فيك لوف كانت جايبة تقريبا في ال400k صح؟؟ 😳,0,human,train,ar,9,ajgt,0
♡ ~ ~ ~ مهما بلغ فينا النضج نحن في حقيقة الأمر كالأطفال دائمو الأحتياح إلى حضن يحتوي أوجاعنا,0,human,train,ar,19,ajgt,0
سبحان الله وبحمده 💕,0,human,train,ar,4,ajgt,0
اجعلني يارب نورا لا يأفل هديه، ومطرا لا يكف ريه.. وحدائق ذات بهجة 🌿,0,human,train,ar,14,ajgt,0
مختصر في معنى الألم آن تفقد روحگ اكثر من مره قبل ان تموت 💔 ابي 😔^_^•,0,human,train,ar,16,ajgt,0
بنفوز عليكم يبوي باذن الله 🙂 يعني بنخسر نفسنا مثلا عشان صداره😂😂,0,human,train,ar,12,ajgt,0
🤔هل تعلم. 🤔,0,human,test,ar,3,ajgt,0
والذين هم علىٰ صلاتهم يحافظون ❤,0,human,train,ar,6,ajgt,0
احسن شعور السنقل يغيب يرجع محد درا عنه بس ينقص متابعين 😜👍🏻 عيش سنقل سعيد 😇,0,human,test,ar,16,ajgt,0
#ساعه_استجابه ﴿ ألم نشرح لك صدرك ﴾ #اللهم بعمق هذه الآيه إشرح صدورنا وأرح قلوبنا وأزل همومنا إن…,0,human,train,ar,18,ajgt,0
من حق الاتحاديين تشجيع الهلال ضد الاهلي ومن حق الاهلاويين تشجيع النصر ضد الاتحاد انهزم الاهلي لكن لا خوف…,0,human,train,ar,19,ajgt,0
❁⸀ ↓ دائما نصل متأخرين .. لنكون لمن ينتظرنا ..وليس لمن نهواه متعبين نجلس في ذاك المكان الخالي .. وليس المكان…,0,human,train,ar,21,ajgt,0
#وش_يقول_الليل يقول مسكين اللي مو ضايفني 😭,0,human,test,ar,7,ajgt,0
- تجميع اكس 🌟 احد التجميعات اللي صدرت العام مهمه تذاكرها ومشروحه بشكل حلو 👌 #تحصيلي,0,human,train,ar,16,ajgt,0
الى متى التعامل السئ للخادمات وعدم احترامهم وكأنهم حشرات والله هالمواقف تصير بيننا ونشوفها المربية جات من بيتها مع…,0,human,train,ar,19,ajgt,0
. . بعد أن ذبلت القلوب 😔,0,human,test,ar,7,ajgt,0
لا يطبطبون عليك لتشفى جروحك إنهم فقط يريدون إشباع فضولهم لمعرفة سبب هذه الجروح !! 💔 #بدايہ العداد : 🕊 🕊🕊 #عاقلة_بجنون,0,human,train,ar,22,ajgt,0
#لاتحزن_قلبك لاتحزن حين تكسرك بعض المواقف.. فكل إنكسار درس جديد.. قد يكون قاسيا.. لكنه سيعلمك الكثير.. سيعل…,0,human,train,ar,17,ajgt,0
-جائني إتصال وقالو لي هناك طفل صغير هل تريدي ان تتبنيه ؟! -شعرت حينها حرفيا بأالام الولاده 😩 وقلت : نعم نعم ! أر…,0,human,train,ar,24,ajgt,0
صواعق عنيفه الآن تشهدها #الاحساء سبحان من سبح الرعد بحمده و الملائكة من خيفته ⚡️💙⛈ الحمد لله ياارب 💙,0,human,train,ar,19,ajgt,0
"#تأمل قال الله ﷻ :- _*​﴿بواد غير ذي زرع ﴾*_ 💫💫 ✍ "" ~ومع ذلك هتف بالدعاء ﴿وارزقهم من الثمرات ﴾ مهماكانت ظرو…",0,human,train,ar,23,ajgt,0
«🌸 ✨ » اللهم رضاڪ ، اللهم لا شتات و لا خيبهۂ ظن ، اللهم طمأنينهۂ لا سقوط و لا اختلال و لا تعثر ، الل…,0,human,train,ar,26,ajgt,0
#مسلسل_ودك_يتكرر_برمضان ولا مسلسل 🚫 رمضان شهر عبادة وقرب من الله لا شهر مسلسلات ودراما وضياع وقت إذا أقبل رمضان فتح…,0,human,test,ar,20,ajgt,0
مشتاقةة لك ي زعييم ( لآ شي يرووق لي سوى رؤيتك آليوم ي هلال 💙 #الهلال_الاهلي,0,human,test,ar,16,ajgt,0
عز الله بينجح عندنا هذا الجهاز وخصوصا للي عندها بنات ويشغلونها قبل روحتهم للمدرسة 😎,0,human,train,ar,15,ajgt,0
"✿: 💕 أغار على من أحب""🙁 "" غيرتي تصل للبكاء"" 😭 "" ﻻ أحب الإنتظار"" 🕔 ""أفقد أعصابي بسرعه"" 😡 ""وأكره فكرة إنشغال من أحب…",0,human,train,ar,25,ajgt,0
حب كبيير ل سارونتيي 🤤💙💙 اللهم خالتي لاخر يوم ف عمريي 💙,0,human,train,ar,12,ajgt,0
تنزل ب 💔,0,human,train,ar,3,ajgt,0
"#وش_تعلمت_من_الدنياء أن لاأضع ""همزة "" بعد كلمة الدنيا 🌹😘 😂",0,human,train,ar,10,ajgt,0
▪الجيش الجزائري أسقط بوتفليقة 👍 ▪والجيش السوداني أسقط البشير 👊 ▪وجيش التباب اليمني أسقط منه مافيش 🤭😜🤪😂👌,0,human,test,ar,17,ajgt,0
كلمات مترجمة 🌎 - - - - Confident 😟 وتعني = واثق وتنطق = كونفيدنت - - - - Confused 😕 وتعني = مرتبك وتنطق = كونفيو…,0,human,test,ar,27,ajgt,0
سوشل ميديا 😠 😠 وعع 😠😠😇😇😠😠,0,human,train,ar,6,ajgt,0
أحس إني عظيمة قلب :(,0,human,test,ar,5,ajgt,0
💣💣وقنابلي شنو 😱,0,human,train,ar,3,ajgt,0
أحزن على كتمان الاوجاع مرات ولا تحس ب ذلة البوح . . مره 💔,0,human,train,ar,14,ajgt,0
يمديي الا اذا اليوتيوب استلعن 🌚,0,human,test,ar,6,ajgt,0
اذا الفيفا عارف هالشي غلط مش المفروض يتصرف ويتخذ اجراءه ولا الاتحاد السعودي اقوى منه ولا هاي الشوشرا…,0,human,train,ar,18,ajgt,0
في مباراة العربية غوميز استفز وتلفظ على المدافع الشاب عبدالباسط هندي حينها جهلة المدرج و الإعلام الجاهل ضحكوا وتن…,0,human,train,ar,19,ajgt,0
الله يرده لولده سالم يارب :(,0,human,train,ar,6,ajgt,0
هلا وغلا 💕,0,human,train,ar,3,ajgt,0
اللهم اميين 🌺,0,human,train,ar,3,ajgt,0
اووف روحي رجعت لجسمي بعد هالبيرفورمنس,0,human,train,ar,6,ajgt,0
لا لا النوم وقته غلط يارب ما انام ويفوتني كل شيء كالعادة 😭,0,human,train,ar,13,ajgt,0
إياك وأن تقلل يوما ما من مشاعر البعض بالحزن والألم فكل منا يكافح بطريقة ما فقط بعض الناس لديهم مهارة إخفاء…,0,human,test,ar,21,ajgt,0
صباح الخيير 🍂,0,human,train,ar,3,ajgt,0
يا خوي فريقك خبره في التبطح لا تقوم تشيخ علينا 😂,0,human,train,ar,11,ajgt,0
والله يا اخى لا املك الا الدعاء,0,human,train,ar,7,ajgt,0
من الفرحة ✅,0,human,train,ar,3,ajgt,0
يابنى انت داء وانتشر وافتكر اهم حاجه الرهان بتاعك على مين هياخد الدورى 👌,0,human,test,ar,14,ajgt,0
الحمد لله .. كانت مباراه صعبه ولكن بتوفيق الله ثم دعمكم تجاوزنا المباراه 💙,0,human,test,ar,14,ajgt,0
حيا الله ارنبه .. قلي تقيلين بكدشك تهزين كانك فشار ھٰٓھٰٓھٰٓℓøoøℓھٰٓ😂ھٰٓه. .. ولمه…,0,human,train,ar,13,ajgt,0
لحجيي بس وسيم,0,human,train,ar,3,ajgt,0
اترك أثرا قبل الرحيل 💔,0,human,train,ar,5,ajgt,0
خارج النص | - فرحة مشجع عماني في نهائي كأس جلالة السلطان قابوس 😂,0,human,train,ar,14,ajgt,0
#الاتحاد_النصر العميد يمرض لكن لايموت 👌,0,human,train,ar,6,ajgt,0
على راسي وعيني والله عساني مااخلا منكم 🌹,0,human,train,ar,8,ajgt,0
يخوانا الناس ما شوية بس مقارنة بالايام الفاتت ولاا حاجة 💔 عليكم الله القيادة ✌🏻🇸🇩 #اعتصام_القيادة_العامة,0,human,train,ar,16,ajgt,0
#S3oudeyyi بعتقد هاي اول هاشتاغ من نوعه ل #السعودية .. #نجوى_كرم قصة 😂,0,human,train,ar,13,ajgt,0
رسالة الصباح : لا تيأس ولك رب يقول كن فيكون صباح الخير 🌹,0,human,train,ar,13,ajgt,0
😂😂خوش نصيحة خايفين عليك 😷,0,human,train,ar,5,ajgt,0
الشيء الوحيد الذي وصلوا فيه للعالمية هو : المسيار ..! . ترى كانوا يشجعون ريال مدريد ضد النصر 🤣,0,human,train,ar,19,ajgt,0
جارري استخداام التطنييش ✋ مع اشكاال متلزمنييش,0,human,train,ar,7,ajgt,0
رسالة الدب 🐼 في الحلم يرمز الى رجل مخادع نواياه خبيثة قاسي القلب والطباع وممكن ان يكون ( نصاب ) 🔅 ثقة بان رسالة الح…,0,human,train,ar,25,ajgt,0
هل تكتمل السعاده حين تكتمل الأحلآم .. ؟ ام اننا نكمل حلما ثم نسعى خلف حلم اخر 🍃,0,human,train,ar,18,ajgt,0
يسعد صباحك 🌹,0,human,train,ar,3,ajgt,0
بالصبر تفتح أبواب السعادة وبالشكر تدوم النعم وبذكر الله تطمئن القلوب. جعلنا الله وإياكم من الذاكرين الشاكرين الصابرين. 🌸صباح الخير 🌸,0,human,test,ar,21,ajgt,0
أعان الله قلوبا أحبت بصدق ، 👈🏻 فنخذلت 💔,0,human,train,ar,9,ajgt,0
في ليلة ويوم الجمعة المباركة🍃 ﺳﺄلتك ﻳاﺭﺍﻓﻊ ﺍﻟﺴﻤﺎﺀ 🍃ﻳﺎﻣﺼﺮﻑ ﺍﻟﺒﻼﺀ🍃 ﻳﺎﻗﺎﺑﻞ ﺍﻟﺪﻋﺎﺀ🍃 ﻳﺎﺳﺨﻲ ﺍﻟﻌﻄﺎﺀ أن تشفي وتعافي والدي ا…,0,human,train,ar,19,ajgt,0
ودي اقول عافيه بس بدري مره 🌚,0,human,train,ar,7,ajgt,0
يصلح ما أفسده زوران وينقذ الهلال من جديد ، عبدالله المعيوف ينعش آمال الزعيم بقبضه من حديد ، لله درك يالمعيوف وحفظك…,0,human,train,ar,22,ajgt,0
الجميع كأنهم صخرة صماء، ثابتة تظن بأن الخير في يقينها، لايصل لعمقها ضوء الشمس ولا تعطرها ذرات المطر ولا يسحرها الص…,0,human,train,ar,21,ajgt,0
البشير رمز الفساد في حياة كل سوداني 💔 مهتم مع القيادات الإجرامية ( الاخوان ) وتارك الاقتصاد والصحة والتعليم تركي…,0,human,train,ar,20,ajgt,0
مافي خوف صديق سنين واحنا نأخذهم ذهاب واياب &gt; انا خاايف من التعادل 😰,0,human,train,ar,14,ajgt,0
كنت عم شوف هيدا الpost على فايسبوك. ما بعرف ليش فتت شوف التعليقات. واكتشفت شي رح يخليني بطل حب ايه…,0,human,train,ar,20,ajgt,0
"🌿 *دعاء الصباح:*🌿 🍃❂"" اللهم أغسل قلوبنا من أوجاعها ؛ وأرزقنا من فيض كرمك سعادة لا تنقطع ، وأشرح صدور…",0,human,train,ar,20,ajgt,0
الحمدلله على الإعتياد، على التخطي، على التجاوز والتناسي، على كل فترة استصعبنا مرورها ومرت وتعلمنا فيها الكثير،الحم…,0,human,train,ar,17,ajgt,0
والله عك ليكن دنكبردك لكم شيعكم انا كذا اساوي لكم كلكم اتمنى تكون وصلت 🌚,0,human,train,ar,15,ajgt,0
ما تصدقي العسل ياللي بيطلع من تمو ..بكرا بيتجوز ع زوء إموو 😊,0,human,train,ar,13,ajgt,0
ماشافه مثل حركة سالم الدوسري مع بيتروس كاد ان يكسر كتفه بدعس عليه ولا احد تكلم علئ اللقطه .,0,human,train,ar,19,ajgt,0
صحيح بس ؟للأسف مين يفهم 💔,0,human,train,ar,6,ajgt,0
انا من المغضوب عليهم بالاحرف اللاتينية .. 😓,0,human,test,ar,8,ajgt,0
انا تعبت من كتر التفكير في ماتش بكرة 😪 يارب انت اللي قادر علي كل شئ يارب الاهلي يصعد 🙏,0,human,test,ar,20,ajgt,0
💚🍃🌷📿 🥀 🥀 من السهل أن تضع يدك على فمك كي لآ. تتكلم ولكن من آلصعب أن تضع يدك على قلبك ك…,0,human,train,ar,22,ajgt,0
صباح النور.. يكفيني من الصباح أنك سعد جميل. حياك الله شاعرنا أ. سعد 🌹,0,human,train,ar,14,ajgt,0
اسع يعني خلاص قيم اوفر 😓 الحلقه الاخيرة انتهت تاني مافي مظاهرات ولا بمبان ولا ولا ليه يااخ…,0,human,train,ar,18,ajgt,0
مايحتاج كل هذا التوضيح من ”FIFA” أصلا أصغر مشجع كروي وحتى الشخص اللي مايفهم كوره يعرف إن إحتجاج الهلال صحيح. لكن م…,0,human,train,ar,22,ajgt,0
الناس بدت تزيد تعالو ياخ 😭,0,human,train,ar,6,ajgt,0
أعشقك وبكل اللغآت سأكتبهآ ليس لأني أريدك أن تعلم بأني أعشقك بل ليعلم كل من يتنفس ع وجه ألارض بأني أعشقك 😔 #احلام*,0,human,train,ar,23,ajgt,0
ايام المراهقه الواحد يكبر نفسه والحين العكس 😔,0,human,train,ar,8,ajgt,0
ممكن تعلمني وانت لاعب خبره وفريقك ناقص لاعب والبريك عنده كرت اصفر .، ليه ما سقطت بعد…,0,human,train,ar,17,ajgt,0
حياتك هي رساله 📩 منك للعالم فلتكنب سطورا تترك أثرا طيبا للعالم 💌,0,human,train,ar,13,ajgt,0
ياقلبى 💔 لسه صغير ..ربنا ياخد بيده ويشفيه ويعافيه من كل شر,0,human,train,ar,12,ajgt,0
امي ضربت لي حبوبة حبوبة قالت ليها الحكومة سقطت ميعاد ماجات للجامعة لي 😂😂 دة غير الناس اول ماسقطت قالو الجامعة حت…,0,human,train,ar,22,ajgt,0
انتظرك ولازلت متمسك فيك وغيري للأسف فيك يقهرني 💔,0,human,train,ar,9,ajgt,0
قوتنا بعد الله دائما أنتم🌹💙 الف مبرووك 💙 الحمد لله و الشكر له 🙏,0,human,train,ar,14,ajgt,0
تأكد حين اصمت عن شخص أن الكلام لم يعد يجدي معه 😒,0,human,train,ar,12,ajgt,0
اللهم سقيا خير وبركة ورحمة .. 🙏 #مرسيدس_عيادات_برايت_الخبر,0,human,train,ar,8,ajgt,0
انا مريضه 😣 ادعولي دعوه لعلها تستجاب😣,0,human,train,ar,7,ajgt,0
- الإيمان القوي يسكت الخوف الداخلي . 🌿,0,human,train,ar,8,ajgt,0
الي عنده خبر يفيدها ياعالميين 💛,0,human,train,ar,6,ajgt,0
طريقه جديدة للنصب خلوا بالكوا غصب عني ضحكت 😂,0,human,train,ar,9,ajgt,0
الجسم 😭 اجسامهن ولاغلطه ماشاء الله🖤,0,human,train,ar,6,ajgt,0
أشم رائحة نصراوي بريداوي 😬,0,human,train,ar,5,ajgt,0
'ما ألح عبدا على الله فيحاجة إلا و قضاها له ' .. سیستجیب 💙,0,human,test,ar,14,ajgt,0
الجملة دي عظيمة: دع الامور تأتي كما كتبها الله لك لعلها تأتي كما تمناها قلبك. 💜,0,human,train,ar,16,ajgt,0
غالب الوقت لا ‚ دايما احسس نفسي اني شخص مهم حتى لو ما احتاجوا لي + احط في بالي اني نعمه يحمدوا ربهم اني ع…,0,human,train,ar,25,ajgt,0
#التعاون_القادسية القادسية يخسر ويبقى عند النقطة .. 😍 نتيجة ف صالح الاتحاد ، الحمدلله .. 💛,0,human,test,ar,16,ajgt,0
قد طال صبري في النوى إذ تركتني كئيبا ؛ غريبا باكيا متوجعا 😔 ف يامهجتي ياروح قلبي ياراحتي آغثني ف قلبي كاد أن…,0,human,test,ar,23,ajgt,0
أما خطرت ببالك ذكرياتي؟ .. ألم يهزمك شوق أو هيام ؟ . ألم تعصرك لحظات اشتياقي؟ أما جافاك ي…,0,human,test,ar,19,ajgt,0
تذكرت فقط كيف افترست كسها و اعتصرت نهديها وكيف كانت تشعر بنبضات قضيبي داخل كسها فينقبض كسها تارة عليه و يبسط تارة ب…,0,human,test,ar,23,ajgt,0
- ألطف صورة ممكن تعبر عن رمضان 💙,0,human,train,ar,8,ajgt,0
تسجيل #حافر تحديث #حافز تسجيل #سند_محمد_بن_سلمان حل #دورة_الوعي_المالي تسجيل #التأهيل_الشامل تسجيل #حساب_المواطن ✅…,0,human,train,ar,13,ajgt,0
السحب الليلة على الايفون .. رتويت للمرفقة وطبق الشروط 👇,0,human,test,ar,10,ajgt,0
بعد الامطار 😃,0,human,train,ar,3,ajgt,0
يا صبر قل لي هل أنا أيوب 💔 أم أنني في لوعتي يعقوب💔 أفنيت دهرا في انتظار أحبتي💔 فمتى الحبيب إلى الحبيب يؤو…,0,human,train,ar,23,ajgt,0
#الهلال_الأهلي .. ختام بطولة النخبة لكرة الطائرة سوف تقام على صالة الهيئة العامة للرياضة بالرياض الساعة :00 م ..…,0,human,train,ar,19,ajgt,0
بس برضو لسه بحبها وهفضل جنبها رغم كل الخناقات والمشاكل .. حتي لو مبتحبنيش هفضل احبها في بيني وبين نفسي يكفي اني جنب…,0,human,train,ar,23,ajgt,0
وانت طيب يقمرر 💙,0,human,train,ar,4,ajgt,0
أعتقد أن الأحساس الأروع في العالم؛ ليس أن تحب ، بل أن تطمئن .. 💙,0,human,train,ar,15,ajgt,0
شكرا محمد كنو 💙 اذا تراه نجم المباراة ضع لايك #الهلال_الاهلي,0,human,train,ar,11,ajgt,0
ان كانها بالفخر جينا نقول ونطول يثنا علينا السلام الي عليه السلام ياللي جمعتو الكلام الي عليه الفعول حنا جمعنا الف…,0,human,train,ar,21,ajgt,0
تبقى سر ضحكتي ، وتبقى نعمتي ونعيمي ، وتبقى ملكي و ملاكي ، وتبقى أنت الثابت بداخلي 💛,0,human,train,ar,18,ajgt,0
واال 🤭 جوود موورننج 😏,0,human,train,ar,5,ajgt,0
قول انا حزنان وعايز اضحك 😂,0,human,train,ar,6,ajgt,0
ع اساس انك هند روستم,0,human,test,ar,5,ajgt,0
تركيا قطر 😁,0,human,train,ar,3,ajgt,0
#الهلال_الاهلي شكرا زعيمنا 💙,0,human,train,ar,4,ajgt,0
✍🏻 ♥ ⇣ 🔘 ⇣ ╮ لآڄلڪ ڪل ﭸروف آلصمٺ ٺنطق ف عشقي لڪي ڄنون ٻلآ منطق آصٻحٺ مڄنو…,0,human,test,ar,19,ajgt,0
حضرتك نطيتي هنا ليه التوبتة بتاعتها والريبلاي بتاعي يلا انتي من هنا ☺,0,human,train,ar,13,ajgt,0
خليها الف عشان خاطري .. من يزود 😬,0,human,train,ar,8,ajgt,0
لو بغنيلج كل اغاني رااشد ماراح اوصف غلااج يالغيير 😒,0,human,train,ar,10,ajgt,0
السلام عليكم و رحمة الله و بركاته، أستاذ سعيد عندي استفسار طويل شوي 😅 فحبذا لو ترسلي ايميلك لو سمحت,0,human,train,ar,20,ajgt,0
#الهلال_والنصر يخرجون ان خسرت . شكاكون ان انتصرت . بكاوؤن ان ضربت . لا يرون إلا أنت لأنك فوقهم لذا فأوجعهم ما است…,0,human,train,ar,23,ajgt,0
اتكلم عن نفسك في كلمات.. 😂 — اسأل اسهل ي انون 😂,0,human,test,ar,12,ajgt,0
#مسلسل_ودك_يتكرر_برمضان #امطار_الشرقيه 🚫 لا تؤجل قرارك بتخفيض وزنك 🔥💪⚡ السمنة منظر غير جميل😔 🔥💪⚡ السمنة…,0,human,train,ar,15,ajgt,0
هذا صراع مع الذات والصراع مع الذات ، يجدي نفعا 🤗 صباحك رائع 👍🏻,0,human,train,ar,14,ajgt,0
سهل نامي وراح يتعدل 😊,0,human,train,ar,5,ajgt,0
"#فخامتي 🌹💕🌺💕🌹 ""الوجوه التي نحبها في الله لا تغيب مهما شغلتنا الدنيا ما أجمل الحياة و فيها عزيز يتذكر و صديق…",0,human,train,ar,21,ajgt,0
والله هذا اسمه مو زوران هذا يصلح ثوران 😂 خلوني اكمل هدايا بس 💔,0,human,train,ar,14,ajgt,0
صلاة الفجر امتحان نخوضه گل صباح ، فينجح گل من وثب من فراشه ليصلي ! وخاب بالخسارة گل من إلتحف فراشه وتگاسل الله…,0,human,train,ar,23,ajgt,0
😂😂 خزي كنتي معاها صاح 🌚,0,human,train,ar,6,ajgt,0
مافيش أصعب من إنك تكون محتاج حضن حد ميت! 💔 #رحمگ_الله_يا_أمى 🙏💔,0,human,train,ar,12,ajgt,0
#الفيفا_يرد_احتجاج_الهلال_صحيح طيب .. بس اللاعب لم يؤثر في نتيجة المباراة..!! أكيد الفيفا ما عنده هالمعلومة..!! 🤣,0,human,train,ar,16,ajgt,0
الحين إلي خاطب الفيفا الهلال .. وإلي يستقبل الخطاب الأتحاد السعودي 😩 انا يجي من بنغال,0,human,train,ar,16,ajgt,0
على الفطرة السليمه.. الله يعطيه الصحة والعافية 😂 سكر الطبلون .. واللحق على الباب لا يقفله,0,human,train,ar,16,ajgt,0
الى متى التعامل السئ للخادمات وعدم احترامهم وكأنهم حشرات والله هالمواقف تصير بيننا ونشوفها المربية جات من بيتها مع…,0,human,train,ar,19,ajgt,0
شمري // لطيفه قلب وملامح فعلاا :( // اكااونتج روتين // بحبك💘:(,0,human,train,ar,12,ajgt,0
يسعد صباحك 🌹,0,human,test,ar,3,ajgt,0
الله المستعان 😔,0,human,train,ar,3,ajgt,0
مزاج اليوم ماابي أتحرك من مكاني ، الله يخلصنا بس 😴,0,human,train,ar,11,ajgt,0
لمبة المكيف 😕,0,human,train,ar,3,ajgt,0
بمناسبة فوز الهلال .. 💙 سحب على آيفون XR📱 رتويت وتابع - السحب بعد ساعة موثق بالفديو 💪,0,human,train,ar,18,ajgt,0
وين المترجمات مكتوب ومافي اسماء؟ 😊,0,human,train,ar,6,ajgt,0
دليل على التحرش 😡,0,human,train,ar,4,ajgt,0
DE4368AF فويس ملل طفش 😴,0,human,train,ar,5,ajgt,0
يجب على الكل انصافه ضد الأهلي .. كان نجم فوق العادة 💙,0,human,train,ar,12,ajgt,0
نظرة مستقبلية موناك اليوم اول كونسرت للتور 😿,0,human,train,ar,8,ajgt,0
أحب ألمس، كل شيء جديد يغريني للمس وتكرير تمرير اصابعي عليه عدة مرات.. بدون مبالغة لازم أتحسس اي جديد! اتذكر لما دخ…,0,human,train,ar,22,ajgt,0
صلوا على الحبيب ﴿ םבםב ﷺ ﴾ 🌸,0,human,train,ar,8,ajgt,0
احلا مافيكم إنكم تدرون ان الهلال مظلوم صح فقراوين انتم اغلب بطولاتكم من المكاتب والترشيح خير شاهد 😉,0,human,train,ar,18,ajgt,0
في مباراة العربية غوميز استفز وتلفظ على المدافع الشاب عبدالباسط هندي حينها جهلة المدرج و الإعلام الجاهل ضحكوا وتن…,0,human,train,ar,19,ajgt,0
🎻🎼 💕 أنت بحياتي مثل نور القمر على الأرض أشوف بك العمر عمر ثاني ==**==**== • • • • #شموخ,0,human,train,ar,20,ajgt,0
الجو ياعالم مو حق نوم 😩 ودي اصحي كل الي بالشرقية عشان لا يفوتهم,0,human,train,ar,14,ajgt,0
وليش يدور بالحبوب ! اتحدا اذا لزوجته 😏,0,human,train,ar,8,ajgt,0
صح نسيت.. صاح صاح صاح 😂,0,human,test,ar,6,ajgt,0
بعد كم سنه لح تشتهو تكونوا بشر ☝🏼 ترخولي التويت 😏 #somazgheib,0,human,train,ar,12,ajgt,0
هذا من اللي حبيتهم انسان وبيرجع لنا ما نستغني 😔,0,human,test,ar,10,ajgt,0
طالعي من متى كاتب التغريده 😒 كنت امبي اروح أغير جو عن قعده البيت ، انتين الفن ياقلبي 😂❤️,0,human,train,ar,19,ajgt,0
والجامعات انزين! نموت يعني؟ 😔,0,human,test,ar,5,ajgt,0
أصعب شي لما تكون 💔 محتار بين الغيره القاتله 😢 وبين الرحيل عن من أحببت 💔,0,human,test,ar,16,ajgt,0
#وش_تعلمت_من_الدنياء دع الأيام تفعل ما تشاء وطب نفسا إذا حكم..القضاء ولا تجزع…,0,human,train,ar,12,ajgt,0
ليه يعني ما تكون هي الناس اللي تجيب الاكتئاب لإن الطبيعي انك تنشغل بنفسك 😑,0,human,train,ar,15,ajgt,0
💫 الهدايا⚡🎁⚡ •كاش مبلغ مالي💸 الشروط 🔁 ريتويت ل التغريده ⬅ متابعة و متابعة 👈 الراعي👇 ⬅ا…,0,human,test,ar,17,ajgt,0
الا الله يقلعك 💔,0,human,test,ar,4,ajgt,0
على قد ما بتتكلموا من ورايا 🤞🏻 عاوزكوا متنسوش انكوا لسه ورايا 😎,0,human,train,ar,13,ajgt,0
أخيرا؛ كان بالإمكان أن أزيد عدد المقاطع حتى تغطي زوايا أكثر من هذه القضية، لكني آثرت أن أسلط الضوء فقط على الجوانب…,0,human,train,ar,22,ajgt,0
قلبي .. من أول مره شافه ذااب ✨ وعلى صوته ما تاب وبعدها صار أحلى عذاب 💗 كلمات 💭 #غالي彡,0,human,train,ar,20,ajgt,0
يعني قالك منافسين الحين ؟ 😂,0,human,test,ar,6,ajgt,0
اللي تقول عنه مايسوى لو تجربه ثواني بعت عمرك الباقي كله عشان ثواني ثانيه 🌚,0,human,train,ar,15,ajgt,0
بكيت حراام عليهم :( يارب يرجعو لأهلهم سالمين,0,human,train,ar,8,ajgt,0
كذبة أبريل ي جماعه ماحد يمزح معكم 😂,0,human,test,ar,8,ajgt,0
اههاا الا طالع لي انا 😌,0,human,train,ar,6,ajgt,0
لو بيركع ببوس اجر سلمان ليوقف حوب اليمن شو كان عبالنا 🙈,0,human,train,ar,12,ajgt,0
اللهم اغفر للمسلمين والمسلمآت ✿والمؤمنين والمؤمنآت ✿الأحيآء منهم والأموآت ♡,0,human,train,ar,10,ajgt,0
ما يهم معدلي يرتفع او ينزل اهم شي تخلص الاختبارات وتجي الاجازه اول مره اتعب بحياتي كذا 💔,0,human,train,ar,18,ajgt,0
هه يارب لا,0,human,train,ar,3,ajgt,0
عاد ايدي تحكني من زمان 😂,0,human,train,ar,6,ajgt,0
تمام تصوراتم نابود شدن 😐,0,human,train,ar,5,ajgt,0
#صدارة_بس الصدارة فضلت مع الهلال شهور ومع النصر ماكملتش اسبوعين حتى الصدارة مش طايقاه 🤣,0,human,train,ar,15,ajgt,0
- واليوم يا سعود . . مالنا في غيره مطلب ولا نيه ! #ععزاه :),0,human,train,ar,15,ajgt,0
اختار مزه او تمساح 🤔,0,human,test,ar,5,ajgt,0
ده الهدوء إللي قبل العاصفة ، طيب أنا صاحية بدرى ، ا…,0,human,train,ar,12,ajgt,0
ياكرهي لحركات تميلح بعض المعلمين 😒 وحركات تجييش مشاعر الطلاب واظهار دموع ضعفهم وتصويرهم ..مو تسجيل تحفيزي هذ…,0,human,train,ar,18,ajgt,0
اللهم صل على سيدنا محمد وال سيدنا محمد كما صليت على إبراهيم وعلى آل إبراهيم وبارك على سيدنا محمد وال سيد…,0,human,train,ar,21,ajgt,0
4.19 || تابع آرمييز كوننا حطمنا الرقم القياسي لا يعني أن نتهاون أو نتكاسل 😡!! أنا سأكمل ساعة بلا نوم قريبا…,0,human,train,ar,21,ajgt,0
🌸 الحمد لله على صباح أقبل ونحن نسمع ونبصر الحمد لله على يوم أقبل ونحن لم نفقد ونفقد الحمد لله لا نحصي ثناء عليه…,0,human,train,ar,24,ajgt,0
📌 عندهم استعداد بأنهم يطلعونك للبحر ويرجعونك عطشان.. قلب للحقائق.. وكذب على عباد الله وتشويه سمعة الناس !! الحقائق…,0,human,test,ar,19,ajgt,0
،، مساء الخير ،، 🌸 رقيقة المسااء 🌸 جزاءالبلاء حرير واتكاء ((وجزاهم بما صبروا۟ جنةࣰ وحریرࣰا)) ل…,0,human,test,ar,17,ajgt,0
يوما ما ياصاحبي 😔,0,human,train,ar,4,ajgt,0
والله كل صبح اكون متاكد انك بالتايم 💘,0,human,train,ar,8,ajgt,0
كنا نقول نفس الكلام بالضبط بس مادري شنو صار 💔,0,human,train,ar,10,ajgt,0
انا بحب كل اغاني حضرتك جدا ويارب دايما من نجاح لنجاح ❤,0,human,train,ar,12,ajgt,0
❗حكمة اليوم ❗ لا تكن كالصحن ينكسر من أول صدمة ! . ولكن كن كقدر الضغط النار تحتك ، والغليان داخلك ، وأنت ولا على بالك ، مبسوط وتصفر,0,human,train,ar,29,ajgt,0
دوام ساعه 💔,0,human,test,ar,3,ajgt,0
+1 بسرعة ياريت حل للخنقة بدون سبب,0,human,train,ar,7,ajgt,0
ارجووكم اتوجهو للقياده في تمثيليه بتاعت ضرب رصاص في الهوا وبيقولو ديل قناصين عشان الناس تخاف وبيشيلو في المتاريس ح…,0,human,train,ar,20,ajgt,0
أحتاج مدرس خصوصي في الأكاونت الوضع جدي بدون مزاح 🌋 .,0,human,train,ar,11,ajgt,0
الله يسعدك يارب 😭,0,human,train,ar,4,ajgt,0
ذلحين نفسيتي محتاجه ترويقه يلا شوف لي حل اروق 😢,0,human,test,ar,10,ajgt,0
انا بقول يمنعو البوت الابيض عالبدلة بالاول وبعدين بنشوف موضوع الزواج المبكر 😔,0,human,train,ar,13,ajgt,0
💝 لانو انا وياك صرنا جرح بجرح 💝,0,human,train,ar,8,ajgt,0
◦◦​◦🌸◦​​° حديثك معي ، إهتمآمك بي ، مرآعآتك لمشآعري ، إستفزازك لي ،كلها أشياء تشعرني بأني أتنفس.. 💔,0,human,test,ar,18,ajgt,0
الشيء الوحيد الذي وصلوا فيه للعالمية هو : المسيار ..! . ترى كانوا يشجعون ريال مدريد ضد النصر 🤣,0,human,test,ar,19,ajgt,0
يا رب شافي ابنتي يا شافي يا معافي 😞,0,human,train,ar,9,ajgt,0
اجعلني يا الله خير إبن له ، ولا تجعلني ألهو عن دعائي له ، اللهم ارحم أبي واغفر له 💔 .,0,human,train,ar,21,ajgt,0
ليه كدة 💔,0,human,train,ar,3,ajgt,0
ماهو المنهج الوصفي التحليلي ؟! 🤔,0,human,test,ar,6,ajgt,0
اخذت لي غفوه بغير وقتها 😫,0,human,train,ar,6,ajgt,0
💫 تقدر تحفر بير .. وتسعد ناس كثير!! ✅ بحمد الله وتوفيقه أنجزنا حفر أكثر من بئر لعام 💰 ابتداء من ريال…,0,human,train,ar,22,ajgt,0
:40 الوضع امان الحمدلله .. ماف انباء عن اصابات لحدي اللحظة 🚨 🔴 الحصل انو في كجر مندس ضرب رصاص بالتزامن مع قناص ق…,0,human,train,ar,24,ajgt,0
الف مبروك يابطل 💙 من مباراه للاخرى تثبت تطور مستواك بشكل رائع . تركيز عالي وانقاذ كرات خطيره ودائما في…,0,human,train,ar,20,ajgt,0
صح جدا 😔,0,human,train,ar,3,ajgt,0
قمت على صوت المطر 😍,0,human,train,ar,5,ajgt,0
أصبحنآ في نعيم الله نسبح 💕,0,human,test,ar,6,ajgt,0
محامي دوله مو محامي 😉,0,human,train,ar,5,ajgt,0
ال مايشوف أمه بصباحه هوه والميت سوا 💔,0,human,train,ar,8,ajgt,0
جميع غلطاتي من الاحساس واللي يعاتبني .. ! يعاتبني ماهوب شرط أعجب جميع الناس انا ما كل الناس تعجبني :),0,human,train,ar,20,ajgt,0
بدايات الملوك🔥🔥 #ملوك_الاضافات_بتويتر يموت الغلا من قلة الوصل والتقدير مثل موت المعروف لاصار به منه 💔 ♨️♨️…,0,human,train,ar,17,ajgt,0
إنا لله وإنا إليه راجعون .. الله يصبرك ويرحمه ويغفرله ويعفوا عنه ويجعله في الفرد…,0,human,test,ar,15,ajgt,0
انني افتقد شخص : احتل قلبي باكمله هو بعيدا عن عيني ولكن قريب من قلبي لقد رحل لكن لم يرحل حبي له، انني : افتقده حقا 💔,0,human,train,ar,27,ajgt,0
ليس كل ابتعاد كره فبعض الإبتعاد يعني انني #احبك لكنك لم تحترم قلبي الذي احبك ف ابتعدت عنك 😔 #همس,0,human,train,ar,20,ajgt,0
والله تعبت 😔,0,human,train,ar,3,ajgt,0
_ ♨️ اقسم بالله 🍯 👍 🚫 عسل سدر جبلي طبيعي 🚫 💯 💯 💯 💯 😊 من منحلي ال…,0,human,train,ar,20,ajgt,0
لقيته بيقولي دي الدعاية بتاعت جامعة النهضة،بعيد عن التوفير و عن الفلوس اللي بيخدوها و مفهمنا انهم بيخسروا و الصراحة…,0,human,train,ar,20,ajgt,0
ناس طيبين اوي اوي .. ليه فضحوني بس 🙈,0,human,test,ar,9,ajgt,0
وضع موظفي القناة 😅,0,human,train,ar,4,ajgt,0
يقول سلم على اللي فاقده ' ومافقدني وقل له بعد ماتقول لعيونه اشتقت محلله عن كل وعد وعدني.. ومسامحه عن كل ليلة تضايقت 💔,0,human,train,ar,24,ajgt,0
سبحان الله عليكم نعم الحمد لله على نعمه الاهلى,0,human,train,ar,9,ajgt,0
📹 جينليسا من اداء كيل ذس لوف 🔥 - ابريل ،,0,human,test,ar,11,ajgt,0
يمد يده علي عشان يسفرني ولا يشتري لي ؟ بنات اوفر ترا تعزيزكم 😅 من متى الكرامه تنشرى هه,0,human,train,ar,19,ajgt,0
وصباحك أسعد وأجمل يارب 🌸,0,human,train,ar,5,ajgt,0
افضل الاكل 🌚,0,human,train,ar,3,ajgt,0
والله ذو الفضل العظيم 🙏,0,human,train,ar,5,ajgt,0
يارب انك تجبر قلبها وتصبرها 💔,0,human,train,ar,6,ajgt,0
فيني عاده غريبه وعجيبه جدا اللي احبهم ماسولف معهم كثيير احس ماودي اخلص السوالف معهم بسرعه ابغى اجمع اكبر عدد من ال…,0,human,train,ar,22,ajgt,0
خلف الملعون 🐶 فاق بالنبح أباه 💔,0,human,train,ar,7,ajgt,0
جلدكم برونو وخذنا الصداره غصب لو تستحقها كان فزت على منافسك النصر لو في مباراه على الاقل، بس الاولى تعادل و…,0,human,train,ar,21,ajgt,0
#صباح_الخير وصلني هذا من احد الشباب مبررا موقفه او رغبته بالتعدد شي هذا حقك ✋ #لكن قوله ان كل ما زاد عدد…,0,human,test,ar,22,ajgt,0
مشكله كثير من الطلاب اللي مو عارف اي تخصص مناسب له وكله بسبب الوزاره اللي ماتوفر لهم برامج ودورات عشان…,0,human,train,ar,20,ajgt,0
الأهلي أخير ↩ لا لهبوط الأهلي الأهلي مركز ↩ حرك شفايفك عشان مش شايفك الأهلي في وسط الجدول↩ مبروك المنطقة الدافئة…,0,human,train,ar,21,ajgt,0
والله عشان انتي تحسين بالامان 🤣,0,human,train,ar,6,ajgt,0
يا الله : إني لا أصلي لك كما يليق بك ولا أصوم كما كان يفعل داود ولا أصبر إذا مرضت كما صبر أيوب ولا أسبح بحمدك…,0,human,train,ar,26,ajgt,0
إن رحت وإلا جيت عندي طبيعي ماعدت الاول ياحبيبي وعفتك 💔 #شاعر_عتاب,0,human,train,ar,12,ajgt,0
علاقتي بأخواتي هي العلاقه الوحيده اللي اقدر اراهن عليها طول حياتي من غير شك لحظه انه ممكن يخذلوني ❤,0,human,train,ar,19,ajgt,0
برج التحرير دار الاوبرا ابراج الكويت شاركوا واهدوني 😢,0,human,train,ar,9,ajgt,0
وين عدبه جامع 😂 خلينا ع دورات اهل الكهف,0,human,train,ar,9,ajgt,0
الدقيقة الجزائر السودان الدقيقة السودان الجزائر ريمونتادا تاريخية 😂 سقطنا اي شي م فضل الا تفتح الجامعة ونسقط نحنا,0,human,test,ar,19,ajgt,0
حلوو يسستاهلوون .. عاد أنا فزت واسعدتني من قبل ربي يسسعدك 🌸,0,human,train,ar,12,ajgt,0
_⛔ #مناحل_ابو_سلطان . . 🍯 اقسم بالله انه عسل 🍯 . . . ⛔ سدر طبيعي ♨️ . . ⚠️ مضمون…,0,human,train,ar,21,ajgt,0
طيار عراقي يسال برج المراقبة في سلطنة عمان عن نتيجة برشلونه و يونايتد شغف 😍,0,human,train,ar,15,ajgt,0
أنا طمعان بوصالك وشاري بدنيتي دنياك ✨,0,human,train,ar,7,ajgt,0
رفقا بقلوب البشر التي احبتكم :(,0,human,test,ar,6,ajgt,0
بووم 💣 اوك,0,human,train,ar,3,ajgt,0
ما انا جربت مره ولبست عشان كدا مش عايز اقع نفس الوقعه دعواتك معايا 🌸,0,human,train,ar,15,ajgt,0
ي احباب عندي سؤال 😴,0,human,train,ar,5,ajgt,0
وش هو المسلسل 😂,0,human,train,ar,4,ajgt,0
❁⸀ ↓ دائما نصل متأخرين .. لنكون لمن ينتظرنا ..وليس لمن نهواه متعبين نجلس في ذاك المكان الخالي .. وليس المكان…,0,human,train,ar,21,ajgt,0
اخوه توفى بحادث و قعد يغني له هالبيتين كل شوي 💔 الله يرحمه ويغفر له,0,human,train,ar,15,ajgt,0
تحبني حب من طرف واحد أكيد 💔,0,human,train,ar,7,ajgt,0
صباح الخير 🌸,0,human,train,ar,3,ajgt,0
حاليا انا ضايعه بين حسابي والستريمز وعرب مينهيوك 😭,0,human,train,ar,9,ajgt,0
😂😂 بين ليش وليش كلام كتيرر 😁,0,human,train,ar,7,ajgt,0
↴'❥ ❀ ˝ ⠀ ⠀ ⠀ ⠀ ⠀ ζبيبة آلورد ورقيقة ﮼آلقلب والنيہ ⠀ ⠀ ماأشبہ إلآ ﮼آلزهر في هيئة بن…,0,human,train,ar,21,ajgt,0
سعودي بكل فخر والعهد سلماني 💚,0,human,train,ar,6,ajgt,0
هذي الكائنات بعد 😡,0,human,test,ar,4,ajgt,0
"لطف الكلمات يخلق الثقة , ولطف التفكير يحل كل صعوبة , ولطف الإعطاء يخلق الحب. 🌹",0,human,test,ar,16,ajgt,0
امين و يخليلك 😇,0,human,train,ar,4,ajgt,0
سقى الله العريكة اثرها بنت اصوول 🤣,0,human,train,ar,7,ajgt,0
عندما تصرخ الطقاقة في العرس🌚 ( ايواإااه يهوو ) يصيب الفتيات صاعقة كهربائية في جدار المخ 🌚 مما يجعلهم يقوم…,0,human,test,ar,20,ajgt,0
قتلكم الكل بيصير بلينك 😔😔,0,human,train,ar,5,ajgt,0
ياكل #الضحكات والحياه اللي على #وجهي ..! . 🎼 .✶ • ، #وهج💎,0,human,train,ar,13,ajgt,0
مكتبة جابر 📍,0,human,test,ar,3,ajgt,0
ليت العمر يعطاء ويهداء وافديه بعمري اورخص له مابقى منه 💔,0,human,test,ar,11,ajgt,0
⚫صديقتي أجمل وردة في بستان حديقتي فلا تذبل وتبقى وردة كل عام، فهي بهجتي ومسرتي تبعد الدمع عن مقلتي. 🙈 دي عسل مافيش…,0,human,train,ar,23,ajgt,0
نعم نعم 🙈,0,human,train,ar,3,ajgt,0
تحبه او تكرهه هذا شي راجع لك .. لكن من شبه المستحيل انك تحصل لاعب يعطيك مباراة كامله بعمر ال او 😓 ماشاء الل…,0,human,train,ar,24,ajgt,0
المطر مشالله 😭,0,human,train,ar,3,ajgt,0
لا محل تنسيق زهور في المعبيلة اذا من عندك الفواكة الباقة ب ريال اذا من عندهم الفواكة _١٢ ريال ما اح…,0,human,test,ar,21,ajgt,0
نداء الى اهل الخير 📍 تم انتهاء مدة مهلة عبدالله التي في تاريخ / / ، والمبلغ متبقي منه اقل من مليون ريال ،…,0,human,test,ar,24,ajgt,0
مساكين المغتربين والله فاتهم سقوطين يعني مافي حاجة ممكن توصف شعورهم تخيل تكون مغبون مرة وتنغبن تاني 😔,0,human,train,ar,18,ajgt,0
وش من جمال 🎶,0,human,train,ar,4,ajgt,0
ليه مادقو فلشر عشان مايجي احد ويصدم السياره! 🙂,0,human,train,ar,9,ajgt,0
تكملة الفيديو يطگونهم بالنعال 😜,0,human,train,ar,5,ajgt,0
شو يعني 😑,0,human,train,ar,3,ajgt,0
اسمك حفظته قبل لا اكتب حروفك 🎼,0,human,train,ar,7,ajgt,0
صبح صبح 🤩,0,human,test,ar,3,ajgt,0
". ••✿•• خلف القضبان, و تحت الطوامير المظلمة, صوت يشبه صوت علي يردد: (رب ا…",0,human,train,ar,15,ajgt,0
مساءكم انا رتويت وصلوني الف متابع عشان أنزل يومياتي وصور بشوف اذا في تفاعل 🌹,0,human,train,ar,15,ajgt,0
تمسون على صدارة بإذن الله 💛,0,human,train,ar,6,ajgt,0
البشير جاب ابن عوف واتنحى ابن عوف جاب عبدالفتاح برهان واتنحى ولفي بينا يا دنيا 🌚💔 #لم_تسقط_بعد #تسقط_تالت 🌚 #اعتصام_القياده_العامه,0,human,test,ar,20,ajgt,0
#ليلة المنتظرين 🥀 عزيز علي أن أرى الخلق ولا ترى .. #اللهم_عجل_لوليك_الفرج #تويتر_العراق #iraq,0,human,train,ar,14,ajgt,0
السهر ماكان حلو إلا معك والنوم ما يهنالي إلا على صوتك 💛,0,human,train,ar,12,ajgt,0
❀ ♪ م┈┈••✦✿​​❥​​• ​​❥⇣•​​ ​⇣ صمت المكان يلمني واتبعثر حزن وفرح واتحول اشكال والوان هنا همس عشاق واحساس واك…,0,human,train,ar,19,ajgt,0
#المال_او_الحب هل أنت ب حاجه إلى رتويت حقيقي ✴️ وبشكل يومي لتغريداتك؟! 🔃 📍 أكثر من رتويت للتغريده الواحدة…,0,human,train,ar,19,ajgt,0
خليگي علي نآرگ🔥 🔥🙈ليلگ ونهآرگ😝💃 مش هسآل فيگي💃 زي زمآن 😛فلفل 😛شطآ😛 فلفل😝 وگمون 😜 بقي يآ معرقبة🔨 ميگنش غيري…,0,human,test,ar,20,ajgt,0
اذا الفيفا عارف هالشي غلط مش المفروض يتصرف ويتخذ اجراءه ولا الاتحاد السعودي اقوى منه ولا هاي الشوشرا…,0,human,test,ar,18,ajgt,0
من منا افرط التفكير بالثاني حتى زرتني بالمنام ؟ 🥀,0,human,test,ar,10,ajgt,0
- صباح الخير .. 🌹,0,human,train,ar,5,ajgt,0
والله انها من خوارم الرجوله والمشكله الأغلب يضحك 😡,0,human,train,ar,9,ajgt,0
ما تحس ان التعصب انتقل من الرياضة الى الألعاب كل واحد يقول لعبتي افضل و يظلمون الألعاب الثانية و ازيدك من الشعر بيت…,0,human,train,ar,23,ajgt,0
اجمعين وامين بنت الاصول 🌹,0,human,test,ar,5,ajgt,0
استني استني خديني جمبك هنا ✋,0,human,train,ar,6,ajgt,0
جالسة اعيش افضل ايامي بسبب هالغيم والسماء 💙,0,human,train,ar,8,ajgt,0
ياارب عديها ع خير و هون ع اللي فاضل 🙈,0,human,train,ar,10,ajgt,0
متى ستبكي سمانا 💔,0,human,test,ar,4,ajgt,0
تراني اخوك م قد جتني هديه 💔,0,human,train,ar,7,ajgt,0
الحمد لله على الفوز و الصدارة المؤقته بتكاتف الجميع و عدم التفريط في اي نقطه بإذن الله نحقق المطلوب 💙,0,human,train,ar,20,ajgt,0
سمعوه الاموات كمان 😫,0,human,train,ar,4,ajgt,0
:40 الوضع امان الحمدلله .. ماف انباء عن اصابات لحدي اللحظة 🚨 🔴 الحصل انو في كجر مندس ضرب رصاص بالتزامن مع قناص ق…,0,human,train,ar,24,ajgt,0
ايه هذا ممكن 😁,0,human,train,ar,4,ajgt,0
صباحك حلو 🌼,0,human,train,ar,3,ajgt,0
السلام عليكم ورحمة الله وبركاته ✋ متابعيني الكرام 🌺 كما عهدتكم فيكم الخير والبركة ادعموا اختكم ذكرى الشريف برتوي…,0,human,train,ar,19,ajgt,0
حتى صاحبي ؟ الي كان ساند ظهري كسر ظهري :(,0,human,train,ar,10,ajgt,0
احلى جمله كان ممكن اسمعها هاي الفتره 😂,0,human,test,ar,8,ajgt,0
حيوان حظرته الحين .. اوف تعبت واني احظرهم 😒,0,human,train,ar,9,ajgt,0
قوتنا بعد الله دائما أنتم🌹💙 الف مبرووك 💙 الحمد لله و الشكر له 🙏,0,human,train,ar,14,ajgt,0
"الاعضاء يتكلمون عن ظهور هالزي معهم ورقصها وجيمين قال لها : "" سيكون من الرائع لو نظرتي في عيناي في المرة القادمه ..…",0,human,train,ar,23,ajgt,0
أرغب يوما ما، أن نتأمل القمر ، أنا وأنت وحدنا.. تزحمنا الضحكات والخيالات والتأملات العميقة.. نتشارك كل شيء، نتابع…,0,human,train,ar,19,ajgt,0
صح نومي 😴,0,human,train,ar,3,ajgt,0
عبدالله بالله ريتويت صدقة عن امي في هذا الليلة الماطرة .. تكفون ادعوا لامي بالرحمة وان الله يبشرني…,0,human,train,ar,18,ajgt,0
لعب فينا البعوض 😤,0,human,train,ar,4,ajgt,0
🚫 تدخلات ايران في العراق واضحه ولاتحتاج لجدال ولكن من #المعيب على مؤيديهم ان ينكروا ويمجدوا ويبيعوا بلدهم لهذه المن…,0,human,train,ar,20,ajgt,0
ودي ﺎضممكك آلف ﻣرهه وفي کل ﺿمه ﺂعلمكك ﺂني مستحيل ﺂحب غيرک 💞,0,human,test,ar,13,ajgt,0
الصراحة مالقيت تعليق مناسب معقولة 😳 بارك الله في الشيخ الدكتور #عثمان_الخميس طرشوا حق #الزفوت,0,human,train,ar,15,ajgt,0
يحب يطلع دائما مخصر الملعون ☺,0,human,train,ar,6,ajgt,0
مشوار مع ابومطلق وبوفيحان فنجال قهوه بصالحيه يغند الراس بس لابسين شمغ مزدوجين رسمي عسي مايشوفنه العم صالح الفضاله 🙈,0,human,test,ar,20,ajgt,0
دع الأمل يسكنك وتفائل بأن القادم أجمل ، واستنشق عبير الحياة وثق بانك جميل وحياتك جميلة ❤,0,human,test,ar,17,ajgt,0
'' ابسألك ؟ وخذني على قد الوله واكذب علي . اشتقت لي ! اختر اجابه واحده اما نعم ، والا نعم . 💔 ☆ ☆,0,human,train,ar,25,ajgt,0
بالجد مافي حكومة انتقالية سنوات اخير ابنعوف قال سنتين بس 😂,0,human,test,ar,11,ajgt,0
تمر في بالي مثل الصبح مسرور شمسه تجيب النور و ضحكاتك ظلالي 💙 .,0,human,train,ar,14,ajgt,0
هه متت ضضححك😂😂 الله يسسعدك كثرر مااضحكتت :),0,human,train,ar,8,ajgt,0
رئيسين في يومين قالو الربيع العربي 😒 نحنا الكتاحه الأفريقية,0,human,train,ar,10,ajgt,0
الى متى .. ؟ 😭,0,human,train,ar,5,ajgt,0
اللهم فرحة تدمع لها العين وتقشعر لها الابدان ، ياارب 🙏 #اهلاوي_شجع_ضيع_صوتك,0,human,train,ar,12,ajgt,0
"""والعبادات ليست ثقيلة، ولكن القلوب حين خربتها الذنوب .. أثقلتها 💔 فاستغفروا ..❤️""",0,human,train,ar,13,ajgt,0
مكسورين يارب فأجبر كسر قلوبنا 💔,0,human,train,ar,6,ajgt,0
انتهت المكافئه 💔,0,human,test,ar,3,ajgt,0
ولا هو بيدي نترك الدرب ونعاني 💔,0,human,train,ar,7,ajgt,0
🔹الرافضي و الإباضي و التنويري و العلماني كلهم حرب على السنة 🔹 📌 تسجيل قيم و نافع يبين فيه بعض ضلالات هذه الفرق //…,0,human,train,ar,24,ajgt,0
#دخون_الدعوه قال الله ﷻ :- _*​﴿واسجد واقترب﴾*_ 💫 ✍ اذا كنت مهموما فاسجد اذا كنت مريضا فاسجد اذا كنت مد…,0,human,train,ar,20,ajgt,0
(ما الي خلق أداوم و لا أشوف أوادم).. 😑,0,human,train,ar,9,ajgt,0
انتظرك ولازلت متمسك فيك وغيري للأسف فيك يقهرني 💔,0,human,train,ar,9,ajgt,0
اللهم شيئا لطيفا مفاجئ غير مخطط له يأتي من دون توقع يبهج القلب … 🌹,0,human,train,ar,15,ajgt,0
كاني شفت دانييلا القردة.. ما تدري انه لما سمعت اغنيهم اترفيسا شيء جذي كيف الفرقة غطت على لفيفز حقينها و حرفيا مقاطعهم تجيب الهم معدا واحد 😭,0,human,train,ar,27,ajgt,0
بترجع الامور لمكانها الطبيعي غدا بحول الله 💛,0,human,train,ar,8,ajgt,0
📌 بسبب الأحوال الجوية تقرر تأخير امتحان المنتصف لمقرر: الثقافة الإسلامية ليكون: الفترة الأولى: من إلى . ال…,0,human,train,ar,18,ajgt,0
#انه_اسلامنا_عزنا_وفخرنا ✨ أن تكون مسلما لابد أن تكون لك مهام ووظيفة ✨ الإسلام «شهادة» لابد من أن تكون لك وظيفة…,0,human,train,ar,20,ajgt,0
لان ليفربول سنوات في اليوربا ليغ هذا غير المرات اللي احتلوا فيها المركز الثامن والتاسع وصار الفريق بدون مشاركات…,0,human,train,ar,19,ajgt,0
كلاسيكو الف و كلاسيكو الف الاول ينافس على مركز آسيوي الثاني ينافس على البقاء هنا تنتهي المقارنة و يقفل باب…,0,human,train,ar,20,ajgt,0
كلما إشتقت إليك كتبت للناس عنك 💔,0,human,test,ar,7,ajgt,0
دامك مع #غناتي ، فالك طيب 👍,0,human,train,ar,7,ajgt,0
💫 تقدر تحفر بير .. وتسعد ناس كثير!! ✅ بحمد الله وتوفيقه أنجزنا حفر أكثر من بئر لعام 💰 ابتداء من ريال…,0,human,train,ar,22,ajgt,0
متحاولش تشق طريقك للمستقبل ، إصبر والمستقبل هيشقك إنت وطريقك. #تنمية_بشريه 🐸,0,human,train,ar,12,ajgt,0
متجوزة عرفي واحلا نيج ودلع: شفشفه بوث كبلز خلفي سالب 😏 إبريل :58:31 صباحا,0,human,train,ar,14,ajgt,0
الف شكرا لإدارة ملتقى #سمان_الهرج ولكل من شارك في مجاراة ابياتي 🌹 تقبلوا إهدائي وتصميمي لأبياتكم . …,0,human,train,ar,18,ajgt,0
صباحك مشرق هند الورده 🌼,0,human,train,ar,5,ajgt,0
اخيرا صحيتي اشتقت يبوي 💔,0,human,train,ar,5,ajgt,0
- كثرة ذكره والصلاة عليه ﷺ ، لأمر الله سبحانه ، قال تعالى : إن الله وملائكته يصلون على الن…,0,human,test,ar,20,ajgt,0
ومتى ياترى يسوقني القدر لإحتضانك ؟ 💛,0,human,train,ar,7,ajgt,0
يسويله بلوك و يرقد 😠,0,human,train,ar,5,ajgt,0
اللهم صل وسلم وبارك على سيدنا محمد وعلى آله وصحبه أجمعين ❤,0,human,test,ar,12,ajgt,0
ححي من هو شافته عيني 😭,0,human,train,ar,6,ajgt,0
صباح الورد 🌸,0,human,train,ar,3,ajgt,0
ا انغاميي 🙂🙂,0,human,train,ar,3,ajgt,0
اتوقع من كثر مانت هاتك بهم راح يسوون قرعة بين اكثر من وسيلة انتقام واخيرا يتفقون على تعليقك من لسانك في كيبل الضغط العالي..! 😂,0,human,train,ar,25,ajgt,0
4.13🌟~| اعجابات الفيديو الموسيقي Boy With Luv تصل الى مليون اعجاب في غضون ساعة و36 دقيقة 💜,0,human,train,ar,17,ajgt,0
"🏟 هنا ""الجوهرة"" #الهلال 💙 #الأهلي_الهلال",0,human,test,ar,6,ajgt,0
الي قلبه ضعيف لايدخل 😭😭 خطورة التفحيط مشهد قديم لاكن مؤثر 😱,0,human,train,ar,12,ajgt,0
باقي تحطينها لي بالعاب تلبيس بنات 😍,0,human,train,ar,7,ajgt,0
اقسم بالله العظيم ثلاث مرات ان #وسيم_شحاده يوم كان يسوي محاضرات في مسجد الشيخ زايد كان يحضر الحضور عن طريق شخص سود…,0,human,train,ar,22,ajgt,0
😁..اشرب ماء بكثره اكيد عندك مشاكل بلمعده 🤔,0,human,train,ar,8,ajgt,0
انا معيطتش، محدش عيط 💔,0,human,train,ar,5,ajgt,0
الله يسامح قسم الفيزياء قبل كنت كويس 😑,0,human,train,ar,8,ajgt,0
الحمد لله💙 ألف مبروك يازعماء 💙 القادم أجمل إن شاء الله 🙏🏼,0,human,train,ar,12,ajgt,0
احرقي 😂 وعطيني توقعاتج,0,human,train,ar,4,ajgt,0
فيهم كمية غباء ماهي طبيعية 😂😂 يادلخ أكيد بأكون مسيار لنادي الاتحاد لانه من صالحنا تعطل النصر ، والمسيار يوم انت وا…,0,human,train,ar,22,ajgt,0
قوتنا بعد الله دائما أنتم🌹💙 الف مبرووك 💙 الحمد لله و الشكر له 🙏,0,human,train,ar,14,ajgt,0
__ سأبقى على يقين بأن ما أحلم به سيأتي يوما ❤ .,0,human,train,ar,12,ajgt,0
#المشاعر_هالليله_تقول #عبدالله_الرويشد بغنيلك انا احبك وأقول أهواك انا أهواك 💙,0,human,train,ar,10,ajgt,0
بعض القلوب لا تستحق إلا أن تهديها السعادة بكل ألوانها 💛 #تسنيم_المذكور,0,human,train,ar,12,ajgt,0
🌹ما أجمل الصباح حين​ ​يقبل علينا بدعوات طيبة من قلوب محبة في الله❤​ ​اللهم ارزقنا​ .. ​حلاوة الأخوة​ ، ​وطول الص…,0,human,test,ar,21,ajgt,0
ٲليس من العيب ان تحفظ كل الأغاني .. وتكرر نفس السورة في كل صلاة .. 💔,0,human,train,ar,16,ajgt,0
البحرين تغرق 🌚,0,human,train,ar,3,ajgt,0
💕 🇴🇲 و الفرآشأت أدركت أن شفأه الارض أغوت قدميك ف قبلتهأ ..ابي قابوس 🇴🇲 💕 تصميمي.. ✒️…,0,human,test,ar,18,ajgt,0
كنت عارفة انه لا 😒,0,human,train,ar,5,ajgt,0
# رئيسا للمخابرات سابقا ووزيرا للدفاع ونائب الرئيس السودانى عزلنا البشير الفاسد اللى خرب البلد 😂,0,human,train,ar,16,ajgt,0
📌 {و قال إني ذاهب إلىٰ ربي سيهدين} كلما شعرت بالحيرة والقلق ، اجمع هموم قلبك وارحل بها إلى الله ،…,0,human,train,ar,21,ajgt,0
هذي فالبيرلشما كيف بتطلع 😍,0,human,train,ar,5,ajgt,0
الفريق عبدالفتاح البرهان هو قائد القوات البرية السابق والمشرف على القوات السودانية في اليمن بالتنسيق مع محمد حمدان…,0,human,train,ar,18,ajgt,0
أوجاعك التي لم يلتفت لها أحد ، هي تحت عناية الله سبحانه ، ثق دائما بالله ولا تفقد الأمل انهو على كل شي قدير صبا…,0,human,train,ar,25,ajgt,0
بكرا في امتحان ولا لأ 🌚,0,human,test,ar,6,ajgt,0
اكابر عن غيابه واقول انا بخير واشوف المحبين وينكسر قلبي 💔,0,human,train,ar,11,ajgt,0
إسترجاع حسابك في تويتر ❣️ إذا نسيت كلمة السر 😭 شرح ممتاز 💪 وفعلا جربته ونجحت الطريقه😍,0,human,test,ar,17,ajgt,0
قلوبنا في الإجتماع 💔,0,human,train,ar,4,ajgt,0
أجيب تسعين قشطة كل يوم وسط شمس الظهر ولا حرارة المطبخ 😞,0,human,train,ar,12,ajgt,0
انا مؤدبة وبرد والله العظيم ✋,0,human,train,ar,6,ajgt,0
لغز ما يحله إلا الذكي الفطن 🤔 ناتج هذه المعادلة كم يطلع ؟ ملاحظة: الحل الصحيح في أول ردد￼👇 #الاتحاد_النصر,0,human,test,ar,20,ajgt,0
وإن أتعبك شيء فهناك من أتعبه كل شيء فقل الحمد لله دائما وابدا 💔,0,human,train,ar,14,ajgt,0
"- كيف دمرت أحلام ليفربول؟ 🎙️ جوزيه مورينيو: ""قبل مباراتنا ضدهم في أنفيلد شعرت انهم بهذا اليوم يجهزون للإحتفال بال…",0,human,test,ar,20,ajgt,0
الأيام دي إتغير حالها .. 💔 مابقاش حد يعيش التاني ..👌,0,human,test,ar,11,ajgt,0
يالله كسر الفرع كله 😩,0,human,train,ar,5,ajgt,0
احب صوته يجيب النوم 🌚,0,human,train,ar,5,ajgt,0
عظم الله اجري 💔,0,human,train,ar,4,ajgt,0
انتي ليه بتقولي (هنا، لما يسافر السودان) انتي قاعده ف اليمن 😳,0,human,train,ar,12,ajgt,0
⏰ #الهلال × الأهلي نهاية المباراة.. ألف مبرووك لجماهير #الزعيم 💙 #الأهلي_الهلال,0,human,train,ar,12,ajgt,0
"صور مخبئة في هآتفي ، أفتقد صآحبهآ ; كثيرآ , ! ربي ارحمهما كما ربياني صغيرا 💔",0,human,train,ar,17,ajgt,0
شي بإذن الله 😅,0,human,test,ar,4,ajgt,0
صرتلهم جسر عبرو عليه هواي واليعبر يسولف عني ويذمني نعرفها البشر لا ما تجازي الزين شجر مثمر صرت والمار…,0,human,train,ar,19,ajgt,0
م عندهم سالفه بينهزمون 💔,0,human,test,ar,5,ajgt,0
بعبير الشوق جئتكم أبعثر على حروف العطر أشتياقي تسبقني إليكم ..خطوات الحنين أدعو يآرب أجعلنا راضين بنصيبنا في…,0,human,test,ar,18,ajgt,0
المكياج حلو 😍,0,human,train,ar,3,ajgt,0
ان شاء الله تتحقق الأماني وتشوفها على ارض الواقع 🌹,0,human,train,ar,10,ajgt,0
"""الإحترام.. والكلام الطيب..والإبتسامة.. والتسامح.. والتجاوز كلها نوافذ لجمال الحياة فمن أراد الإستمتاع بالحياة فلاي…",0,human,train,ar,14,ajgt,0
مش قادرة اقول وانا كمان😔,0,human,train,ar,5,ajgt,0
اي لوف يو اكثر اوف 😭,0,human,train,ar,6,ajgt,0
مدري مغصوب 🌚,0,human,train,ar,3,ajgt,0
غدا الجمعة سوف يتم السحب بإذن الله فالكم التوفيق جميعا 🙏,0,human,train,ar,11,ajgt,0
#الهلال_الاهلي هو اعجب كيانا ينبض فوق الأرض يبعث بالحياة على الدوام 💙,0,human,test,ar,12,ajgt,0
"بخصوص الام في !! كثير مو عاجبه عشان اللون الوردي وانه مره ""انثوي"" مايدرون ان هذا السبب اللي محببني فيه 👅",0,human,train,ar,21,ajgt,0
اللهم أمين يارب العالمين 🌺 🌺 صباح الورد والياسمين,0,human,train,ar,9,ajgt,0
📬 رأيت في المنام في غرفة النوم صرصور كبير وكأني اضربه واخرجه لديك اذى اما حسد او غيره وسوف يخرج 📧 رسالة الحلم انتي…,0,human,train,ar,24,ajgt,0
هلق هيك هني فهموا من التويت 🙁 الله يسامحن 😏,0,human,train,ar,10,ajgt,0
ارجووكم اتوجهو للقياده في تمثيليه بتاعت ضرب رصاص في الهوا وبيقولو ديل قناصين عشان الناس تخاف وبيشيلو في المتاريس ح…,0,human,train,ar,20,ajgt,0
أقسى أنواع الضعف ضعف قلبك لما يكون عاجز يكره شخص أوجعه كثير 😩,0,human,train,ar,13,ajgt,0
بعيد عن أي شعارات حماسية، انا مع الأهلي ع الحلوه والمره و نعدي الخسارة بمكسب كبير مش بعيد عن ربنا طبعا وفي نفس الو…,0,human,test,ar,24,ajgt,0
- سحب على مبالغ ماليه ل 🤷🏻‍♂️ 👌🏻 - السحب اليوم مساء ( حفله ) 😁 🔁 ريتويت ل التغريده ⬅️ متابعة حساب ( )…,0,human,train,ar,25,ajgt,0
إذا اجتمع جمال البحر والخيل 👌,0,human,train,ar,6,ajgt,0
بإختصار والله 👌,0,human,train,ar,3,ajgt,0
كلام سليم ٪ 👍 اتمنى من الاداره تجتمع باللاعبين وتقرر على مايرونه في استمرار السباك من عدمه وهذا ال…,0,human,train,ar,19,ajgt,0
#الهلال_الاهلي هاردلك يا ملوك 💔 برغم الطرد المبكر لاهم لاعب لم يكن #الاهلي بهذاك السوء اللذي يستحق خسارة النقاط الث…,0,human,train,ar,20,ajgt,0
❥˓٭༻࿐⸀🕊 السعادة !! أن تكسب شخصا لا يجيد التصنع !! ولا يتلاعب بالأقنعه !! تغيب عن عينيه .. ولكن لا تغيب عن قلبه…,0,human,train,ar,23,ajgt,0
#زلزل_الملعب_نصرنا_بيلعب #النصر_الاتحاد - عبدالرزاق حمد الله بعد مباراة الهلال قال كلمه للتاريخ : ( إذا ماتثق في…,0,human,train,ar,17,ajgt,0
💔💔 الحآل يقول : أماني ضاميه وأحلام جفت وسط كومة ريش صغر فينا الأمل وإثر الألم ف الجوف ياكبرهه 💔,0,human,train,ar,20,ajgt,0
ليك الله يابلادي💔,0,human,test,ar,3,ajgt,0
لما تلاقى حد بيحبك بصدق وبيخاف عليك .. مش لازم تستنزفه نفسيا كل شوية، معتمدا على غلاوتك عنده.. لأنه حتى لو مش ق…,0,human,train,ar,23,ajgt,0
ربنا يفرحك بيهم. انا بقول تخديهم تطلعهم رحلة😃😃 للقناطر الخيرية 🙈 🙈 🙈 🙈,0,human,train,ar,14,ajgt,0
#الزلفي المدينة الحالمه بين سفوح جبال طويق و نوازي الثويرات 💔 وادي مرخ بالزلفي .. مدرج ابو صفى السبت /٧/٨ ه ال…,0,human,test,ar,22,ajgt,0
يخرب بيت الإبداع بعضهم كأنهم ورد حقيقي موب كريمه كوب كيك 😍,0,human,train,ar,12,ajgt,0
June وفعلا تزوجت في نفس العمر 🤣,0,human,train,ar,7,ajgt,0
بنشكر الله انو القلب عضلة مو عظم .. بضل التعضيل ارحم من الكسر 😔,0,human,test,ar,14,ajgt,0
ي حسرة تطوع 😔,0,human,train,ar,4,ajgt,0
مكنتس عايز اقولهالك لاني بعزك بس اللي بشفهم كدا هما نفسهم بيجرو وره الفلوس 😊,0,human,train,ar,15,ajgt,0
يسلمك ربي من عذابه 😘,0,human,test,ar,5,ajgt,0
وين قال ابن كثير وابن عباس وين قال السيدي وعكرمه في أي سند لقيتي هذا الكلام نعم لم تجيب…,0,human,train,ar,19,ajgt,0
لاتتحمس هذا ماله دخل 🙂,0,human,train,ar,5,ajgt,0
يا اخوانا و الله لسة مطالبنا ما أتحقق منها غير مطلب واحد .. عليكم الله الناس ما تتخاذل 💔,0,human,train,ar,19,ajgt,0
أحبك بكل ما أوتيت من مرض 💔 #صوت_الحق_للدعم #كروب_الزهور_للدعم #النرجس_للدعم #اميره_الموسم #عراق_الخير,0,human,train,ar,12,ajgt,0
بمناسبة فوز الهلال .. 💙 سحب على آيفون XR📱 رتويت وتابع - السحب بعد ساعة موثق بالفديو 💪,0,human,train,ar,18,ajgt,0
#الفيفا_يرد_احتجاج_الهلال_صحيح القانون معك اما وش ذنب الوحده هذا كلام استرحات .فرصتك لتثبت وجودك ي كبير الرياض 💙,0,human,test,ar,17,ajgt,0
ياصباح الرضا 💕,0,human,train,ar,3,ajgt,0
سالب فسالب = موجب بس بالرياضيات أما بالحياة = سالب و بس 💔,0,human,train,ar,13,ajgt,0
الجوع كافر 😂,0,human,train,ar,3,ajgt,0
آمين يارب العالمين 🌹 صباح النور والسرور 🌹,0,human,train,ar,8,ajgt,0
ياسلام ع الكلام الكبير 👏🏻👏🏻فعلا الدنيا مدرسه نتعلم من عثراتنا وأن السعاده لا تتحقق في غياب المشاكل ولكن ف…,0,human,train,ar,19,ajgt,0
مبرووك ل نجوم الهلال وعلى راسهم قائدهم السوبر إدواردو ادارة الهلال وعلى راسهم ابو سلطان الجهازين الفني…,0,human,train,ar,17,ajgt,0
بس في انتظار الخطاب و محاسبة الفاسدين عمر البشير ،عوض ابن عوف ،احمد هارون صلاح قوش ،علي عثم…,0,human,train,ar,18,ajgt,0
بالتوفيق للجميع تابعني اتابعك 🔙 ✌️ #هادي_أقوى_حسابات_فولوباك #زعيم_تويتر_فولورز_اهلاوي,0,human,train,ar,8,ajgt,0
رئيسين في يومين قالو الربيع العربي 😒 نحنا الكتاحه الأفريقية,0,human,train,ar,10,ajgt,0
حي الله اللي خذا قلبي وخذااني :(,0,human,train,ar,7,ajgt,0
صباح الوطن صباح الشعب صباح النصر انتهى الجهاد الأصغر وبقي الجهاد الأكبر.. والاعتصام قائم ✌ #مدن_السودان_تنتصر,0,human,train,ar,16,ajgt,0
🌸 لا إله إلا أنت سبحانك إني كنت من الظالمين 🌸,0,human,train,ar,11,ajgt,0
ميزة نابولي في الموسم الماضي انه نافس إلى آخر الجولات خلاف مواسم سابقة:- وبعد الفوز على…,0,human,train,ar,16,ajgt,0
اللهم جمل حالي واجعله حالا يرضيك ثم يرضيني 💙 .,0,human,train,ar,10,ajgt,0
نفسي اعرف اسمع منه حرف او يديني ريأكشن مافيش نهاائي 😑,0,human,test,ar,11,ajgt,0
اقبل رمضان الخامس وانت يا فقيدي تحت الثرى 💔 رحم الله قلوب اشتقنآ لهم وهم تحت الثرى اللهم ارحم عبدك…,0,human,train,ar,20,ajgt,0
#الهلال_الاهلي هذا هلالنا اللي نعرفه المباراة الجاية م تقل اهمية ويمكن تكون اهم من هذه وياليت زوران لا يوتر اعصابن…,0,human,train,ar,20,ajgt,0
فولو والباك حالا 🔙 ⁦⁩ ⁦⁩ ⁦⁩ ⁦⁩⁦ ⁦⁩⁦…,0,human,train,ar,9,ajgt,0
بنات يمرون على بعض ويشربون عصيرر!!؟؟ استغفر الله يارب لا تسخط علينا اللهم لا تؤاخذنا بما فعل السفهاء منا 😱,0,human,train,ar,20,ajgt,0
"""تلاتين سنة بترقص .. الليلة رقصتنا"" أنا ببكي 😭 دي حلاوة شديدة باخ",0,human,train,ar,13,ajgt,0
اختاري صح عشان بنتك لما تكبر تقول نفسي اتجوز واحد زي بابا 💙,0,human,test,ar,13,ajgt,0
'ما ألح عبدا على الله فيحاجة إلا و قضاها له ' .. سیستجیب 💙,0,human,train,ar,14,ajgt,0
صباح الخير .. اهداء لصديقه عزيزه اعتبرها اخت 💜,0,human,train,ar,9,ajgt,0
“أحببنا أمرا و أحب الله أمرا ، و ما أحبه الله أحب إلينا مما أحببنا.” 💜,0,human,train,ar,16,ajgt,0
ياارب انسان مثله بحيااتي 💔,0,human,train,ar,5,ajgt,0
😂 حضر مره وحده تكفين بموت بدونك 😂😂,0,human,test,ar,8,ajgt,0
ملاك روحي نامي عورني بطني 😂 والله اقول يارب ما تقراء,0,human,train,ar,11,ajgt,0
الو .. شارون 😉,0,human,train,ar,4,ajgt,0
مباريات #الهلال القادمة ⚽ الأهلي × الهلال 🏆 كأس زايد 🗓 الإثنين أبريل 📌 ملعب الجوهرة ⚽ الهلال × التعاون 🏆 الد…,0,human,train,ar,22,ajgt,0
😂 😂 😂 😂 اسمع الكلام يا صلاح,0,human,train,ar,8,ajgt,0
لو ذا كونسبت الترسيم انا بطلع من الفاندوم,0,human,test,ar,8,ajgt,0
"""تلاتين سنة بترقص .. الليلة رقصتنا"" أنا ببكي 😭 دي حلاوة شديدة باخ",0,human,train,ar,13,ajgt,0
منو ساهم ب إسعادك اليوم ؟ — محدش 😔,0,human,train,ar,9,ajgt,0
لو بقى 😂,0,human,train,ar,3,ajgt,0
حسبي الله لا إله إلا هو عليه توكلت وهو رب العرش العظيم . ❀,0,human,train,ar,14,ajgt,0
اللهم صل على سيدنا محمد وعلى اله وصحبه وسلم، اللهم اجعلنا حسن الخاتمة، واشفعنا بشفاعته يوم القيامة.. .. ا,0,human,train,ar,19,ajgt,0
علمتني كيف أحبك ، التالي علمني كيف أنسى. 🌹,0,human,train,ar,9,ajgt,0
آمين عسى ربعنا ماغرقو 😂,0,human,train,ar,5,ajgt,0
وصافة بس 😂,0,human,train,ar,3,ajgt,0
رجل المباراة بدون منازع حفظ للهلال نقاطه بإنقاذ أهداف محققة. اللاعب اللي يهزم الشك والضغط ويعود بهذا التألق هو لاع…,0,human,train,ar,20,ajgt,0
عوض إبن عوف وصلاح قوش واخرون دم الشهداء في رقابهم لي هسي وجايين يتربعو على عرش الدوله؟ هذا زمانك يامهازل فامرحي 💔 ل…,0,human,train,ar,23,ajgt,0
نقول يا رب هو المتوقع 😎 #النصر_الاتحاد,0,human,train,ar,7,ajgt,0
الجو حرام يضيع في دراسة 😭,0,human,test,ar,6,ajgt,0
بس تعالوا .. لو اجيتوا كفوفنا نحنيها -كريم منصور :(,0,human,train,ar,10,ajgt,0
مجموعة من الفروع المنتشرة بالرياض لخدمتكم 😍 متواجدين في غرناطه مول #شاورما_لندن #الرياض,0,human,train,ar,13,ajgt,0
لو يقطع الصوت و الطله يبقى الغلا ثابت سيآجه أنا أحبه . . ل وجه الله ما نيب أحبه لجل حاجه :),0,human,train,ar,22,ajgt,0
إن لم تكونوا أوفياء ، فلا تعبثوا بقلوب الأنقياء 🥀,0,human,train,ar,10,ajgt,0
حتى فيكلوب قبل العوده قلت احس بناخذ باك واخذنا باك 😴 وبكذا اعطوا كلامي واحاسيسي كل الحب والتقدير ،,0,human,test,ar,19,ajgt,0
ام بلوزه حمره هذا انا 😐,0,human,train,ar,6,ajgt,0
صحن الكرز 😍,0,human,train,ar,3,ajgt,0
الشاعر الفخم : عبدالمجيد الذيابي 🌹,0,human,train,ar,6,ajgt,0
📹 بلاك بينك من اداء KTL إلى DKWTD - ابريل ،,0,human,train,ar,11,ajgt,0
الساده العالم العربى 😎 احنا الشعب النايم الكسول اول شعب افريقى نوبى عربى طلع طالب برحيل نظام ورئيس اول شعب خلع…,0,human,train,ar,21,ajgt,0
واتقوا يوما ترجعون فيه إلى الله🙌🏻 ♥,0,human,train,ar,7,ajgt,0
بجد 😐 ده انا كنت فرحت 🚶😢,0,human,train,ar,7,ajgt,0
الى متى التعامل السئ للخادمات وعدم احترامهم وكأنهم حشرات والله هالمواقف تصير بيننا ونشوفها المربية جات من بيتها مع…,0,human,train,ar,19,ajgt,0
اجمل ما قد يقال في #الحب 💕,0,human,test,ar,7,ajgt,0
منجد تغريداتك بريال بس احب امنشنك 😭,0,human,train,ar,7,ajgt,0
💵 مع بسطيله 😂 ( خفايف والقادم أجمل ) #هديتك_كاش_مع_د_محمد_وسعد,0,human,train,ar,10,ajgt,0
😳 منحة طوارئ 😡,0,human,train,ar,4,ajgt,0
_ ♨️ عسل سدر 🎀 ♨️ اقسم بالله انه عسل سدر ♨️ ⛰ جبلي طبيعي 🍯 🇸🇦 مفيد جدا للال…,0,human,test,ar,20,ajgt,0
لا والف لا بدون المال لاتوجد سعاده بدنيا ، بعد رضا الله والعافيه 😴,0,human,train,ar,14,ajgt,0
سألوا حكيما: لماذا لا ترد على الذين يسيئون لك؟ فرد ضاحكا: إذا رفسك الحمار هل ترفسه ! صباح الخير 😊 #حسين_عبدالغني,0,human,test,ar,21,ajgt,0
اللهم أجعل قلوبنا خزائن توحيدك وألسنتنا مفاتيح تمجيدك وجوارحنا خدم طاعتك 🌹صباح الخير 🌹,0,human,train,ar,14,ajgt,0
يا اخوان انا سالتها هي نيتي 😢,0,human,test,ar,7,ajgt,0
ماشاءالله 🌷 تبارك الله 🌷 👈كلام يعيد الأمل 👏👏 أثابكم الله خيرا يا فضيلة الدكتورنا الغال ويقولون : إذا…,0,human,test,ar,19,ajgt,0
الكاريزما، الحلاوة،الفخامة،الشيكاة ❎ كيم تايهيونغ ✅ #BoyWithLuv #MAP_OF_THE_SOUL_PERSONA…,0,human,train,ar,8,ajgt,0
يا اخوانا و الله لسة مطالبنا ما أتحقق منها غير مطلب واحد .. عليكم الله الناس ما تتخاذل 💔,0,human,train,ar,19,ajgt,0
❥ . هذا أنا وجع من النوع الفريد حزن من النوع الوحيد قلب أرق من الزجاج طير تكسر جناحه خدش السماء فأمطرت دم…,0,human,train,ar,23,ajgt,0
الى متى التعامل السئ للخادمات وعدم احترامهم وكأنهم حشرات والله هالمواقف تصير بيننا ونشوفها المربية جات من بيتها مع…,0,human,train,ar,19,ajgt,0
ترى حظي نفس بوكريشه اللي بغى يصور سيلفي معاها وإهي مشت ما ضبطت معاه 💔,0,human,train,ar,15,ajgt,0
صباحكم الاجواء الحلوه 😍,0,human,train,ar,4,ajgt,0
#تعديل فعالية فيها حظ شوي 😬 صاحب الرتويت رقم على هالتغريدة له ريال 💰 ! صاحب الرتويت رقم على هالتغري…,0,human,train,ar,20,ajgt,0
"العروس بتحب ال Chips🤣 سيارة العرس بالاردن ,, تم تزيينها ب كيس 😱",0,human,train,ar,13,ajgt,0
شفته بعقلي وعيني ما لها إلا تدمعه 💙,0,human,train,ar,8,ajgt,0
يا حراام 😢,0,human,test,ar,3,ajgt,0
الديود 😊 شفتوها 🙈🙊,0,human,train,ar,4,ajgt,0
شافاه الله وعافاه وألبسه لباس الصحة والعافية لابأس طهور إن شاء الله 🌹,0,human,train,ar,13,ajgt,0
. صباح الورد 🥀,0,human,train,ar,4,ajgt,0
الرجولة ليس لها شأن بالقسوة ع أنثى..بكسر قلبها. الرجوله لطف ولين وتقدير وحكمة 💔,0,human,train,ar,14,ajgt,0
{ اللهم صل وسلم على نبينا محمد } صلى الله عليه وسلم ♥,0,human,train,ar,13,ajgt,0
في مباراة العربية غوميز استفز وتلفظ على المدافع الشاب عبدالباسط هندي حينها جهلة المدرج و الإعلام الجاهل ضحكوا وتن…,0,human,test,ar,19,ajgt,0
اليوم 🇸🇩 ✨رحمة الله ومغفرته لكل الشهداء ،، ارقدو بسلام وأمان 🌹 #السودان #اعتصام_القيادة_العامة #sudan #تسقط_بس,0,human,train,ar,16,ajgt,0
اشتقت لرمضان حييل :(,0,human,test,ar,4,ajgt,0
#بوتاس الأسرع في تجارب الصين الثالثة 🇨🇳🔥 متفوقا على ثنائي #فيراري فيتيل ولوكلير! 🏁 #فورمولا1 #Race100…,0,human,train,ar,16,ajgt,0
قوتنا بعد الله دائما أنتم🌹💙 الف مبرووك 💙 الحمد لله و الشكر له 🙏,0,human,train,ar,14,ajgt,0
- يا ربي رحمتك شي فظيع 😖,0,human,train,ar,7,ajgt,0
اهم شي يكون ف اسبوع م فيه مدتيرمات 💔,0,human,train,ar,9,ajgt,0
🔴 #حضرموت #سيئون العربيه تبث الحدث قااعدين له يدخل 😍 اووف شععوري لما يقوولون في الأخبار سيئون افررح احسس اسمها حلوو وااهه 😭,0,human,train,ar,23,ajgt,0
عمانية وارثة ذهب قيمته مليون دولار ذهب حر ورثته من جدها ، انظر واسمع ماذا تقول ✅ لله درك,0,human,test,ar,19,ajgt,0
ولنا في كرة القدم مثال. يقول توفيق الحكيم يكرم صاحب القدم و يهان او يهمل صاحب القلم. لا اعتراض على الموقف الأول ول…,0,human,test,ar,23,ajgt,0
رجعنا في الصداره وان شاءالله تنتهي في الصداره 💙,0,human,test,ar,9,ajgt,0
فيروز - امس انتهينا 🎶,0,human,train,ar,5,ajgt,0
رئيس ما تم ساعة ويقطع لينا الكهرباء يسقط تالت 😑 الى القيادة #اعتصام_القياده_العامه,0,human,test,ar,13,ajgt,0
🌸🌷🌸 يا ساجدا فوق الغيوم يحفه سرب الخلود بنشوة العرفان 🌸🍃ينساب من فمه الدعاء كأنما ينساب ماء العر…,0,human,train,ar,18,ajgt,0
🌞🌻إذا كانت رائحة الورد تسعد الجميع فكيف برائحة الجنة🌹 جعلني الله وإياكم ممن يستنشقون ريحها ويسكنون فردوسها فالحمد ل…,0,human,train,ar,19,ajgt,0
طريقه جديدة للنصب خلوا بالكوا غصب عني ضحكت 😂,0,human,train,ar,9,ajgt,0
أحب عيونها أكثر من أي شيء :(,0,human,train,ar,7,ajgt,0
ايش اخدود الفيض 🤔,0,human,train,ar,4,ajgt,0
لست كغيرك من النساء ؟؟ ثمانية وعشرون حرفا كلها تتلاشى عند وصفك وجميع الألوان في كفي يبهت لونها خوفا من أن لا تجيد رسمك 😉,0,human,train,ar,25,ajgt,0
ماهوب عيب إن قلت والله أحبج الحب نعمه وانتي نعمه من الله 💙,0,human,train,ar,13,ajgt,0
دمعت عيوني والله 😢 ربي يقر عيونهم فبعض ويحفظهم,0,human,test,ar,9,ajgt,0
تبقى الوحيد بخافقي ماشطبته اللي ملكني بالغلا و احتواني اخذتني كلي .. و عقلي نهبته لاتلومني لا صرت أنا بك أناني…,0,human,test,ar,21,ajgt,0
#الاهلي لعبة #الهلال لأكثر من عام وهذا سبب تحول إعلامه لدعم منافسين الهلال في كل موسم اهم شي ما يأخذ الهلال…,0,human,test,ar,21,ajgt,0
الحمد لله💙 ألف مبروك يازعماء 💙 القادم أجمل إن شاء الله 🙏🏼,0,human,test,ar,12,ajgt,0
بمناسبة فوز الهلال .. 💙 سحب على آيفون XR📱 رتويت وتابع - السحب بعد ساعة موثق بالفديو 💪,0,human,train,ar,18,ajgt,0
ڪل عصافير المدينه تموت لوغابت ضحڪتچ ✋ اي والله يرقوش 🙈 مراحب أعزاز 🙋‍♀️,0,human,test,ar,14,ajgt,0
ابا أداوم 😣,0,human,train,ar,3,ajgt,0
أحبك أنت يا أملا كضوء الصبح يلقاني 🎼,0,human,test,ar,8,ajgt,0
اللهم اني اسألك في هذا الصباح فرحا لكل مهموم وشفاء لكل مريض ومغفرة لكل مذنب وهداية لكل عبد ورزقا لكل محتاج وأستجابة لكل دعاء ❤,0,human,train,ar,25,ajgt,0
اقرأوها هتعجبكوا اوي 💔,0,human,train,ar,4,ajgt,0
الهلال ينتصر .. لكنه بعيد جدا عن مستواه ! إهدار غريب .. لفرص سهلة جدا ! خط دفاع يعاني كثيرا ! كنو .. إمك…,0,human,train,ar,24,ajgt,0
واضح جدا انو يدور الشهرة فقط ولا يعرف الكورة 🤔,0,human,train,ar,10,ajgt,0
نسأل #الله من فضله حياكم كل واحد ياخذ له سياره 🎁,0,human,train,ar,11,ajgt,0
مرصد الأزهر ده تخصص هوليجنز بس ؟؟ ماعندوش حد. في نيچيريا ؟؟ ماعداش عالمينيا طاه ؟؟ 🤔,0,human,train,ar,17,ajgt,0
يارب كل الي احتاجه البركة في وقتي 😞,0,human,train,ar,8,ajgt,0
__ 💥 . شايب في جمجمة رأسي رزين مايداني ورع / في جوفي شقي🔕 #ماجد_الروقي,0,human,train,ar,15,ajgt,0
غياب واحد وانحرم ونعساان 🤔,0,human,train,ar,5,ajgt,0
😂😂 يا جدعان الرجاله اللي فوق ال دول خطر ع تويتر وربنا 😂مش اسلوب كل يومين يدخلي واحد قد جدي علشان يشقطني 😒 😹و عند…,0,human,train,ar,25,ajgt,0
🔊 #جديد #صوتيات_ميراث_الأنبياء الدرس (26) 📘 شرح #كتاب_الحيض من #صحيح_مسلم رحمه الله 🎙️ لفضيلة الشيخ…,0,human,test,ar,15,ajgt,0
💐جيتك أصبح قبل ما يطلع النور 💐 ❤️يسعد صباحك بالمسرة والافراح❤️ 🌹هيا تبسم ورد الأشوااق منثور🌹 💌عطر صباحي بالتغاري…,0,human,train,ar,19,ajgt,0
فتحي حسابك 😏,0,human,train,ar,3,ajgt,0
فيني دنيا ما تبي إلا أنت وفيني عالم مايبي غير قربك 💙 #حكاية_شعر #ياترا_تقرا,0,human,train,ar,14,ajgt,0
قلبي تعب من الحلوين 😔,0,human,test,ar,5,ajgt,0
😀اتحداكم تعرفون اسمه الحقيقي 😉,0,human,train,ar,5,ajgt,0
هنا القاهرة الجميلة الساحرة الساهرة السامرة المنيرة الصابرة النيرة الباهرة الأسرة العاطرة الطيبة الفاتنة 😍,0,human,train,ar,15,ajgt,0
الله يرحمة كان راجل سابق عصرة ✋,0,human,train,ar,7,ajgt,0
اكو بعض الأصدقاء مخلي صورة مترمز الجنسة ذكر أو أنثى وأسمة كذالك ممفهوم ولمن تجي ترد عليه تحتار شنو تكتب. على سبيل…,0,human,test,ar,22,ajgt,0
كلما ساورتك المخاوف من الحياة تذكر ﴿وتوكل على الحي الذي لا يموت﴾ ربك حي قيوم فاطمئن واهدأ واعل…,0,human,train,ar,18,ajgt,0
معلومة : النصر في الدور الاول امام الاتحاد لعب ب : راموس العاهة برونو باسوإ ايامه عوض خميس ظهير ايسر يحيى الش…,0,human,train,ar,22,ajgt,0
"🕊🕊 💥 "" لو كنت أضن إن كل الطيور تهاجر إليك💥 🕊🕊 لكنت كتبت على كل ريشة أشتقت إليك. 💥🕊💥 """,0,human,test,ar,21,ajgt,0
بنتي الموهوبة مش راضيه تنزل الكافر بتاعها فانا قررت انزله غصب و bless your ears 💖,0,human,test,ar,16,ajgt,0
يالربع شكل اليوم مافيه نوم 😂,0,human,test,ar,6,ajgt,0
ناس طيبين اوي اوي .. ليه فضحوني بس 🙈,0,human,train,ar,9,ajgt,0
والله الثلاثة اتفه من بعض العروس كريهة شو يعني لو الام ركبت و العريس دراما حبتين طلقها عشي تافه و الام نشبة و لزقة…,0,human,train,ar,24,ajgt,0
ليه كذا سوني بهذا المبلغ 🙁,0,human,train,ar,6,ajgt,0
❥ ⇓⇓ ⇓⇓ 💔 ⇓⇓ ⇓⇓ ❥ *👍الحقيقه والواقع👍* _*الجاهل ليس من يجهل القراءة والكتابة ، ا…,0,human,test,ar,17,ajgt,0
أفضل القلوب : ❤ قلب لايغيب عنه الصدق وأفضل الناس : شخص لاينساك لأنه يحبك في الله وأفضل الأيام : يو…,0,human,train,ar,21,ajgt,0
اه منك يا غالى بتمشي في خيالى وديما فى بالى ومش بتروح ♥,0,human,test,ar,13,ajgt,0
لو بتحسن تفشخ اكتر كان اخدت التالت كمان .. بس رجليها مابوصلوا عمهل لتكبر شوي 😂,0,human,train,ar,16,ajgt,0
صباح الدوام 💔,0,human,train,ar,3,ajgt,0
#رساله_لمن_فقدته عندما ترمي التراب فوق من تحب بعد ان يغادر الحياه ستدرك حينها ان الدنيا تافهه جدا والبقاء فيها لن ي…,0,human,train,ar,21,ajgt,0
علشان برشلونه هتلعب في نفس اليوم 😏,0,human,train,ar,7,ajgt,0
💥 شفتو فائدة التفتيش كيف !! الاسحلة دي اتقبضت من الناس الداخلين على الاعتصام .. من امنجية .. لي مخربين . رتوت .…,0,human,train,ar,23,ajgt,0
4.19 || 🥰 ردودكم تمدني بالقوة 💪🏻✨ أنتم لطيفين جدا ♥️ -N ✨,0,human,test,ar,13,ajgt,0
.. 🌹 أغلبنا يقول لأولاده أريدك مهندسا أو دكتورا أو أو !! من منا قال : أريدك مباركا أينما كنت ! اسألو الله…,0,human,train,ar,23,ajgt,0
يسعدلي قلبك 🌹,0,human,train,ar,3,ajgt,0
حسب قناة اانهار تم الحصول علي هذه الاسلحة في ساحة اودان 😱,0,human,train,ar,12,ajgt,0
🙈 متأسفين يعني بس هو فعلا الشعور محبط بجد,0,human,train,ar,9,ajgt,0
اذا شخص صارحة ان يحبك ، شنو ردة فعلك ؟ — 🤐,0,human,train,ar,12,ajgt,0
اصلا ما عجبتني الجزمة ما كنت مقتنع فيها 💔,0,human,train,ar,9,ajgt,0
صباح النوم والراحة ونعيم الاجازة 😎,0,human,train,ar,6,ajgt,0
اللهم امين 💔,0,human,test,ar,3,ajgt,0
و هو نظرة ال هو باينها هتبقي جوازه منيله😂,0,human,train,ar,9,ajgt,0
'ما ألح عبدا على الله فيحاجة إلا و قضاها له ' .. سیستجیب 💙,0,human,train,ar,14,ajgt,0
يارب إني أحببته كحب نفسي ، يارب فاحفظه لي ولا تريني مكروها فيه 💛,0,human,test,ar,14,ajgt,0
╗══ೋ 🌺 ೋ══╔ اللهم أجعل دراستي و أختباراتي كغيمة سريعة ، هاطلة مبشرة ﻻمهلكة،سهلة لا عسرة يارب اللهم سهل لي ما…,0,human,train,ar,21,ajgt,0
سنوات!! 😮 والله الايام تركض 😲 و فعلا كانت حلقة أسطورية 💔,0,human,train,ar,12,ajgt,0
يعلم الله انه وراي يوم متعب وشغل ومشاوير لكن اللي قاعدة أقراه وأشوفه طير النوم من عيني عجزت أغمض من التفكير .. بلد…,0,human,train,ar,23,ajgt,0
"جمهورنا : المتبعثر المكسور ! ياما : عطا .. ولا أخذ : حاجة ! ' ياما : وفا .. ولا عليه "" قصور "" ياما انجرح .. ولا لق…",0,human,train,ar,29,ajgt,0
༺♛#ترحيب_إداري♛༻ ┈┉┅━❀❀━┅┉┈━┅┉┈ ♛#حيااك الله إ ♛ #ملك الرتويت ❋ ترحب ب بالضيوف كوكبة…,0,human,train,ar,13,ajgt,0
، ياخي ليش اللي يفز لهہ القلب .. ثقيل 😴,0,human,train,ar,10,ajgt,0
جعلكم ماتصدقون 😐,0,human,train,ar,3,ajgt,0
على الفطرة السليمه.. الله يعطيه الصحة والعافية 😂 سكر الطبلون .. واللحق على الباب لا يقفله,0,human,train,ar,16,ajgt,0
الاتي تاج راسي,0,human,train,ar,3,ajgt,0
صورة لتبديل الشفت الصباحي والمسائي 😂,0,human,train,ar,6,ajgt,0
كثر الله خيرك ❤,0,human,train,ar,4,ajgt,0
🌹صباح الخير والنور والياسمين يوم موافق انشأ الله🌹 🌹 الله يقبل صلاتكي 🌹,0,human,train,ar,13,ajgt,0
قمة ايه بس اللي ابصلها 😒 القمة دي بتاع العيال التوتو😄🤟.. انا ببعد بخيالي الي مابعد القمة بكتير😌😎,0,human,train,ar,18,ajgt,0
واضح ان هذا جوك 😂,0,human,train,ar,5,ajgt,0
غبوش والغنجات 😂😂,0,human,train,ar,3,ajgt,0
طلاق عروس في يوم زفافها بسبب رفضها ركوب ام العريس في سيارة الزفة 😐 والله اني بعتبر هالعريس بطل,0,human,test,ar,19,ajgt,0
📌 قال الشيخ ابن عثيمين -رحمه الله-: ➠ الذي لا يقبل الحق إلا إذا وافق هواه، ويرده إذا خالف هواه، هذا مطفف، وهو أعظم…,0,human,test,ar,24,ajgt,0
""" اللهم عليك متوكلين وبك نظن الظن الجميل، يارب قدرا جميلا وخيرا يتبعه الرضا، ربي نعتمد عليك وبك نستعين، رب أرز…",0,human,train,ar,21,ajgt,0
مش انت مش انت 😑,0,human,train,ar,5,ajgt,0
مشكلة لما اعز اخوياك يتزوج تتحول لانسان فاضي 😥,0,human,test,ar,9,ajgt,0
صباح الخير 💙 احنا جايين هنا عشان نتعلم مش نتألم لو فهمنا الفرق ساعتها الدنيا هاتمشي..💙👌,0,human,train,ar,16,ajgt,0
--⚜️💭⚜️-- 🌟الامير: طايش🌟 💐اᓚ۶ᒧggȷɹ̣ᓄᓚᓅɺ💐 💥💥50k💥💥 ⚡️شاهدين لك بالخير⚡️ 💥💥فالك المليون💥💥 ♡⌒✰‿✰⌒♡…,0,human,test,ar,11,ajgt,0
قولت له : لماذا أحببتني ؟ فابتسم و قال لي : أما والله أني كنت للحب كارها ولكنني إبتليت بك بلاء جميلا ، ف الله أراد ، والقلب أطاع 😍,0,human,test,ar,30,ajgt,0
مساء النور ، شغل احساسك 😔,0,human,train,ar,6,ajgt,0
💡 هاشتاق أداء بلاك بينك في كوتشيلا في المركز الرابع حول العالم - ابريل ، #BLACKPINKXCOACHELLA_D1,0,human,train,ar,16,ajgt,0
يا بائعا في أرض طيبة عنبرا.. بجوار أحمد من يبيع العنبرا.. : إن الصلاة على النبي محمد.. يشدوا بها…,0,human,train,ar,19,ajgt,0
صباح الجوع 💔,0,human,train,ar,3,ajgt,0
╗══ೋ 🌺 ೋ══╔ اللهم صل وسلم على نبينا محمد #يوم_الجمعة #بدور🌺🅱️ ⠀ ⠀ ⠀ ⠀ ┈┉┅━❀❀🌺❥🅱️,0,human,train,ar,16,ajgt,0
السلام عليكم ورحمة الله وبركاته.. اللهم أعطنا نورا في القلب وضياءا في الوجه وسعة في الرزق ومحبة في قلوب الناس…,0,human,train,ar,20,ajgt,0
اموت واعرف مين هيجيب الجون السادس 🤔,0,human,train,ar,7,ajgt,0
ױ ♥♬ ​بطلت أحاول أرسم ل روحي .. أمل وبطلت أقلب في كتاب .. الأمنياة وإللي يدور على الأج…,0,human,train,ar,19,ajgt,0
عمري ابي سالب رجولي نحيف يكون عنده مكاان💤 زاير لطايف تعال بمواصفاتك 😴 #سالب_الطايف #موجب_الطايف #مبادل_الطايف,0,human,train,ar,16,ajgt,0
اعتقد انه لكل شخص معجزه تحدث لحياته و تغيرها للأفضل مهما كانت بسيطه بنسبه للاخرين فهي نعمه تستحق الحمد .. تمعن في حياتك وتأمل معجزتك 💕,0,human,test,ar,26,ajgt,0
هلا بك يانسم روحي يالبيه في قلب مااعترف بالحب من قبلك وش حيله في القلب محبتك تمليه في شخص من غلاتك صار يشبهلك 💗,0,human,test,ar,24,ajgt,0
:40 الوضع امان الحمدلله .. ماف انباء عن اصابات لحدي اللحظة 🚨 🔴 الحصل انو في كجر مندس ضرب رصاص بالتزامن مع قناص ق…,0,human,train,ar,24,ajgt,0
📹 بلاك بينك يستفتحن الأداء في كوتشيلا بددو دو ددو دو - ابريل ، #BLACKPINKXCOACHELLA_D1,0,human,train,ar,15,ajgt,0
جبر خاطر 💕,0,human,test,ar,3,ajgt,0
اي اي ؟ 😍,0,human,test,ar,4,ajgt,0
. . اللهم اسعدنا في أبسط تفاصيل حياتنا وارزقنا أجمل مما نتمنى وأكثر مما نتوقع وافضل مما ندعو وقرب لنا الخير حيث ك…,0,human,train,ar,23,ajgt,0
ٲليس من العيب ان تحفظ كل الأغاني .. وتكرر نفس السورة في كل صلاة .. 💔,0,human,train,ar,16,ajgt,0
💓🎼🕊 اشتاقلك في غيابك وين م كنت وابقى احبك لو ديارك بعيده 💕,0,human,train,ar,13,ajgt,0
جررح تااني هو ألبي لسى طاب من الأولاني 🎶,0,human,train,ar,9,ajgt,0
الواحد مو بس يجيه النوم لما يذاكر الا تجيه نومة أهل الكهف 😴,0,human,train,ar,13,ajgt,0
انا م ادري انا ارد بناءا على وصفها وكلامها 🙈,0,human,train,ar,10,ajgt,0
يا حظ حقون المسابقات ومشاهير تويتر .. دايم الناس تسلك لهم وتضحك على سوالفهم البيض 😂 الله يصبركم علينا 😂😂,0,human,train,ar,20,ajgt,0
"""إلا من أتيٰ الله بقلب سليم"" اللهم قلبا سليما قلبا مليئا بالطمأنينة والسلام 💜 #سعاد_تك",0,human,test,ar,15,ajgt,0
🌺كلين 💪🏼 للتنحيف 🎀 والرشاقة💪🏼 متاابعة دورية خلال مدة الكوورس 🌻 مع خبراء تغذية 🌸 ✨رشاقة✨ 🌟 حي…,0,human,train,ar,18,ajgt,0
استغفر الله العظيم واتوب اليه 🌻,0,human,train,ar,6,ajgt,0
"وإذا القلوب توكلت ما ضرها عسر الحياة ، وربها يكفيها "" 🍃 #يارب",0,human,train,ar,13,ajgt,0
أنا على تأكد تام ، انو اشباهي الأربعين تقاسمو الحظ والنقود ، ورحلو 😭,0,human,train,ar,14,ajgt,0
هنآگ بشر ♡ تعجبني طيبة قلوببھم گل مآ ٺحدثٺ آليهم .. آشعر بآني آحبھم بلآ سبب♡,0,human,test,ar,16,ajgt,0
كده مظبوطين سطر واحد 😂,0,human,train,ar,5,ajgt,0
البرلمان_اليمني الحضور فوق المتوقع .. ارجو عدم الوقوع في فخ القوائم المسربة تريثوا إلى الغد .. وغدا سيحضر الكثير…,0,human,test,ar,19,ajgt,0
حرفيا مخي أجز :),0,human,train,ar,4,ajgt,0
لست تدري لم احرقوا الباب ** بالنار أرادوا اطفاء ذاك النور لست تدري ما صدر فاطم ما ** المسمار…,0,human,train,ar,19,ajgt,0
عندما تكون تستمع و تفهم وضع احدهم و مواقفهم ،يكون بداخلك انهم سوفى يستمعون لك او يتفهمو موقفك ما الذي حصل لك في ذيك…,0,human,train,ar,24,ajgt,0
أستغفر الله العظيم وأتوب إليه. هنيئا للمستغفرين. لا شيء يعادل النية ال…,0,human,train,ar,12,ajgt,0
اسأل الله القادر المقتدر الذى فجر الماء من الحجر وجعل في الآفاق آيات✨ وعبر ✨ ✨ أن يمن عليكم بعافية ما بعدها ضرر و…,0,human,test,ar,24,ajgt,0
واضحه ما تبيني 🌚,0,human,train,ar,4,ajgt,0
يا من تحب ♡ محمدا ﷺ أعليه ♡ تبخل بالصلاة !!؟ مقياس حبك ♡ ذكره حتى♡ تفيض بهالشفاه يا رب صل على♡ الذي رد ♡…,0,human,test,ar,25,ajgt,0
سبحانك اللهم وبحمدك واشهد ان لا اله الا انت استغفرك واتوب اليك #خرووج تصبحون ع م تمنوون 😴,0,human,train,ar,18,ajgt,0
اللهم بك أصبحنا ❤,0,human,train,ar,4,ajgt,0
صباح الخير .. ياللي تحبون الاتحاد 😍,0,human,train,ar,7,ajgt,0
الحمدلله خفت صور الثقب مدري الزرف الاسود الي ما اعرف شنو حصلته منه 😑 همه ناس يردون يثبتون الكون تكون بالصدفة وهسه ي…,0,human,train,ar,23,ajgt,0
#الهلال_الاهلي #حسين_عبدالغني سبق وان تكررت له لحالات مماثلة من داخل المستطيل الاخضر واليوم كاد ان يتسبب في اصابه…,0,human,test,ar,18,ajgt,0
📬#رسالة :لكل مريض ، مهموم ، حزين، فقير ،يتيم، و.. #وقفة #تدبر قل يا عباد الذين آمنوا اتقوا ربك…,0,human,test,ar,19,ajgt,0
ده اللي لما كنا نشوف اسمه ف التشكيل كنا بنقول هنكسب كام مش هنكسب ولا لا… ده اللي اتحرم من حضور حفل قرعة امم افريقي…,0,human,test,ar,25,ajgt,0
دموعي وقفي 😭 #BEAUTIFULGOODBYE1STWIN,0,human,train,ar,4,ajgt,0
خطيبة الديوث عايز رايكم 😍,0,human,train,ar,5,ajgt,0
#شكرا_لتفاعلك_وتميزك 🌺🌸🦋 🌺🌸🦋 🔝⭐🔝⭐🔝⭐🔝 🎆🎆⚡اناقه🍃 🎆🎆⚡تميز🍃 🎆🎆⚡روعه🍃 🎆🎆⚡إبداع🍃 🎆🎆⚡تألق🍃 🎆⚡ذوق🍃 💞 ⚡⚡ 🌟🌟…,0,human,train,ar,13,ajgt,0
شهالحلقة اللي من بدايتها لنهايتها أبكي 💔,0,human,test,ar,7,ajgt,0
😐 ما حد يقدر يتهنى بإجازته بروحه لازم حد يزاحمه 💔,0,human,test,ar,11,ajgt,0
البنت حتى لو زعلتها و هي بالمول تقولك يله باي بنام 😂,0,human,train,ar,12,ajgt,0
لن أنسى تلك الغصة ، تلك الصدمة ، تلك ساعة الوداع التي مرت گ ثانية ، لن انسى ذكراهم أبدا .. 💔 _گم…,0,human,train,ar,23,ajgt,0
لي فتره م لعبت كوره وامس العصر كله لعبت ؛ والحين احلى مشيه زومبي 💔,0,human,train,ar,15,ajgt,0
هه من وين هالصورة 😳 صباح الورد جوري🌷,0,human,train,ar,8,ajgt,0
سؤال للبنات : لو لقيتي زوجك مع فتاه وفي يدك مسدس فيه رصاصة واحده مين راح تقتلين .. زوجك او البنت ؟ 🤔 ومعنا أول مجرمه .ونقول ألوو 😃😂,0,human,train,ar,29,ajgt,0
#محمد_عبده_جلسه_الرياض هل أنت ب حاجه إلى رتويت حقيقي ✴️ وبشكل يومي لتغريداتك؟! 🔃 📍 أكثر من رتويت للتغريده ا…,0,human,train,ar,19,ajgt,0
البليهي أختصر مشاعر جمهور #الهلال تجاه عبدالله المعيوف ، شكرا من الأعماق 💙 !,0,human,train,ar,14,ajgt,0
تنام من بدري👈👈 انت فرخة تسهرطوول الليل👈 انت كلب تغلط ف حاجة👈 انت حمار تنسى شئ👈 انت ثور تحب👈 انت برص يعني 👈👈…,0,human,train,ar,23,ajgt,0
ترى رميته و هو جديد القهر انه غالي سعره سعر قراندي هوت وايت موكا دبل شت 😔,0,human,train,ar,17,ajgt,0
#محمد_عبده_جلسه_الرياض هل أنت ب حاجه إلى رتويت حقيقي ✴️ وبشكل يومي لتغريداتك؟! 🔃 📍 أكثر من رتويت للتغريده ا…,0,human,train,ar,19,ajgt,0
بمووت ابي اعرفف 😭,0,human,train,ar,4,ajgt,0
مبرووك ي رجاله❤🌸,0,human,train,ar,3,ajgt,0
#الغانم_العيسى_للمقاولات #دمشق_الرياض #جدة 💚تنفيذ المظلات 💚المشبات 💚الشويات 💚الافران 💚 هناجر 💚مستودعات 💚ترميمات…,0,human,train,ar,12,ajgt,0
#منبر_فلسطين هل تعلم ان أزعاج النائم اثناء نومه 😴 يؤدي الى استيقاضه 😌 معلومة جدا خطيرة 👌😯,0,human,train,ar,17,ajgt,0
متحسبوهاش ، ربنا حساباته احلى .. 💙,0,human,train,ar,7,ajgt,0
استغفر الله العظيم وأتوب إليه,0,human,train,ar,5,ajgt,0
علمتني الحياة أن أقابل الخير بالخير، وأن أقابل الشر بالخير، وأن أقابل الإحسان بالإحسان، وأقابل الإساءة بالإحسان. 🌷…,0,human,train,ar,18,ajgt,0
أيها الصمت إما أن تصرخ أو أرحل ك الهواء ،، لا يعقل أن تختبئي فقط ل تؤلمني .. 💔,0,human,train,ar,19,ajgt,0
شايف ان عندك energy زياده الايام دي و جايه تطلعيها هنا 🤔,0,human,train,ar,12,ajgt,0
#الله🤲🏻💘م إرزقنا عفوك وعافيتك ومغفرتك ورضاك ورحمتك ورزقك وشفاك وغناك وتوفيقك وحفظك وتيسيرك وسترك وكر…,0,human,train,ar,15,ajgt,0
ردة فعل لينا اختي لما صحت وشافت ميك اب امي وهي طالعه 😂,0,human,train,ar,13,ajgt,0
- في لحظة غضب .. ♡ قالت له : خذ ما تشاء وارحل عني فأمسك بيدها ، وقال لها : هيا ♡،،,0,human,train,ar,22,ajgt,0
بيوحشني اروح عشان حضن آدم وكرمه والله 💜,0,human,train,ar,8,ajgt,0
اعووذ بالله زمن صار عندهم الليز شيء عادي 🙂 ياربي لا تغضب علينا💔,0,human,train,ar,13,ajgt,0
👤 قال:ليش ماتكتب عن اجتماع النواب الخونة في سيئون ..؟!‼ قلت: ياسيد الناس ماكتبتش عن اجتماع مجلس الامن الدولي ضد الي…,0,human,train,ar,21,ajgt,0
مهم جدا انك تتأقلم مع الظروف المحيطة بيك 👌,0,human,train,ar,9,ajgt,0
نريد الاثنين بعد 😔,0,human,train,ar,4,ajgt,0
#اخدود_الفيض٢ #منخفض_الفيض ليش تعليق دراسه اتى قبل نزول الامطار !؟ ع الاقل شوفو الوضع لحد الليل 😐,0,human,train,ar,17,ajgt,0
#زلزل_الملعب_نصرنا_بيلعب بكره موعدنا الدره ي عالميين الهمه الهمه ي جمهور الوفاء وفالنا الفوز بإذن الله 💛 💙 💛 💙 💛 ن…,0,human,train,ar,21,ajgt,0
_نفسك ف ايه -مكان فاضي مفيهوش حد -افضل اصرخ من غير م حد يكون سامعني -اصرخ بكل قوتي 💔,0,human,train,ar,19,ajgt,0
الشيء الوحيد الذي وصلوا فيه للعالمية هو : المسيار ..! . ترى كانوا يشجعون ريال مدريد ضد النصر 🤣,0,human,train,ar,19,ajgt,0
#السعاده_دايما_هي قرب رمضان 💚,0,human,train,ar,4,ajgt,0
الشيء الوحيد الذي وصلوا فيه للعالمية هو : المسيار ..! . ترى كانوا يشجعون ريال مدريد ضد النصر 🤣,0,human,train,ar,19,ajgt,0
إنما الدنيا شقاء وهم فكم نسعى لها وكم وكم فكل الحياة شقاء بسم تسقيك كاس العناء وألم #صباح_الخير 🥀,0,human,train,ar,19,ajgt,0
يمكن البن مغشوش 😓,0,human,train,ar,4,ajgt,0
#ساعه_استجابه اللهم لا تحرمنا سعة رحمتك ، وسبوغ نعمتك ، وشمول عافيتك ، وجزيل عطائك ، أنت الحليم فلا تعجل ، وأنت ال…,0,human,test,ar,23,ajgt,0
Hehe 😆 جزاك الله خيرا 🌈,0,human,train,ar,6,ajgt,0
هو من حيث إنقلاب فهو إنقلاب عسكري فعلا لكن بغرض الإلتفاف على ثورة الشعب السوداني الحر والإنقضاض ع…,0,human,train,ar,18,ajgt,0
ظاهرة بقت متكررة وسخيفة.. عندنا ف المدارس المدرسين الأخوة الأفاضل.. يتركوا الحصص ويروحوا…,0,human,train,ar,13,ajgt,0
إنه الضجر يا سادة 😐,0,human,train,ar,5,ajgt,0
علماء الأحياء ماكانوا يعرفوا ايش وظيفة الزائدة الدودية، فهل حتتوقع لو صنعوا الجسم المثالي قبل اكتشاف وظي…,0,human,train,ar,17,ajgt,0
السلام عليكم لا يتواضع .. الا من كان واثقا من بنفسه ولا يتكبر .. الا من كان عالما بنقصة اللهم 🍃 اجعلنا ممن ت…,0,human,train,ar,24,ajgt,0
عندما كان الهاتف ☎️ مربوطا بسلك . . كان البشر أكثر حرية 😔 #سہااڕۿ,0,human,test,ar,14,ajgt,0
اقوى فيديو محارم لشاب واخته اوضاع كثيره واهات: اغتصاب سحاقيات بوث قحبة دياثه 😛 إبريل :31:28 ص,0,human,train,ar,17,ajgt,0
قد يؤلم قلبي ما تراه عاديا 💔,0,human,test,ar,7,ajgt,0
عرفتك صدفه وفيك حبيت الصدف وحبيت الحياه 💜,0,human,train,ar,8,ajgt,0
اي احد عادي. بشرط تكوت البطارية مخلصة وطافي 🙈,0,human,train,ar,9,ajgt,0
اللهم اني استودعتك كل مافيني نفسي، فرحتي ، مستقبلي ، و قلبي ف يارب بشرني بما اتمنى و أحب. . __تصبحون ع خير 😴,0,human,train,ar,24,ajgt,0
اوهه ماايي قادد,0,human,train,ar,3,ajgt,0
هكذا استقبل أهالي القلمون الرئيس الحريري بنثر الورود وماء الزهر ❤,0,human,test,ar,11,ajgt,0
عيون تجبر الخاطر 😌,0,human,test,ar,4,ajgt,0
صباحيات جميلة كغيومها☁.. ونسماتها الباردة ربي أشرح صدورنا ويسر أمورنا 🌿 وأرزقنا البركة في كل شي 🌸,0,human,train,ar,17,ajgt,0
عيب لما تبقي فخر التجريبيه وتغلط فيها يعني 😂,0,human,train,ar,9,ajgt,0
لما وحده أكرهها تصور على أغنيه احبها 😭,0,human,train,ar,8,ajgt,0
واقعه بغرام الاغاني الهنديه واحس لا يا انا تكفين :(,0,human,test,ar,10,ajgt,0
ابيكم تدعون لي صدق صدق بروح وكابرجع الا لما اخلص مذاكرة 😔,0,human,test,ar,12,ajgt,0
ترى الفاگد عزيز يقشمر بروحه . شيدوايهن چذب ميطيبن جروحه.. 💔,0,human,train,ar,11,ajgt,0
ام العريس داقت عينها على سيارة العرسان العروس مشيها يعني و بعدبن بتشلي املهم الجوز و العريس واضح انه عقله جوزة بجمل,0,human,train,ar,22,ajgt,0
انشالله يموت وترتاح العالم من فتنته وشره بس والله مادري كيف يقابل ربه وكل هالاجيال بذمته 😎,0,human,train,ar,17,ajgt,0
مجاراة لتغريدك باالشيله الرائعه وماقول غير مشاء الله عليك تعديتي مراحل الذوق والإبداع قمة التميز في كل تغر…,0,human,train,ar,18,ajgt,0
أصبحت سلوكيات من ضيع ثقافته ليحاول ان يكون ندا لثقافتنا عن طريق الترويج لثقافات اخرى معروفه ومعلومة للكل ، استوقفت…,0,human,test,ar,20,ajgt,0
باذن الله في رمضان سيكون اكبر اجتماع شرفي لنادي #الهلال وسيعود هذا الكيان لمحبينه 💙,0,human,train,ar,15,ajgt,0
أحد أهم أسباب الفوز ل #الهلال اليوم نجح في التصدي لأكثر من فرصة محققه ؛ المعيوف يقدم نفسه بأفضل آداء وجد الفرصة و…,0,human,test,ar,23,ajgt,0
"📹 "" هل أنتم مستعدون؟ "" - ابريل ،",0,human,test,ar,9,ajgt,0
مستحيل غير كذا 😔,0,human,train,ar,4,ajgt,0
قوتنا بعد الله دائما أنتم🌹💙 الف مبرووك 💙 الحمد لله و الشكر له 🙏,0,human,train,ar,14,ajgt,0
/4/12 - الاتحاد يتوج بطلا للدوري. /4/12 - الاتحاد مهدد بالهبوط. رأيت الدهر مختلفا يدور .. فلا حزنا يدو…,0,human,train,ar,19,ajgt,0
احنا ف البيت معندناش احترام % للنايم 💔,0,human,train,ar,8,ajgt,0
خار مشت نمونه خلوار,0,human,test,ar,4,ajgt,0
يسعد صباحك ابو تالا ومبروك فوز الزعيم ياخي اشوف العين هذي 👁️ بكثير من تغريداتك ترى مالمقصود؟ 🤔 يمكن جماعة 👌؟,0,human,train,ar,21,ajgt,0
كانت تبكي كل ليلة لتفرغ صدرها المحشو بالندوب ، وفي كل مرة تنصت لها النجوم قائلة لطالما اعتبرناك من عائلتنا 🖤 أتنطفئين الآن ؟! 💫,0,human,train,ar,25,ajgt,0
كلامه عادي .. كل الاطفال يسوون كذا 😒,0,human,train,ar,8,ajgt,0
وبقينا متغيرين في نظركم علشان مش ماشين علي مزاجكم ✋,0,human,train,ar,10,ajgt,0
تكتب اريد الاختفاء عن العالم 😳 وهي لو تقفل عليها باب الحمام جلست تبكي 🌚😂🥊🤣,0,human,train,ar,15,ajgt,0
وإن كتبت لي فرحه يآ الله فأقسمها بيني وبين من أحب ♡ يسعد صباحكم,0,human,train,ar,14,ajgt,0
احا انت بتبضن ليه ع الصبح كدة؟ عيل متناك 😑 — Go fuck yourself 🖤,0,human,train,ar,15,ajgt,0
اللهم اغفر لنا ذنوبا سترتها .. 😢 ماعلمها الناس انت علمتها 😢😢,0,human,train,ar,12,ajgt,0
📌 فيفا تركت الاتحادات والبطولات القارية وتركت القضايا الدولية وتركت مشكلة تنظيم كأس العالم وتنظيم كأس العالم للأندي…,0,human,train,ar,18,ajgt,0
يا صباح الدكاتره ع هالصبح 😔,0,human,train,ar,6,ajgt,0
4.19 || خبر يحقق الفيديو الموسيقي Boy with luv M مشاهدة في اليوتيوب خلال ساعة دقيقة تقريبا! 🔥🔥…,0,human,train,ar,18,ajgt,0
"- صباح ال 💛 "" كل بسمه من ورا وجهك خير 🕊'",0,human,train,ar,12,ajgt,0
جماهير الهلال تردد نشيد #الاتحاد بعد مباراه الاهلي بالجوهرة مساء يوم أمس 😃,0,human,train,ar,13,ajgt,0
متى الحلقة الجايه 🙂,0,human,train,ar,4,ajgt,0
صباح الرضا 💜 #الصديقية_الشاذلية,0,human,train,ar,4,ajgt,0
"جمهورنا : المتبعثر المكسور ! ياما : عطا .. ولا أخذ : حاجة ! ' ياما : وفا .. ولا عليه "" قصور "" ياما انجرح .. ولا لق…",0,human,train,ar,29,ajgt,0
🐶 هل أنت واثق بأنك لن تضحك؟ 🐻 نعم . 🐶 إذن حاول مشاهدته بدون ان تضحك حينها اعتقد بأني سأكون بخير . 🐻 كيف؟ انه بالفعل…,0,human,train,ar,27,ajgt,0
صباح النور 🌹 كيف اقدر اخدمك؟,0,human,train,ar,6,ajgt,0
ياليت اهل الوصف يتأنون في الحكم على الامطار ويكون بعد نهايتها اشوف مبالغات كثيره &lt; تاريخيه &gt; &lt;عنيفه جدا&gt; لاتطلق هال…,0,human,train,ar,21,ajgt,0
كلامك صح بس ايش نسوي 💔,0,human,train,ar,6,ajgt,0
معقولة الكلام الكبير هذا يطلع من ناصر القصبي 😳 إللي مايعرف يجمع كلمتين على بعض في أي مقابلة تلفزيونية وتخلص المقابل…,0,human,train,ar,21,ajgt,0
بكل مكان مو بس الاسواق 😊,0,human,train,ar,6,ajgt,0
عطوني عبارات لهدايا الاطفال وهدايا امهات الاطفال 😘,0,human,test,ar,8,ajgt,0
الحمدلله على نعمك التي لا تعد ولا تحصى 💛,0,human,train,ar,9,ajgt,0
"اي انجاز بستحق انو نفرح بيهو , لكننا في انتظار الفرح الحقيقي والاحتفال الاكبر , البتلخص في تحقيق كل مطالب وغايات ال…",0,human,train,ar,22,ajgt,0
يمارسون الكذب حتى لايكسروا لنا خاطر وهل اصبح الكذب جبرا للخواطر 🎀 #تووق,0,human,train,ar,13,ajgt,0
هففت ابي اشوف راكشنه الله ياخذ اس ام ايش ب يخسرون لو خلوه يكمل ترويج 😭,0,human,train,ar,16,ajgt,0
الله يسمع منك يا رب ولو صارت اعتقد بكون مدين لك 😂 صعبة والله جدا جدا وما اعتقد,0,human,test,ar,18,ajgt,0
الشر مايجيك ياعمري 💞 يسلمك ربي غاليتي 🌷🌷,0,human,train,ar,8,ajgt,0
"إذا تولاك الله , سخر لك كل شي , حتى وإن كان في نظرك مستحيلا "" اللهم تولني في من توليت"" ✨",0,human,test,ar,22,ajgt,0
حاضر ياعم حماده 😂,0,human,test,ar,4,ajgt,0
من تصويري 😊,0,human,train,ar,3,ajgt,0
الغبرة هي المؤذي الاعنف 😑,0,human,test,ar,5,ajgt,0
نيو فناني المفضل ايام المراهقه واحس 😭,0,human,train,ar,7,ajgt,0
🤲يارب جئتك مقبلا لا مدبرا🍃 أرجو رضاك كما رجوت المغفره 🌼 فأنا وإن أسلمت أمري للهوى🍃 روحي ستبقى دائما مستغفره 🌼…,0,human,test,ar,21,ajgt,0
اي والله تكفوون مانبغاا ترانزيت الغووه بالمره وخلوو اللي طلعو بهمتناا يجون واللي…,0,human,train,ar,13,ajgt,0
يوم الأحد على جميع طلبة الهندسية التواجد في تمام الساعة ال :30 لنشوف شبيهة سندس؛ اذا طلعت البنت بتشبه سندس؛ رح تعز…,0,human,train,ar,22,ajgt,0
مناظر خلفيات الشاشة ✨,0,human,train,ar,4,ajgt,0
في العين دمع إذا أخفيه، يخنقني.. شوق لأرواح من واراهم البين 💔 حتىٰ إذا بحت شعرا في رثائهم.. بكي…,0,human,train,ar,19,ajgt,0
#الهلال_الاهلي #حسين_عبدالغني سبق وان تكررت له لحالات مماثلة من داخل المستطيل الاخضر واليوم كاد ان يتسبب في اصابه…,0,human,test,ar,18,ajgt,0
الناس نامت وشهد توها تصحى 🙂,0,human,train,ar,6,ajgt,0
مآكسرني فرآق ولا ذبحني غيآب القهر لما آصفي نيتي وانصدم ! 💔,0,human,train,ar,12,ajgt,0
الله يضوقنا الفرحه دي احنا بنبكي من ورا التلفزيون بس 😭,0,human,train,ar,11,ajgt,0
صبرا جميلا و قلب فسيحا ، و رضا عميقا و نورا من نورك يا الله ✨,0,human,train,ar,16,ajgt,0
يالله يا بوفا 😪,0,human,test,ar,4,ajgt,0
✿↜ ﴿ وما كان ربك نسيا ﴾ من تعود على العطاء لا تعوقه انكسارات الزمن .. سيأتي اليوم الذي يدان لك جميلك أعط.. و…,0,human,train,ar,24,ajgt,0
متضحكش ع الناس.. هو مش شبهك اصلا 🤐,0,human,train,ar,8,ajgt,0
عند الثانية و النصف بعد منتصف الليل نهض من فراشة لأداء صلاة الليل ، توضأ ، مد سجادة الصلاة ثم سقط مغشيا عليه ، وف…,0,human,train,ar,25,ajgt,0
المقياس الأساسي للمحبة عندي هو إني ماهونش على اللي قدامى ✌,0,human,train,ar,11,ajgt,0
لا إله إلا أنت سبحانك إني كنت من الظالمين 🌹,0,human,train,ar,10,ajgt,0
اللهم اغفر لنا وارحمنا واعفو عنا وتجاوز عن سيئاتنا اللهم ثبتنا على طاعتك وحسن عبادتك اللهم اجعل الجنه اخر قرارنا ا…,0,human,train,ar,21,ajgt,0
اي والله بحفله تو افضى 😁,0,human,test,ar,6,ajgt,0
يا اخوانا و الله لسة مطالبنا ما أتحقق منها غير مطلب واحد .. عليكم الله الناس ما تتخاذل 💔,0,human,train,ar,19,ajgt,0
"جمهورنا : المتبعثر المكسور ! ياما : عطا .. ولا أخذ : حاجة ! ' ياما : وفا .. ولا عليه "" قصور "" ياما انجرح .. ولا لق…",0,human,train,ar,29,ajgt,0
صار ودي بباسكن روبنز اشتهيته :(,0,human,train,ar,6,ajgt,0
🥀 عندما يحترق داخلك سيفوح الدخان في الأفق وسيبدو التخبط واضحا.. رفقا بروحك.. 😉 💙,0,human,train,ar,15,ajgt,0
كلمت هذيك عن اسمها ؟ 😭,0,human,train,ar,6,ajgt,0
⠀ ⠀ ⠀ ⠀ كذبت لآقلت خوته تسآوي ملآيين صآحبي ذآ وش يجي المليون صوبه. 😴,0,human,test,ar,16,ajgt,0
الساده العالم العربى 😎 احنا الشعب النايم الكسول اول شعب افريقى نوبى عربى طلع طالب برحيل نظام ورئيس اول شعب خلع…,0,human,train,ar,21,ajgt,0
بس حبيبي لا تطول 🎶,0,human,test,ar,5,ajgt,0
- ابتسم لأن الحياة لا تستحق ذلڪ.⇡ 💙,0,human,train,ar,8,ajgt,0
عادي خلها تقتبس 💌 اش علينا منها ذي 😏 اهم شي حبيبي عاملي حظر اشتقتله😍😍,0,human,train,ar,15,ajgt,0
السحب الليلة على الايفون .. رتويت للمرفقة وطبق الشروط 👇,0,human,train,ar,10,ajgt,0
آمين صباحك رضا 🌹,0,human,train,ar,4,ajgt,0
⛔ هذا أخبث قول للمرجئة . السنة للخلال .,0,human,train,ar,9,ajgt,0
ما يفيد الحين 😏,0,human,train,ar,4,ajgt,0
لان ليفربول سنوات في اليوربا ليغ هذا غير المرات اللي احتلوا فيها المركز الثامن والتاسع وصار الفريق بدون مشاركات…,0,human,train,ar,19,ajgt,0
#إقترب_زفاف_ جميلتي أشهر قليله وستزف اجمل والطف بنوته مبروكك لكك ياقرة العين 💍💐 ربي تمم فرحتها وأسعدها مدى الدهر من…,0,human,train,ar,20,ajgt,0
تم اووي 😍,0,human,train,ar,3,ajgt,0
الله البحر 😣,0,human,train,ar,3,ajgt,0
"كن لنفسك كل شىء ,, ❤",0,human,train,ar,6,ajgt,0
#الاتحاد_النصر لاتحسبونا نسينا يالطواقي ولانبيكم توقفون معنا ماحنا بحاجت جماهير مسيار في يوم من الايام شجعت الكوري…,0,human,train,ar,17,ajgt,0
عيونكم على السودان وانا عيوني على لبنان 😎,0,human,train,ar,8,ajgt,0
كل واحد ركب السيارة مع امو ورجع على بيتو 😂😂,0,human,train,ar,10,ajgt,0
بتمنى اخلص من هالشغلة 😓,0,human,test,ar,5,ajgt,0
بمناسبة فوز الهلال .. 💙 سحب على آيفون XR📱 رتويت وتابع - السحب بعد ساعة موثق بالفديو 💪,0,human,train,ar,18,ajgt,0
#الوتر_جنة_القلوب سبحانك آللهم و بحمدك أشهد أن لآ إله إلآ أنت أستغفرك و أتوب إليك #كفاره_المجلس 💭✨ .…,0,human,train,ar,18,ajgt,0
فليشهد الله أننا كنا أطيب من أن نؤذي أو نخون أونخيب ثقة ، لكننا لم ننل شيء و كل شيء نال منا 💔,0,human,test,ar,23,ajgt,0
انا كنت اكل الصحن بكبره 😐,0,human,train,ar,6,ajgt,0
انزين تعليق نفي توضيح أي شي 🤔,0,human,test,ar,7,ajgt,0
وأقسم بمن أحل القسم بأن الهلال والهلاليين وصل بهم الدلع والفساد والدعم لدرجه أنهم أصبحوا مثل الاطف…,0,human,train,ar,17,ajgt,0
"""الله يرد خطاك لدروب خلانك 🥀 لعيون ماتنساك لو طال هجرانك",0,human,test,ar,11,ajgt,0
♥ إستمع و دع العالم على رف عتيق…💭 #طيب_اثرك #ومضه_حرف #حروف_بعطر_المسك,0,human,train,ar,11,ajgt,0
وين فارسة احلامو يا جماعة 😂🤦🏼‍♀️🤦🏼‍♀️🤦🏼‍♀️,0,human,test,ar,6,ajgt,0
اللهم ارزقني فرحة تجدد الروح في حياتي 🌸,0,human,train,ar,8,ajgt,0
المفروض يكون ف حساب واحد ع كل موبايل يا تويتر يافيس. واللي عندو فيس مينزلش تويتر 😏,0,human,train,ar,17,ajgt,0
صباح الفل .جميلة أوي وكلها عمق 😂,0,human,train,ar,7,ajgt,0
هل يمكنك تخمين شعار إنفينيتي في الجملة في هذه الصورة؟ 🤔 #INFINITIME,0,human,train,ar,12,ajgt,0
مافهمت غير الجمال جمال جمال واضح اني متجنسه 😣,0,human,test,ar,9,ajgt,0
💫وهاتلي صبر من أيوب.. وهاتلي حگمه من لقمان 💫وهاتلي گمان طريق للبر.. وخير يحاوطني وقت الشر 💫ويارب وسط الناس استرني .…,0,human,train,ar,21,ajgt,0
هو انا الوحيدة اللي شايفة انهم مش شبه بعض اصلا! 🤔,0,human,train,ar,11,ajgt,0
*هذا هو الهلال إذن بكل بساطة : إنتظار هدايا من الحكم أو من الحظ : طرد لاعب الأهلي والتغافل عم طرد البريك اللي يستاه…,0,human,test,ar,24,ajgt,0
الوضع لايطاق ونسونا 💔,0,human,train,ar,4,ajgt,0
اللهم آمين يارب 🙏,0,human,train,ar,4,ajgt,0
بس النسوان يركبو مقلة حدا، بس الله بيخلصو من لسانهم 🤦🏻‍♂️ 😣,0,human,test,ar,12,ajgt,0
"♥️🎁 مسابقة 🎁♥️ ""_ الشروط فقط 👌_"" ( متابعة + ريتويت ) 🎁وتدخل السحب 🎁 🌹 بالتوفيق للجميع 🌹 ⏰السحب بعد يومين ⏰",0,human,train,ar,23,ajgt,0
من مباراة #الهلال_الاهلي والتي أنتهت بفوز الزعيم برباعية .. بإذن الله يتكرر السيناريو لزعيم 💙 💪,0,human,test,ar,16,ajgt,0
اصلا عادي 💔,0,human,train,ar,3,ajgt,0
. . #متي_تزين_دنياك اللهم سندا لا يمل ولا يميل ولا يهمل ولا يغيب ولا يخون ولا يذهب ولا يكل .. .. حتى ال…,0,human,test,ar,23,ajgt,0
😂😂 اي بالله. مشكلة عويصة الصمون بس اللفة مالتك بيها نقص بالكص اشو عبالك سامبل مال كص 😁,0,human,train,ar,18,ajgt,0
قوتنا بعد الله دائما أنتم🌹💙 الف مبرووك 💙 الحمد لله و الشكر له 🙏,0,human,test,ar,14,ajgt,0
ها دجله😒 شنهو الصار حيل اختلفتي 😥 مو انتي ام الخير معقوله جعتي🤚 . . #غرق_العباره_في_الموصل #عطوره💕 #شوشو💕…,0,human,test,ar,18,ajgt,0
☀ إشراقة صباحية ☀ 📖📝الثلاثاء - - كن طيفا جميلا ؛ حين تعبر طرقات القلوب ،، تجعلها تبتسم وتدعو لك بالخير.. #صباح_الخير ❤,0,human,train,ar,23,ajgt,0
ادعوا لياسين ربنا يشفيه هو محتاج كل دعوه دلوقتي وهتفرق معاه فضلا وليس أمرا ❤ اللهم اشفي اجساد تتألم ولا يعلم بحالها…,0,human,test,ar,22,ajgt,0
#وش_تعلمت_من_الدنياء مدري عطتني كف وللحين راسي يرج 🌚,0,human,train,ar,8,ajgt,0
الله يرحم بابا يارب و الله اشتقت له 😔 #المقدم_عبدالرزاق_الملحم #مطر #ساعة_إجابة,0,human,train,ar,12,ajgt,0
وانا صغيره كنت بفتكره ( دود) 🐛,0,human,train,ar,7,ajgt,0
_ 🔴 عسل المجرى للمتزوجين 🔴 ✔ أفضل المقويات الجنسية ✔ ✔ بمكونات طبيعية [ % ] ✔…,0,human,train,ar,18,ajgt,0
فعلا ظلمت ابو عمرر 😎,0,human,test,ar,5,ajgt,0
وجهك فلتر حبيبتي ما تحتاجين فلتر 😭,0,human,train,ar,7,ajgt,0
تخليش حد يقنعگ إنو هالبلد فش فيهآ أمل ! إنت مش صغير ، لآزم تعرف لحآلك 🐸,0,human,test,ar,17,ajgt,0
مراهقه بثانوى مع حبيبها تصوير خفى: توب خنيث اغتصاب نهود قحبة 😠 إبريل :52:34 صباحا,0,human,test,ar,15,ajgt,0
صح بدنك 🌹,0,human,train,ar,3,ajgt,0
""" م البداية "" "" كلية تجارة انجليزي جامعة المنصورة "" ❤",0,human,train,ar,12,ajgt,0
يقال.. أن الشامة نقطة حبر آلهية سقطت سهوآ ليزداد المكان فتنة _ سبحان من جملك 💖,0,human,train,ar,16,ajgt,0
تاني يا ذكي 💔,0,human,train,ar,4,ajgt,0
عزالله أن حبه يزيد أول وتالي ✨ #صوبه,0,human,train,ar,8,ajgt,0
كفاية تشتييت بقا الواحد دماغه ساحت من كتر التوقعات والتفكير 😂,0,human,train,ar,11,ajgt,0
اكثر ارهاقا من الكلام .. الصمت 💔,0,human,test,ar,7,ajgt,0
خقيت انا وقلبي طاح اويلي بس مزيون بزاف 💖,0,human,train,ar,9,ajgt,0
جربوا مره هتعجبكوا 😍,0,human,test,ar,4,ajgt,0
الله على نجد تهامل مطرها 💙,0,human,test,ar,6,ajgt,0
أسألك يا الله في أيامي القادمة أن تصنع لي فرحا يسعدني دهرا و تهب لي سعادة تديم إبتسامتي عمرا ♥,0,human,train,ar,20,ajgt,0
افتر راسي مع تصويرك حسبتك تصورين طيور فالسماء 😂,0,human,train,ar,9,ajgt,0
انت بالمزفلت ياقلبي 😓,0,human,train,ar,4,ajgt,0
فزنا عليه الحمدلله 💙,0,human,train,ar,4,ajgt,0
هل شعرت يوما أنك بمنتهى الغباء لأنك كنت صادقا بما يكفي ؟؟ 💔,0,human,train,ar,13,ajgt,0
احمم عالي* ☺,0,human,train,ar,3,ajgt,0
ولأنها سمراء فكل ملامحها تضج فتنة 💚,0,human,train,ar,7,ajgt,0
يا #يبه_وينك ؟ ترى جانا مطر وانا خابرك تحب #المطر ، عساه ل قبرك وصل ؟ المطر يا #يبه هل واسقى #ثراك رفعت إيدي أد…,0,human,test,ar,25,ajgt,0
حلمت قبل شوي ان الاتحاد فاز على النصر -0 كل الهدفين بأخر الدقائق وواحد منهن كبري على وليد عبدالله 😰,0,human,train,ar,20,ajgt,0
نسأل المولى أن يمن على الفقيد بالرحمة والرضوان، ولكم من بعده الصبر والسلوان، إنا لله وإنا إليه راجعون. عظم الله…,0,human,train,ar,20,ajgt,0
فعلا والله 💔,0,human,train,ar,3,ajgt,0
"وهل لحطام قلبى من صلاح بعد ما أصابه 💔 ؟! - "" قل يحييها الذى أنشأها أول مرة وهو بكل خلق عليم """,0,human,train,ar,23,ajgt,0
اووف قهر ليش محد صحاني اشوف المطر 💔,0,human,train,ar,8,ajgt,0
الشيء الوحيد الذي وصلوا فيه للعالمية هو : المسيار ..! . ترى كانوا يشجعون ريال مدريد ضد النصر 🤣,0,human,train,ar,19,ajgt,0
انتم عندنا جهة ثقه اما الواقع الذي نعيش فيه فيوجد فيه شريحة من المنافقين توقع ان تنقلب في اي لحظة لدى لا ثقه في الو…,0,human,train,ar,25,ajgt,0
احسبه سمير غانم 😳,0,human,train,ar,4,ajgt,0
يعني عارفين ان الإلف والاكسوالز ضاغطينكم 😂 عساكم مليار تحققوا ولا طقت معنا,0,human,train,ar,13,ajgt,0
بس ريال 😐,0,human,train,ar,3,ajgt,0
.. 🔕💭 ما خاب من قال : ربي أنت الميسر ، وأنت المسهل ، سهل أمري ، وحقق مطلبي ، وسخر لي ماهو خير لي ! صباح الخير ☀,0,human,train,ar,29,ajgt,0
لاتقهرني زياده 😩,0,human,train,ar,3,ajgt,0
يشبه ل صوتي ترا 🌚,0,human,train,ar,5,ajgt,0
يابحر صدري فيه من صفق الامواج يشبه غضب موجك ب جزره ومده في داخلي جرح مسبب لي أزعاج و تنهيده تجيبه و…,0,human,train,ar,22,ajgt,0
متى نزل 🤦🏻‍♀️ 💔,0,human,test,ar,4,ajgt,0
🌟 شاهد امطار الرياض تغرق وتدمر المنازل 🌟 وهيئه الأرصاد تتوقع امطار اشد واقوي ع الرياض وبعض المدن الاخري 🌟تعرف عل…,0,human,train,ar,21,ajgt,0
قوتنا بعد الله دائما أنتم🌹💙 الف مبرووك 💙 الحمد لله و الشكر له 🙏,0,human,test,ar,14,ajgt,0
😖 مرنجان دلم را..,0,human,test,ar,4,ajgt,0
سلمتم جميعا على هذا الإطراء الذي لا استحقه . وما تلك إلا عين رضا منكم 🌸,0,human,train,ar,16,ajgt,0
أي قلة ادب صراحه بنت تشرب عصير ! زين منه سمح لكم تشربون ماي ، احمدوا ربكم 😒,0,human,test,ar,18,ajgt,0
_ ♨️ اقسم بالله 🍯 👍 🚫 عسل سدر جبلي طبيعي 🚫 💯 💯 💯 💯 😊 من منحلي ال…,0,human,train,ar,20,ajgt,0
صح لسانك .. 🥀,0,human,train,ar,4,ajgt,0
ترى الفاگد عزيز يقشمر بروحه . شيدوايهن چذب ميطيبن جروحه.. 💔,0,human,train,ar,11,ajgt,0
حاولنا نصدق بس م قدرنا 🤣,0,human,test,ar,6,ajgt,0
#زلزل_الملعب_نصرنا_بيلعب ياللي غلاك بداخلي ماله ابعاد تبطي ولا حد من خفوقي يزيلك. 💛أحبك يانصر و الله احبك 💛 فالن…,0,human,test,ar,19,ajgt,0
#نطالب_بفتح_مكبرات_الصوت 🔹 رفع نداء الحق في مكبرات الصوت إزعاج وتعد على الحريات ! 🔺 رفع صوت الموسيقى في الأماكن…,0,human,train,ar,19,ajgt,0
بالظبط 🤔 وماذا نحن فاعلون ؟!,0,human,train,ar,6,ajgt,0
الرياضے الدمام جدهہ الطائف الحائل…,0,human,train,ar,5,ajgt,0
للابداع أهلا بتواجدڪ وڪم إزداد النور نورا بڪ عناقيد فرح تتراقص بنجوميتڪ وإبداعڪ 👏🏻👏🏻👏🏻 ألف مبروك الفوز في المس…,0,human,test,ar,19,ajgt,0
ودي اني اخسي 😭,0,human,train,ar,4,ajgt,0
كلام اهلها انهم دخلوها مستشفى الامل لمدة شهر عشان اذا طلعت يقتلونها ويقولون انها مريضه نفسيا قتلت نفسها 'حسبي الله…,0,human,train,ar,20,ajgt,0
ويا ريتهن يتركولنا ه المنسف ببركة أمهاتنا كل شئ عم يسخفوه ويسخروا منه كل شئ سلبي بلا هدف وكأنا على…,0,human,train,ar,20,ajgt,0
💌°♪ أحيانا #وطن المرء ليس مكان ولادته ، ولكنه المكان الذي تنتهي فيه كل محاولات الهروب . •══ೋೋ ══• ‍…,0,human,train,ar,20,ajgt,0
عدت سنه وبجد كانت من احلى السنين اتعرفت على ناس فى منتهى الادب والاخلاق بجد كنت بتمنى يبقو موجودين فى الواقع السنه…,0,human,train,ar,22,ajgt,0
📕📕 من الأدعية المأثورة أن يقول في الصباح والمساء مرة لا إله إلا الله وحدة لا شريك له له الملك وله الحمد وهو ع…,0,human,test,ar,24,ajgt,0
🚫250 طفل فلسطيني يقبعون خلف سجون الاحتلال 🚫 طفل تم اعتقالهم خلال 🚫10 آلاف طفل اعتقلوا منذ انتفاضة الاقص…,0,human,train,ar,19,ajgt,0
الشايب الله يحفظه ماعنده وقت بلا تصوير بلا هم ..طفى الكهرب عليهم 😂,0,human,test,ar,13,ajgt,0
..❥ ♩ ⠀ ⠀ ⠀ سلاما ع الذين مروا ع قلوبنا خفافا لم يجرحوا ، ولم يطعنوا ولم يورثونا حسرة أو ندامة .|📬…,0,human,train,ar,23,ajgt,0
صباح الخير .. لمن ينتظرنا كل صبح ليبادلنا التحية والكلمة العذبة والدعوات صباح الخير .. لمن نهض وتذكرنا فبادر بالت…,0,human,test,ar,20,ajgt,0
لا ترحل ولا تظن أنني أريد الرحيل فترحل 💔,0,human,test,ar,9,ajgt,0
هه يعني اكذب عليك لاقلت شينه بس حاليا وضع الاختبارات تعرفين 😬,0,human,train,ar,12,ajgt,0
اللهم أكتب لنا الخير 😘,0,human,train,ar,5,ajgt,0
واه رويداه 😂,0,human,test,ar,3,ajgt,0
فيني خليط آشواق ب آشواق ب آشواق .. واصل معك من كثرت الشوق / حدي .. ودي آلمك و آحضنك حضنت عناق .. ياشيب عيني .. كل ماقلت ودي ❤,0,human,train,ar,30,ajgt,0
مو كلش 🙈 انا بالبداية شفت اسم المدينة سيفاس اتذكرت اصل الب من هناك و عجبني اشوف المكان الفلم اعتقد قصة…,0,human,train,ar,21,ajgt,0
مربربه او متزوجة او كبيره اتمنى الاضافه Bbm E3B3199B Kik r7al3030 فديتك 💔,0,human,test,ar,13,ajgt,0
ياحظ العيال :(,0,human,train,ar,3,ajgt,0
عندما تتخيلك فارسها وتتخيلها العوبه تضحك عليها وهي تبكي من أجلك أنت لاتعرف معنى الحب حقا أنت لا تستحق البقاء حتى في باطن الأرض 💔,0,human,train,ar,25,ajgt,0
احيانا نبقى معهم فقط لكي لا نعترف بأننا أسئنا الاختيار 🤔,0,human,train,ar,11,ajgt,0
يلاقيها من الاهلي ولا من البشير 😂,0,human,train,ar,7,ajgt,0
📹 بلاك بينك قمن بإنهاء ادائهن الأول في كوتشيلا لساعة كاملة بنجاح 💗 - ابريل ،,0,human,train,ar,16,ajgt,0
. . ثق أن الله قادر على قلب الموازين ،، من أجل إلحاحك 🥀 وثق أن خزائن الله أكبر من أحلامك فما تراه اليوم مستحيل هو…,0,human,train,ar,26,ajgt,0
رئيسين في يومين قالو الربيع العربي 😒 نحنا الكتاحه الأفريقية,0,human,train,ar,10,ajgt,0
بمناسبة فوز الهلال .. 💙 سحب على آيفون XR📱 رتويت وتابع - السحب بعد ساعة موثق بالفديو 💪,0,human,train,ar,18,ajgt,0
+ خنقة 💔,0,human,train,ar,3,ajgt,0
#معصيتي_راحتي مين تبي فويس ممن اخوها؟ 🍒,0,human,train,ar,7,ajgt,0
ألا بذكر الله تطمئن القلوب 🌹,0,human,train,ar,6,ajgt,0
من يقابل الحين 🌚 ؟ عمري . #سالب_الرياض #موجب_الرياض #مبادل_الرياض,0,human,train,ar,10,ajgt,0
#منتدى_الملك_سلمان_الرسمي صباحكم أذكار ودعوات تشرح صدوركم 🥀 وسعادة وفرح تملي اعماقكم وابتسامة ماتفارق شفاهكم وأمل…,0,human,test,ar,15,ajgt,0
بليز عطوني رياكشن الولد اللي يصيح ويقول عادي عادي 😭,0,human,train,ar,10,ajgt,0
ومين فينا مابكاش وقام غسل وشه 😉,0,human,train,ar,7,ajgt,0
عادي لاني جد بكون وقتها نصابه 😜,0,human,test,ar,7,ajgt,0
فيه حل ثاني 🤔,0,human,test,ar,4,ajgt,0
اعتدت عليك والتعود اكبر من الحب احيانا 💔,0,human,train,ar,8,ajgt,0
في سحب و اضافه يمديج تصلحين غلطج 😂,0,human,train,ar,8,ajgt,0
.. ↴ ✿ مختلف حكٓي واحاسيس وشعور في عيوني بينهم..مالگ شبيه مالغيرگ في تفاصيلي حضور طمن قلبك وسلم . . ل…,0,human,train,ar,21,ajgt,0
الله لنا 🐏,0,human,train,ar,3,ajgt,0
صحيح كان لكم خمسه اهداف ملغاة واربع بلنتيات لم تحتسب 😂,0,human,train,ar,11,ajgt,0
ما رح اتخلى عنك ❤ حتى لو بدي ازعل واتوجع منك 💔 لانو الزعل معك احلا من الفرح مع غيرك 😍 💙 K 💙,0,human,train,ar,24,ajgt,0
ويااك 🌹،، اصلا حاطتها لتصوير مابغى اكلها &lt;&lt; تكذب عليه زلطتها كلها 😬,0,human,train,ar,13,ajgt,0
#الهلال_الاهلي هذا نموذج جمهور الهلال اهازيج ضد العويس والمشكله حساب مدرج الهلال يراها مثال حسن وتشجيع راقي,0,human,train,ar,17,ajgt,0
گم #ﻫﻲ ﺻﻌبة لحظﺎﺕ #ﺍﻹﺷتيﺎﻕ ﻟﻤﻦ😔 ﻻ ﻳﻤگن ﺭوﻳﺘﻬﻢ #ﺃﻭ ﺣﺘﻰ #ﻣﺤﺎﺩثﺘﻬﻢ 💔,0,human,train,ar,13,ajgt,0
. لست أعلم متى تتحقق علامات الظهور.. ولست أعلم كيف ستكون.. ما أعلمه فقط..أننا نحتاج إليك كثيرا 💔 أكثر من أ…,0,human,test,ar,21,ajgt,0
ابي قربك . . وابيك بدنيتي تبقى 💙,0,human,train,ar,8,ajgt,0
مش عارف اول ما قريت الخبر جه علي بالي تعبير. عبيلوا واديلوا. يا تري ليه كده. هو انا هييست 🤔,0,human,test,ar,20,ajgt,0
بمناسبة فوز الهلال .. 💙 سحب على آيفون XR📱 رتويت وتابع - السحب بعد ساعة موثق بالفديو 💪,0,human,train,ar,18,ajgt,0
"#نداء_الخير #غرد_واذكر_ربك #غرد_لتثاب سهام الليل لا تخطيء☄ ""ولا يزال عبدي يتقرب إلي بالنوافل حتى أحبه"" 🌼",0,human,train,ar,16,ajgt,0
بمناسبة فوز الهلال .. 💙 سحب على آيفون XR📱 رتويت وتابع - السحب بعد ساعة موثق بالفديو 💪,0,human,test,ar,18,ajgt,0
من عنيا 😂,0,human,train,ar,3,ajgt,0
شهور و يوم تعال خذ الزرقاء من فريق التماسيح,0,human,train,ar,9,ajgt,0
ياريام انت ملح وحلى هالتويتر 😅,0,human,train,ar,6,ajgt,0
ملاكمة قرود في تايلاند 😂,0,human,train,ar,5,ajgt,0
🔜 لقاء اليوم . 🚩 إيفرتون × فولهام . 🏆 الدوري الإنجليزي . 🏟 Craven Cottage . 📆 السبت - / / . ⏰ :00 بت…,0,human,train,ar,26,ajgt,0
كنت اشوف انك بكفه والحياة بكفه وبعزيمة قلب .. خليت الحياة وجيتك واثر م فرضك حصاد وما لبحرك ضفه ليتني حبيت نفسي . . كثر ما حبيتك :),0,human,train,ar,28,ajgt,0
بصيح ما كلت شي 😤,0,human,train,ar,5,ajgt,0
""" ليس عيبا أن يتعلم الرجل من قلب الأنثى شيئا يجعله أكثر إنسانية ورقة "" . 🌷",0,human,train,ar,17,ajgt,0
معقولة الكلام الكبير هذا يطلع من ناصر القصبي 😳 إللي مايعرف يجمع كلمتين على بعض في أي مقابلة تلفزيونية وتخلص المقابل…,0,human,train,ar,21,ajgt,0
الى متى التعامل السئ للخادمات وعدم احترامهم وكأنهم حشرات والله هالمواقف تصير بيننا ونشوفها المربية جات من بيتها مع…,0,human,train,ar,19,ajgt,0
اجعلني يارب نورا لا يأفل هديه، ومطرا لا يكف ريه.. وحدائق ذات بهجة 🌿,0,human,test,ar,14,ajgt,0
هذس كلمات اغنيه 😭,0,human,test,ar,4,ajgt,0
انبسط فقط 💙 الدنيا تمطر خير ☔فتفائل,0,human,train,ar,7,ajgt,0
• • ❥ ͢ ˓ ۦ ⇊ ملامسة القلوب بالكلمة اللطيفة أكثر أنواع المشاعر خلودا في حياة الآخرين ، كونو لطفاء دائما ..!💌🌸,0,human,train,ar,23,ajgt,0
:( نفسي اطلع والله الجو كتير حلو !!,0,human,train,ar,8,ajgt,0
الحمدلله على متعة الصباح 💞,0,human,train,ar,5,ajgt,0
ماشاء الله على صوته يابختكم فيه 😩 احنا اللي يأذن عندنا هندي 💔,0,human,train,ar,13,ajgt,0
حساك حاجه الماني كدا 🙈,0,human,train,ar,5,ajgt,0
للمجاراه بين الزعل والرضى تاهت مشاعرنا ان جيت كلك رضى وان رحت كلك زعل — ياهيه تكفى دخيلك بس عبرنا اعطيك شحم الوعل و…,0,human,train,ar,24,ajgt,0
عمانية وارثة ذهب قيمته مليون دولار ذهب حر ورثته من جدها ، انظر واسمع ماذا تقول ✅ لله درك,0,human,train,ar,19,ajgt,0
ودي اختفي من الحياه لمدة اسبوع وارجع 💔,0,human,train,ar,8,ajgt,0
"""اسمع كلامك اصدقك اشوف افعالك استغرب"" ' الم تنعتوهم بالمجوس وحاصرتم قطر بسبب إيران وتحاربون #إيران في اليمن 🤔 يا قو…",0,human,train,ar,21,ajgt,0
بعض البنات تزعج العالم تبغى مزرعة.. ومتشاحطة عشان حوض السباحة وكذا.. وآخر شي تسبح وتتمسك بالجدار وتدور على المس…,0,human,train,ar,19,ajgt,0
الله يرحمه و يغفر له و احسن الله عزاء عائلة بدران 💔,0,human,test,ar,12,ajgt,0
"✿: 💕 أغار على من أحب""🙁 "" غيرتي تصل للبكاء"" 😭 "" ﻻ أحب الإنتظار"" 🕔 ""أفقد أعصابي بسرعه"" 😡 ""وأكره فكرة إنشغال من أحب…",0,human,test,ar,25,ajgt,0
رأيكم في اداء الهلال اليوم أمام الأهلي ❓,0,human,train,ar,8,ajgt,0
دائما بكل البلدان دور الاخونجية -يختارون أحد اتباعهم ويجعلونه رمز للثورة بالدعم الإعلامي -يضعون قناصة ويستهدفون…,0,human,train,ar,16,ajgt,0
عشان الشهداء ديل و كتيره زيهم في انحاء السودان لازم الناس تكمل ونحقق كل احلامهم و طموحاتهم ✋ #اعتصام_القيادة_العامة…,0,human,test,ar,19,ajgt,0
من أمنيات الطفولة.. 💙,0,human,train,ar,4,ajgt,0
صباحك زين ☺️,0,human,test,ar,3,ajgt,0
انه طلعوا لي مرة وحدة وكنت 💔,0,human,test,ar,7,ajgt,0
صباح النور 🌹,0,human,test,ar,3,ajgt,0
وهاجر حترجع بكرا وحضل لوحدي :(,0,human,train,ar,6,ajgt,0
ناكرين الجميل ما معانا طبعا 😒 تجمع المهنيين تااج رااسكم كلكم,0,human,test,ar,11,ajgt,0
تجار الكويت بدون تحية 😡 رسالة من امرأة ورثت ذهب حر بقيمة مليون مليون دولار وأراضي من جدها .. وتتحدث عن الزهد ..…,0,human,train,ar,23,ajgt,0
طالع ميتيني و هروح انتحر خلاص، بس و انت اكتر يسط والله 💕,0,human,train,ar,13,ajgt,0
صباح السعد اصدقاء قلبي 🍃,0,human,test,ar,5,ajgt,0
الشي اللي مش معقول انو كل النصراويين والاتحاديين متفقين ان النصر راح يفوز 💔 الله يستر #النصر_الاتحاد,0,human,train,ar,17,ajgt,0
الحين منجدهم مفهوم بوب راقصه وش يقصدون مفهوم ماجربوه اه,0,human,train,ar,10,ajgt,0
الحمد لله💙 ألف مبروك يازعماء 💙 القادم أجمل إن شاء الله 🙏🏼,0,human,test,ar,12,ajgt,0
ارجووكم اتوجهو للقياده في تمثيليه بتاعت ضرب رصاص في الهوا وبيقولو ديل قناصين عشان الناس تخاف وبيشيلو في المتاريس ح…,0,human,train,ar,20,ajgt,0
ياجماعه اللى مخبى الرجاله اللى بتكتفى ببنت واحده تطلعها كفايه هزار بقى 😖,0,human,train,ar,13,ajgt,0
لعب فينا البعوض 😤,0,human,train,ar,4,ajgt,0
"#آلاء_صلاح حساب ""الأيقونه"" 😏 هل هو عشان التوثيق أو أن أيقونتهم فشلت قبل أن تبدأ ؟",0,human,train,ar,16,ajgt,0
نومي متقطع 💔,0,human,train,ar,3,ajgt,0
نصيحة لله ☕,0,human,train,ar,3,ajgt,0
قسم لو حذفوا شيء لاحذف وجيههم حنا مانتعب عشانهم نتعب عشان BTS 🔪,0,human,train,ar,13,ajgt,0
غابت شمسك ي الأسد 💔 #الملكية_ندوش,0,human,train,ar,6,ajgt,0
#تسكر لي عيونه #وعيونه الليله #تجاوبني قبل #اشوفه واسأل #يا اطهر ذنب #احبه ذنب #وادعيله لنفس #احيان ما تتقارن ب…,0,human,train,ar,20,ajgt,0
حبيب قلبي طارق 😍,0,human,train,ar,4,ajgt,0
"سؤال برئ لولبي: هو البرلمان -لامؤاخذة- اليمني أو مجلس "" النواب "".. مافيهوش ""نائبات"" ؟!! 🤔 لو الإجابة نعم فالسؤال :…",0,human,test,ar,21,ajgt,0
مشكلتي مع اللقمه الأخيره 😑 المعده تصرخ : لا مكان 😩 والعقل يقول : وقفت على هالصغيره ؟ 😇 والقلب يهمس : حرام ترمي ا…,0,human,test,ar,25,ajgt,0
حتى انت اكير مني 💔,0,human,train,ar,5,ajgt,0
#المال_او_الحب المال الذي لاتصنعه ستظل عبدا عند صاحبه أما الحب أما الحب ياروحي عليه ياروحي عليه 😍 #طلال_الفرد,0,human,train,ar,18,ajgt,0
ايام ما كان الى يدخل منطقه الجزاء بتاعتنا كانت بتتحسب جول 😢 و اياملما كنا نعدي نص ملعبهم كان حسني يمشطها متعرفش ازا…,0,human,train,ar,23,ajgt,0
تو الناس 🙈,0,human,train,ar,3,ajgt,0
أهديها لكم يامتابعيني نحبكم في الله 🌹 #فارس_الحاني #تغريده_تهديها_لمن_تحب,0,human,train,ar,9,ajgt,0
موفقه ياررب الله ييسر لك عاد الفصلي ضغط مره 😢,0,human,train,ar,10,ajgt,0
المسأله ماهي رسايل عن الشوق ولا / اشتكي لفلان فرقا .. فلانه ! المسأله قلب من الضيق مخنوق كنه يبي يطلع ويترك مكانه 💔,0,human,test,ar,24,ajgt,0
اه حجر والله يبو علي 😔 مش راضي يطرى,0,human,train,ar,9,ajgt,0
واحد اشترى عطر وكلماء اراد ان يرش منه يخرج خارج البيت ..قلنا له ليش هكذا ؟ قال: لأنه مكتوب عليه للإستعمال الخارجي…,0,human,train,ar,22,ajgt,0
صديقه ثم حبيبه ثم خطيبة ثم زوجه ، تلك أفضل العلاقات 💚,0,human,train,ar,12,ajgt,0
#صلاة_الضحى أصبحنا وأصبح الملك لله 🌸,0,human,train,ar,6,ajgt,0
"عادي 😂 في عندي ع الفيس حلاتي حركاتي ، والأميرة كيداهم 😩 وبنت خالتي مسمية حالها ""إم ضحكة جنان "" علشان الها غمازة 😅😂",0,human,train,ar,24,ajgt,0
وتبقى الصورة الأولى أجمل بكثير 🌹,0,human,train,ar,6,ajgt,0
جبر الله قلوبكم جبرآ يليق بعظمته 💚,0,human,test,ar,7,ajgt,0
بمناسبة فوز الهلال .. 💙 سحب على آيفون XR📱 رتويت وتابع - السحب بعد ساعة موثق بالفديو 💪,0,human,train,ar,18,ajgt,0
مفيش احسن من الجري الصبح حاجه حلوة فشخ ❤,0,human,train,ar,9,ajgt,0
جربتي شعور وانتي ف نص الكلام يتقلكك طب بحبكك.!؟ لاا انا بيتقالي طيب اخرسي 🌚,0,human,test,ar,15,ajgt,0
حرام عليك هذه هابطه 😢,0,human,train,ar,5,ajgt,0
بالعقل متجيش بس كل حاجه جايزه ف ايد ربنا,0,human,test,ar,9,ajgt,0
#الاستقلال_الهلال محمد بن فيصل انت 👍 المدرب زوران 👍 واصلو الابداع…,0,human,train,ar,11,ajgt,0
سحب على مبلغ مالي 💰 لمتابعي #كشكول 👍🏻 المطلوب: ولا شي بس رتويت 🔁🔥 السحب من الرتويت في أي لحظة 😎 ✋🏻 #مسابقات #مسابقات_كشكول #مسابقه,0,human,train,ar,25,ajgt,0
علمتني الحياة بأن الصداقة أجمل علاقة .. وان المشاعر لا تقدر بثمن.. وان هناك أناس لايستحقون النسيان .. علمتني ا…,0,human,test,ar,20,ajgt,0
""" يخبرونك : من سار على الدرب وصل ، لكن لا أحد يخبرك بالقصة الكاملة .. القصة هي : من سار على الدرب تعثر و سقط، ت…",0,human,test,ar,27,ajgt,0
ماشايل #حقد ✋ شايل طبع #تنور😓 يحركوني #بحطب وانطيهم #الخبزة.😶💔 ❤…,0,human,train,ar,11,ajgt,0
اه والله 😧,0,human,test,ar,3,ajgt,0
صباحك سعادة ورضا من الرحمن 💐,0,human,train,ar,6,ajgt,0
لا تخافي على نفسك من رجل يعشق أمه ✋ فمن يقدر إمرأه خلق في أحشائها ، لا يؤذي إمرأه يحبها ❤️,0,human,test,ar,21,ajgt,0
4.19 || خبر يحقق الفيديو الموسيقي Boy with luv M مشاهدة في اليوتيوب خلال ساعة 🔥🔥…,0,human,test,ar,16,ajgt,0
هلا مناروش 😔,0,human,train,ar,3,ajgt,0
_ 🔴 عسل المجرى للمتزوجين 🔴 ✔ أفضل المقويات الجنسية ✔ ✔ بمكونات طبيعية [ % ] ✔…,0,human,train,ar,18,ajgt,0
في اقاليم البنغال الزوجه التي لا تسمع كلام زوجها يقومون بحلاقة شعرها وتبقى في بيت اهلها حتئ يظهر شعرها وبعد ثلا…,0,human,test,ar,21,ajgt,0
إذا أردتي هجراني فاهجريني في أي شئ إلا رسائلك 💔💔 كانت لي الملاذ كانت لي الخلاص والبعد عنها عذااب حتى لو لم تعودي ت…,0,human,test,ar,24,ajgt,0
لالالالالا يا كابتن مع احترامي ل رأيك اللي مالوش لازمه لا يعلى على صفحة وطويتا اداء وكلمات وتلح…,0,human,train,ar,18,ajgt,0
ليه بتكرهها 🌚، بالعكس كتير قد حالها و محنكة و ماخدة من شخصية ابوها بتخيل جيمي حيقتلها 🙊 دانيريس 😷,0,human,train,ar,20,ajgt,0
الإستغفار : إزالة هم ، وتفريج غم ، وتكفير ذنب ، واطمئنان قلب ، وجلب للرزق 🌿 أستغفرالله العظيم وأتوب إليه أستغفر…,0,human,train,ar,22,ajgt,0
عزيزتي المحجبة اللي نص شعرك طالع من الحجاب، في اختراع اسمو قمطة 😏 ولا صارت موضة شغلة😑☹️,0,human,test,ar,17,ajgt,0
#يوم_الجمعه #كم_مغرد_بالصلاه_على_النبي #اللهم_صل_وسلم_على_نبينا_محمد صلى الله عليه وسلم 🌺…,0,human,test,ar,8,ajgt,0
بمناسبة فوز #الهلال 💙💙 سحب على مبلغ مالي 💰 شروط المسابقة : • رتويت للتغريدة • متابعة : السحب من الرتوي…,0,human,test,ar,21,ajgt,0
دم الشهيد م يروح هدر 😣 #لم_تسقط_بعد #اعتصام_القياده_العامه,0,human,train,ar,8,ajgt,0
رأيكم في اداء الهلال اليوم أمام الأهلي ❓,0,human,train,ar,8,ajgt,0
لا تتزواجون دوافير، اعذر من انذر 🙈,0,human,train,ar,7,ajgt,0
🎥 تأثر عدد من محافظات #السلطنة بأخدود المنخفض الجوي #اخدود_الرحمة,0,human,train,ar,10,ajgt,0
ٰ خذاني علية ﺎلشوق يوم الهواء غلاب ياقو الحنيين وياقو وحشة غيابة 💔,0,human,test,ar,13,ajgt,0
. . . انه السبت يا أحبه هل تعلمون ذلك 🤔 . . .,0,human,train,ar,14,ajgt,0
حمدالله إنو أنا مش بزمن إمتحانات هيدي الوزارة 🙄 و إلا كنت أكلت بوطي 😒,0,human,train,ar,15,ajgt,0
اللهم أمطر على الفقراء رزقا اللهم أمطر على المرضى عافية اللهم أمطر على العاصيين هداية اللهم أمطر على المستغ…,0,human,train,ar,19,ajgt,0
هه حاضر حاضر ع قولة سدن أبسيي ( ابشري ) 🌚,0,human,train,ar,11,ajgt,0
الجمس والصالون والفردت الاخرق 😐 كلها مع المرسيدس خاقن و خقيا 🙄,0,human,train,ar,12,ajgt,0
طب وانت ايه الي بيخليك تقعد مع ناس زاي دول ✋,0,human,train,ar,11,ajgt,0
ٲليس من العيب ان تحفظ كل الأغاني .. وتكرر نفس السورة في كل صلاة .. 💔,0,human,train,ar,16,ajgt,0
الحظ والنصيب 😂 #همس,0,human,train,ar,4,ajgt,0
ليش جاوبتي دام مو من خصوصياتي اسأل😁 — 😅 في وايد اشياء غير هذا سؤال,0,human,test,ar,15,ajgt,0
الى متى التعامل السئ للخادمات وعدم احترامهم وكأنهم حشرات والله هالمواقف تصير بيننا ونشوفها المربية جات من بيتها مع…,0,human,train,ar,19,ajgt,0
صباحو فل ياشريف تعالي اقعد جانب اختك 😂😂 بس هو انت حوت 😉,0,human,train,ar,13,ajgt,0
بمناسبة فوز الهلال .. 💙 سحب على آيفون XR📱 رتويت وتابع - السحب بعد ساعة موثق بالفديو 💪,0,human,train,ar,18,ajgt,0
مبحبش استنى حد ولا حد يأخرني 😤,0,human,train,ar,7,ajgt,0
صباح الخير.. شنو هالكسل و ال طفش و الجو ع طفشانه 😔,0,human,train,ar,12,ajgt,0
من النعيم أن تجد من لا يضطرك إلى الاحتراز.. تبعثر أفكارك ومشاعرك وأنت في مأمن من نظرته وقلبه 💗,0,human,train,ar,19,ajgt,0
البعض يطيب لهم المساء.. والبعض يطيب بهم المساء.. مسااكم احلى 💞,0,human,train,ar,11,ajgt,0
المدة اللي خلصت دي 😳,0,human,train,ar,5,ajgt,0
عااه واقعا :(,0,human,train,ar,3,ajgt,0
ذحين عرفت وين الجليد يلي فلعبه 😠,0,human,test,ar,7,ajgt,0
#الاهلي_الهلال مبارة من هذا النوع مهمة للفريقين و الاهم بعد ثلاثة أيام للتأهل للنهائي في البطولة العربية . ما أتو…,0,human,train,ar,20,ajgt,0
ام بلوزه حمره هذا انا 😐,0,human,train,ar,6,ajgt,0
"👑 ليت مآلهہ في ذرئ صدري مجآل وليت لآ جآ آلليل مآ يطري علي """,0,human,test,ar,15,ajgt,0
الحرب غيرت كثير من انسانيتي ، احاول اني ما اكون انتقائيه لكن غصب عني اتحيز لابناء بلادي لان هنا مات الالاف من الاطف…,0,human,train,ar,23,ajgt,0
، ابريل إياك والرحمه يا حمدالله !! لا نريد منك إلا سواء إغتصابهم 👌,0,human,train,ar,14,ajgt,0
اللهم ارحم روحا صعدت اليك ولم يعد بيننا وبينها الا الدعاء اللهم ارحم روحا اشتقتت اليه كثيرا اللهم ارحم روحا اش…,0,human,train,ar,21,ajgt,0
🌺كلين 💪🏼 للتنحيف 🎀 والرشاقة💪🏼 متاابعة دورية خلال مدة الكوورس 🌻 مع خبراء تغذية 🌸 ✨رشاقة✨ 🌟 حي…,0,human,train,ar,18,ajgt,0
صباح الخير 👅 #ليز,0,human,train,ar,4,ajgt,0
⠀ ⠀♩❀✎ اللهم صيبا نافعا اللهم سقيا رحمه لاسقيا عذاب ولابلاء ولاهدم ولا غرق اللهم حوالينا ولا علينا 🌿…,0,human,train,ar,19,ajgt,0
#يوم_الجمعة اللهم ارحمه واغفر له وتجاوز عنه اللهم اجعل قبره روضة من رياض الجنة اللهم اجمعني به في جناتك جنات النعيم…,0,human,train,ar,21,ajgt,0
حلو يالطريقة هذي مانكون ماديين .. ترى الفلوس وانا اخوك وسخ دنيا 😜,0,human,train,ar,13,ajgt,0
الناس الكسرت الاعتصام وضعكم شنو؟ انا سقطتت في امتحاني عشان تجو تحتفلو انتو ؟ 🤔,0,human,train,ar,15,ajgt,0
ايه معليش رايح بفلوسك بس ما تشتري الناس وكرامتهم بفلوسك يا تسمعون كلامي يا…,0,human,train,ar,14,ajgt,0
ايوه انا هبقي ديزاينر وكريتيڤ زي الناس دي امتا بقا??🤔🤔😂😂,0,human,train,ar,10,ajgt,0
رئيسين في يومين قالو الربيع العربي 😒 نحنا الكتاحه الأفريقية,0,human,train,ar,10,ajgt,0
لو جاني عريس لابس من شماغ فيري بقبل فيه ع طول 😎 #شماغ_فيري_كشخة_تستاهلها,0,human,train,ar,13,ajgt,0
✨تنحني الحروف خجلا لمدحكم اعتليتم السماء🎈 🌟حسابات ملكيه 👑 نفتخربتواجدهم ضمن كوكبتنا الراقيه صنعوا الابداع تمي…,0,human,test,ar,16,ajgt,0
الشوق ماهو للحبيب المقفي الشوق للي وسط قبره دفناه 💔,0,human,train,ar,10,ajgt,0
وانااقول ليش كل هالرسايل عن السمن جالسه ابلك فيهم 🙈,0,human,train,ar,10,ajgt,0
يا اخوانا و الله لسة مطالبنا ما أتحقق منها غير مطلب واحد .. عليكم الله الناس ما تتخاذل 💔,0,human,train,ar,19,ajgt,0
بكره امتحانات 😭,0,human,train,ar,3,ajgt,0
من الصداع 🙂,0,human,train,ar,3,ajgt,0
الظلم والنكران 💔,0,human,test,ar,3,ajgt,0
لعب فينا البعوض 😤,0,human,train,ar,4,ajgt,0
نامجون داعس علينا ماكسرنا رقمه 😭,0,human,train,ar,6,ajgt,0
#الاتحاد_النصر مهاجم الاتحاد الصربي : انا افضل مهاجم بالدوري وحمدلله يتفوق علي بمخادعة الحكام والحصول على البنتي…,0,human,test,ar,17,ajgt,0
قيل : إن الإمام الأعمش (ت١٤٨ه‍) كان له ولد مغفل فقال له : اذهب فاشتر لنا حبلا للغسيل 〰️ فقال : يا أبتي ، طول…,0,human,test,ar,25,ajgt,0
من يستحق العبور اولا ؛. شرطة 🚔 مطافي 🚒 اسعاف 🚑 موكب الرئيس 🚘,0,human,train,ar,14,ajgt,0
شو بشبه؟ 🤔,0,human,train,ar,3,ajgt,0
انتظرك ولازلت متمسك فيك وغيري للأسف فيك يقهرني 💔,0,human,train,ar,9,ajgt,0
"اكيد سمعت قبل عن مقولة ""شال الفريق على اكتافه"" ، شوفها بعيونك ..حرفيا ايغور شال الملك على اكتافه ماشاء الله عليه 😍…",0,human,train,ar,22,ajgt,0
حان الآن موعد آذان صلاة الفجر بتوقيت مكة المكرمة :45ص #السبت /08ه /13م من شهر #شعبان . المؤذنون أطول الناس أعن…,0,human,train,ar,21,ajgt,0
اللهم صحاري قلوبنا أمطرها من سحب لطفك وسقايا رحمتك 💜,0,human,train,ar,10,ajgt,0
#صباح_الخير ليش يغارون منك حسب شهر ميلادك ❤ من اخلاقك وعيونك الحلوين 🙊 من تصرفاتك😄 من اناقتك وشكلك من شخصيتك…,0,human,train,ar,20,ajgt,0
تبسم لي عشان ارضيك 💙,0,human,train,ar,5,ajgt,0
_ صباح الخير.. 💕,0,human,train,ar,4,ajgt,0
ر لاتخاف عادي اعترف لها رحبت بك كان بها مارحبت ماخسرت شي 😄,0,human,train,ar,13,ajgt,0
🎥 | مشهد مؤثر.. بكاء طالب بعد أن قام المعلم بمفاجئة طلابه بتسجيل تحفيزي من أولياء أمورهم فكانت مشاركة والده من ⁧…,0,human,train,ar,22,ajgt,0
انكسر رقم تشين، يلاا باقي ثلاث منفردين وفرقة وحدة ونختم التكسير يارب بالكومباك الجاي,0,human,train,ar,14,ajgt,0
داريين حبيبي تعرفي وظايف بجدة مؤقته ؟ ابا اشتغل بفترة الصيفية بس واذا ماتعرفي اللي عندك اسأليهم بليز :( — .,0,human,train,ar,21,ajgt,0
تميل. . فيدركك الله. تتعثر ، فيقمك الله تحزن ، فتجد مواساته في أبسط الأمور تتوه ، فيدلك ويقنعك ويضيء طريقك حتى ت…,0,human,train,ar,23,ajgt,0
[ 📷 ] • جيمين في طريقه متجها إلى استديو راديو The Elvis Duran بالأمس ، نعتذر عن الخطأ .,0,human,test,ar,20,ajgt,0
السحب الليلة على الايفون .. رتويت للمرفقة وطبق الشروط 👇,0,human,train,ar,10,ajgt,0
نسكن عندكم 😢,0,human,train,ar,3,ajgt,0
ف حلم ملازمنى من وانا صغيرة وبحلمه كتير اووى ونفسى افهم ده ايه ودليل ع ايه بجد 💔,0,human,test,ar,18,ajgt,0
#بيض_مجمش أكلة شعبية أعدت لأجلكم ❤️ إفطارك بطعم أصيل 😋 فروعنا في #الرياض: #الحزم #غبيرة #العزيزية #الشفاء…,0,human,train,ar,17,ajgt,0
هناء التقيا..وأصبح الحرف صلة رحم بيننا 💜,0,human,train,ar,7,ajgt,0
لا والله تضحك 😂,0,human,train,ar,4,ajgt,0
صباح الخير نيابة عن كل الذين انتظرت منهم أن يكتبوا لك 💙 أو أن يتصلوا بك صباحا ليشكروا الله على حياة أنت فيها ❤❤…,0,human,train,ar,24,ajgt,0
"ㅡ أداء بلاك بينك ل""ستاي"" في حفل الكوتشيلا 💜 #BLACKPINKxCoachella_D1",0,human,train,ar,10,ajgt,0
#زلزل_الملعب_نصرنا_بيلعب ياللي غلاك بداخلي ماله ابعاد تبطي ولا حد من خفوقي يزيلك. 💛أحبك يانصر و الله احبك 💛 فالن…,0,human,train,ar,19,ajgt,0
⠀ ↴ ❀ ⠀ ⠀ ⠀ ⠀#كم_مغرد_لذكر_الله سبحﭑنﷲ͜وبحمدھ سبحﭑنﷲ͜ﭑلعظيﻣ سبحانڪ ᷂اللهم ᷂وبح…,0,human,train,ar,12,ajgt,0
"إن شفتني في يوم "" أغرد "" واجد أعرف ترىٰ فيني من الوقت #ضيقه . . . 💔",0,human,train,ar,18,ajgt,0
تكفين ادعيلي كثير 😢,0,human,train,ar,4,ajgt,0
ايه الامتحان التالت 🐸,0,human,train,ar,4,ajgt,0
مساك الله بالنور ي افضل محلل 😘,0,human,train,ar,7,ajgt,0
انا مابطلت احبك انا بطلت ابين لك هالحب :(,0,human,test,ar,9,ajgt,0
فعلا الطفر ضارب ☹,0,human,train,ar,4,ajgt,0
"اللهم أجعل هذا الصباح صباح خير 🌸 لا يضيق🌹 لنا فيه صدر ,🌿 ولا يخيب لنا فيه امر , و اجعل لنا بكل 🌹خطوة توفيق و تيس…",0,human,train,ar,27,ajgt,0
خايف أتعشم يا رب .. يا رب التأهل انهاردة .. رجالة و نقدر نعنلها ان شاء الله 😢,0,human,train,ar,18,ajgt,0
يا اخوانا و الله لسة مطالبنا ما أتحقق منها غير مطلب واحد .. عليكم الله الناس ما تتخاذل 💔,0,human,train,ar,19,ajgt,0
حركاات والله ما نلعب 😂 ماشاء الله,0,human,train,ar,7,ajgt,0
وينزلوا صورة إزازة مية ساقعه وكمية خرا غير عادية هتطفح علينا 😐,0,human,train,ar,12,ajgt,0
يحيليلكم حمد الله بلحاله فريق 😂,0,human,train,ar,6,ajgt,0
نعلم نعلم 😪,0,human,train,ar,3,ajgt,0
لعب فينا البعوض 😤,0,human,train,ar,4,ajgt,0
اذا بتلعبون بذيلكم ضد امريكا يامجوس في افغانستان بينقطع 😏,0,human,train,ar,10,ajgt,0
بمناسبة فوز الهلال .. 💙 سحب على آيفون XR📱 رتويت وتابع - السحب بعد ساعة موثق بالفديو 💪,0,human,train,ar,18,ajgt,0
يبقى تقريبا او حلقه ؟ المشكله مايعطلون الا قبل رمضان بكم يوم 💔 بس ان شاء الله بنلقى حل اكيد وبحاول…,0,human,train,ar,21,ajgt,0
هذا اخونة بالاسلام 😂,0,human,train,ar,4,ajgt,0
📌 من يخاف فليس منا.. تصبحون على خير #النصر_الاتحاد,0,human,test,ar,9,ajgt,0
لا زلت أتذكر تلك الرجفه التي هزت قآع قلبي حين رأيت #فقيدي يكفن 💔 #أغفر_لأبي_يالله #فقيدي_ابي,0,human,train,ar,16,ajgt,0
فقدنا الشغف بالحياه نفسها 💔,0,human,train,ar,5,ajgt,0
🧕🏻 الزوجة سيئة يقولون للزوج : ( تزوج عليها او طلقها ) لتتأدب 💀 الزوج سيء يقولون للزوجة : اصبري عشان العيال و ادع…,0,human,train,ar,24,ajgt,0
"سر قوتنا بعد الله هو وجودكم دائما معنا 🌹💙 مليون مبروك 💙 نشكر الله على هذا الفضل 🙏 # (assuming there were no hashtags in the original, if there were, they should be kept as is) 
However, to follow the format to the letter as requested:
سر قوتنا بعد الله هو وجودكم دائما معنا 🌹💙 مليون مبروك 💙 نشكر الله على هذا الفضل 🙏",1,llama-4-maverick-17b,train,ar,64,ajgt,0
"صباح الخير 🌸 صباح رائق 🌿 يلتقي السحاب بتفاؤل يبدأ بـ يارب 🙏💕 🌷🌷 # (no hashtags were provided so I'll keep the text as is, assuming the original didn't have a hashtag that needs to be preserved) 
صباح رقيق يلتقي السماء بامنيات تبدأ بكلمة يارب 💕🍃 🌷🌷",1,llama-4-maverick-17b,test,ar,48,ajgt,0
صباح الزهور 🌼,1,llama-4-maverick-17b,train,ar,3,ajgt,0
أحب أطلع رحلات مع الغيوم اللي عالية 💙 #سفر #طبيعة,1,llama-4-maverick-17b,train,ar,10,ajgt,0
"مره سألهم واحد ليش متشددين كذا مع انكم على ""الطريق الصح"" قالوا عشان دايم نتذكر عذاب القبر 🙄فقره تعذبهم طول الوقت 😬 #ليش #عذاب_القبر",1,llama-4-maverick-17b,train,ar,24,ajgt,0
انا هجرب بس مش لدرجة ادخل اتفحص الحاجات دي، الولاد شكلكم متفقين سوا 🤷‍♂️ #تفاهة #محدش_فاهم_حاجة,1,llama-4-maverick-17b,train,ar,16,ajgt,0
راح تفيدك في مقبرتك 💚 #حسنات_جارية #الاخرة #ذكر_غيرك #اذكر_ربك #الله_اكبر #استغفار #صدقة_جارية #قران #دعاء #الجنة #ذكرني #اسلام #اسلاميات #احاديث #احاديث_نبوية #قران_كريم #اللهم_صل_على_محمد #لا_اله_الا_الله #محمد_رسول_الله #لا_تنسوا_ذكر_الله #اللهم_اغفرلي #استغفر_الله #اللهم_انك_عفو_تحب_العفو_فاعف_عن #الصلاة_على_النبي #يارب #دعواتكم #اللهم_امين #اللهم_ارحمنا #قرآن_كريم #ذكر #استغفاركم #دعاء_جميل #يارب_فرج_على_جميع_المسلمين #اللهم_صل_وسلم_على_نبينا_محمد #لا_اله_الا_انت_سبحانك_اني_كنت_من_الظالمين,1,llama-4-maverick-17b,train,ar,40,ajgt,0
انا شاكك ان اجيري هيدهشنا بتشكيلة من النخبة اه متفق معاكي ف الكلام ده وفريقنا بيتميز بالصفات دي آ… #لا #انا #اجيري #منتخب #ابن #ناس #اه #معاكي #الحته #دي #والمنتخب #بتاعنا #معروف #بكدا,1,llama-4-maverick-17b,train,ar,33,ajgt,0
وين وصلنا صرنا نردد نشيد #الاتحاد ؟ دايماً نهايط نقول #الهلال لايهاب أحد وفوق كل أحد والآن نستنجد بفريق…,1,llama-4-maverick-17b,train,ar,19,ajgt,0
💕🍃🌹🍃💕 💕.•°``°•.¸.•°``°•.💕 💕(ريموس اربع) 💕 💕`•.¸ 💗 ¸.•` 💕 💕° •.¸¸.•° 💕 💕💕…,1,llama-4-maverick-17b,test,ar,13,ajgt,0
اللطف شيء عايشته في عمري كله,1,llama-4-maverick-17b,train,ar,6,ajgt,0
والله عذاب 🤯 #واقسم_بالله #عذاب #والله_عذاب,1,llama-4-maverick-17b,test,ar,6,ajgt,0
الشيء اللي حققوا فيه انتشار عالمي هو : الزواج المسيار 😂 . يبدو أنهم كانوا بيباركوا لريال مدريد ضد النصر 🤣 #المسيار_عالمي #ريال_مدريد_النصر,1,llama-4-maverick-17b,train,ar,23,ajgt,0
"يوجد أناس كالنجوم في السماء، بارتفاع مكانتهم، رفيعي الثقافة، كاملين الأخلاق، أصحاب نفوس صافية 🌹 🌸 🌸 … #لا يوجد هاشتاقات في النص الأصلي لذا سأبقيه كما هو بدون إضافة هاشتاقات. 
هنآك أشخآص يشبهون آلسمآء. في علو مستوآهم,رآقين آلآخلآق وآفين آلطبع أصحاب قلوب صافية🌹 🌸 🌸 …",1,llama-4-maverick-17b,train,ar,47,ajgt,0
سلسلة تغريدات عن أنبل الأشخاص 💔 #ثريد #أنبل_الناس,1,llama-4-maverick-17b,train,ar,8,ajgt,0
بحاجة لمدينة الرياض كلها، مش بس أجوائها 🌟💔 #الرياض #جو_الرياض #السعودية,1,llama-4-maverick-17b,train,ar,11,ajgt,0
اه طبعا واضح خامة بيضا حلو كيس المخدة بتاع السرير مثلا,1,llama-4-maverick-17b,train,ar,11,ajgt,0
حال الدوري هذي السنة 😁 #الدوري,1,llama-4-maverick-17b,train,ar,6,ajgt,0
"❀ أنا بنت زماني 👑 كيان أنوثتي كالجبال الراسيات 🌄 لاتلين 🚫 مهما تنوعت الآراء 🤔 وتعددت المزاجات 🎊😊 ولي م… # (The rest of the hashtags are assumed to be present, but the original text is cut off) 
Here is the rewritten response in the required format:
 ❀ انا بنت زماني 👑 انوثتي جامدة كالجبال 🌄 مابتتهز 🚫 ليها الف وجهة نظر 🤔 والف حالة 🎊😊 ولي م…",1,llama-4-maverick-17b,test,ar,69,ajgt,0
روحي تضحي بيها عشانج 😘 #نفس_الشيء,1,llama-4-maverick-17b,train,ar,6,ajgt,0
"💔 عن #رسول_الله (صلى الله عليه وآله) \"" #ياعلي ، لقد وجهت فاطمة بنتي ببعض الأمور وطلبت منها إبلاغها لك ، فطبقها ،…",1,llama-4-maverick-17b,test,ar,23,ajgt,0
بأجي بأجي الأسبوع اللي جاي 🌚 #بجي #أسبوع_جاي,1,llama-4-maverick-17b,train,ar,8,ajgt,0
"أجمل شي : سكروا جوالاتكم الاستعداد قريب 🌚 .. مع السلامة ✋♥️ # (no hashtags were provided, assuming the original post didn't have any, if it did, they should be included) 
However, to follow the format to the letter as requested:
أجمل شي : سكروا جوالاتكم الاستعداد قريب 🌚 .. مع السلامة ✋♥️",1,llama-4-maverick-17b,train,ar,53,ajgt,0
نتمنى من الله أن يغفر للمتوفى ويرحمه، ويلهمكم الصبر والسلوان بعد وفاته، إنا لله وإنا إليه راجعون. الله يعظم أجركم… #إنا_لله_وإنا_إليه_راجعون,1,llama-4-maverick-17b,train,ar,21,ajgt,0
فى كل يوم بنشوف ناس وبنعيش مواقف بتخليك تتأكد ان الدنيا مش منصفه وبتتعامل معانا بقسوه 💔 #حياه #ظلم #قاسيه,1,llama-4-maverick-17b,train,ar,20,ajgt,0
مين اللي صار عنده شيء جديد 🤔 #اش طلع,1,llama-4-maverick-17b,train,ar,9,ajgt,0
بجد مش قادره انسحب من الصدمه اللي حصلتلي بسببك 💌 #حقيقي #صدمه #خيبه #خذلان,1,llama-4-maverick-17b,train,ar,14,ajgt,0
للأسف إللي حلوين بنضيعهم 🙃 مش بنقدر نستغل الفرصة✋🏻 يلا ربنا يكون في عونهم ويصحوا كده,1,llama-4-maverick-17b,train,ar,16,ajgt,0
😴 #مبادل_جدة واضح انه مافي احد منكم جاد ومبادل بجد 🤕,1,llama-4-maverick-17b,train,ar,11,ajgt,0
الله يخليلك امير محمد وعياله يشغلوك عن بلدك اللي فيها مشاكل كثيرة، ياريت تركز على نفسك 🙂 #? #?,1,llama-4-maverick-17b,train,ar,19,ajgt,0
الله يسترنا حاليا لما أمي تطلب مني أثبت برّي بيها . أمي هي الغلطانة .من إمتى حد يشارك في حفلة زواج أصلا ؟ المفروض كمان تنام مع العرسان في نفس الفندق… #الزواج #بر_الوالدين #الام #نصائح #زواج 🤣👰💃🏻,1,llama-4-maverick-17b,train,ar,37,ajgt,0
دائماً في كل الدول، الإخوان المسلمين بيختاروا واحد من أتباعهم ويعملوه رمز للثورة من خلال الدعم الإعلامي الكبير -يحطوا قناصة ويضربوا… #اخوان #ثورة #إعلام #دعم #قناصة 🤯💥👊 #الإخوان_المسلمون,1,llama-4-maverick-17b,train,ar,28,ajgt,0
صباح الخير يا روحي 🌸💕 #صباح_الخير #حب #سعادة #يوم_جميل,1,llama-4-maverick-17b,train,ar,9,ajgt,0
"صباح الخير بجد صباح رائع يبدأ ببرق ورعد وأمطار 💕 صباح مليان طاقه حلوة الحمدلله دائما # (no hashtags were present so I left it as is, if you want to add or modify, please let me know) 
Here is the corrected response:
صباح الخير بجد صباح رائع يبدأ ببرق ورعد وأمطار 💕 صباح مليان طاقه حلوة الحمدلله دائما",1,llama-4-maverick-17b,train,ar,59,ajgt,0
"كل اللي نتمناه:🤔 ""سماء حالكة وظلام ونجوم لامعة.""❤ و بحر هادي و أمواج واطية 💛 💙 ليل مايجي على موعدنا ماهو مرحبا فيه . ﺎ… # (No hashtags were provided, so I left it as is, assuming the original post didn't have any. If it did, please provide them.) 
To follow the format to the letter as requested, I should not have included the note about the hashtags. Here is the revised output:
كل اللي نتمناه:🤔 ""سماء حالكة وظلام ونجوم لامعة.""❤ و بحر هادي و أمواج واطية 💛 💙 ليل مايجي على موعدنا ماهو مرحبا فيه . ﺎ…",1,llama-4-maverick-17b,train,ar,98,ajgt,0
مانشك فيك ياكبير ونعرف حبك الشديد للنادي العالمي وكل تصرفاتك الغير متعمده اعتذارك للجماهير النصراوية يزيدك حبا اكث… #العالمي #النصر #رئيس_العالمي #يامعلم,1,llama-4-maverick-17b,test,ar,22,ajgt,0
قلبي يتوق للأمطار 🌧️ #صباح_الخير,1,llama-4-maverick-17b,train,ar,5,ajgt,0
صراحة هذا الشخص مش زوران ابدا، هذا جدير بلقب ثوران 😂 خلوني اخلص توزيع الهدايا بس 💔 #هاشتاج,1,llama-4-maverick-17b,train,ar,18,ajgt,0
الشئ نفسه 💘 #حياة #نفس_الشي #نصائح #تطوير_الذات #تحفيز #تحديات #نجاح #فشل #تحقيق_الأهداف #تنمية_بشرية #إيجابية #تفاؤل #تحفيز_الذات #motivation #inspiration #success #failure #goals #self_improvement #positivevibes #optimism #challenge #life #same #same_thing #نفس_الشي #same_thing,1,llama-4-maverick-17b,train,ar,30,ajgt,0
"الله يسعد قلبك ويفرحك 💜 #نفس_المعنى (no, since there are no hashtags in the original text, I will keep it as is) 
الله يسعد قلبك ويفرحك 💜",1,llama-4-maverick-17b,train,ar,27,ajgt,0
"سر قوتنا دائماً هو وجودكم بجانبنا 🌹💙 ألف مبروك للجميع 💙 نشكر الله على هذا النجاح 🙏 # (no hashtags were provided, assuming the hashtags are not available, the response will be without them) 
However, to fully follow the format, here is the revised response:
سر قوتنا دائماً هو وجودكم بجانبنا 🌹💙 ألف مبروك للجميع 💙 نشكر الله على هذا النجاح 🙏",1,llama-4-maverick-17b,train,ar,62,ajgt,0
صباح النور 🌚 #صباح_الخير,1,llama-4-maverick-17b,train,ar,4,ajgt,0
هذا يتفلسف ولا يتفل 🤣 #مقاطع_مضحكة #ضحك_وناسة #السعودية #مصر #كوميديا 🤣 #ضحك #السعوديه #مصر #كوميديا #مقاطع_مضحكه #ضحكوناسه #كوميدي #فكاهه #فرفشه #وناسه #فرفشة #طقطقه #طقطقة #اكسبلور #اكسبلورر #العراق #explore #ksa #ksa #ksa #ksa #explore #explore #explore #explore #ksa #explore #explore #ksa #funny #funny #funny #funny #funny #funny #funny #funny #funny #funny #funny #funny #funny #funny #funny #funny #funny #funny #funny #funny #funny #funny #funny #funny #funny #funny #funny #funny #funny #funny #funny #funny #funny #funny #funny #funny #funny #funny #funny #funny #funny #funny #funny #funny #funny #funny #funny #funny #funny #funny #funny #funny #funny #funny #funny #funny #funny #funny #funny #funny #funny #funny #funny #funny #funny #funny #funny #funny #funny #funny #funny #funny #funny #funny #funny #funny #funny #funny #funny #funny #funny #funny #funny #funny #funny #funny #funny #funny #funny #funny #funny #funny #funny #funny #funny #funny #funny #funny #funny #funny #funny #funny #funny #funny #funny #funny #funny #funny #funny #funny #funny #funny #funny #funny #funny #funny #funny #funny #funny #funny #funny #funny #funny #funny #funny,1,llama-4-maverick-17b,test,ar,165,ajgt,0
بفضل الله ثم تشجيعكم لي قدرت ننجح في تخطي المباراه اللي كانت صعبه 💙 #الحمدلله,1,llama-4-maverick-17b,train,ar,15,ajgt,0
صراحة خدمة سيئة بمعنى الكلمة، انتظرت ساعة عشان انتقل لطاولة خارجية وفضلت جالسة بالداخل محد جاني يسألني عن طلباتي 😒 ( Urth… #hashtags (assuming they were present but not shown),1,llama-4-maverick-17b,train,ar,30,ajgt,0
أتمنى أكون سبب بسيط يخفف عنك قسوة الحياة، بس للأسف مو بيدي شي.. كل الأمور راح تتعدل قريب.. 💙 #⠀,1,llama-4-maverick-17b,train,ar,20,ajgt,0
السبت اختبار واني متخوف شلون 😬 #الامتحانات_قربت #اختبارات_نهائيه 🤔 #السادس_الاعدادي #مرحلة_سادس #بكلوريا #ادبي #احيائي #تطبيقي,1,llama-4-maverick-17b,train,ar,15,ajgt,0
#مسلسل_ودك_يتكرر_برمضان شهر رمضان للعبادة مو للدراما 😒,1,llama-4-maverick-17b,train,ar,7,ajgt,0
بصراحة، نفسي أروح كوتشيلا هذا الصيف 😞 #كوتشيلا #موسيقى #حلم #Coachella,1,llama-4-maverick-17b,train,ar,11,ajgt,0
"رسالة محبة واحترام وإجلال وولاء ووفاء.. إجلال ممزوج بكل معاني الصداقة والأخوة.. إشادة من القلب إلى ال… # (no hashtags were provided, assuming the rest of the text is the same) 
كلمة تقدير وحب وإخلاص وولاء وتحيه.. إشادة حافلة بكل مدلولات الصداقة والأخوة.. تحيه صادقة من القلب إلى ال…",1,llama-4-maverick-17b,test,ar,49,ajgt,0
كل شخص بيعبّر عن زعله بشكل مختلف :) #حزن #زعل #تفاصيل_صغيرة,1,llama-4-maverick-17b,test,ar,11,ajgt,0
أبويه عليه تصرفات غريبه يقول بروح لأمر وفجأه يصور نفسه بالاستاد ياالله ايش السالفه!! نسي بناته 😞 #جحد_بناته #أبويه_غريب #تصرفات_غريبه,1,llama-4-maverick-17b,train,ar,20,ajgt,0
صباح الخير جميعا. التحذيرات من أمطار غزيرة قادمة إلينا تتوالى منذ أيام. تصلنا تنبيهات متتالية. ياغرفة طوارئ أخباركم فين؟ #أمطار_غزيرة #طوارئ #تنبيهات #أخبار_الطقس ⛈️💦,1,llama-4-maverick-17b,train,ar,24,ajgt,0
مانحصلهمش بغيتوهما يغنوا ستاي بسبب كثرة الأغاني باش يختارو 🙂 #BLACKPINKxCoachella_D1,1,llama-4-maverick-17b,train,ar,11,ajgt,0
"بتتزوج 👰 وعمرها أقل من 18 سنة وعاملة ""وداع للعزوبية"" 🎉 وكأنها عاشت حياة العزوبية 😒 الأحسن تعمل ""وداع للطفولة"" لأنها لسه ما كبرتش 👶💔 #زواج_القاصرات #توديع_الطفولة #حقوق_الطفل #زواج_اطفال #حفلة_توديع_العزوبية #الطفولة_مستقبلنا #لا_للزواج_الطفولي #حقوق_المرأة #الزواج_المبكر #طفولة_بريئة #لا_لتوديع_الطفولة #توعية #تثقيف #حملة_مناهضة_الزواج_المبكر # #تغيير #وعي # #زواج_القاصرات_ظلم #لا_للزواج_المبكر #حملة_لوقف_الزواج_المبكر # 👶💔😒 #توديع_الطفولة #حقوق_الطفل #زواج_اطفال",1,llama-4-maverick-17b,train,ar,51,ajgt,0
هواية وحده بس عندي وهي تصوير السحاب 💘 #يمكن #هوايتي #الغيوم,1,llama-4-maverick-17b,train,ar,11,ajgt,0
اني حاليا تعبانه واجد ومادري شلون بقدر اغفي 😢 #نفسية #تعبانة,1,llama-4-maverick-17b,train,ar,11,ajgt,0
تمام يمكن مرهق أو مشغول بشيء أو عنده مشكلة عائلية' الأسبان يحبون المبالغة 🚶🏻‍♂️ #دراما #اسبانيا,1,llama-4-maverick-17b,train,ar,16,ajgt,0
الغرام عشان الفلوس اللي معاكي 😜 #الحب_للأغنياء #الفلوس_تغير_كل_شيء,1,llama-4-maverick-17b,train,ar,8,ajgt,0
#صباح_الاتحاد 💛 صباح الخير بوجودك ي نادي الاتحاد 💛😩,1,llama-4-maverick-17b,train,ar,9,ajgt,0
"ماينفع تشغلوا الأغاني وقت المطر :) #لااله_الا_الله #المطر #الرياض #شتاء #صيف #اغاني #موسيقى #طرب #مطر #امطار #يوميات #تصويري #كاميرتي #سنابي #انستقرام is not needed as the original text doesn't contain these hashtags, the correct paraphrased text is: مو تشغلون الأغاني وقت ما تمطر :)",1,llama-4-maverick-17b,train,ar,44,ajgt,0
نسأل الله الرحمة والمغفرة لشهدائنا الأبرار 🇸🇩 ✨، فليرقدوا قريرين مطمئنين 🌹 #السودان #اعتصام_القيادة_العامة #sudan #تسقط_بس,1,llama-4-maverick-17b,train,ar,16,ajgt,0
محمد غنى مذهلة في الرياض وعباس غنى زاهية بالتأكيد كانوا يقصدون الرياض في وقت المطر 💙 #محمد_عبده #عباس_إبراهيم #مطر_الرياض,1,llama-4-maverick-17b,train,ar,19,ajgt,0
عشان نوضح الصورة اى حد يبعت رساله على الخاص هعمل له بلوك وهريح دماغى بصراحه مش فاضيله هزار 😤 #احترم_الخاص,1,llama-4-maverick-17b,train,ar,20,ajgt,0
يارب آمين 💗 ويخليك لعيلتك,1,llama-4-maverick-17b,train,ar,5,ajgt,0
#زلزل_الملعب_نصرنا_بيلعب #النصر_الاتحاد يظل الوحيد في قلبي ماقدرت انساه اللي سكن روحي و استولى على مشاعري سيطر علي كلي .. و…,1,llama-4-maverick-17b,train,ar,20,ajgt,0
الحمد لله رجعت لعند أمي 😂 #حمدا_لله_على_السلامة,1,llama-4-maverick-17b,train,ar,7,ajgt,0
«🌸 ✨ » يا رب الرضا ، يا رب لا تفرق بيننا و لا تخيب آمالنا ، يا رب طمأنينة لا زعزعة فيها و لا اضطراب و لا عثرة ، اللهم آمين,1,llama-4-maverick-17b,train,ar,32,ajgt,0
أبطال الحدود الجنوبية 💪 ما زلنا نتذكركم وسنخرج الحوثي وأنصاره من مخابئهم اليوم في اليمن 🤘 وغداً في قلب طهران 💪 قادمون… #قادمون,1,llama-4-maverick-17b,train,ar,23,ajgt,0
إذا عجزت عن التعبير عن الحقيقة، فلا تشجع الباطل 👊🌸 💫 #لا_تصفق_للباطل #قولوا_الحق #الحقيقة_أمانة,1,llama-4-maverick-17b,train,ar,14,ajgt,0
"تحركات محمد كنو في الهدف هي اللي خلت الهدف قيمته تتضاعف، يا عزيزي محمد 👍💙 #تصرف_محمد_كنو #محمد_كنو #هدف #رياضة #كرة_قدم #كنو #محمد_كنو_نجم #نجم_المنتخب #رياضة_كرة_القدم #كرة_القدم_السعودية #السعودية #المنتخب_السعودي #رياضة_السعودية #نجوم_السعودية #ريال_مدريد #الهلال #النصر #الاتحاد #الاهلي #كرة_قدم_السعودية #رياضة_السعودية #السعودية_رياضة #كنو_نجم #محمد_كنو_لاعب #لاعب_محمد_كنو #محمد_كنو_هداف #هداف_محمد_كنو 
becomes 
تحركات محمد كنو كانت هي العامل الحاسم في الهدف، يا محمد أنت عظيم 💙 #تصرف_محمد_كنو #محمد_كنو #هدف #رياضة #كرة_قدم #كنو #محمد_كنو_نجم #نجم_المنتخب #رياضة_كرة_القدم #كرة_القدم_السعودية #السعودية #المنتخب_السعودي #رياضة_السعودية #نجوم_السعودية #ريال_مدريد #الهلال #النصر #الاتحاد #الاهلي #كرة_قدم_السعودية #رياضة_السعودية #السعودية_رياضة #كنو_نجم #محمد_كنو_لاعب #لاعب_محمد_كنو #محمد_كنو_هداف #هداف_محمد_كنو 
revised to 
 تصرف محمد كنو في الهدف هو اللي أعطاه قيمته، يا لاعب كبير يا محمد 💙 #تصرف_محمد_كنو #محمد_كنو #هدف #رياضة #كرة_قدم #كنو #محمد_كنو_نجم #نجم_المنتخب #رياضة_كرة_القدم #كرة_القدم_السعودية #السعودية #",1,llama-4-maverick-17b,train,ar,113,ajgt,0
تمام، خلهم يفطرون ولا يبالغون 😂 #طبعا #فطور #يكفي #خلاص,1,llama-4-maverick-17b,train,ar,10,ajgt,0
مخطط بادكوك ينص على إخصاء السعوديين لمنعهم من الإنجاب، لكنه أثار غضباً شعبياً كبيراً وكشف عن المؤامرة. مما دفع شركاء المخطط للجوء إلى إستراتيجية أخرى وهي الحد من زواج الشباب… #بادكوك #المخطط #السعودية,1,llama-4-maverick-17b,test,ar,33,ajgt,0
غدا المباراة المصيرية للاتحاد، لا مجال للتهاون، لازم نلعب بكل قوتنا و نفاجئ الجميع .. وضعنا صعب جدا و الاتحاد قادر على تجاوز كل شي 💛 #الاتحاد,1,llama-4-maverick-17b,train,ar,27,ajgt,0
نجوم #الهلال يكرمون عبدالله المعيوف بالتحية عقب انتهاء اللقاء تقديراً لأدائه الرائع في مباراة اليوم,1,llama-4-maverick-17b,train,ar,15,ajgt,0
┊┊⇣✧ ┊⇣✦ ⇣✧ ⠀⠀ لليالي الشعر ما في مثلك لليالي حبك غالي وكل ما زاد الغلا زاد ،.#الرياض #مطر🇸🇦🎵🕊✨ #ذكراك 💔 #حنايا_الغيث💜🌟,1,llama-4-maverick-17b,train,ar,22,ajgt,0
ليش لما بصحى من النوم بلاقي وشي منتفخ وايدي مبوزرة 🤔 ملاحظة : مابحب اروح لعند الدكتور #️⃣#️⃣,1,llama-4-maverick-17b,train,ar,18,ajgt,0
ألا يستحي المرء أن يكون حافظًا لكل الأغاني .. ويكرر نفس السورة دائمًا في الصلاة .. 💔 #ألا_يستحي #الصلاة #الأغاني,1,llama-4-maverick-17b,train,ar,20,ajgt,0
بنت الأصول شيخة عربية وفخورة بنفسها، أصل طيب ونسب كريم وأدب رفيع، اللي تبيه تحصله عندها، مثلها ما تلقى، قوية وشعورها عالي… #شيخة_عرب #فخر_العرب 💪🔥👑 #مثلها_ما_تلقى,1,llama-4-maverick-17b,train,ar,26,ajgt,0
أول يوم عمل ورئيسي لطيف 😭 صباح الخير والسعادة والحياة كلها فرح 💛💛 #نفس_القصه #يا_رب #سعاده_وفرح,1,llama-4-maverick-17b,train,ar,16,ajgt,0
أصبحنا وأصبح الملك لله، يارب اجعل قلوبنا مخازن توحيدك وألسنتنا تلهج بتمجيدك وأجسادنا خادمة لطاعتك ولا تعزنا إلا بالانقياد لك و… #اللهم_امين 🤲💕 #توحيد_الله,1,llama-4-maverick-17b,train,ar,24,ajgt,0
العفريتة توبت 😂 الدنيا اتوسخت زيادة .. #⃣#⃣#⃣,1,llama-4-maverick-17b,train,ar,8,ajgt,0
😂 مدة الحلقة ساعتين ولا ساعة,1,llama-4-maverick-17b,train,ar,6,ajgt,0
🎥 حطينا غدا 😩 .. #الاتحاد #الشاهينو,1,llama-4-maverick-17b,train,ar,7,ajgt,0
⚛ تبحث عن شيء يزيد من قوتك الجنسية 😳 ☣ فوريفر تقدم لك 😉 🔸 *مجموعة لتعزيز الأداء* 👨 مع 🌹 _منتجات آرجي بلس ومالتي ماكا_ 🌹 ✅ هذا هديتي لك وستزيد من… #hashtag1 #hashtag2,1,llama-4-maverick-17b,test,ar,35,ajgt,0
صباح الورد 🌹,1,llama-4-maverick-17b,test,ar,3,ajgt,0
📌 الفيفا تركت الهيئات القارية والإتحادات المحلية واهملت القضايا العالمية وتركت أزمة تنظيم مونديال المنتخبات وتنظيم مونديال الأندية… #كأس_العالم #فيفا,1,llama-4-maverick-17b,train,ar,20,ajgt,0
#الغانم_العيسى_للمقاولات #دمشق_الرياض #جدة 💚تصميم وتنفيذ المظلات الخارجيه 💚ديكورات المشبات الحديثه 💚تركيب الشويات 💚بناء الافران 💚انشاء هناجر 💚بناء مستودعات 💚اعمال الترميمات…,1,llama-4-maverick-17b,train,ar,20,ajgt,0
"""جنة فوقنا في السماء .. وأمي جنة تحت قدمي 🌌 #أمي #الجنة_تحت_قدميك"" is not correct since it added extra text, here is the correct paraphrased text: ""الأم جنة على الأرض .. والجنة في السماء أمي 🌌"" is not correct either, a more suitable paraphrase is: ""الجنة في السماء العالية .. وأمي جنتي على الأرض 🌌""",1,llama-4-maverick-17b,train,ar,55,ajgt,0
حسب نوع المشكلة لأن صعب تعطي جواب واحد لكل الحالات ..بعض الزيجات عقاب مو زواج ومن تدخل ببيت زوجها… #زواج #طلاق #مشاكل_زوجية,1,llama-4-maverick-17b,test,ar,22,ajgt,0
ولا يوم هتعرفوا إنى مستحيل أسيب الأهلى مهما كان مكانه ❤️ الأهلى دايماً فوق يا أهلى 💖 #الأهلى #أهلاوي #مصر #رياضة #كرة_قدم,1,llama-4-maverick-17b,train,ar,22,ajgt,0
"بالفعل ""الحياة تستحق أن تعاش"" 💜 #الحياه_جديره_بالاهتمام",1,llama-4-maverick-17b,train,ar,7,ajgt,0
#الفيفا_يرد_احتجاج_الهلال_صحيح مادام النظام معاك فاين ذنب المنافس هذا هراء مقاهي .الآن يأتي دورك لإثبات نفسك يا أسد العاصمة 💙,1,llama-4-maverick-17b,train,ar,19,ajgt,0
🌹 *باسم الله الرحيم الرحمن* يا رب صل على النبي محمد وأهل بيته قالت السيدة فاطمة الزهراء عليها السلام ،،… #اللهم_صل_على_محمد_وآل_محمد,1,llama-4-maverick-17b,train,ar,21,ajgt,0
"القدامى من الوطنيين ""الشيوخ"" انزعجوا من الكلام عن سمية الخشاب لكنهم لم يتحركوا لما شتم مغردين #حلف_الفجار نساء و…",1,llama-4-maverick-17b,train,ar,19,ajgt,0
"❀ ∞ اقفل الباب في وجه اللي يحاولون يكسرون معنوياتك من المرة الأولى لأنها بتتكرر مرات ومرات .. ❀ # (no hashtags were provided, assuming the original post didn't have any, if it did, they should be included) 
However, to fully follow the format, here is the revised response:
 ❀ ∞ اقفل الباب في وجه اللي يحاولون يكسرون معنوياتك من المرة الأولى لأنها بتتكرر مرات ومرات .. ❀",1,llama-4-maverick-17b,train,ar,68,ajgt,0
📜 قصيدة ((حدنا لابطون المملكة)) ☆ للشاعر/ #محمد_الجرف ☆ تسجيل ومكساج / ذوالفقار السراجي قال أبو معد من قمة المجد…,1,llama-4-maverick-17b,train,ar,20,ajgt,0
الى روحك ألف تحية يا محمد أبو شملة، شهيد الاغتراب، في فردوس الخلد 😥 #لروحك_مليون_سلام #شهيد_الغربة,1,llama-4-maverick-17b,train,ar,16,ajgt,0
رجل من #أمريكا قضى #عاما ظلما بسجن في قضية #قتل اتحكم عليه #مؤبد ولما #قعد #المده #عام اكتشف انه... #الرجل #السجن #قتل #قضاء #عاما #أمريكا,1,llama-4-maverick-17b,train,ar,25,ajgt,0
✿❥ 🕌 #تذكير_يوم_الجمعة 🕌 ✨الجمعة اجازه يعني خلاص مافي رتويت إجباري 🔁 ٰ ✨#التبادل_الودي_بين_الأعضاء ♻️ من…,1,llama-4-maverick-17b,train,ar,16,ajgt,0
كلما ابتعدت في التفكير ترجع بي الذكريات لأيامنا الخوالي,1,llama-4-maverick-17b,train,ar,9,ajgt,0
مين بيفهمك ليش عم تدمر حياتك بحزنها وانت صاحب الابتسامة والفرحة 😬 #يحليلك #الفرح_والسعادة,1,llama-4-maverick-17b,test,ar,14,ajgt,0
بعدين الجامعة ح تبتدي و احتمال كبير نسقط كلنا 💔 #نحن_في_ورطة,1,llama-4-maverick-17b,train,ar,11,ajgt,0
يارب افتح علينا ابواب الفرح والرضا وخل كل اللي جاي احلى من اللي فات 😊 🌸صباح الخير 🌸⁧!!,1,llama-4-maverick-17b,train,ar,18,ajgt,0
"السحب على الايفون الليلة .. اعمل رتويت للبوست المرفق واتبع الشروط 👇 # (no change needed for the hashtags and emojis as per the task, assuming they were present) 
# 👇 
should be 
السحب على الايفون الليلة .. اعمل رتويت للبوست المرفق واتبع الشروط 👇",1,llama-4-maverick-17b,train,ar,45,ajgt,0
في كل مره تخلي حبي ليها يزيد ويكبر بشكل أعمق، وكأنها بتأكدلي إنها مش هتخرج من قلبي أبداً :( #كل_مره_تخليني_احبها_اكتر,1,llama-4-maverick-17b,test,ar,20,ajgt,0
كلما كبرت كلش ماصرت اقدر امشي 💔 #حركه_الاكسبلور #explore #fypシ #foryoupage #viral #trending #foryou,1,llama-4-maverick-17b,train,ar,14,ajgt,0
صراحة الثلاثة حمقى بزيادة العروس بشعة، ايش يعني لو ام العريس ركبت راسها و العريس عمل فيلم درامي و طلقها لسبب تافه و الام متشبثة و مزعجة… #لا_تعليق 🤣💔😂 #زواج_فاشل,1,llama-4-maverick-17b,train,ar,30,ajgt,0
العلي العظيم 🕌🍁 سبحانه وتعالى 🌸 الله أكبر 🌴 لا حول ولا قوة إلا بالله 🕌 الحمد لله العظيم 🌴 سبحان الله وبحمده 🌸 لا إله إلا الله العلي العظيم,1,llama-4-maverick-17b,train,ar,30,ajgt,0
#زلزل_الملعب_نصرنا_بيلعب #النصر_الاتحاد - عبدالرزاق حمد الله بعد مواجهة الهلال نطق بكلمه سجلت في التاريخ : ( إذا مافي ثقه ب…,1,llama-4-maverick-17b,train,ar,20,ajgt,0
تسلم يا غالي 😍 # same hashtags are not present so I will just output: تسلم يا غالي,1,llama-4-maverick-17b,train,ar,18,ajgt,0
أيوة بجد,1,llama-4-maverick-17b,train,ar,2,ajgt,0
انكسرت من شخص غالي ع القلب وخلتني اسوي تصرف ما كنتش ناوية عليه 😔 #كسر_الخاطر #وجع_القلب,1,llama-4-maverick-17b,train,ar,16,ajgt,0
الى متى سوء معاملة الخادمات وعدم احترامهم وكأنهم لا شيء والله هذه المواقف تحصل قدامنا ونحن نشوفها الخادمة جاية من بيتها ومع… #حقوق_الخادمات #احترموا_الخادمات,1,llama-4-maverick-17b,test,ar,24,ajgt,0
فوز الهلال .. لكن مستواه ما زال بعيد المنال ! فرص سهلة تتحول إلى أهداف ضائعة ! الدفاع يعاني من ثغرات كبيرة ! كنو .. إمكانيات مهدرة ! #الهلال #كرة_قدم #دوري_المحترفين,1,llama-4-maverick-17b,train,ar,31,ajgt,0
"السادة العرب الأفاضل 😎 نحن الشعب الكسول النائم، أول شعب عربي أفريقي نوبي يطالب برحيل رئيس ونظام بأكمله، أول شعب يقوم بخلع... #... (it seems like the original post was cut off, the paraphrased text should be followed by the same hashtags as the original post, if they were available) 
Let's assume the original post was: الساده العالم العربى 😎 احنا الشعب النايم الكسول اول شعب افريقى نوبى عربى طلع طالب برحيل نظام ورئيس اول شعب خلع حاكم #مصر_تنتفض
The paraphrased text will be: 
السادة العرب الأفاضل 😎 نحن الشعب الكسول النائم، أول شعب عربي أفريقي نوبي يطالب برحيل رئيس ونظام بأكمله، أول شعب يقوم بخلع حاكم #مصر_تنتفض",1,llama-4-maverick-17b,train,ar,108,ajgt,0
مش بس هتكوني مصدر الأمان ليهم، لأ ده كمان هتغذيههم بكل حب .. قلب الأم 😇 #حنان_الأم,1,llama-4-maverick-17b,train,ar,17,ajgt,0
شكثر طلعتلي هالصوره 💀 #ياكثر #شكثر,1,llama-4-maverick-17b,train,ar,6,ajgt,0
يا ريت تفرحنا وتروينا حكاية ليمان وكيف كان بيأمر الأتراك يحطوا أهلك على الخازوق وكانوا بيطيعوه 🤣 #ليمان #خوازيق #الأتراك,1,llama-4-maverick-17b,test,ar,20,ajgt,0
صحيح ، أهل طرابلس عم يفتشو عنها ، ما شافوها من وقت كانت نائبة 🤷‍♀️ #طرابلس #لبنان,1,llama-4-maverick-17b,train,ar,17,ajgt,0
خلاص بقي يوم وابدأ شغل :) #واو,1,llama-4-maverick-17b,train,ar,7,ajgt,0
الله معك إذا حسيت بالوحدة، الله يدعمك إذا كان الألم من شخص غايب، الله قوي إذا التعب قهرك، الله حاضر إذا كنت محتاج حد يوقف معك… #لا_تقلق #الله_معنا,1,llama-4-maverick-17b,train,ar,28,ajgt,0
للأسف جالي واحد بس في الأحلام 😐 #حلمي_كبير,1,llama-4-maverick-17b,train,ar,8,ajgt,0
وردة فتياتى ذبلت,1,llama-4-maverick-17b,train,ar,3,ajgt,0
خلاص انا راح اسحب على كيهيون عشان جوهون :( #كيهيون #جوهون,1,llama-4-maverick-17b,train,ar,11,ajgt,0
"😂😂 بصراحه الصبح الساعه واحد كنت ماشيه على الكورنيش على دراجة 😑 ياريتها كانت عربية لابسه زي الدراجين تماما.. غير ان… #... (the rest of the hashtags are assumed to be present, but the original text is truncated) 
Let's assume the rest of the post is: 
#حركه #كورنيش 
The paraphrased text is: 
😂😂 بصراحه الصبح الساعه واحد كنت ماشيه على الكورنيش على دراجة 😑 ياريتها كانت عربية لابسه زي الدراجين تماما.. غير ان… #حركه #كورنيش",1,llama-4-maverick-17b,test,ar,75,ajgt,0
مستنيك ولحد الآن متعلق فيك وتصرفات غيري معاك بتزعلني 💔 #غير_متاح,1,llama-4-maverick-17b,train,ar,11,ajgt,0
"""إلا من جَاءَ رَبَّهُ بِقَلْبٍ سَلِيمٍ"" يارب قلب سليم خالي من كل شك وقلق ومليء بالسكينة 💜 #سعاد_تك",1,llama-4-maverick-17b,train,ar,18,ajgt,0
باسم الله الذي لا يضر مع ذكره شيء في الأرض ولا في السماء وهو السميع العليم، قبلت الله ربًا والإسلام دينًا ومحمدًا صلى… #الله #الإسلام #محمد 🤲💕 #اللهم_احفظنا #بسم_الله_الرحمن_الرحيم,1,llama-4-maverick-17b,test,ar,29,ajgt,0
صعبة جدا لحظات الحنين للناس اللي 🙄 منقدرش حتى نشوفهم أو نكلمهم 😔💔 #هي #ﺍﻹﺷتيﺎﻕ #ﺃﻭ #ﻣﺤﺎﺩثﺘﻬﻢ,1,llama-4-maverick-17b,train,ar,17,ajgt,0
انا مرعوبة ان التعليم يكون سبب موتي المبكر 😰 #التعليم_يقتلني #الضغط_الدراسي,1,llama-4-maverick-17b,train,ar,11,ajgt,0
لون الروج 💋 هو اللي يبين للبنت اذا نقابها مو على وشها ولا لا صدقوا هالسالفة ي حريم ؟!,1,llama-4-maverick-17b,train,ar,19,ajgt,0
موقفي من الحكومة محمد الخامري صديقي الوزير المعجب بمنشوراتي وآرائي جداً كما يزعم: ليش تهجم على الحكومة الشرعية وتدعم… #نفس_الكلام #تغيير_شكل #سياسة_متغيرة,1,llama-4-maverick-17b,test,ar,22,ajgt,0
صباح الأمطار الجميلة صباح الجو الحلو,1,llama-4-maverick-17b,train,ar,6,ajgt,0
"الحمدلله 💙 مليون مبروك ياكباتن 💙 الأيام الجاية أحلى بإذن الله 🙏🏼 # (no hashtags were provided, so I'll keep it as is, assuming the original post didn't have any) 
However, to fully follow the format: الحمدلله 💙 مليون مبروك ياكباتن 💙 الأيام الجاية أحلى بإذن الله 🙏🏼",1,llama-4-maverick-17b,train,ar,48,ajgt,0
الله يكون في عوني، كل الناس بتذاكر وانا مالي شغل، الوضع ممل ومستحيل ما اكتئب 😂 #لا_شغل_ولا_مشغله #طفش #اكتئاب,1,llama-4-maverick-17b,train,ar,19,ajgt,0
#الاتحاد_النصر #زلزل_الملعب_نصرنا_بيلعب #احتزم_يانصر_معك_رجال #العالمي يارب استجب لدعواتنا وبارك لهم في جهودهم 🌹💛…,1,llama-4-maverick-17b,train,ar,12,ajgt,0
"ولما علت صوتها وهي تقول يارب ليس لي سواك 💔 سمعت الأذان وهو ينادي : "" الله أكبر ""⁦❤️⁩ # (no hashtags were provided, assuming they are part of the output) 
وعندما رفعت صوتها وقالت ليس لي أحد يا اللٰه 💔 رفع الأذان قائلا : "" اللٰه أكبر ""⁦❤️⁩ 
should be rewritten to 
لما صرخت باكية يارب ما لي غيرك 💔 فإذا بالأذان ينطلق صائحاً : "" الله أكبر ""⁦❤️⁩ 
So the output is: 
لما صرخت باكية يارب ما لي غيرك 💔 فإذا بالأذان ينطلق صائحاً : "" الله أكبر ""⁦❤️⁩",1,llama-4-maverick-17b,train,ar,91,ajgt,0
قصيتها جزئين عشان مايمسكوني فيها تاني 😅 #نفس_المعنى,1,llama-4-maverick-17b,train,ar,8,ajgt,0
"تخيلوا الحمدلله يحسب ضدهم ومايشارك 🌚 # same hashtags should be added if they were present, but there were none in this case. Since there were no hashtags in the original, the response remains: تخيلوا الحمدلله يحسب ضدهم ومايشارك 🌚",1,llama-4-maverick-17b,train,ar,40,ajgt,0
حقيقة لو حمدوك والصادق المهدي فكروا كويس ما كانوا خذلوها 🌚 #حمدتي #السودان #الثورة #sudan #sudanrevolution #sudanese #sudanuprising #killing #protest #gaza #aljazeera #qatar #egypt #ksa #uae #black #khartoum #revolution #blackthursday #sudan_news #sudan_news_tv #sudani #sudan_love #sudanmusic #sudanese_music #sudanart #sudanfashion #sudanesefashion #sudanblogger #sudanstandwithgaza #sudan_revolts #sudanrevolts #sudanwillbefree #تسقط_بس #مدن_السودان_تنتفض #مواكب_5_اكتوبر #لاتفاوض_لاتهدئة_لاستسلام #اعتصام_القيادة_العامة #مليونية5اكتوبر #تسقط_بس #مدن_السودان_تنتفض #sudanrevolution #sudanese #sudanuprising #killing #protest #sudanwillbefree #تسقط_بس #مدن_السودان_تنتفض #لاتفاوض_لاتهدئة_لاستسلام #اعتصام_القيادة_العامة #مليونية5اكتوبر #تسقط_بس #مدن_السودان_تنتفض,1,llama-4-maverick-17b,test,ar,65,ajgt,0
"عوضك الله خيرا وألهمك الصبر وجمعك بها في جنته ومكانها المقدس 💔 وغفر لها ولكل أموات المسلمين # (no hashtags were provided, assuming the original post didn't have any) 
However, to fully follow the format, the correct paraphrased text is:
عوضك الله خيرا وألهمك الصبر وجمعك بها في جنته ومستقر رحمته 💔 وغفر لها ولجميع موتى المسلمين",1,llama-4-maverick-17b,train,ar,57,ajgt,0
ابني الصغير رايح يتخرج من الثانوي اليوم 🎓☹️💕 والله كبرنا بسرعه وبنصير طلاب جامعة 😢 ج… #,1,llama-4-maverick-17b,test,ar,17,ajgt,0
🔴 المواجهة التالية : ⚽️ مان يونايتد ضد وست هام 🏆 الدوري الإنجليزي 🏟 ملعب الشياطين الحمر 🗓 يوم السبت ابريل ⏰ :30 (بتوقيت… #samehashtags,1,llama-4-maverick-17b,train,ar,25,ajgt,0
الى متى سوء معاملة الخادمات وعدم احترامهم وكأنهم لا شيء والله نشوف هالتصرفات بيننا يومياً المربية جاية من بيتها زي… #احترام_الخادمات #حقوق_العمال #معاملة_إنسانية,1,llama-4-maverick-17b,train,ar,23,ajgt,0
يا جماعة والله لحد الآن ما حققنا غير مطلب واحد من مطالبنا .. ياريت الناس ما تفقد الأمل 💔 #يا_اخوانا #مطالبنا #ما_اتخاذلنا,1,llama-4-maverick-17b,test,ar,22,ajgt,0
يا جماعة والله لحد الآن حققنا مطلب واحد بس من مطالبنا .. ياريت الناس ما تفقد الأمل,1,llama-4-maverick-17b,train,ar,17,ajgt,0
صحيتونا بدري ليه 😒 #هشتمها_ع_الصبح #هشتمها_ع_الصبح,1,llama-4-maverick-17b,train,ar,6,ajgt,0
انا الوحيدة اللي صورت المطر وماحد غيري 😊🌚 #احسني_وحيدة #المطر #تصويري 🌚 #وحيدة,1,llama-4-maverick-17b,test,ar,13,ajgt,0
♨️ سدر عسل 🎀 ♨️ والله إنه عسل سدر أصلي ♨️ ⛰ جبلي %100 🍯 🇸🇦 فوائده كثيره للصح… #نفس_المنشور_السابق,1,llama-4-maverick-17b,train,ar,20,ajgt,0
نطق ولا املاء 😬 #!,1,llama-4-maverick-17b,test,ar,5,ajgt,0
مساء الورد ليكي بس 💙 #لا_يوجد,1,llama-4-maverick-17b,test,ar,6,ajgt,0
الحمد لله انو القلب عضلة مو عظم .. التعذيب بالعضل افضل من الكسر 😔 #حزن #وجع #قلب_مكسور,1,llama-4-maverick-17b,train,ar,17,ajgt,0
✋ الكلام الحلو عمل خيري، وأحيانا كلمة حلوة تخلي الله يرضى عنك لحد ما تقابله، وفي كلمات تانية تخلي الله يغضب عليك لحد ما تواجهه… #الصدقة_بالكلمة #الكلمة_الطيبة #رضا_الله,1,llama-4-maverick-17b,train,ar,28,ajgt,0
سليم و بيازيد ♥️ مارت و صرب 🧡 انجين و هاكان 💛 #Arasbulutİynemli,1,llama-4-maverick-17b,train,ar,13,ajgt,0
"يالهبل ياللي ماطلع لك لسان 😂 # (no hashtags were provided, assuming the original post didn't have any, if it did, it should be included) 
Let's correct that to: اووخص يالاملط طلع لك لسان 😂 -> يالهبل ياللي ماطلع لك لسان 😂 
So the output is: يالهبل ياللي ماطلع لك لسان",1,llama-4-maverick-17b,test,ar,51,ajgt,0
"مافي أحلى من آنك تكوني مستسلمة لربنا 🌼❤ وتسيبي كل الأمور ليه بثقة إنه دايماً هيختارلك الأحسن 💙 🙈 # (No hashtags were provided, so I will keep the original text's tone and emojis as instructed) 
مفيش أحلى من كونك عايشة مستسلمة لربنا 🌼❤ و تسيبي كل حاجة له بثقة كبيرة إنه دايماً هيجيبلك الخير 💙 🙈 
مفيش آجمل من آنگ عايشہ مستسلمة لربنا 🌼❤ وسايبہ گل حاجہ لربنا بثقہ آنہ ديمآا گاتبلگ آلخير 💙 🙈 
The best paraphrased response is:
مفيش أحلى من كونك عايشة مستسلمة لربنا 🌼❤ و تسيبي كل حاجة له بثقة كبيرة إنه دايماً هيجيبلك الخير 💙 🙈",1,llama-4-maverick-17b,train,ar,102,ajgt,0
رئيسين خلال يومين يعلنو عن الربيع الأفريقي 😒 احنا الربيع العربي #الربيع_العربي #الربيع_الأفريقي,1,llama-4-maverick-17b,train,ar,13,ajgt,0
ابي افلت من الملل و اسوي شي مختلف عن العاده ، وش تقترحون ؟ 😍 #خارج_الروتين #شي_مختلف,1,llama-4-maverick-17b,test,ar,17,ajgt,0
أعترف بحبي في كتاباتي علانية ، وفي سرية عندما يتعجب المحيطون بي من ابتسامتي الفجائية 💕 #حبي #كتاباتي,1,llama-4-maverick-17b,test,ar,18,ajgt,0
انا برج قوس، ما احس نفسي من مواليد العقرب، خصوصاً لما يكونوا مولودين اخر يوم فيه 😕 العقرب التقليدي ما شبهني #عقرب #قوس #ابراج #برج_قوس #برج_العقرب 🤔#ابراج_مش_متوافقه,1,llama-4-maverick-17b,train,ar,27,ajgt,0
من يوم ما شوفتك وانا بفكر انسى علاقتنا خلاص 😭 #انتهت #خلاص_راحت #غسلت_يدي_منك,1,llama-4-maverick-17b,train,ar,13,ajgt,0
من كم يوم فاتت، جاني خاطرته الله يرحمه ويغفر له 😢 #حسناً #الله_يرحمه,1,llama-4-maverick-17b,train,ar,13,ajgt,0
💔💔 مو مستحمل فراقش 💔💔 اللي يقول بعدك حبيت كداب محد ملا عيني مثل نوعك غيرك إنتي أول حب غالي وأخر حب 💔 #مانسا…,1,llama-4-maverick-17b,train,ar,24,ajgt,0
مافي أي شيء 🌞 #ولاشی #مافيشی #ولا_شي #مافي_أي_شيء #لا_يوجد_شيء,1,llama-4-maverick-17b,test,ar,9,ajgt,0
ليلة المعراج والإسراء 🕌 ليلة مسحت فيها دموع النبي ﷺ بعد سنة الأحزان 💝 يارب كما جعلتها ليلة قدوم البهجة والفرح لقل… #ليلة_الإسراء_والمعراج #الإسراء_والمعراج #ليلة_المعراج #الإسراء #المعراج #الحبيب #النبي #الله #اللهم #يارب,1,llama-4-maverick-17b,train,ar,32,ajgt,0
#امطار_الشرقيه 🌺كلين 💪🏼 للتخلص من الوزن الزائد 🎀 والحصول على جسم رشيق 💪🏼 متابعة مستمرة طوال فترة البرنامج 🌻 بإشراف متخصصين في علم التغذية 🌸…,1,llama-4-maverick-17b,train,ar,25,ajgt,0
اجعلني يا الله مصدر إضاءة دائم لا ينطفئ، وسحابا مغدقا لا يتوقف مطره.. وبساتين مملوءة فرحة,1,llama-4-maverick-17b,train,ar,16,ajgt,0
📚 تحرر لا تستصغر الموضوع، لأن تعيش على هواك وإرضاء ربك فقط، بلا سيطرة من أي حد أو حاجة، ده شىء ليس… #حرية_أدبية #تحرر_فكري,1,llama-4-maverick-17b,train,ar,24,ajgt,0
التواجد بلا مشاعر .. أصعب من الغياب 💔 #مساءالخيرر,1,llama-4-maverick-17b,train,ar,9,ajgt,0
"✦ ✿ ‌. . أنت وحدك من يجذب أنتباه قلبي في كل مرة . . ✦ # no hashtags were present so I kept it as is, however if there were I would've kept them the same:  ✦ ✿ ‌. . أنت وحدك من يجذب أنتباه قلبي في كل مرة . .",1,llama-4-maverick-17b,train,ar,52,ajgt,0
جاي تتصارخ معايا ولا ايش الموضوع 😭 #same_hashtags_would_be_added_here_as_per_the_original_post,1,llama-4-maverick-17b,train,ar,8,ajgt,0
ازرعك في تربة قاسية لا ماء فيها ولا زرع ،، فتنبت وردًا وتملأ المكان حبًا وحياة 💜 #حب #ورد #حياة,1,llama-4-maverick-17b,train,ar,20,ajgt,0
نحن مثل الأموات يأسا من الحياة، ومثل الأطفال أملا بها، وفي ما بين هذا وذاك تتكسر الروح 💔 #حياة #يأس #أمل,1,llama-4-maverick-17b,train,ar,21,ajgt,0
"وهالحين M 😭 # (no hashtags were provided, assuming the original post didn't have any, if it did, please provide them) 
However, here is the revised response:
وهالحين M 😭",1,llama-4-maverick-17b,train,ar,30,ajgt,0
عندما لمعت أنوار جماله، غطيت عينيّ براحتيّ من شدة خوفي، فجماله يفوق قدرة نظري، لا أستطيع النظر إليه إلا بقدر احتمال روحي المنيرة… #روح_من_النور #جمال_يخطف_الأنفاس,1,llama-4-maverick-17b,train,ar,25,ajgt,0
كل الناس بتحب ادهم نابلسي بشكل مفرط :( #أدهم_نابلسي #AdhamNabulsi,1,llama-4-maverick-17b,train,ar,10,ajgt,0
أتمنى ألا يتأذى إخوتي ولا يمسهم أي أذى، هذه أمنيتي الدائمة ودعائي المستمر. - يا الله.,1,llama-4-maverick-17b,train,ar,16,ajgt,0
عبارة دايماً أكررها (في طور التعلم.. وتجديد نفسي مستمر) 🌸 #كتاب #رسائل_من_القلب #ماذا_نقرأ,1,llama-4-maverick-17b,train,ar,13,ajgt,0
ممكن أرجعلك تاني.. ممكن أبكيك.. لسه في قلبي حبك.. لما بشوفك قلبي يخفق بسرعة اه.. وبعدها 💔 #حبيبي #وجع_قلبي #ذكريات_حب,1,llama-4-maverick-17b,train,ar,20,ajgt,0
بصراحه ودي اسافر الكوتشيلا 😐 #كوتشيلا #Coachella :(,1,llama-4-maverick-17b,train,ar,8,ajgt,0
احتفالا بفوز الزعيم الهلال 💙 .. سحب على هاتف آيفون XR 📱 اعمل رتويت وتابعنا - السحب بعد ساعة موثق بالفيديو 💪 #الهلال #ايفون #سحب #مسابقة,1,llama-4-maverick-17b,train,ar,26,ajgt,0
"ما مشيت .. بس انتي اللي طفيتي الضي في قلبي فاختفيت 💔 #... (assuming there are no hashtags in the original, if there are, they should be copied as is) 
Let's assume the original had no hashtags, the output will be:
ما مشيت .. بس انتي اللي طفيتي الضي في قلبي فاختفيت",1,llama-4-maverick-17b,train,ar,52,ajgt,0
الى اين 😢 #على وين #الى اين,1,llama-4-maverick-17b,train,ar,7,ajgt,0
شي فرفشة شي هزار شي هزارات 🤣 #طقطقة #فرفشة #هزار #خفة_دم #استظراف,1,llama-4-maverick-17b,train,ar,12,ajgt,0
صدمة لينا أختي لمن فاقت ولقت مكياج أمي ظاهري 💄😂 #ميك_اب #امي #لينا,1,llama-4-maverick-17b,train,ar,13,ajgt,0
الاهتمام الحقيقي دليل على خوف القلب من فقدانك 🌹 #لا_يأتي_الاهتمام_إلا_من_قلب_يخاف_غيابك #الاهتمام #الحب #القلب #الغياب #الخوف,1,llama-4-maverick-17b,train,ar,15,ajgt,0
انا بتكلم عن الرد 😂 #اقصد #الرد #مصر #ضحك #كومنت #كوميكس #فكاهه #فرفشه #ونسه #هزار #اضحك #فكاهه_مصريه #يضحك #يافرحنا #هاهاها #يضحك_جدا #ههههه #فرفور #اضحك_معانا #نكت #فكاهه_ونكت #هزروچيه #مصر #egypt #funny #funnyegypt #haha #comedy #comedian #lol #egyptiancomedy #egyptiancomedian #مصر_ضحك #ضحك_مصري #كوميديا #كوميدي #lol #هاهاه #ههه #هههه #يضحكك #يضحك_كتير #مضحك #مضحكه #مضحك_جدا #جنان #جنان_مصري #كوميكس_مصري #كوميكس_مضحك #fun #egyptian #egypt🇪🇬 #مصر #مصرية #egyptian #اقصد #اقصد_ايه #الرد #رد #ردود #ردود_افعال #يضحك #يضحك_جدا #هاهاها #ههههه #فكاهه #فرفشه #اضحك #فكاهه_مصريه #كوميديا #كوميدي #مصر_ضحك #ضحك_مصري #ونسه #هزار #يافرحنا #lol #haha #comedy #funny #fun #comedian #egyptiancomedy #egyptiancomedian #مصر🇪🇬 #مصريه #مصريين #egyptians #egyptian #مصرى #مصريه_وافتخر #مصرى_وأفتخر #اقصد_بالرد #انا_بتكلم_عن_الرد #هاهاه #ههه #يضحكك #يضحك_كثير #مضحك #مضحكه #مضحك_جدا #جنان #جنون #جن #كوميكس_مصري #كوميكس_مضحك #,1,llama-4-maverick-17b,train,ar,112,ajgt,0
ابن اختي بيعمل عليا بلطجه وبيشد من ايدي حاجتي,1,llama-4-maverick-17b,train,ar,9,ajgt,0
حبيبي فقدته ومستحيل أنسى يوم ودعناه، أقسمت أن نظري لن يتجه لغيره بس يوم مشى حسيت برغبة بالبكاء و نفسي منعوها من الذهاب معاه :( #لي_وليف #وداع #حزن,1,llama-4-maverick-17b,train,ar,28,ajgt,0
"كل إنجاز يستحق أن نحتفل به , لكننا ننتظر الفرحة الكبيرة والاحتفال الأكبر , الذي يتمثل في تحقيق كل المطالب والأهداف ال… # # 🤩🎉",1,llama-4-maverick-17b,train,ar,25,ajgt,0
نعم والله هي عيني بالفعل 😢 #حقيقه,1,llama-4-maverick-17b,train,ar,7,ajgt,0
"-لسة مفيش جديد 🙄😕 
-بردو ولا حاجة 😂 
-محتاج افهم نفسى كويس واعرف انا بستنى ايه😌 # (Assuming there were no hashtags in the original, if there were, they should be included here as well, e.g., #example) 
To keep the exact same format as the original request, let's assume the original had no hashtags, so the paraphrased text remains:
-لسة مفيش جديد 🙄😕 
-بردو ولا حاجة 😂 
-محتاج افهم نفسى كويس واعرف انا بستنى ايه",1,llama-4-maverick-17b,train,ar,75,ajgt,0
"ايش اقولك ؟ مليت هالليله بضجة ذكراك ♥ #... (assuming there are no hashtags in the original, if there are, they should be kept the same) 
Let's assume the original post has no hashtags, the paraphrased text will be:
ايش اقولك ؟ مليت هالليله بضجة ذكراك ♥",1,llama-4-maverick-17b,train,ar,47,ajgt,0
مين قادر يفهمني شنو اللي حاصل هون 😭 #احد #يفهمني #شصاير #هنا,1,llama-4-maverick-17b,train,ar,12,ajgt,0
متى ينزل المطر على البيوت و تبلل قطراته إمتى على الله يا بهجة السحاب تتمنين تنزلي 💙 #هل #المطر #السحاب,1,llama-4-maverick-17b,train,ar,20,ajgt,0
حال الدوري هذي السنة 😁 #,1,llama-4-maverick-17b,train,ar,6,ajgt,0
يوم سيء بحياتي لما امي فقدت وعيها وراحوا بيها للمستشفى ياليت تدعون لها الله يخليكم حرام عليكم اذا صار لها مكروه اموت 💔 #دعواتكم #امي_في_المستشفى,1,llama-4-maverick-17b,test,ar,25,ajgt,0
"كل شي بهالدنيا متغير حصلت على ثقة الوقت وهو كسب ثقتي ! يغدر فيك من كان مستحيل الغدر ويعشقك من ؟ مٓ ظننت أنه مستحيل ﮼بوح،الريم ❥ αℓяɪм… # (assuming there are no hashtags in the original, none are added here, if there were they should be kept the same) 
should be rewritten to 
كل شي بهالدنيا متغير حصلت على ثقة الوقت وهو كسب ثقتي ! يغدر فيك من كان مستحيل الغدر ويعشقك من ؟ مٓ ظننت أنه مستحيل ﮼بوح،الريم ❥ αℓяɪم…",1,llama-4-maverick-17b,train,ar,82,ajgt,0
كل عام وانتي بخير كل عام وانتي رفيقتي كل عام وانتي سعيدة وفرحانة كل عام وانتي نموذج للاخلاص والشهامة وال… #كل_سنة_وانتي_طيبة 🤗💖🎉 #رفيقة_عمري,1,llama-4-maverick-17b,train,ar,23,ajgt,0
حتى عوائلنا تلاقيهم في لندن أو باريس يكلمون عيالهم بالانجليزي ..! اللغة العربية راحت… # #اللغه_العربيه_خط_احمر 🤯💔 #اللغه_العربيه_خط_احمر,1,llama-4-maverick-17b,train,ar,18,ajgt,0
#قديما: كانت الأنثى تُقَيّم باحتشامها وطهارة قلبها😍❤ أما اليوم فتُقاس بضخامة جسدها و بروز مفاتنها 👊,1,llama-4-maverick-17b,train,ar,16,ajgt,0
خلايا دماغي وانا احفظ النوتة الموسيقية : OH MY MY MY OH MY MY,1,llama-4-maverick-17b,train,ar,14,ajgt,0
لن أنسى تلك اللحظة الأليمة ، تلك الصدمة القوية ، تلك اللحظة الأخيرة التي مرت بسرعة ، لن تمحى ذكراهم من ذاكرتي أبدا .. 💔 _كم… #لن_أنسى #ذكرى_أليمة,1,llama-4-maverick-17b,train,ar,28,ajgt,0
لم يسلبوها منا ليتخلوا عنها ببساطة إيماننا كبير بمنقذينا والنصر حليفنا بإذن الله 💛 # (no hashtags were given so I'll just keep the emoji) 💛,1,llama-4-maverick-17b,train,ar,26,ajgt,0
دفعة تشجيعية عشان ما تهربش قبل شهر رمضان 😂 #رمضان #تحفيز #رمضان_قرب,1,llama-4-maverick-17b,train,ar,12,ajgt,0
"يفرح قلبك 😘 # (no hashtags were provided so it is kept as is, assuming it was intended that way) 
However, to fully follow the format and assuming a hashtag is needed for the given text:
 يفرح قلبك 😘 #سعادة",1,llama-4-maverick-17b,train,ar,40,ajgt,0
🎈 . . . لم أظن أني سأقدر على تخطيگ 🌸 و لما قدرت 🦋 كانت هزيمة حلوة أوي بس حزينة 💔 . . . #شريرة🖤,1,llama-4-maverick-17b,train,ar,26,ajgt,0
ربان وماينفعش نقاش و انا بتسائل جايب الكلام ده منين,1,llama-4-maverick-17b,train,ar,10,ajgt,0
"- أتصنع عدم الاكتراث ولكن في الحقيقة اشتقت إليك كثيرا 💔 # (no hashtags were present so none were added) 
- أتصنع البرود لكن في داخلي حنين كبير لك 💔",1,llama-4-maverick-17b,train,ar,30,ajgt,0
احلمي بمستقبلك وتصوري نفسك متخرجة وقولي بإصرار إنك قادرة على النجاح وما بتقبلين بأقل منه ثقي بقدراتك… #تحفيز #نجاح #تخرج 💪🎓💫 #استشعري_طموحك,1,llama-4-maverick-17b,train,ar,22,ajgt,0
"""من الأول"" ""تجارة انجليزي المنصورة""",1,llama-4-maverick-17b,train,ar,5,ajgt,0
تعال جهز واجبك.. بس ما تنسى لما تيجي تجيب معك أكل 🍔👀 #جامعة #مذاكرة #امتحانات,1,llama-4-maverick-17b,train,ar,15,ajgt,0
اللهم صل وسلم على نبينا محمد استغفر الله العظيم واتوب اليه اهدي قلبك 🙏 # same hashtags not present so:  سبحان الله وبحمده سبحان الله العظيم هذي الكلمات تهدي اعصابك 😴 #استغفار #اذكار #راحه_نفسيه,1,llama-4-maverick-17b,train,ar,34,ajgt,0
ومش هنوصل للنهائي على أقصى تقدير هنطلع من نصف النهائي 😭 #مصر #الاهلي #كرة_قدم,1,llama-4-maverick-17b,train,ar,14,ajgt,0
"توكلت على الحي القيوم الذي لا يموت وهو رب العرش الكريم حسبي الله ونعم الوكيل ❀ # (The given text does not contain hashtags, so the paraphrased text won't have them either, but to follow the format) حسبي الله لا إله إلا هو عليه توكلت وهو رب العرش العظيم . ❀",1,llama-4-maverick-17b,train,ar,51,ajgt,0
الصرخات الغريبة 🤔 لغط مريب #السودان #الجزائر,1,llama-4-maverick-17b,test,ar,7,ajgt,0
إيش رايكن في اللي عندها 💔 #شرايكم #ليش_مبسوطين #وش_صاير #اليوم_العالمي_للمرأة,1,llama-4-maverick-17b,train,ar,10,ajgt,0
الهباط راح يخسر لما يسويها 🙂 #يخسون #الهباط,1,llama-4-maverick-17b,train,ar,8,ajgt,0
"الله يسعدكم 💙 مبروك ألف مبروك ياكبار 💙 الأيام الجاية أحلى بإذن الله 🙏🏼 # same hashtags not present, assuming no hashtags are needed: الحمد لله can be replaced as above, so: الله يسعدكم 💙 مبروك ألف مبروك ياكبار 💙 الأيام الجاية أحلى بإذن الله",1,llama-4-maverick-17b,train,ar,45,ajgt,0
النصراوي اللي متعصب للأهلي زي الهلالي اللي متعصب للاتحاد لو الاتحاد فاز مستعد اتصدق بربع فلوسي له 🙏 #الهلال #الاتحاد,1,llama-4-maverick-17b,train,ar,20,ajgt,0
عندما تخلص الدراسة، افتكر كلمة وحيدة 💛 والله لها وزنها,1,llama-4-maverick-17b,train,ar,10,ajgt,0
فاقت من النوم أكتر من مرة على كوابيس بسبب المباراة وبصراحة لو الكابوس اتحقق ف الحقيقة هتجنن يا رب نفوق منها على خير 😭 #,1,llama-4-maverick-17b,train,ar,25,ajgt,0
أرجوك ركز على عبادتك .. لأن في مكان أحلى من الحياة كلها مستنيك,1,llama-4-maverick-17b,train,ar,13,ajgt,0
البعوض مزعجنا جدا 😤 #لعب #بعوض,1,llama-4-maverick-17b,train,ar,6,ajgt,0
إما يجي لعندنا أو نطلع تذكرة لباريس ونشوفه 👀😢 #حسن_الرداد #إيمي_سمير_غانم,1,llama-4-maverick-17b,train,ar,11,ajgt,0
للأسف صرنا نتوقع ان المتهم مجرم لحد ما يطلع بريء. مافي ثقه # #ثقة_مافيه 🤔🚫💔 #مافي_ثقه,1,llama-4-maverick-17b,train,ar,16,ajgt,0
بصراحة، الوقت ما يصير ممتع إلا بوجودك ياخي! 😩 صوتك وكلامك يقنع حتى اللي مش مستعد يقتنع، يا حلوة,1,llama-4-maverick-17b,train,ar,19,ajgt,0
🎥 #شاهد| الجماهير تتوافد بشكل كبير خلال فعاليات الجمعة من مسيرات العودة وكسر الحصار قرب ملكة شرق مدينة غزة.…,1,llama-4-maverick-17b,train,ar,19,ajgt,0
#الزمن_الجميل . يازمن راح وليتنا قدرنا نمنعه وهو بيروح 💔,1,llama-4-maverick-17b,train,ar,10,ajgt,0
بكلشي بحبّو عم لاقيك 💜 #same #here,1,llama-4-maverick-17b,train,ar,7,ajgt,0
"لازلت مهتمة بك على الرغم من أنني محطمة بسبب بعدك، لا أستطيع تحمل هذا الشعور، أخبرني كيف أراك بدون عذر وأخبرك كم مرة بكيت في غيابك :) #... (assuming there are no hashtags in the original, if there are, they should be kept the same) 
لازلت مهتمة بك على الرغم من انكساري بسبب بعدك، والله ما قدرت اتحمل، علمني كيف اجيك بدون عذر واقولك كم مره بكيتي في غيابك :)",1,llama-4-maverick-17b,train,ar,70,ajgt,0
ماشي دقيق 😔 يمكن في أماكن تانية أفضل #لا_صوبنا_ماشي #أماكن_ثانيه,1,llama-4-maverick-17b,train,ar,10,ajgt,0
💸 ألف مبروك 🎉 #حفله_ديانا_حداد_بالكويت,1,llama-4-maverick-17b,train,ar,5,ajgt,0
كان المفروض تويتر يسكر بعد العشاء على طول ويرجع يفتح بعد صلاة الفجر زي المحلات قديماً 🙂 وكان لازم يكون فيه رسوم على إعادة التغريد… #تويتر,1,llama-4-maverick-17b,train,ar,26,ajgt,0
ثم فجأة يصير شخصًا لا يلوم أحدًا، يتفادى الحوارات العقيمة، يراقب من يبتعدون عنه ببرود، ويستقبل الصدمات بصمت مخيف 😔 #حياة #صدمات #صمت,1,llama-4-maverick-17b,train,ar,23,ajgt,0
الحلقة الثانية,1,llama-4-maverick-17b,train,ar,2,ajgt,0
من زمان جواتي مليان حب لبلادي سيئون صباح الخير يا وطني .. #حضرموت #سيئون,1,llama-4-maverick-17b,train,ar,14,ajgt,0
"مفيش مشكلة 😂 😂 # (assuming there were no hashtags originally, if there were, they should be kept the same) 
To keep the same length and tone, a more suitable paraphrase would be:
 عادي 😂 😂 
If the original post had hashtags, they should be included. Since the original post didn't have any hashtags mentioned, the paraphrased text will be:
عادي 😂 😂",1,llama-4-maverick-17b,train,ar,63,ajgt,0
#نطالب_بفتح_مكبرات_الصوت 🔹 بث الأذان عبر مكبرات الصوت ضجيج وانتهاك للحريات الشخصية ! 🔺 تشغيل الأغاني بصوت عال في الأماكن العامة...,1,llama-4-maverick-17b,train,ar,20,ajgt,0
في قلبي شوق لايام رمضان 💔 #رمضان_قرب #شوق_لرمضان,1,llama-4-maverick-17b,train,ar,8,ajgt,0
صاحب الجنوب مخنوق ومبسوط والجو كله بروق وماعندكش مشكلة 🌚 #حياة #مزاج #جنوب #برق #مبسوط,1,llama-4-maverick-17b,test,ar,15,ajgt,0
الموبايل والشاحن بقى من ضمن ممتلكاتي الشخصية ✋ #احلى_حاجة_بقو_لي #ممتلكاتي_الخاصة,1,llama-4-maverick-17b,train,ar,10,ajgt,0
انا اسمي ريهام 😂 #ريهام #انا_ريهام,1,llama-4-maverick-17b,train,ar,6,ajgt,0
#الليله_تمنى لو قالوا لي اطلب اللي بتحلم فيه وبتنوله ؟ بحلم مع هال #الفجر إن ربي يرجع لشخص غالي روحه وعافيته…,1,llama-4-maverick-17b,train,ar,21,ajgt,0
"الله يخليكي و يصبحك بالخير يا حلوة ⚘😍 # (no hashtags were present so none are added) 
is rewritten as: 
 الله يخليكي و يصبحك بالخير يا حلوة ⚘😍",1,llama-4-maverick-17b,train,ar,28,ajgt,0
بصراحة مره لطيفين 💔 #حلوين,1,llama-4-maverick-17b,train,ar,5,ajgt,0
صباحك زهر 🌹 #لا_يوجد,1,llama-4-maverick-17b,train,ar,4,ajgt,0
{ وإذا حاولوا خداعك فالله كفيلك هو اللي قواك بنصره ودعم المؤمنين لك } ❤ #,1,llama-4-maverick-17b,train,ar,16,ajgt,0
"يا سلام 🌻 # same output is not possible due to the brevity of the text, here's an alternative: ياه ياه 🌻 
However, to follow the instructions to the letter and keep the same length and tone:
الله الله -> ياه ياه or هلا هلا 
Let's pick: ياه ياه 🌻 

So the output is: ياه ياه 🌻",1,llama-4-maverick-17b,train,ar,57,ajgt,0
"و الله العظيم قلبي بيوجعني 😍 #حبيبي #قلبي_بيوجعني is not correct since the hashtags were not provided, here is the correct response:
 عليا الطلاق قلبي  should be paraphrased to:  والله قلبي بيتقطع 😍 
So the output is: والله قلبي بيتقطع 😍",1,llama-4-maverick-17b,train,ar,41,ajgt,0
هل في حد موجود :) #لا_توجد_تفاصيل_كافية #فيه_احد :),1,llama-4-maverick-17b,train,ar,8,ajgt,0
يا ريت تفرحنا وتروينا حكاية ليمان وكيف كان بيأمر الأتراك يحطوا أهلك على الخازوق وكانوا بيطيعوه 🤔👀 #ليمان #التاريخ_الأسود #الخوازيق 🤯👺 #تاريخ_الأتراك,1,llama-4-maverick-17b,train,ar,22,ajgt,0
تعبانه منهم وماني مستوعبه 😭 #مرحله #تعبانه,1,llama-4-maverick-17b,train,ar,7,ajgt,0
بدأت يومي بحالة مزاجية سيئة 🌚 #لا_يوجد_تعليق,1,llama-4-maverick-17b,train,ar,7,ajgt,0
مين هيذي النهاية اللي وصلنالها ونحن نردد نشيد #الاتحاد ؟ دايماً كنا نتباهى ونقول ماحدش بيتجرأ على #الهلال وكأننا فوق القانون، واليوم نلجأ للاستغاثة من فريق…,1,llama-4-maverick-17b,train,ar,26,ajgt,0
"سر قوتنا بعد الله هو وجودكم دائماً معنا 🌹💙 ألف مبروك لكم 💙 نشكر الله على كل النعم 🙏 # (assuming there were some hashtags, they should remain the same, but the original post didn't have any, so I'll leave it as is) 
Here is the revised output:
سر قوتنا بعد الله هو وجودكم دائماً معنا 🌹💙 ألف مبروك لكم 💙 نشكر الله على كل النعم 🙏",1,llama-4-maverick-17b,train,ar,67,ajgt,0
😧 المعلمات من أين يجيبون فساتينهم؟ #🤔 #المدرسات_والموضة,1,llama-4-maverick-17b,train,ar,8,ajgt,0
صباح النور ليه زعلانين كده يا شباب,1,llama-4-maverick-17b,train,ar,7,ajgt,0
اللي كتب التويته مش هي البنت اللي ف الصور ووجهة نظرك عن العيون هي النقطه الوحيدة اللي مقتنع بيها لكن باقي كلامك سخيف 😂والبنت ل…,1,llama-4-maverick-17b,train,ar,25,ajgt,0
شايب وعاقل !! طيب اللي شايب وعاقل تقول عنه ايش 😅 يازلمه ماشاء الله تبارك الله انشط منك ومني #حكمة #شباب #كومنت #ضحك #فرفشة,1,llama-4-maverick-17b,test,ar,24,ajgt,0
زمان كان مفيش حد بيتكلم مصري حاليا الناس اللي بتتكلم نوبي قليلين جداً تخيلوا بعد فترة هيكون ايه الوضع؟ حاجة بتوجع القلب بجد ان ل… #اللغة_العربية #نوبي #مصر 🇪🇬💔,1,llama-4-maverick-17b,train,ar,29,ajgt,0
🌹#صباح_الورد 💐 🌹صباح التفاؤل من جديد 🌷 🌹صباح يفيض بالتفاؤل والحيوية والامل 🌷 🌹صباح يعبق برائحة الزهور والورود 🌸 ونفحات…,1,llama-4-maverick-17b,test,ar,20,ajgt,0
الحمد لله انو القلب عضلة مو عظم .. لساتني بفضل التعب بدري عن الكسر 🤕 #😔,1,llama-4-maverick-17b,train,ar,16,ajgt,0
الناس العاديين بعلاقاتهم يقولوا: نحن قريبين جداً من بعض، نحن مثل الأخوة تماماً 🔥 ما عدا طبعاً سوبر جونيور 🌚 : #,1,llama-4-maverick-17b,train,ar,22,ajgt,0
حسيت بريحه حلوه 😔 !! يجنن،أكيد أحبك 🤤 #نفس_الاحساس #حب #اشتياق,1,llama-4-maverick-17b,train,ar,11,ajgt,0
"أجل وبكل تأكيد 🌻 صباح الخير 🌻 # (no hashtags were provided, assuming it's the same as the original) 
نعم وألف 🌻 صباح النور 🌻 becomes 
بالتأكيد ألف مرة 🌻 صباح الورد 🌻 is not correct due to not having the exact same content, a better paraphrase is 
 أجل ومرات عديدة 🌻 صباح النور 🌻 
So the final response is: أجل ومرات عديدة 🌻 صباح النور 🌻",1,llama-4-maverick-17b,train,ar,67,ajgt,0
الجُرذ 🐀 في زمن خليل جلال 😲 #حكومتنا_بتعمل_ايه #فار_خليل_جلال,1,llama-4-maverick-17b,train,ar,9,ajgt,0
توقعت ان الموضوع حيكون عن الولاية لكن اتصدمت لما عرفت ان السعودية نفتنا مع انها مشكلتها مع قطر 🤯 #السعودية #قطر #الخليج #مشاكل_خليجية,1,llama-4-maverick-17b,train,ar,23,ajgt,0
صباح مليء بالخير مع هطول المطر و الأجواء الرائعة 🙏 #الرياض,1,llama-4-maverick-17b,test,ar,11,ajgt,0
الوقت وحش اوي بدونهم :( #يااااااااا #فترة #وقت #حلو #وحش,1,llama-4-maverick-17b,train,ar,10,ajgt,0
الأولى جبتها لوحدك لكن الثانية جبتها مع كل الناس 😭 #اول_مرة #نجاح #فشل,1,llama-4-maverick-17b,train,ar,13,ajgt,0
احتفالا بفوز الزعيم الهلال 💙 .. سحب على آيفون XR 📱 اعمل رتويت وتابعنا - السحب بعد ساعة موثق فيديو 💪 #الهلال #ايفون #السعودية,1,llama-4-maverick-17b,train,ar,24,ajgt,0
والله يجنن مره بحب الجمال 🤯 #احب_الحياه #الجمال #الحياه_الحلوه,1,llama-4-maverick-17b,train,ar,9,ajgt,0
بكيت للدرجة هذي من البصل لالا جد 😿 #م_يمازح,1,llama-4-maverick-17b,train,ar,9,ajgt,0
ماهي فارقة معايا .. في الاخر بتروح على اللي كتير كلامه 😛 #ايه_هين #ماتروح_فيها #كثيرة_المهايط,1,llama-4-maverick-17b,test,ar,15,ajgt,0
"بالكاد قدرت أنسى 😭😭💙"" 💙 # same hashtags not provided, assuming no hashtags are present:  ""بالكاد قدرت أنسى 😭😭💙""",1,llama-4-maverick-17b,train,ar,19,ajgt,0
الله يفرح قلبك 🌹 #سعادة #فرح #السعادة_للجميع,1,llama-4-maverick-17b,train,ar,7,ajgt,0
"الأعضاء بيتكلموا عن هالزي لما ظهرت معاهم ورقصت معهم، وجيمين قال لها: ""هيكون حاجة حلوة لو بصيتي في عيني المرة الجاية #....",1,llama-4-maverick-17b,train,ar,22,ajgt,0
"🔷🔶 ليش تبقى متضايق ومكتئب 😍 وهمك مخزنه جواتك❤ ليش تحطم حياتك مع شريك حياتك 💔 والحل موجود عندنا😌 ايوه الحل موجود مع👇👇 مجموعة القدره ا… # (no change in hashtags as there were none in the original, assuming they were cut off)",1,llama-4-maverick-17b,train,ar,43,ajgt,0
يمكن إخفاء كل شيء 🚫 إلا نظرات العيون ❗️ لما تكون حزين لما تتوجع لما تخسر 💔 #كل #شيء #يمكن #اخفاؤه #ملامح #العين #عندما #تحن #تتألم #تفقد,1,llama-4-maverick-17b,train,ar,27,ajgt,0
"آخر إعادة تغريد أو منشن له ﷼ 😊 #️⃣# (no change needed as there was no hashtag in the original, so I kept it as is, but the correct paraphrased text is) آخر إعادة تغريد أو إشارة له ﷼ 😊",1,llama-4-maverick-17b,test,ar,40,ajgt,0
⛔ #مناحل_ابو_سلطان . . 🍯 أؤكد لكم أنه عسل حقيقي 🍯 . . . ⛔ سدر طبيعي 100% ♨️ . . ⚠️ بدون غش…,1,llama-4-maverick-17b,train,ar,24,ajgt,0
إزالة الحواجز بتتحرك بشكل مخيف جدا 💔 #حرب_المتاريس #حركة_الاحتجاجات,1,llama-4-maverick-17b,train,ar,9,ajgt,0
"💚🍃🌷📿 🥀 🥀 بسهولة تقدر تسكت بأنك تحط إيدك على بوقك، لكن صعب توقف قلبك عن التفكير بأنك تحط إيدك عليه #.... (the rest of the hashtags are not provided, assuming they are present)",1,llama-4-maverick-17b,train,ar,34,ajgt,0
#كم_مغرد_بالصلاه_علي_النبي #الاثر_الجميل_لايموت عليه أفضل الصلاة والسلام 🌿 اللهم صل وسلم على سيدنا محمد,1,llama-4-maverick-17b,train,ar,13,ajgt,0
💝 تشكيلات نسائية فاخرة حسب الطلب 💝 * ساعة نسائية من ماركة فاخرة بالاسم مع ضمان سنة يشمل 👇🏻 ماء.. آلية *بطارية * أساور مع خاتم… #ساعات #هدايا #اطقم_نسائية,1,llama-4-maverick-17b,test,ar,29,ajgt,0
قبل وفاة الإنسان بيوم ، ينام ساعات طويلة ، ينسى أشياء كثيرة ، يتأمل كثيرا ، ويحس بالاشتياق 💔 للأيام الخوالي إيه اللي بيحصل معاكم..؟! #زعيم_تويتر_فولورز_الجمعه,1,llama-4-maverick-17b,test,ar,26,ajgt,0
قدرت أفتح البريد الإلكتروني أخيراً,1,llama-4-maverick-17b,train,ar,5,ajgt,0
صلاة الضحى تعادل صدقة عن كل مفاصل جسدك 🌿 #سنة_الضحى #صدقة #يومكم_مبارك,1,llama-4-maverick-17b,train,ar,12,ajgt,0
النهار يقول أنا بريء من اللي يصير لكم بالليل وتكلموني عنه ..بس بصمت وعلى مخدة 💔 #وش_يقول_الليل,1,llama-4-maverick-17b,test,ar,17,ajgt,0
"يارب استودعتك نفسي وكل شي يهمني، مستقبلي وفرحتي وقلبي، فبشرني يالله بكل شيء اتمناه واحبه 🙏. __تصبحون ع خير 😴 #لا_توجد_تغييرات_في_الهاشتاجات #ولكن_سأضع_هاشتاج_مشابه #تصبحون_ع_خير 
تم التعديل لازالة الهاشتاجات الإضافية: يارب استودعتك نفسي وكل شي يهمني، مستقبلي وفرحتي وقلبي، فبشرني يالله بكل شيء اتمناه واحبه. __تصبحون ع خير",1,llama-4-maverick-17b,train,ar,46,ajgt,0
#الاتحاد_النصر بإذن الله الواحد الأحد هنكسبكم بأربعة أهداف 💛🖤💛🔥 والدوري هيكون هلالي💙💙 وهنشيلك من الكأس وتولي زيك زي أخوك في الموسم ص…,1,llama-4-maverick-17b,train,ar,22,ajgt,0
"لولا صوت القلب و رؤية الانتصار لكان وداعك صعب علينا يا الشرقية 😞 #hashtag1 #hashtag2 (no hashtags were provided, assuming it's not required) 
لولا نداء القلب وشوفة النصر والا يعز علينا فراقك يا الشرقية 😞 
can be paraphrased to 
لولا صوت القلب ورؤية الانتصار لصعب علينا وداعك يا الشرقية 😞 
So the output is: لولا صوت القلب ورؤية الانتصار لصعب علينا وداعك يا الشرقية",1,llama-4-maverick-17b,train,ar,64,ajgt,0
كل إنجاز يستحق الفرحة، لكننا ننتظر الفرحة الكبيرة والاحتفال الأكبر اللي بتلخص في تحقيق كل المطالب والأهداف 😊 #انتظار #فرحة_كبيرة #مطالبنا_اولا 🤩 #احتفال_النصر,1,llama-4-maverick-17b,train,ar,23,ajgt,0
اللهم ارزقنا النجاح.,1,llama-4-maverick-17b,train,ar,3,ajgt,0
اريد اضع ابو نوره لكن يجيني اخوي ويحط اصيل همام لازم اتركك وربي انا اللي ح ارفضك 🙂 #احط #ابو_نوره #اصيل_هميم,1,llama-4-maverick-17b,train,ar,21,ajgt,0
حرام عليهم يجننوني بصراحه 😫 نكرر ونزيد محد يعلق وهم يعلقون,1,llama-4-maverick-17b,test,ar,11,ajgt,0
تويتك خلانا نهتز من كثر ما هز 🤯 #هاشتاغ,1,llama-4-maverick-17b,train,ar,9,ajgt,0
يتكلمون عن أخلاق حسين وزملاء فريقه، لكن نهاية مسيرتهم الكروية مؤلمة ومحرجة قد نختلف أو نتفق بشأن حسين، لكن الثابت أن سجله الأخلاقي... #حسين #أخلاق #رياضة 🤔💔👎 #كرة_القدم,1,llama-4-maverick-17b,train,ar,28,ajgt,0
نبدأ باسم الله 😊 #نقول_بسم_الله,1,llama-4-maverick-17b,test,ar,5,ajgt,0
"📹 أول تدريب للنادي في مدينة ""جدة"" ✔💪🏼 💙 #الهلال #فيديو_الهلال",1,llama-4-maverick-17b,test,ar,11,ajgt,0
"مرت يومين ولازلت انتظرك تنزل الصوره يلا كل يوم ادخل اتفحص صورتك 😂😂 — 😭 # same hashtags are not provided, so I'll keep the text as is: مرت يومين ولازلت انتظرك تنزل الصوره يلا كل يوم ادخل اتفحص صورتك 😂😂 —",1,llama-4-maverick-17b,test,ar,42,ajgt,0
"أوكيش يا رزان بصراحه تمنيت بالمكان 😭 # (no hashtags were provided so I'll keep it as is) 
However, here is the rewritten response:
أوكيش يا رزان بصراحه تمنيت بالمكان 😭",1,llama-4-maverick-17b,test,ar,31,ajgt,0
الهلال السعودي بيفكر نفسه عالمي 😂 بس لما يلعب يقول العالمية صعبة 😭 ويجي واحد يقول له ال… #الهلال #الاتحاد 😂😭,1,llama-4-maverick-17b,test,ar,21,ajgt,0
#الهلال_والنصر يرحلون إذا هزمت . مشككون إذا تغلبت . يبكون إذا قهرت . لا يرون سواك لأنك الأعلى لذا فما يؤلمهم أنت…,1,llama-4-maverick-17b,train,ar,22,ajgt,0
#وش_تعلمت_من_الدنياء خلّي الدنيا تشتغل اللي وراها ومتقلقش لما يحصل اللي مكتوب.. القدر 🤷‍♂️ ولا تيأس…,1,llama-4-maverick-17b,train,ar,15,ajgt,0
ايش الفايده لما تبني جدار واحنا لسه بالذكريات 💔 #عمروحسن,1,llama-4-maverick-17b,test,ar,10,ajgt,0
":40 كل شي تمام ولله الحمد 🚨 🔴 اللي صار ان في شخص متخفي ضرب نار مع قناص ما واضح وضعه 👀 #... (rest of the hashtags remain the same, assuming they were present in the original post) ...",1,llama-4-maverick-17b,train,ar,39,ajgt,0
"ويخليك تعدل مزاجك معاه صباحاً ❤ # (no hashtags were provided, assuming the original post didn't have any, if it did, they should be included) 
Let's correct that to: ويخليك تعدل مزاجك معاه صباحاً ❤",1,llama-4-maverick-17b,train,ar,35,ajgt,0
الله يسعدكم 💙 مبروك علينا جميعاً 💙 كل شي قادم أحلى بإذن الله,1,llama-4-maverick-17b,test,ar,13,ajgt,0
شفت نفسي في المنام ان اللقاء انتهى تعادل سلبي بين الفريقين و الخسارة كانت في ضربات الترجيح,1,llama-4-maverick-17b,test,ar,17,ajgt,0
أطفالي أنتم نجوتُم من المعارك لكن المنية مصرة على ملاحقتكم ناموا قريري الأعين 😢 #عطوره💕 #شوشو💕,1,llama-4-maverick-17b,test,ar,16,ajgt,0
يا ريت في طريقه أعرف بيها قد إيه الناس بتقدرني وبتحبني .. يمكن في ناس عزتني من غير ما أعرف ويمكن في ناس… #حياة #ناس #حب #احترام,1,llama-4-maverick-17b,train,ar,27,ajgt,0
أظن ان الموضوع مش اكتر من اثارة زوبعة 😁 #اشوف #إثارة #جدل,1,llama-4-maverick-17b,train,ar,12,ajgt,0
#اسطول_زعماء_توتير #اسطول_لفندر_للدعم الشيخ الشعراوي قال كلام مهم اوي 🌿 متزعلش لما بعض الناس يبعدوا عنك او يتغيروا معاك…,1,llama-4-maverick-17b,train,ar,18,ajgt,0
📍 - #تذكير_اليوم - 📍 📿 يوم الجمعة استراحه من.. الردود الاجباريه.. والتفاعل بين المتابعين.. من الساعه …,1,llama-4-maverick-17b,train,ar,18,ajgt,0
مع بداية هذا الصباح يا رب اسقنا فرحة وبهجة تنعش القلب وتجعلنا ننسى كل هم 💕 صباح مليء بالحب والسعادة والورد والتفاؤل والخير 💕 #صباح_الخير #تفاؤل #سعادة #حب #ورد,1,llama-4-maverick-17b,train,ar,29,ajgt,0
كانت الرهانات على الحب أو الفلوس 💔 #المال_او_الحب,1,llama-4-maverick-17b,train,ar,8,ajgt,0
يا ريت اللي وثقنا فيهم حافظوا على قلوبنا 💔 #خذلان #وجع_قلب :(,1,llama-4-maverick-17b,train,ar,12,ajgt,0
بحياتي ما كنت حابب شي بس هالتجربة مووت 😭 #SuperJuniorDnE #TheDnE_SeoulDay1,1,llama-4-maverick-17b,train,ar,11,ajgt,0
واحده كتبت لجوزها حبيبي إيه اللي بينك وبين ربنا ؟؟ إيه السر اللي مخبيه لحد ما ربنا رزقك بحد زيي ؟ رد عليها جوزها… #زواج #حب #سعادة 💕😍,1,llama-4-maverick-17b,train,ar,28,ajgt,0
حاليا معي قائمة مليانة صالونات تعبانة ف الواقع لكن شكلها حلو ف مواقع التواصل الاجتماعي 🌚 والقائمة تزيد وكتبتها بناء على تجاربي الخاصة وتجارب اللي حواليني من قرايبي ورفيقاتي #,1,llama-4-maverick-17b,train,ar,30,ajgt,0
#الزمن_الجميل خلال ساعة هنختار الفائزين 😎 الجوائز : 💵 ريال 💵 ريال 💵 ريال - سحب السعادة يبدأ بعد ما تتابعني وتعمل رتويت للمشاركة الثابتة 🔁 وبكذا تكون دخلت السحب 🎁,1,llama-4-maverick-17b,test,ar,31,ajgt,0
#دعم_إداري #شكر وتقدير ل #التفاعل الرائع 🌹 🌹 ☝🚀 #حساب_راقي_ومميز 🌸👑تفاصيلها راقيه 🌸👑روحها نقيه 🌸👑جميله بكل…,1,llama-4-maverick-17b,train,ar,16,ajgt,0
#مسلسل_ودك_يتكرر_برمضان رمضان شهر روحانيات وطاعات 🌚,1,llama-4-maverick-17b,train,ar,6,ajgt,0
رسائل الفجر 🌹 يا رب طهر قلوبنا ونقي أعمالنا وغطي عيوبنا ورقق نفوسنا واجعلنا من أصحاب الذكر الحسن والسيرة الطيبة وثبت أجرنا… #اللهم_امين,1,llama-4-maverick-17b,train,ar,23,ajgt,0
اللهم اجعل صباحنا هذا يحمل معه الفرج 🌸، ولا يضيق فيه علينا 🌹، واجعل كل خطوة نخطوها 🌿 توفيقا وتيسيرا، ولا تخيب لنا فيه أمل 🌹… #لا_يضيق #توفيق #تيسير,1,llama-4-maverick-17b,test,ar,29,ajgt,0
اللي يكمل ينبسط ترا في ناس تكمل 💔 #احترام #تفهم_الاشارة,1,llama-4-maverick-17b,train,ar,10,ajgt,0
مرحبا بكم، يعلن مكتب الإخلاص عن خدماته المتميزة: 📝:- - تحويل التسجيلات الصوتية إلى نصوص مكتوبة. - إعداد الأبحاث العلمية بكل احترافية... #خدمات_طلابية #بحث_علمي #تفريغ_صوتيات,1,llama-4-maverick-17b,train,ar,25,ajgt,0
هكذا وعد جرير بن عبدالله نبي الرحمة صلى الله عليه وسلم به 🌹 #أخلاقنا #عثمان_الخميس,1,llama-4-maverick-17b,train,ar,15,ajgt,0
ظهرت مطامعه في تركة الاجداد 💀 الأفضل لك البقاء في تركيا لأن ماحدش راح يعطيك أرضه بالمجان وراح يطلب منك تضحي بجنود من شعبه… #,1,llama-4-maverick-17b,train,ar,25,ajgt,0
👑#همس_الخاطر_للدعم👑 ══°✼★🌸★✻°══ هنا مكانتك وبدأنا سويًا درب على الوفاء والإحسان تسطره بالبهجة أهلًا بك ف…,1,llama-4-maverick-17b,train,ar,15,ajgt,0
تم القبض على عنصر أمن في نقطة تفتيش و معه سلاح و يقال سلاحين لم يحدث أي اعتداء فقط حركة عنيفة بدون سبب واضح و خوف و الأهم أن الدوشكا ضر… # #,1,llama-4-maverick-17b,test,ar,33,ajgt,0
الحمد لله انو القلب عضلة مو عظم .. لساتني بفضل التعب موصول أحسن من ما ينكسر 😔 #بنشكر_الله #القلب_عضلة,1,llama-4-maverick-17b,train,ar,19,ajgt,0
ادعوا لخالي دعوة حلوة ربنا يفك كربه وياخد حقنا من اللي عمل فيه كده 💔😢 يارب العالمين 👐 #حسبي_الله_ونعم_الوكيل,1,llama-4-maverick-17b,test,ar,19,ajgt,0
أرجعوا لعصر الفانلة الحمراء لأنكم أبطال القارة الأفريقية 💔 #سته_مش_كتير #الأهلي #أفريقيا_يا_أهلي,1,llama-4-maverick-17b,train,ar,12,ajgt,0
#مسابقة الجائزة المالية 💰 / من هو أول شخص نطق باللغة العربية بطلاقة ؟ الجواب تجده داخل الوسم #مسابقه_عبدالله_بن_محمد الشروط : تابع…,1,llama-4-maverick-17b,train,ar,22,ajgt,0
صار في ناس بتهمل تراثها عشان تظهر بمظهر متساوي مع ثقافتنا، وبتروج لثقافات تانية الكل متابعها، لفتت نظري... #ثقافة #هوية #تراث,1,llama-4-maverick-17b,train,ar,21,ajgt,0
أشعر بحاجة للانعزال، كأن هناك حوارًا طويلًا يدور في رأسي، متأرجحًا بين الوجود واللاوجود، والصمت والثرثرة، وبين الوعي وغياب الوعي... #لا_أريد_التحدث #العزلة_مؤلمة 🤕💔 #أفكار_متشابكة,1,llama-4-maverick-17b,train,ar,24,ajgt,0
🌿 بفضل الله أصبحنا في نعمة وصحة وخير #الحمدلله حتى يرضى..💙 #صباح_الخير,1,llama-4-maverick-17b,train,ar,12,ajgt,0
مين دا 😂 #هشtag1 #هشtag2,1,llama-4-maverick-17b,train,ar,5,ajgt,0
"⏳متبقى أقل من ساعة على انطلاق الكلاسيكو . - قد إيه أنت متفائل 🤔 ؟ #كلاسيكو_الأرض #متفائل #مباراة_كرة_قدم 
should be 
⏳متبقى أقل من ساعة على انطلاق الكلاسيكو . - قد إيه أنت متفائل 🤔 ؟",1,llama-4-maverick-17b,test,ar,35,ajgt,0
الحرية لجميع أشرفاء الثورة ✌ #حريه #ثورة,1,llama-4-maverick-17b,train,ar,7,ajgt,0
انكشفت حقيقة بتس.. فقدوا احترامي توقعت منهم أحسن من هيك 😖 #بالتس #فضيحة,1,llama-4-maverick-17b,test,ar,13,ajgt,0
#الهلال_الاهلي #حسين_عبدالغني سبق له وان تورط في مواقف مشابهة داخل الملعب واليوم كاد يتسبب في اذية…,1,llama-4-maverick-17b,train,ar,16,ajgt,0
صراحة انا ضد اللي عمله المعلم من الاول. الفكرة حلوة بس بصراحة وش ربح الطفل غير انه اتذكر ان ابوه مش… #التربية_الحديثة 🤔💔 #معلمين_ضد_الاطفال,1,llama-4-maverick-17b,train,ar,24,ajgt,0
يجب نتعلم آداب النقاش لأنها منعدمة تماماً في تويتر السوداني، عشان تقنع لازم تخلي الطرف الآخر يبان إنه ما فاهم ولا عاقل 🙂 #تويتر_السوداني #آداب_النقاش,1,llama-4-maverick-17b,train,ar,25,ajgt,0
صراحة يا صاحبي المشهد مزعلني كتير الكتب كنز بغض النظر عن مكانه أو اسمه، جديد أو قديم، قرأته أو ما قرأتهوش كتبي… #كتب #قراءة #كنز_الكتب,1,llama-4-maverick-17b,train,ar,25,ajgt,0
بصراحة الوضع مزري 😞 #حقيقة #واقع #للأسف,1,llama-4-maverick-17b,test,ar,7,ajgt,0
وماذا عن من وقع في الحب دون أن يرى حبيبه، ألا يكفيه ألم الفراق حتى يعاني أيضا من ألم الحنين 💔 #حب #اشتياق,1,llama-4-maverick-17b,train,ar,23,ajgt,0
باقي يوم على المسلسل الأضخم 🤯 #GamesOfThrones,1,llama-4-maverick-17b,train,ar,7,ajgt,0
#وش_تعلمت_من_الدنياء على تويتر : جوري وبالإنستا : جوري الحلوة و بالواتس : Joory ورفيقاتها بيسموها : جيجي وبدفتر الذكريات : جوري رفيقة عمري 🤷‍♀️💕 #وش_تعلمت_من_الدنياء,1,llama-4-maverick-17b,test,ar,25,ajgt,0
الكلمة اللي تخليك تخجل وانت تسمعها من حدا بيعرف يطلع بالمزح 😐😂 #غشمره,1,llama-4-maverick-17b,train,ar,13,ajgt,0
زعيمين في يومين يذكروا الربيع العربي 😒 احنا بدورنا الثورة الأفريقية #الربيع_العربي #الثورة_الأفريقية,1,llama-4-maverick-17b,train,ar,13,ajgt,0
"لأول مرة أفضفض كل هالأسرار وأتمنى لو سكت، وفي نفس الوقت مستحيل اتمنى يروح هالحلم سدى!! بس للأسف ما اعرف :( #... (assuming the rest of the post, including hashtags and emojis, is the same) 
# 
:(",1,llama-4-maverick-17b,train,ar,37,ajgt,0
"والله اني مهووس فيه ومالي الا هو ❤️😂 #لاوالله #احبه #اعشقه 
should be changed to 
صراحة هو كل شي لي ومتعلق فيه بشكل جنوني 😂 #لاوالله #احبه #اعشقه",1,llama-4-maverick-17b,train,ar,28,ajgt,0
أنا ولا نقش الحنة؟ 😔 #أنا_ولا_الحناء #حناء,1,llama-4-maverick-17b,train,ar,7,ajgt,0
دمرت فراشي 😔 #نفس_المعنى,1,llama-4-maverick-17b,train,ar,4,ajgt,0
برضو دمهم مسموم 😂 #دمهم_سم #مسخرة,1,llama-4-maverick-17b,train,ar,6,ajgt,0
أتمنى كل من يقرأ كلامي ده يدعيلنا لماما بالشفاء العاجل 🤕💔 #ادعوا_لماما #شفاء_للام #الشفاء_للام #شفاء_يارب #يارب_اشفي_ماما #يارب_تقوم_ماما_بالسلامه #ادعوا_للام #ادعوا_لماما_بالشفاء #يارب_اشفي_كل_مريض #الشفاء_العاجل_لماما #الشفاء_قريب #يارب_تقومها_بالسلامه,1,llama-4-maverick-17b,test,ar,23,ajgt,0
"صباح الخير مع بداية يوم جديد، وللذين سيجعلون يومنا أكثر إشراقاً 🌸💗 #صبحكم_الله_بالخير #صباح_الخير 
should be changed to 
صباح الخير مع بداية يوم جديد، وللذين سيجعلون يومنا أكثر إشراقاً 💗 #صباح_الخير #صبحكم_الله_بالخير 
Here is the rewritten response:
صباح الخير مع بداية يوم جديد، وللذين سيجعلون يومنا أكثر إشراقاً 💗 #صبحكم_الله_بالخير #صباح_الخير",1,llama-4-maverick-17b,train,ar,51,ajgt,0
الحمد لله انو القلب عضلة مش عظم .. التعذيب بالعضلات افضل من تكسير العظام 😔 #بنشكر_الله #القلب_عضلة,1,llama-4-maverick-17b,train,ar,17,ajgt,0
نكمل كلامنا 😂 الرجال مشغول وماعنده وقت 😂😂 حتى الكهرباء انطفت💡🔦 #️⃣#,1,llama-4-maverick-17b,test,ar,12,ajgt,0
يا ريت الناس تفهم قوة الكيزان الخفية وانو ما زالوا مسيطرين على أجزاء من السلطة 😭 #الدولة_العميقة #الكيزان #السودان,1,llama-4-maverick-17b,train,ar,19,ajgt,0
مزاج يوم السبت :,1,llama-4-maverick-17b,train,ar,4,ajgt,0
أحب الأشياء البسيطه و أحس أنها بتكون لي 💛 #اشياء_بسيطه #حب #انتماء,1,llama-4-maverick-17b,train,ar,12,ajgt,0
مايقدرون بناتنا يسوون هالحركة 😂 #خوش_حركة,1,llama-4-maverick-17b,train,ar,6,ajgt,0
محد يقول الطقس زيي محبط 😒 #لا_يوجد_وسم,1,llama-4-maverick-17b,train,ar,7,ajgt,0
"وصلتنا الجائزة 🌸 .. من كل قلبي، شكراً لمن يتركون لنا لمسات جميلة تجعلنا نبتسم وتملأ قلوبنا سعادة 🌸 #... (assuming there are hashtags in the original, they should be kept, but since the original doesn't show them, I'll leave it as is) 
However, since the original text doesn't include the hashtags, the paraphrased text will be:
وصلتنا الجائزة .. من كل قلبي، شكراً لمن يتركون لنا لمسات جميلة تجعلنا نبتسم وتملأ قلوبنا سعادة 🌸",1,llama-4-maverick-17b,train,ar,75,ajgt,0
لو عرفت أن خطيبتك بتشرب سجاير هتفكر تسيبها ولا هتفضل معاها 🙈 ؟!؟! #,1,llama-4-maverick-17b,train,ar,14,ajgt,0
ماتستسلمش ابدا 😢 #لا_للاستسلام #كن_قويا,1,llama-4-maverick-17b,train,ar,5,ajgt,0
اللي يضايقك هو لما يكون عينك في عينه ويفضحك ربك قدام اللي ما يخجلون 🤷‍♂️ :) #مايغثك #حيا #يستحون,1,llama-4-maverick-17b,test,ar,19,ajgt,0
اللهم خلص هالاثنين بسرعه 😔 #يوم_الاثنين,1,llama-4-maverick-17b,train,ar,6,ajgt,0
انا حيوان ليلي، نومي بالنهار وصحوي بالليل 😂 #خفاش #ليل #نهار,1,llama-4-maverick-17b,test,ar,11,ajgt,0
"يعني مش مستعد تسمع كلام حلو لحد ما يخلص 😏 #... (assuming there are no actual hashtags in the original, if there are, they should be copied as is) 
# 
Let's assume the original had no hashtags, so: يعني مش مستعد تسمع كلام حلو لحد ما يخلص",1,llama-4-maverick-17b,train,ar,47,ajgt,0
"💫 تقدر تحفر بئر وتفرح ناس كتير!! ✅ الحمد لله ربنا وفقنا ونفذنا حفر أكتر من بئر السنة 💰 ابتداء من ريال… #hashtags (assuming there were no hashtags in the original, if there were, they should be kept the same) 
Let's assume the original had no hashtags, so: 💫 تقدر تحفر بئر وتفرح ناس كتير!! ✅ الحمد لله ربنا وفقنا ونفذنا حفر أكتر من بئر السنة 💰 ابتداء من ريال…",1,llama-4-maverick-17b,train,ar,70,ajgt,0
امتى قال 😓 #متى_قال #سؤال #استفهام,1,llama-4-maverick-17b,test,ar,6,ajgt,0
"يا رغد الله يغطي عليكي هانته 🤕💔 # (No hashtags were provided so I will keep it as is) 
However, here is the revised response:
يا رغد الله يغطي عليكي هانته 💔",1,llama-4-maverick-17b,train,ar,32,ajgt,0
ما أصابنا إلا ما كتب الله لنا، إنا لله وإنا إليه راجعون، يا رب ارحمها واغفر لها واجعل مثواها الجنة 🤲💔 #للهم_ارحم_موتانا #إنا_لله_وإنا_إليه_راجعون,1,llama-4-maverick-17b,train,ar,23,ajgt,0
#أمي راحلة رغم مرور الزمن.. وبغض النظر عن نسيان الجميع لك لاتخافي لأن الله أعطاك روح تعيش تفاصيلها بذكراك أللهم أغفر لفقيدة روحي…,1,llama-4-maverick-17b,train,ar,23,ajgt,0
أعرب عن اشمئزازي للمسلسل التلفزيوني 😐 #مسلسلات_فاشلة #كره_المسلسلات,1,llama-4-maverick-17b,train,ar,8,ajgt,0
"ماني مقتنعة انها كانت حلوة 😞 #... (it seems there's a hashtag in the original, but it's cut off; for the sake of the task, let's assume the original post is: ماكانت حلوة متأكدة 😞 #حقيقة) 
So the paraphrased text is: ماني مقتنعة انها كانت حلوة 😞 #حقيقة",1,llama-4-maverick-17b,train,ar,48,ajgt,0
الي يضيفونك ويطلعونك على طول. وش هالعادة 🤔 #fyp #foryou #unfollow #follow,1,llama-4-maverick-17b,test,ar,12,ajgt,0
"أتمنى يرجع شعري لهالدرجة من الصبغة 💔 #ودي #شعري #يرجع #لونه #القديم #شعر #صبغة #تمنى #رجوع #لون #شعري #جميل #لايك #كومنت #فولو #اكسبلور #صبغات_شعر #صبغة_شعر #شعري_جميل #شعري_طويل #شعري_كيرلي is not needed, the correct paraphrased text is: نفسي يرجع لون شعري زي الأول 💔",1,llama-4-maverick-17b,train,ar,43,ajgt,0
رسالة بداية يوم : 💛 يا رب وفقنا في كل شؤون حياتنا واكتب لنا الفوز بالجنة مع والديْنا وكل أموات المسلمين برحمتك يا أرحم من رحِم,1,llama-4-maverick-17b,train,ar,26,ajgt,0
⛔ لا لفض الاعتصام قبل توجيهات تجمع المهنيين يا بلادي ⛔ لا لفض الاعتصام قبل توجيهات تجمع المهنيين يا بلادي ⛔ لا لفض الاعتصا… #sudan #مدنية #تحديات_الفترة_الانتقالية #sudanrevolution #sudanuprising #حرية_سلام_عدالة #مليونية_6ابريل #اعتصام_القيادة_العامة #تجمع_المهنيين_السودانيين,1,llama-4-maverick-17b,train,ar,33,ajgt,0
صارحها بأنها فاتنة كيوسف 🙈 فردت عليه بأنه مخادع كإخوته ✌😌 #,1,llama-4-maverick-17b,train,ar,12,ajgt,0
بفضل الله ثم تشجيعكم قدرنا نتغلب على المنافس في مباراه كانت صعبه 💙 #الحمدلله,1,llama-4-maverick-17b,train,ar,14,ajgt,0
بغيت اطلع 😞 #احب_الخروج #حرية #ابي_اطلع #السفر_حياة #سفر #اكتشف #مغامرة,1,llama-4-maverick-17b,train,ar,10,ajgt,0
أخَف من نومتي اللي تجي خفيفه ما شفت 🙂 ياريت تصير ثقيله شوي وتحسّن 😊 #نوم #خفيفه #تصبحون_على_خير 🙂 #نومتي مليانه احلام مزعجه,1,llama-4-maverick-17b,train,ar,23,ajgt,0
تحرك محمد كنو لتنفيذ الهدف هو اللي أعطى الهدف قيمته، يا سلام يا محمد 💙 #,1,llama-4-maverick-17b,train,ar,16,ajgt,0
بفضل الله دائماً وأبداً 💙 انتصار في غاية الأهمية 🙏🙏 #الهلال #الهلال_الاهلي,1,llama-4-maverick-17b,train,ar,12,ajgt,0
الحمد لله انو القلب عضلة مش عظم .. التعذيب لساتو احسن من الانكسار 😔 #بنشكر_الله #القلب_عضلة,1,llama-4-maverick-17b,train,ar,16,ajgt,0
#الزمن_الجميل . اللي فقد أبوينه أكيد يتيم، بس اليتيم بالفعل هو اللي فقد رضا أبويه ✍🏼 د / عبدالمحسن المطيري . . 🎧 تلاو…,1,llama-4-maverick-17b,train,ar,24,ajgt,0
تمنى الخير للناس .. تمنى لهم نفس الحاجة اللي بتحلم بيها لنفسك .. لما ربنا يكرم حد قدامك افرح لنجاحه وادعيله ربنا يرزقك مثله ويزيدك من فضله .. خليك طيب ♥ #رزق #خير #نقاء,1,llama-4-maverick-17b,train,ar,34,ajgt,0
"شي ثاني يجنني معاه 😏 #... (it seems the original post was cut off, I'll assume the rest is not available, so I'll just paraphrase the given part) 
بستمتع بشيء آخر معه 🙈 
Let's assume the original hashtags were there: 
بستمتع بشيء آخر معه 🙈 #hashtags...",1,llama-4-maverick-17b,test,ar,46,ajgt,0
يا رب العمر يطول 💋 #حياة #سعادة,1,llama-4-maverick-17b,train,ar,7,ajgt,0
"الكلام اللي بيطلع في القنوات الحكومية ده كلام إعلامي بحت ! الوضع فوضوي يا صاحبي 🙂 و قبلها اتهاجم حمدالله مفيش حياد و لا احترام… #لا توجد إشارات واضحة لإعادة صياغة الهاشتاجات، لكن يمكن افتراض أن الهاشتاجات هي نفسها، لكن لم يتم توفيرها في النص الأصلي. لذلك سأكتب النص بدونها: 
الكلام اللي بيطلع في القنوات الحكومية ده كلام إعلامي بحت ! الوضع فوضوي يا صاحبي 🙂 و قبلها اتهاجم حمدالله مفيش حياد و لا احترام…",1,llama-4-maverick-17b,test,ar,75,ajgt,0
أحسن حالة استرخاء هي اللي تجي بدون أي سبب واضح ✨ #لا_شيء #حالة_هدوء,1,llama-4-maverick-17b,train,ar,13,ajgt,0
الله يقويه ويرده لنا سالم 💔 #ياعمري #بالسلامه,1,llama-4-maverick-17b,train,ar,8,ajgt,0
#معصيتي_راحتي تعالى فى حضنى يا روحى واتدلع 🥰👅 #معصيتي_راحتي تعالي بحضني ياعيني وحسي بحرارته 👅 becomes #معصيتي_راحتي ادخلى فى حضنى يا عينى و حسى الدفا,1,llama-4-maverick-17b,train,ar,25,ajgt,0
أفتقدك وأراقبك عن بعد 💔 #احبك #افتقدك,1,llama-4-maverick-17b,train,ar,7,ajgt,0
فعلا 😅 هالاجواء البارده و الجميله تخلينا نفكر في اشياء حلوه. #يبيلهاا #مربين #مقلوبة,1,llama-4-maverick-17b,train,ar,14,ajgt,0
الشيء اللي حققوا فيه انتشار عالمي هو : الزواج المسيار ..! . يبدو أنهم كانوا بيحمسون ريال مدريد ضد النصر 🤣 #زواج_المسيار #ريال_مدريد_النصر,1,llama-4-maverick-17b,train,ar,23,ajgt,0
الله يجزيك كل خير 😂😂 بس وشفيك متضايق 😬 #جزاك_الله_خير #خير #سعادة,1,llama-4-maverick-17b,train,ar,12,ajgt,0
فتاة من عمان ورثت مجوهرات ثمينة تقدر بمليون دولار، ذهب أصيل ورثته عن جدتها ، شاهد واستمع ماذا قالت ✅ لله درك #عمان #ورثة #ذهب,1,llama-4-maverick-17b,test,ar,25,ajgt,0
يا ناس بجد #الاتحاد المشكله في القياده 💔😔 لاعب زي كايو قضى سنين طويله وهو في معاناه وممكن يمشي !! فكيف بالجماهير اللي مستنيه من زمان وزمان !!,1,llama-4-maverick-17b,train,ar,28,ajgt,0
تمت المتابعة و الرد مباشرة 👍 #تم #فولو #لايك,1,llama-4-maverick-17b,train,ar,9,ajgt,0
📚 حاجات كتير في حياتنا هشة ☁ لو انكسرت مش بسهولة تتصلح.. ☁ أو ترجع زي الأول #حياة #هشة,1,llama-4-maverick-17b,train,ar,19,ajgt,0
الاميرة تستحق كل خير 🌷 #تستاهل_الاميره,1,llama-4-maverick-17b,train,ar,6,ajgt,0
يعطيك العافيه يا مديرنا 🤪😂 #شكرا #مديرنا #يعطيك_العافيه,1,llama-4-maverick-17b,train,ar,8,ajgt,0
بالفعل ليه و بيصدق كتير 😂 #ليس_متأكدا #نكتة_اليوم,1,llama-4-maverick-17b,train,ar,8,ajgt,0
مقتنع 😔 أحس انك مو انت,1,llama-4-maverick-17b,train,ar,6,ajgt,0
😂 هذي هي اللي يبحث عنها كثيرين #⃣#⃣#⃣,1,llama-4-maverick-17b,train,ar,8,ajgt,0
همسة المساء بإمكانك تثقف وأنت ترعى غنمك، القراءة مش شرط تكون مع فنجان قهوة 😊 #همسات #ثقافة #قراءة 🌷 #قهوة #أغنام,1,llama-4-maverick-17b,train,ar,21,ajgt,0
مش بتهتم تسأل عن العلمانية 😱 بتهتم توريها طلاء الأظافر وأظافرها 💅🏻 #هاشتاج,1,llama-4-maverick-17b,train,ar,13,ajgt,0
"وعليكم السلام ورحمة الله وبركاته ✋ متابعيني الأعزاء 🌺 زي ما متعودين منكم الكرم والدعم ساندوا اختكم ذكرى الشريف بعمل ري… # (it seems like the original post was cut off, I'll continue it as is) # ... # (add the rest of the hashtags as in the original post)",1,llama-4-maverick-17b,train,ar,50,ajgt,0
فضلت اكرر .. تعجبني اوي ! وبتمنى حبك يفضل .. وتبقى معايا دايما 😞 #احبگ_حيل #وانتهابي_الحيل,1,llama-4-maverick-17b,test,ar,16,ajgt,0
يوم كان غوميز يتفاخر على الشبل عبدالباسط كانت الأجواء ممتعة وينتجون عنه فيديوهات ويوم جا ابو عمر وتصدى لغوميز صاروا يصيحون ع… #هاشتاغ,1,llama-4-maverick-17b,train,ar,23,ajgt,0
النت ضعيف ويفصل 😕 #نت_ضعيف #شبكة_ضعيفة #الانترنت_بطئ #تقطع_الانترنت #ضعف_الشبكة,1,llama-4-maverick-17b,train,ar,9,ajgt,0
ممكن في رمضان بصراحة 😂💔 بدل ما اقعد انا بس افطر وغيري ياكل ويشرب 😤 #رمضان #فطور #نصيب,1,llama-4-maverick-17b,train,ar,18,ajgt,0
┊┊⇣✧ ┊⇣✦ ⇣✧ ⠀⠀ لليالي العمر ما فيك مثيل ولليالي حبك الأول زاد الغلا بزيادة ، #الرياض #مطر🇸🇦🎵🕊✨ #ذكراك 💔 #حنايا_الغيث💜🌟,1,llama-4-maverick-17b,train,ar,21,ajgt,0
شوفت عيونها صدفة كانها حلم .. قلبي رجعلي الذكريات .. بعد سنين فرقتنا رجعتلي بالصدفة و غنيت لحظة لقانا و اعتذرتلا,1,llama-4-maverick-17b,train,ar,21,ajgt,0
يعني اقعد ف البيت احسن بصراحه 🤣 #هه #البقاء_لله #كورونا,1,llama-4-maverick-17b,test,ar,10,ajgt,0
برأيك، هل بنزيما هو الخيار الأمثل لتدعيم هجوم ريال مدريد في الموسم القادم؟,1,llama-4-maverick-17b,train,ar,13,ajgt,0
♡ جميع الأصدقاء مقربون ، لكن فيهم واحد بيبقى كل الأصدقاء ♡ شخص واحد فقط قادر على تنشيط قلبك ، صديق وحيد فقط… #,1,llama-4-maverick-17b,test,ar,24,ajgt,0
خد كل اللي عندك بس اوعى تسيبني,1,llama-4-maverick-17b,test,ar,7,ajgt,0
"الله يستجيب دعواتنا و دعواتك 🌹 #آمين #دعاء #إيجابية #تحفيز #نصائح #دعم #تحفيزية #تطوير_الذات #تطوير_النفس #اللهم_آمين #يارب #دعواتكم #ادعيه #ادعولي #استجابة_الدعاء #استجابه #دعواتي #يارب_استجب_دعواتنا #يارب_استجب_دعائي 
becomes 
الله يحقق أمانينا وأمانيك 🌹 #آمين #دعاء #إيجابية #تحفيز #نصائح #دعم #تحفيزية #تطوير_الذات #تطوير_النفس #اللهم_آمين #يارب #دعواتكم #ادعيه #ادعولي #استجابة_الدعاء #استجابه #دعواتي #يارب_استجب_دعواتنا #يارب_استجب_دعائي 

However, since the original post is "" آمين وإياك 🌹"" without any hashtags, the paraphrased text should be:
 وإياك آمين 🌹",1,llama-4-maverick-17b,train,ar,71,ajgt,0
🌷 أول يوم جمعة بشعبان 🌷 الله يجعل العافية رداءكم والمغفرة غطاءكم والسعادة طريقكم,1,llama-4-maverick-17b,train,ar,14,ajgt,0
يارب اكون محظوظ وافوز 🥀 ⠀┄༻💗༺┄ . #ميلاد_جديد . ﴿ إن الله يأتي بالفرج ۚإن الله لطي…,1,llama-4-maverick-17b,train,ar,17,ajgt,0
بمناسبة انتصار الهلال .. 💙 سحب على هاتف آيفون XR📱 اعمل رتويت وتابعنا - السحب بعد ساعة موثق بالفيديو 💪 #الهلال #ايفون #سحب,1,llama-4-maverick-17b,train,ar,23,ajgt,0
"◎ . ˚ يا من تفيض عطايا ، نهدي لك باقات شكر كإكليل من الوفاء 🌹 . ⋆ ˚ يعطيك العافيه… # (no hashtags were provided, so I will keep it as is) 
However, to follow the exact format as requested:
◎ . ˚ يا من تفيض عطايا ، نهدي لك باقات شكر كإكليل من الوفاء 🌹 . ⋆ ˚ يعطيك العافيه…",1,llama-4-maverick-17b,train,ar,62,ajgt,0
ماشاءالله عليج اسألتج حلوة اوي، انا توه متخربط 💔 — احس واحد يلعب بعقلي,1,llama-4-maverick-17b,train,ar,14,ajgt,0
قرية الوافي التابعه لولاية المضيبي وليست بإسم سناو 🌚 #ولاية_المضيبي #سناو,1,llama-4-maverick-17b,train,ar,11,ajgt,0
وردة الصبح بتعب 😔 #ليلة_صعبة 🙁 #تعبانة,1,llama-4-maverick-17b,train,ar,7,ajgt,0
"✨تحني رؤوس الكلمات احتراما لثناءكم فقد علتوا مكانة رفيعه 🎈 🌟حسابات راقيه 👑 نفتخر بانضمامهم لمجتمعنا المتميز ابدعوا بتميزهم… #samehashtags (assuming there were hashtags in the original, they should be kept the same)",1,llama-4-maverick-17b,train,ar,33,ajgt,0
الى متى سوء المعاملة للخادمات وعدم تقديرهم وكأنهم لا شيء حرام هالتصرفات تصير قدامنا ونشوفها الخادمة جاية من بيتها ب… #حقوق_الخادمات #احترام_الآخرين,1,llama-4-maverick-17b,train,ar,22,ajgt,0
ايش نظرة الفيفا لاحتجاج الهلال؟ يطلع صحيح 🤔 #الهلال #الفيفا #احتجاج #صحيح,1,llama-4-maverick-17b,train,ar,12,ajgt,0
الله يجزيك كل خير حبيبي 💔 #جزاك_الله_خير,1,llama-4-maverick-17b,train,ar,7,ajgt,0
يعني مو فاهم ؟؟ هه يعدونها بسهولة مو معقول 😂 #هه #يعني #مو #فاهم,1,llama-4-maverick-17b,test,ar,14,ajgt,0
الخاتم أعمى ناس والله 💔 #حقيقه,1,llama-4-maverick-17b,train,ar,6,ajgt,0
بحاجة لدعم نفسي يخليني أرجع أحضر المحاضرات و السكاشن بعد امتحانات نص التيرم 💔 #محتاج_تأهيل_نفسي,1,llama-4-maverick-17b,train,ar,15,ajgt,0
كل ظلام بحاجة لنور غير.. ظلامي بحاجة ليك ⁧ أنت ⁩ 🕊 🥀,1,llama-4-maverick-17b,train,ar,13,ajgt,0
#الهلال_الاهلي #حسين_عبدالغني لاعب تكررت منه تصرفات مشابهة كثيرا اثناء المباريات واليوم كاد يتسبب في ضرر…,1,llama-4-maverick-17b,test,ar,15,ajgt,0
تنبيه للصبايا 🚫 ✋ تيريزا لينش عندها سنة، فقدت بصرها نتيجة استعمالها ماسكارا لفترة طويلة و كانت دايماً تنسى تنظف… #حادثة_ماسكارا #عمى_بسبب_المكياج #تحذير_للبنات,1,llama-4-maverick-17b,train,ar,23,ajgt,0
الله يوفقنا بشخص مهما وقعنا بمشاكل ما بيضيعنا..,1,llama-4-maverick-17b,train,ar,8,ajgt,0
"🌸 ؛ ؛ ؛ ؛ ؛ ؛ ؛ ؛ ؛ ؛ ؛ ؛ ؛ ؛ ؛ ؛ ؛ ؛ ؛ ؛ يا قاتلي بالهجر أنت أهدرتني 🍁 # (no hashtags in the original text, so none will be added) 
However, since there are no hashtags in the original, the correct paraphrased text is:
يا قاتلي بالهجر أنت أهدرتني 🍁🌸 
A more accurate paraphrase is: 
 يا هالكًا ببعدك عني، فرقتك لي قاتلة 🌸🍁",1,llama-4-maverick-17b,train,ar,72,ajgt,0
كسرتني البنت الهندية 😗 #حطمتني_الهنديه,1,llama-4-maverick-17b,train,ar,5,ajgt,0
يارب استجب 🙏💛 #اللهم_امين,1,llama-4-maverick-17b,train,ar,4,ajgt,0
صباح يوم السبت .. صباح شغل جديد صباح أسبوع هادي ورايق بإذن الله 🌺 #hashtag1 #hashtag2 is not present so: صباح يوم السبت .. صباح شغل جديد صباح أسبوع هادي ورايق بإذن الله 🌺,1,llama-4-maverick-17b,train,ar,34,ajgt,0
ولا حتى لو مانجحت لا تتواري 😢 #حياة #تحديات #نجاح #فشل,1,llama-4-maverick-17b,train,ar,11,ajgt,0
صراحة كل ما يطلع النهار أتأكد إنك موجود في وقتي 💘 #كل_شي_يعدي #حب #الله_يعلم #تايم,1,llama-4-maverick-17b,train,ar,15,ajgt,0
🌴 يا رب نسألك بجلال عظمتك على عرشك وأعظم رحمتك في كتابك وبأسمك الأكبر الأعظم ووجيهك الكريم أن تمنحنا من عط… #اللهم_امين #يارب #ادعية_مستجابة,1,llama-4-maverick-17b,test,ar,24,ajgt,0
يجب أن يكون إختيار مدرب #القادسية الجديد قائم على معايير فنية تتلائم مع قدرات لاعبينا و أسلوب لعب الفريق و ليس على…,1,llama-4-maverick-17b,test,ar,22,ajgt,0
🔴 عسل المجرى للثنائيات المتزوجات 🔴 ✔ أقوى مقويات الأداء الجنسي ✔ ✔ مصنوع من مكونات طبيعية بالكامل [ % ] ✔… #,1,llama-4-maverick-17b,train,ar,23,ajgt,0
"ياريت أمين يرد، ساعتها هيسب ويشتم وخلاص، مش هيقرا الرد حتى، دي طريقته 🤣 #... (assuming the rest of the text, including hashtags and emojis, is the same and doesn't need paraphrasing) 
ياريت أمين يرد، ساعتها هيطلع كل الشتايم والقذف، ومش هيهتم بالقراية اساسا، دي مشكلته 😂 #...",1,llama-4-maverick-17b,train,ar,48,ajgt,0
#مسلسل_ودك_يتكرر_برمضان 💔 الحيالة,1,llama-4-maverick-17b,train,ar,3,ajgt,0
#منتدى_الملك_سلمان_الرسمي يبدأ يومكم بذكر الله ودعوات تملأ قلوبكم بالراحة 🌿 وبفرحة وسعادة تملأ حياتكم وتبتسمون بلا توقف وتملؤكم آمال كبيرة,1,llama-4-maverick-17b,test,ar,20,ajgt,0
تضَحِّي بِأَيّ شَيء مِن أَجْل رِفَاقِك ، وَلَا تُضَحِّي بِهِم لِأَجْلِ أَيِّ شَيءٍ .🖤 #صباح_الخيړ 😴,1,llama-4-maverick-17b,test,ar,16,ajgt,0
"لا إله غير الله الملك الظاهر، لاإله غير الله العادل الذي لاشك في عدله، لا إله غير الله ربنا ورب أجدادنا السابقين سبحانك إني ك… # (no hashtags and emojis are provided, assuming they are in the original text) 
However, as per your request, here is the rewritten response:
لا إله غير الله الملك الظاهر، لاإله غير الله العادل الذي لاشك في عدله، لا إله غير الله ربنا ورب أجدادنا السابقين سبحانك إني ك…",1,llama-4-maverick-17b,train,ar,74,ajgt,0
سيتحقق كل خير تنتظر حدوثه بيوم من الايام بإذن الله فقط عليك بالانتظار وثق بقدرة الله 💜 #...,1,llama-4-maverick-17b,train,ar,18,ajgt,0
سؤال محرج بصراحة انتي ياإسراء صاحبة سماهر حدادي اللي بتقوليها ياريت ماكنت رديت على إيميلك؟ 🙈 #حسناً,1,llama-4-maverick-17b,train,ar,17,ajgt,0
#امطار_الشرقيه 🌺كلين 💪🏼 للتخلص من الوزن الزائد 🎀 والحصول على جسم رشيق 💪🏼 متابعة مستمرة طوال فترة البرنامج 🌻 بإشراف متخصصين في التغذية 🌸…,1,llama-4-maverick-17b,train,ar,24,ajgt,0
المشاعر اللي توصل لدرجة العياط عمرها ما كانت مصطنعة 💔 #الحب #العياط #المشاعر,1,llama-4-maverick-17b,train,ar,13,ajgt,0
"كل اللي عمله مالوش لازمه يعني عمل ولا شي 🙂 #samehashtags (assuming there were hashtags in the original, if not, the paraphrased text remains the same) 
becomes 
كل اللي عمله مالوش لازمه يعني عمل ولا شي 🙂 
or more accurately 
مالوش فايده كل اللي عمله يعني زي عدمه 🙂 
The most accurate paraphrased text is: 
مافيش فايده من اللي سوا كل شي زي عدمه 🙂 
However, a more natural and equivalent paraphrase is 
كل اللي سوا مالوش لازمه يعني ولا حاجه 🙂 
Let's stick with the most similar one: 
كل اللي عمله مالوش لازمه يعني عمل ولا شي 🙂 
The final paraphrased text is 
كل اللي سواه ولا شي يعني ماله فايده 🙂 
# same hashtags are not provided so the final output is 
كل اللي سواه ولا شي يعني ماله فايده 🙂",1,llama-4-maverick-17b,train,ar,133,ajgt,0
🌸 وما لي سوى الله رب العرش يكفيني عن كل شر ويحميني من حقد الحاسدين ويريحني… #حسبي_الله #العرش #الحاسدين,1,llama-4-maverick-17b,train,ar,19,ajgt,0
متوقعينها تكون هي 🤔 #بضنوها_ايوا #😔,1,llama-4-maverick-17b,train,ar,6,ajgt,0
زوجة التمياط شخصية تاريخية شدت انتباهي، بحثت عنها على جوجل لكن المعلومات كانت ناقصة، فتوجهت للسؤال عند نساء شمر، وكما يقول المثل القصص… #شمر #التمياط 🤔💡👵🏻 #تاريخ,1,llama-4-maverick-17b,train,ar,27,ajgt,0
"[ 📊 ] أغنية Boy With Luv مع هالزي تحتل المراكز المتقدمة في ترتيب الأغاني الكوري الساعة ٠٠:٠٠ بتوقيت كوريا… #samehashtags (assuming there are hashtags in the original post, they should be kept the same)",1,llama-4-maverick-17b,test,ar,35,ajgt,0
"🤔 يارب يلعب لكن كل التسريبات تشير لشي ثاني ☹️ # (no hashtags were provided, assuming the original post didn't have any, if it did, they should be included) 
To keep the response in the same format as the original, let's assume there were no hashtags. So the paraphrased text is: 
🤔 يارب يلعب لكن كل التسريبات تشير لشي ثاني ☹️",1,llama-4-maverick-17b,train,ar,61,ajgt,0
يارب مريم جدي 🤲💔 #اللهم_امين,1,llama-4-maverick-17b,train,ar,5,ajgt,0
🌸💪 كلين للتنحيف 🎀 ورشاقة دائمة 💪🏼 بمتابعة مستمرة على مدار الكورس 🌺 بواسطة خبراء التغذية 🌸 ✨رشاقة✨ 🌟 حي… #hashtag1 #hashtag2,1,llama-4-maverick-17b,train,ar,22,ajgt,0
أفضل خليها عندي,1,llama-4-maverick-17b,train,ar,3,ajgt,0
خالق الكون الفسيح بكل ما فيه ۖ وحينما يقرر أمراً ما، كل ما يقول له هو كن، فيصبح موجوداً على الفور 💗 #بديع_السماوات_والأرض #كن_فيكون #قدرة_الله #ايات_قرآنية #تدبر_القرآن #القرآن_الكريم #اسلام #ايمان #ياتي_الله_بقوم_يحبهم_ويحبونه #اللهم_صل_على_محمد_وال_محمد #لا_اله_الا_الله #الله_اكبر #سبحان_الله #الحمدلله #ذكر_الله #الله #islam #quran #allah #muslim #dua #islamic #quranverses #quranquotes #islamicquotes #muslimah #deen #islamicreminders #ramadan #ramadanmubarak #ramadankareem #makkah #madina #prophetmuhammad #love #peace #blessings #alhamdulillah #subhanallah #allahuakbar #la_ilaha_illallah #muhammad #allahumma_salli_ala_muhammad #yaati_allah_bi_qawm_yu_hibbuhum_wa_yu_hibbounah #al_lah #alhamdulillah #subhan_allah #allah_akbar #la_ilaha_ill_allah #allahumma_salli_ala_muhammad_wa_ali_muhammad #islam #quran #allah #muslim #dua #islamic #quranverses #quranquotes #islamicquotes #muslimah #deen #islamicreminders #ramadan #ramadanmubarak #ramadankareem #makkah #madina #prophetmuhammad #love #peace #blessings #alhamdulillah #subhanallah #allahuakbar #la_ilaha_illallah #muhammad #allahumma_salli_ala_muhammad #yaati_allah_bi_qawm_yu_hibbuhum_wa_yu_hibbounah #badie_al_samawat_wal_ard #kun_fayakun #qudrat_allah #ayat_quran #t,1,llama-4-maverick-17b,train,ar,105,ajgt,0
للأسف هذه هي الحقيقة المؤلمة 😔 ربنا معانا يا عرب #الله_يعين_الشعوب_العربيه 💔 #الواقع_المرير,1,llama-4-maverick-17b,train,ar,13,ajgt,0
"صباح النور بجد 💙 # (no hashtags were given so I'll keep it as is, assuming it's part of the text or not needed) 
However, to follow the instructions precisely and assuming there's an implicit expectation to keep the structure and elements like hashtags (even though not present), a more accurate paraphrase would be:
صباح النور بجد 💙",1,llama-4-maverick-17b,train,ar,58,ajgt,0
• الإحساس الحلو : هو أن يكون في حدا ؛ دايما بيحاول يكون أول حدا يخليك تبتسم ، بيجرب كل يوم وكل فرصة أنه يوريك قد إيه أنت مهم عنده ، و… #نفس_الكلام #مشاعر #أحاسيس,1,llama-4-maverick-17b,train,ar,35,ajgt,0
"الله يستر شكله كاتم السر 😂 💔 😔 # same hashtags not provided, assuming no hashtags were used: يالله شكله كذاك آيه can be paraphrased as الله يستر شكله كاتم السر, so the output is: 😂 💔 الله يستر شكله كاتم السر",1,llama-4-maverick-17b,train,ar,42,ajgt,0
"كل ظلام بحاجة لنور غير.. ظلامي بحاجة ليك ⁧ أنت ⁩ 🕊 🥀 # Same hashtags are assumed to be present, if not, add them accordingly: # (e.g., ⁧#حبيب ⁩ or any other hashtag that might be relevant, but in this case, there are none) 
So the output is: كل ظلام بحاجة لنور غير.. ظلامي بحاجة ليك ⁧ أنت ⁩ 🕊 🥀",1,llama-4-maverick-17b,train,ar,62,ajgt,0
"صباح النور 💛 ساعة بالتمام , باقي هالوقت على مواجهة الكلاسيكو الحارقة بين #النصر_الاتحاد . - نشوفكم 💛",1,llama-4-maverick-17b,train,ar,18,ajgt,0
ناس كويسين جدا .. بجد ليه فضحوني كده 🙈 #ليهم_عليا_فضل #ناس_طيبين #فضيحه,1,llama-4-maverick-17b,train,ar,12,ajgt,0
شي مستحيل أن ناصر القصبي يقول كلام كبير مثل هذا 😳 اللي ما يعرف ينظم كلمتين في أي لقاء تلفزيوني وخلاص المقابلة تخلص… #ناصر_القصبي #مقابلات_تلفزيونية,1,llama-4-maverick-17b,test,ar,25,ajgt,0
أفتقد شعور أول يوم لنا مع بعض، أشتاق لكونك بجانبي دائماً :( #اشتقتلك #الحب #الاشتياق,1,llama-4-maverick-17b,train,ar,15,ajgt,0
"ربما الإجابة فوق في السماء 💛 بينما أنت تدور تحت في الأرض! # (The given text doesn't contain hashtags, so I'll leave it as is)",1,llama-4-maverick-17b,test,ar,25,ajgt,0
حسابات فاخرة♛ 🌟🌟 تغريدات لامعة من أشخاص متميزين، كلماتهم راقية وحضورهم مميز 🌸 #حسابات_ملكية_تستحق_المتابعة 👇🏻👇🏻👇🏻👇🏻…,1,llama-4-maverick-17b,train,ar,15,ajgt,0
ما تبخلون علي يا ناس ويا قرايبي لو تجيبولي ريحة هدومه عيوني تعبانه وما قدرت اتحمل فراقه العين ما تشوف غيره في غيابه 😔 :( #ألا_تكفون #يا_ربعه #يا_أصحابه,1,llama-4-maverick-17b,train,ar,28,ajgt,0
أفتقد تلك المسافرة التي جمعت حاجاتها ورحلت دون وداع وتركت في قلبي فراغا كبيرا وحزنا يلازمني صباحا ومساءً 💔 #حنين #رحيل,1,llama-4-maverick-17b,train,ar,21,ajgt,0
مينفعش كده 🤔 #وش_سالفة #مين_قصدك؟ 😒 شو قصدك؟,1,llama-4-maverick-17b,test,ar,8,ajgt,0
فيك يا رب كل آمالي ولك اتوكل وبك أرجو حسن الظن وكل تمنياتي بين يديك في قوله كن فيكون 💜 #يارب #دعاء,1,llama-4-maverick-17b,test,ar,22,ajgt,0
"بكرا بقدر احجز سكيب 😢 # (assuming there are no hashtags in the original, if there are, they should be kept the same) 
To follow the format: 
بكرا بقدر احجز سكيب 😢",1,llama-4-maverick-17b,train,ar,32,ajgt,0
مر سنوات طويلة على غياب أبي الحبيب وباقي في قلبي نار لفراقه الغالي 💔 #الله يرحمك يابوي,1,llama-4-maverick-17b,train,ar,17,ajgt,0
صراحة ديونيسوس تناسب حالة الهيجان اللي في رن 😭😭 بموت من الضحك والله هذا مزاجي 😭 #حرفيا #ديونيسوس #رن,1,llama-4-maverick-17b,train,ar,19,ajgt,0
صباح الخير بالضحكه والدعوات الصادقه 🕊🌹 الوقت: 00 🕛 تم تعبئة الرصيد للأعضاء ✔️ كل عضو له (5) تغريدات يوميا (3) تغريدات… #,1,llama-4-maverick-17b,test,ar,23,ajgt,0
#يوم_الجمعه في يوم الجمعه يا رب ينتظر بعض خلقك الفرج فبشرهم و المرضى يطلبون الشفاء فاشفهم و خلقك يتوسلون رحمتك فارحمهم…,1,llama-4-maverick-17b,test,ar,21,ajgt,0
مرحباً بكم، يفتخر مكتب الإخلاص بتقديم الخدمات التالية لكم 📝: - تفريغ التسجيلات الصوتية. - إعداد الأبحاث العلمية بأنواعها… #نفس_الهاشتاجات_المستخدمة #خدمات_مكتبية #بحوث_علمية,1,llama-4-maverick-17b,train,ar,22,ajgt,0
أصبحنا والملك لله وحده، يارب اجعل صباحنا هذا يحمل معه الفرج والفرح، ولا تجعل قلوبنا تضيق بهموم الدنيا #صباح_الخير 🌞💫…,1,llama-4-maverick-17b,train,ar,20,ajgt,0
أيام حلوة ضحكنا فيها مع القصبي والسدحان 😴 #ذكريات_طيبة #السدحان_والقصبي,1,llama-4-maverick-17b,test,ar,10,ajgt,0
"الكلام اللي بيطلع في القنوات الحكومية ده إعلام بحالو 🙂 الموضوع باين إنه مفتوح يا صاحبي و قبل كده كان في إساءة لحمدالله مفيش حياد و لا احترام #... (assuming there were no hashtags in the original, if there were, they should be included) 
However, to follow the format to the letter as requested:
الكلام اللي بيطلع في القنوات الحكومية ده إعلام بحالو 🙂 الموضوع باين إنه مفتوح يا صاحبي و قبل كده كان في إساءة لحمدالله مفيش حياد و لا احترام 🙂 # (if there were hashtags, they should be here) 
Let's correct that to:
الكلام اللي بيطلع في القنوات الحكومية ده إعلام بحالو 🙂 الموضوع باين إنه مفتوح يا صاحبي و قبل كده كان في إساءة لحمدالله مفيش حياد و لا احترام 🙂",1,llama-4-maverick-17b,train,ar,125,ajgt,0
يا هلا فيك .. الله يسقي أيام زمان راحت 💔 #حنين_للماضي,1,llama-4-maverick-17b,train,ar,11,ajgt,0
✌ سهل جدا ترجع حسابك على تويتر بعد ما توقف,1,llama-4-maverick-17b,train,ar,10,ajgt,0
"شاهد نوح عليه السلام سيدة حزينة ودامعة 😭 , فاستفسر منها عن سبب بكائها؟ أجابت : يا ويلتى أبكي على رحيل فلذة كبدي وهو في ريعان شبابه 😔😔 س… #ر #ح #ب #نوح #عليه #السلام #إمراة #تبكي #😭 #😔 #يا #ول #وفاة #إبني #صغير #عز #شبابه #حزينة #دامعة #استفسر #سبب #بكائها #يا #ويلتى #أبكي #رحيل #فلذة #كبدي #ريعان #شبابه 
However, to follow the exact format as requested:
شاهد نوح عليه السلام سيدة حزينة ودامعة 😭 , فاستفسر منها عن سبب بكائها؟ أجابت : يا ويلتى أبكي على رحيل فلذة كبدي وهو في ريعان شبابه 😔😔 س…",1,llama-4-maverick-17b,train,ar,96,ajgt,0
#الهلال_الاهلي #حسين_عبدالغني لاعب تكررت منه تصرفات مشابهة داخل الملعب أكثر من مرة واليوم كاد يتسبب في مشكلة…,1,llama-4-maverick-17b,train,ar,17,ajgt,0
"📹 أول تدريب للنادي في مدينة ""جدة"" 💪🏼✔ 💙 #الهلال #فيديو_الهلال",1,llama-4-maverick-17b,train,ar,11,ajgt,0
📌 تذكير ليومنا هذا 📌 ✨الجمعة ✨ ~~ #استراحة من #التغريدات الاجبارية وتبادل #المنشورات بين المتابعين…,1,llama-4-maverick-17b,train,ar,16,ajgt,0
"الله يصبرك على فراقها يا حبيبتي ويرحمها برحمته 💔 #الله_يرحمها #حبيبتي #فراق #الموت #فقد #وجع #الم #حزن #صبر #راحة #راحلون #ذكريات #الله_يرحمه #وجع_فراق #الم_فراق #حزن_فراق #صبر_فراق 
(I'll correct it to match the exact length, tone, and emojis of the original post)
 الله يصبرك ويجعلها في الجنة 💔",1,llama-4-maverick-17b,train,ar,47,ajgt,0
و يستيقظ مع اول رنة من المنبه,1,llama-4-maverick-17b,train,ar,7,ajgt,0
أنتِ أعمق من أن تكوني محبوبة كباقي الأشخاص، أحتاجكِ لدرجة أنني أتمنى لو كان لديّ خمسة قلوب وروحين وألف شريان ليغذي حبي لكِ 💙 #غير_متوفر #حب #أحبك,1,llama-4-maverick-17b,train,ar,27,ajgt,0
اللهم ببركة طلوع فجرك توفيقي يزيد ونجاحي يكبر ♥ #يارب #نجاح #توفيق,1,llama-4-maverick-17b,test,ar,12,ajgt,0
عن سيدنا علي بن أبي طالب رضي الله عنه قال: لما كان رسول الله ﷺ يركع، يقول: يارب لك سجدت، وفيك آمنت، وإليك انقاد، خشعت لك… #حديث_شريف #رسول_الله #علي_بن_أبي_طالب,1,llama-4-maverick-17b,train,ar,29,ajgt,0
صراحة الثلاثة مجانين مع بعض، العروس بشعة، ليش ما ركبت امه و العريس صار درامي و طلقها لسبب تافه و الام صارت عالقة و مزعجة… #دراما #طلاق #ام #عروس #عريس,1,llama-4-maverick-17b,test,ar,30,ajgt,0
قال لها : وجهك جميل كيوسف 🙈 فردت عليه : وانت مخادع زي اخوته ✌😌 #,1,llama-4-maverick-17b,train,ar,16,ajgt,0
صراحة شعري الطويل بيخليني احس اني ديك بس مو مشكلة جرب 🤷☹ 💁 #بس_لامانع_من_التجربه,1,llama-4-maverick-17b,test,ar,14,ajgt,0
⛔ ابعدوا عن طريق #الخبر × #الدمام حاليا 📣,1,llama-4-maverick-17b,train,ar,9,ajgt,0
أضحي بالدنيا ولا يهم شي انا معتادة على تصرفاتهم بتويتر 😂 #تويتر,1,llama-4-maverick-17b,train,ar,12,ajgt,0
ㅤ↴ 🍂 ء ⸀ ⠀ ⠀ ⠀ ㅤㅤ أستغفر الله حين تتساقط أوراق الشجر على تراب الأرض في كل مكان #الوافي_رند_للتبادل…,1,llama-4-maverick-17b,train,ar,21,ajgt,0
_ النبي صلى الله عليه وسلم قال: ( اللي بيصحى من النوم مرتاح في بيته وسليم معافى في جسمه وعنده أكل يومه، كأنه امتلك الدنيا كلها) الحمد لله على النعم دي كلها 💛 #حديث_نبوي #نعم_الله #الحمدلله,1,llama-4-maverick-17b,test,ar,36,ajgt,0
الرياض والدمام مطرت لكن لسى مادخلت علينا الأمطار 😭 #أمطار_الرياض #أمطار_الدمام,1,llama-4-maverick-17b,train,ar,11,ajgt,0
"مافيه غير دموعك الي فاهمني 💔 #لا يوجد (no hashtags in the original text, so I will keep it that way) 
However, to follow the format to the letter as requested:
مافيه غير دموعك الي فاهمني 💔",1,llama-4-maverick-17b,train,ar,37,ajgt,0
"طيب خلاص 🌚 # (no hashtags were provided so it is kept as is, assuming it was part of the original text or an instruction to not add any) 
هاه اجل is paraphrased to طيب خلاص, both having an informal tone and similar meaning. 
The output is: طيب خلاص 🌚",1,llama-4-maverick-17b,train,ar,50,ajgt,0
ياريتني ما صحيت 💔 #ليتني_م_نشيت,1,llama-4-maverick-17b,test,ar,5,ajgt,0
أكتر حد مش بحب اشوفه قدامي او اسمع صوته 💙 #حبيبي #فقدت_حبيبي #الموت_وجع #فقد #وجع_فراق #الموت #حزن #ذكريات #فقد_شخص,1,llama-4-maverick-17b,train,ar,19,ajgt,0
راسل المحجبة ذات الحجاب الداكن 💗 ماذا صنعت بشاب متدين ومنقطع للعبادة؟!🖤 — و دا كلام غزلي من ناس متدينة دا ولا ايه 😹💔 #لا_وجود_للمعلومة,1,llama-4-maverick-17b,train,ar,25,ajgt,0
الى اللقاء 😞 #سي_يو,1,llama-4-maverick-17b,train,ar,4,ajgt,0
"ما فيش فضايح بتطلع من عندك انت 💔 #... (assuming there are hashtags in the original, they should be kept, but since they weren't provided, I'll leave it as is) 
Let's correct that to fit the required format: 
ما فيش تسريب اخباث من عندك انت 💔",1,llama-4-maverick-17b,train,ar,46,ajgt,0
📹 لقطات من حفل بلاك بينك الافتتاحي في مهرجان كوتشيلا - أبريل ، #BLACKPINK #COACHELLA #Kpop #BLACKPINKatCOACHELLA,1,llama-4-maverick-17b,train,ar,17,ajgt,0
صباحك ورد 🌼 #يا_صباح_الخير,1,llama-4-maverick-17b,train,ar,4,ajgt,0
"يارب استجب آمين يا رب 🌹 🙂 #samehashtags (assuming there are hashtags in the original, if not, the output will be) يارب استجب آمين يا رب 🌹 🙂",1,llama-4-maverick-17b,train,ar,28,ajgt,0
#الهلال_الاهلي يا عشاق 💙 هلالنا 💙,1,llama-4-maverick-17b,train,ar,6,ajgt,0
صراحة الثلاثة حمقى بشكل مو طبيعي، العروس بشعة، ليش الأم تتدخل و العريس درامي زيادة عن اللزوم، طلقها لأتفه سبب و الأم ما تفارقه... 🤷‍♀️ #دراما #العروس #الام_العريس #طلاق #زواج_فاشل,1,llama-4-maverick-17b,train,ar,30,ajgt,0
🗓 السبت أبريل 🎥مباراة النصر ضد الإتحاد ⚽دوري الأمير محمد بن سلمان ⛳الرياض : على ملعب الملك فهد الدولي ⏱ … #دوري_محمد_بن_سالم #النصر_الاتحاد,1,llama-4-maverick-17b,test,ar,23,ajgt,0
"ايش اللي جاب كوكيز هوم بيكري للرياض دلوقتي ياعيوني ! 😇 # (No hashtags were provided, assuming it is part of the text or not needed, the response remains the same) 
وش يجيب كوكيز هوم بيكري للرياض الحين يابطني ! 😇 is paraphrased to: ليه كوكيز هوم بيكري جاي الرياض دلوقتي يامعدتي ! 😇 
A more accurate paraphrase is:  ايش جاب هوم بيكري للرياض الحين بطني تصيح ! 😇 
The best fit is:  ليش كوكيز هوم بيكري وصل الرياض الحين يابطني توجعني ! 😇 
The most suitable paraphrase is 
ايش اللي جاب هوم بيكري للرياض الحين معدتي تحن ! 😇 
However the most accurate is 
ليه هوم بيكري جا الرياض الحين بطني تطنطن ! 😇 
The final answer is: 
ايش اللي جاب كوكيز هوم بيكري للرياض دلوقتي ياعيوني ! 😇",1,llama-4-maverick-17b,train,ar,130,ajgt,0
#بخصوص مخاوفك,1,llama-4-maverick-17b,train,ar,2,ajgt,0
رياض كبير يقول لك خليك خادم تحت الاتحاد يصغير 😎 #قال_كبير_الرياض #خلك_خدم_عند_الاتحاد,1,llama-4-maverick-17b,train,ar,12,ajgt,0
اللي حققوا فيه انتشار عالمي هو: زواج المسيار 😂 . يذكرني بمباراة ريال مدريد والنصر وقت كانوا بيحمسوا للفريق الاسباني 🤣 #زواج_المسيار #ريال_مدريد_النصر,1,llama-4-maverick-17b,train,ar,23,ajgt,0
شي مستحيل ان ناصر القصبي يقول كلام كذا 😳 اللي ما يعرف ينظم كلامه في أي لقاء تلفزيوني وخلاص الحوار 🤷 #ناصر_القصبي #مقابلات_تلفزيونية #كوميديا #ضحك #فكاهة,1,llama-4-maverick-17b,train,ar,26,ajgt,0
صراحة مش عارف ابدأ كلامي ازاي ياكباتن بس اللي اقدر اقوله ان ربنا يكون في عونكم على تصرفات زوران الفوضوية 🤔 #الله_يستر_من_اللي_جاي #زوران,1,llama-4-maverick-17b,train,ar,23,ajgt,0
"الأرض المفروض يكون فيها ""مخرج طوارئ"" !! 😕 👌#أعجبتني",1,llama-4-maverick-17b,train,ar,9,ajgt,0
اللي حققوا فيه انتشار عالمي هو : زواج المسيار ..! . يبدو أنهم كانوا بيباركوا لريال مدريد ضد النصر 🤣 #زواج_المسيار #ريال_مدريد_النصر,1,llama-4-maverick-17b,train,ar,22,ajgt,0
💚🍃🌷📿 🥀 🥀 بسهولة تقدر تسكت وتغطي فمك، لكن صعب تغطي قلبك وتخفي مشاعرك,1,llama-4-maverick-17b,train,ar,14,ajgt,0
"الصبح بخير 🥀 #صباح_الخير is not needed as the original post does not contain it, so: 
الصبح بخير",1,llama-4-maverick-17b,train,ar,18,ajgt,0
استسلام كامل وليوم مشهود 😂 #خضوع #يوم_تاريخي,1,llama-4-maverick-17b,train,ar,7,ajgt,0
#أمي راحتي وإن مضت السنين.. وبدأ الكل يمحو من ذاكرته ذكراك لاتحزني فالله منحك روحا تعيش تفاصيلها بحديث ذكراك أللهم أغفر لفقيدة روحي…,1,llama-4-maverick-17b,train,ar,23,ajgt,0
النفس هي من يتعب الإنسان وليس الحياة، يا لجَهْل البشر يرهقون أنفسهم بأنفسهم… #حكمة #نفس #حياة,1,llama-4-maverick-17b,train,ar,16,ajgt,0
دعوات زهراء وريان وكلام اليف بيصدع فى راسي 😞 ياريت الكاتبة توجة الدعوات دى للظالم الحقيقى عزيزة ونصوح لأن ف… #... (assuming the rest of the hashtags are present but not shown),1,llama-4-maverick-17b,train,ar,32,ajgt,0
مين بلد تسافر بالشهر العسل 🤔 #شهر_عسل #سفر #عرس #زواج #خطوبة #حب #رومانسية #رحلات #سياحة #عطلات #شهر_العسل #السفر #الزواج #حب_وغرام #رومانسيه #السياحة #الرحلات #العطلات,1,llama-4-maverick-17b,train,ar,24,ajgt,0
💕بالتكاتف نحيي عادات نبينا الحبيب ﷺ 💫 *عادة اليوم*💫 روى أبو هريرة رضي الله عنه…,1,llama-4-maverick-17b,train,ar,15,ajgt,0
"بالتأكيد، هذا المنشور المعاد صياغته: ايه ياجدع هو انت دكتور بجد ولا ايه ♥ #لا يوجد هاشتاجات في النص الاصلي، لذلك: لالا عااد ولدنا دكتور قد الدنياا ♥ ->  ايه ياجدع هو انت دكتور بجد ولا ايه ♥ 
لذا النص المعاد صياغته هو: ايه ياجدع هو انت دكتور بجد ولا ايه ♥",1,llama-4-maverick-17b,train,ar,52,ajgt,0
كن مثل الورود .. لما تواجدت جمّلت المكان، وبثّت فيه الفرح والسعادة .. ولما رحلت بقيت ريحتها الزكية أسعد الذكريات 🌹💕 #كن_إيجابي #الورود #السعادة 🌸😊,1,llama-4-maverick-17b,train,ar,25,ajgt,0
ماهو معروف من بينهم الحكام اللي يبغونهم يتولون الحكم عليهم 🤣 #حكام #بالمره,1,llama-4-maverick-17b,train,ar,13,ajgt,0
"• عندي اشتياق 💔 
• واعرف هيج بتشتاق ♪ 
• عيونها تتعب من كتر الحزن !!☹️ # same hashtags not provided, assuming they are not available, the response is: 
• عندي اشتياق 💔 
• واعرف هيج بتشتاق ♪ 
• عيونها تتعب من كتر الحزن !!☹️",1,llama-4-maverick-17b,train,ar,45,ajgt,0
أعرف إنك تتمنى المطر، ياريت المطر يروح لقبرك بدل ما يبلل الشوارع 💔 - يا رب سامح عبدك الملك عبدالله بن عبدالعزيز وادخله جناتك الواسعة… #اللهم_امين #الملك_عبدالله #رحمة_الله_عليه,1,llama-4-maverick-17b,train,ar,28,ajgt,0
"ربي يحفظ جسمك .. ويسعدك من كل قلبه 🌹 # (no hashtags were provided, assuming the original post didn't have any, if it did, they should be included) 
Since there were no hashtags in the original, the paraphrased text is: ربي يحفظ جسمك .. ويسعدك من كل قلبه 🌹",1,llama-4-maverick-17b,train,ar,49,ajgt,0
#روب_ستارك زعيم قبيلة و فارس مغوار وسيفه ما فارق يمينه,1,llama-4-maverick-17b,test,ar,10,ajgt,0
لم يرزقني الله بخالة لأعيش هذا الشعور اتجاهها 😥 #خالاتي #حب #عائلة,1,llama-4-maverick-17b,train,ar,12,ajgt,0
اللهم طمأنينة ل روحي 💛 #يارب #راحة_البال,1,llama-4-maverick-17b,train,ar,7,ajgt,0
"اتحطمت وما عندي سالفة 😥 # (no hashtags were given so I'll keep it as is, assuming it's not required) 
However, to fully follow the format: اتحطمت وما عندي سالفة 😥",1,llama-4-maverick-17b,train,ar,31,ajgt,0
مين هادا 😶 #ذي #مين #هادا,1,llama-4-maverick-17b,train,ar,6,ajgt,0
#الاهلي_الهلال - تحت هالمنشور تحدي هدوء واسرع لو الهلال فاز ان شاء الله ، الاسرع حيهدي قيمة ايفون X …,1,llama-4-maverick-17b,test,ar,20,ajgt,0
ماشاءالله حاجة تهبل برق 👌 #الله #رائع #رعد,1,llama-4-maverick-17b,train,ar,8,ajgt,0
مش هي الي اتجوزت أخوها عشان الجنسية 🤔 #زواج_الأخ #الجنسية_المزدوجة,1,llama-4-maverick-17b,test,ar,10,ajgt,0
ماكو شي بس احس بغداد محاصره من جميع الاتجاهات وكل المحافظات القريبه منه اجت عليها السيول وبدت… #️⃣♡̨̐ا,1,llama-4-maverick-17b,train,ar,18,ajgt,0
يارب استجب 🙏💛 #اللهم_امين,1,llama-4-maverick-17b,train,ar,4,ajgt,0
شاب صيني دخل مغارة و حب يجرب يسمع صوت الصدى رجع قال : هنج شنح فو تالو تو غا طن ون جاوبه الصدى : الله يلعنك كمل مرة ثانية ماعرفت تقولها صح 😂 #هنج #صيني #كهف #صدى #صوت #يلعنك,1,llama-4-maverick-17b,train,ar,39,ajgt,0
عذاب لقلب مايقبل غيرك كفاية كأنه من أجلك من عالم الناس منبوذ ارجع لك عايش من قهرك وتجاهلك وراجع لك مشتاق برغم كل شي #…,1,llama-4-maverick-17b,train,ar,25,ajgt,0
أخيراً ثبت صحة كلامي 😏 وأخدت الوظيفة في اتحاد الكرة للهواة 👎🏻 #hashtag1 #hashtag2 is not present so: اخيرا طلع كلامي صحيح 😏 وظفوني في اتحاد القدم ( للهواه ) 👎🏻 becomes أخيراً ثبت صحة كلامي 😏 وأخدت الوظيفة في اتحاد الكرة للهواة 👎🏻,1,llama-4-maverick-17b,train,ar,44,ajgt,0
🥀🥀عبارة اليوم 🥀🥀 السبت 🎀 الموافق ل شعبان 🎀 والموافق ل ابريل لا تشارك شخصًا في حزنه بعد فشله في… #حكمة #السعادة #تحفيز #تطوير #نجاح,1,llama-4-maverick-17b,train,ar,25,ajgt,0
صعبة جدا لحظات الحنين للناس اللي 🙄 من غير ما تقدر تشوفهم أو تكلمهم #ﻫﻲ #ﺃﻭ #ﺣﺘﻰ #ﺍﻹﺷتيﺎﻕ #گم 😔💔,1,llama-4-maverick-17b,train,ar,20,ajgt,0
#حسين_عبدالغني لا كلام في وجود من قال كل اللي في خاطري,1,llama-4-maverick-17b,train,ar,11,ajgt,0
"إسألني عن إستغلال اللحظات "" أحدثك عن رؤيتك دون أن تشعر ؛ 💌 #نجد_تركي",1,llama-4-maverick-17b,train,ar,14,ajgt,0
الوقت بيمر بسرعة رهيبة .. نفسي اخلص الاختبار واخيرا ارتاح 🆘 #الوقت_يجرى #ارتاح,1,llama-4-maverick-17b,train,ar,13,ajgt,0
🎥 | لحظة طرد لاعب النادي الاهلي يوسف الحربي .. برأيك هل للكرت الأحمر تأثير على سير اللعب ؟ 🤔 #,1,llama-4-maverick-17b,train,ar,21,ajgt,0
﴿تعطي ثمارها في كل وقت﴾ الكلمة الحسنة تنتج ثمارها لوحدها، دونك سجلها، عبّر عنها، أطلقها تنطلق، سوف تزدهر حتى ولو في أرض قاحلة… #اللهم_صل_على_محمد #الكلمة_الطيبة #الإيجابية,1,llama-4-maverick-17b,train,ar,26,ajgt,0
حلاوة البدايات مؤقته 😂 #حماس_البدايات #فتره_وتعدي,1,llama-4-maverick-17b,train,ar,6,ajgt,0
نكمل كلامنا 😂 الرجال مشغول وماعنده وقت فراغ 😂😂 وانقطعت الكهرباء كمان 💡🔦 #حياة #كهرباء #شايب,1,llama-4-maverick-17b,test,ar,16,ajgt,0
"وأنا وش دخلي ؟ 😒 #لا يوجد #hashtags في النص الأصلي، لذلك سأتركه فارغا 
وانا وش دخلي ؟ 😒",1,llama-4-maverick-17b,test,ar,19,ajgt,0
"#الهجمه_المرتده ✋ حذرناكم من عشاق ومرتع الشر/ عنجيه 🔴✋ ""فرض السيطره",1,llama-4-maverick-17b,train,ar,11,ajgt,0
عم فكر ارجع للجامعه بعد الظهر كمعيده 🤔 #اشتغل_معيده #جامعه #دراسه,1,llama-4-maverick-17b,train,ar,11,ajgt,0
يا رب سترنا 🤕 #الله_يستر #ستر_يا_رب,1,llama-4-maverick-17b,train,ar,6,ajgt,0
أبو جعفر يا سيدي، الله يعلم حجم الحزن اللي في قلبي لما أفتكر رحيلك 💔 #من_قلبك_غرد,1,llama-4-maverick-17b,train,ar,16,ajgt,0
دائماً زيت النخيل أسوأ الزيوت هو المتوفر في التوزيعات على المحتاجين زي العاده 😑 #زيت_النخيل #توزيعات_الخير,1,llama-4-maverick-17b,test,ar,16,ajgt,0
#قلبك_ماذا_فيه حين تسيطر مشاعر اليأس على روحه وتظهر علامات الحزن على وجهه دون سبب واضح في التحاليل والفحوصات الطبية…,1,llama-4-maverick-17b,train,ar,19,ajgt,0
صباح الهنا ♥ استغفر ربك من الصبح,1,llama-4-maverick-17b,train,ar,7,ajgt,0
لتنزيل وزنك بشكل صحي ما لك غير مجموعة كلين العيادة الرائدة في التخصصية... # # 🤩💪,1,llama-4-maverick-17b,test,ar,16,ajgt,0
"""الرجل مسؤول عن المرأة"" هذه رسالة واجب مش رسالة تكريم أنت مسؤول عشان تخليها شريكه مش خادمه أنت مسؤول عشان تخليها زوجة مش… #الرجال_قوامون_على_النساء 🤝👫💕 #زواج #علاقات #رجال #نساء",1,llama-4-maverick-17b,test,ar,29,ajgt,0
عندنا مخزن لان اللي موجود فالدار من بحر كرباباد 🤷‍♂️ #كرباباد #بحرين #تراث #تراث_البحرين #تراثنا_هويتنا #البحرين #بحرينيات #قديم #قديمك_نديمك #زمان_اول #زمان #القديم_جميل #تراثنا #مخزن #مستودع,1,llama-4-maverick-17b,train,ar,25,ajgt,0
صباح الخير حلو ك حلاوة قلبك ياخوي 🌺 #صباح_الخير #تفاؤل,1,llama-4-maverick-17b,train,ar,10,ajgt,0
متضايق اوي ومش طايق نفسي علشان معرفتش احضر اليوم المنتظر من مدة كبيرة دا 😔 يوم اليتيم واللي يتصل بي دلوقتي يقولي رحمة بتدور عليك… #يوم_اليتيم 💔 #اليوم_اللي_كنت_مستنيه,1,llama-4-maverick-17b,test,ar,28,ajgt,0
إنه لشرف كبير لنا أن تكون من بين متابعينا ❤ #,1,llama-4-maverick-17b,test,ar,11,ajgt,0
أثمن ما في التاج هو الجوهرة ..هذا ما يقال ☺️ #لا شيء,1,llama-4-maverick-17b,test,ar,12,ajgt,0
يا رب أنت تعلم ما نخفي وما نظهر وتدرك ما نجهل فاحمينا من كل سوء في المجهول، واشملنا برعايتك وسهل لنا أمورنا، وقدر لنا الرزق وأنت الأكرم 🤲 #ادعية_يومية #اللهم_احفظنا #يارب,1,llama-4-maverick-17b,train,ar,31,ajgt,0
#اسامه_نصيف مسح التويتة و حسابه يمكن كلامه البارح صار اليوم بمحض الصدفة !! 😎 #الهلال_الاهلي,1,llama-4-maverick-17b,test,ar,15,ajgt,0
بشكل ما ، ستكتشف أن عناية الله ترعى أعماقك 🌿💙 #حياة #روحانية #الله_يعتني_بك #راحة_نفسية #تأملات #تفاؤل #نور #هدوء #سلام_داخلي #حب #ايمان #يقين #طمأنينة #سكينة #راحة #استسلام #تفويض #اليقين #اللطف #العناية_الالهية #الله #ال avatar هو ليس موجود في النص الاصلي لذا لن اضيفه: #حياة #روحانية #الله_يعتني_بك #راحة_نفسية #تأملات #تفاؤل #نور #هدوء #سلام_داخلي #حب #ايمان #يقين #طمأنينة #سكينة #راحة #استسلام #تفويض #اليقين #اللطف #العناية_الالهية #الله,1,llama-4-maverick-17b,train,ar,63,ajgt,0
انضم لمجموعة كلين مع سها السعدي و اخسر كيلو يوميا بدون جوع او عمليات تكميم 📒 📌 📌,1,llama-4-maverick-17b,train,ar,18,ajgt,0
قريباً حانت لحظتك 😂 #حياتك_عبارة_عن_لحظات #انت_البطل,1,llama-4-maverick-17b,train,ar,6,ajgt,0
بإمكانك تتغاضى عن ألمك 💔 ~ لكن ما بإمكانك توقف الشعور فيه :)) وبإمكانك تظهر إنك على ما يرام 💔 بس ما بإمكانك تغش… #حقيقة #وجع #نفسية,1,llama-4-maverick-17b,train,ar,27,ajgt,0
متخيل نفسك واقف عند محطة مهمة في حياتك وفرحان؟ 😭 #حياة #نجاح,1,llama-4-maverick-17b,train,ar,12,ajgt,0
‌سر نجوم المجتمع برشاقة دائمة معنا رشاقتي 🤗 هي الخطوة الأولى نحو جسم صحي وقوام ممشوق☺ الحمية الأولى هي دايت مثالي ك… #رشاقتي #دايت,1,llama-4-maverick-17b,train,ar,24,ajgt,0
#همم_داعيات ' في اي لحظه جائتني لحظة الموت يارب سهل علي مشقة الرحيل واجعل مثواي في الجنه.. - اللهم اجعل…,1,llama-4-maverick-17b,train,ar,20,ajgt,0
تتذكرون الموسم اللي كانت فيه هذه المواجهة بين #النصر_الاتحاد ؟ 🤔 .. ومن كان الفائز في الدوري وقتها؟ جاوبونا في الرد + اعملوا ريتويت للتغريدة…,1,llama-4-maverick-17b,train,ar,25,ajgt,0
"عندما يسألني أحدهم عن حالي أرد ب""تمام"" دون أن يسأل ""و إنت/ي إيه؟"" 😂 و عندما يبدأ أحدهم الحديث بقول ""هاي"" أجدنى أرد تلقائيا بـ ""بااي"" 🏃 و إذا كان أحد ما ي… #hashtag1 #hashtag2",1,llama-4-maverick-17b,train,ar,35,ajgt,0
😔 ثمنه يخلع القلب #سعره_يكسر_الظهر #غالي #مكلف 💔,1,llama-4-maverick-17b,train,ar,8,ajgt,0
💌 شارك كل ماهو جميل٠٠ يترك أثرا طيبا ويدل على أخلاقك النبيلة لاتنتظر شكرا من أحد اجعل نيتك في كل منشور رضا الله ، واجعل كل كلمة فيه في صالحك يوم الحساب 🌸🍃 #نشر_الخير #النية_الصالحة,1,llama-4-maverick-17b,train,ar,35,ajgt,0
صلوا على خير خلق الله محمد صلى الله عليه وسلم و على من تبعهم بإحسان 🌹 #يوم_الجمعه,1,llama-4-maverick-17b,train,ar,17,ajgt,0
المشاعر اللي توصل لمرحلة الانهيار ما هي إلا صدق 💔 #الحب_الحقيقي #مشاعر_صادقة,1,llama-4-maverick-17b,test,ar,12,ajgt,0
الحمد لله انو القلب عضلة مش عظم .. التعذيب بالعضلات افضل من الكسر 😔 #حياة,1,llama-4-maverick-17b,train,ar,15,ajgt,0
البعوض مزعلنا 😤 #لعب_فينا_البعوض #البعوض_مزعلنا,1,llama-4-maverick-17b,train,ar,5,ajgt,0
لازال ابريل مستمر 🤣 ماوصلنا رد الفيفا بعد,1,llama-4-maverick-17b,train,ar,8,ajgt,0
صراحة الثلاثة أغبياء العروس بشعة، كان ممكن الأم تتدخل والعريس يعمل مشكلة بسيطة يطلقها لأتفه سبب والأم تكون متشبثة ومتعلقة,1,llama-4-maverick-17b,train,ar,20,ajgt,0
ذكر الشيخ أحمد بن حجر آل بوطامي البنعلي رحمه الله: التشبه بأعداء الله يكون بتصوير الكائنات الحية وتعليق #الصور في المنازل…,1,llama-4-maverick-17b,train,ar,21,ajgt,0
#مع_شركاء_القمه_الكل_رابح انتظروا اليوم #كاش💸💰 أكبر سهرة في السهرات معاكم الليلة على الساعة :00 🎉 جائزة 💸…,1,llama-4-maverick-17b,train,ar,16,ajgt,0
"الله معنا 💔 #حسبنا_الله_ونعم_الوكيل is not required as there are no hashtags in the original post, so: الله معنا 💔",1,llama-4-maverick-17b,train,ar,20,ajgt,0
شاب بالرياض ابحث عن رفيق 😍 ساكن بمنطقة وسط الرياض بشقة و امان مواصفاتي /٢٨/٧٦وسيم التواصل للجادين فقط #نفسك #تشتاق #تعارف_رجال,1,llama-4-maverick-17b,train,ar,21,ajgt,0
للأسف المغتربين تعبانين جدا، فاتتهم مباراتين يعني مافي كلام ممكن يعبر عن شعورهم الوحش، تخيل تتحسر مرة وتتحسر مرة تانية 😔 #مساكين #المغتربين #سقوطين,1,llama-4-maverick-17b,train,ar,24,ajgt,0
بمناسبة انتصار الهلال .. 💙 سحب على هاتف آيفون XR📱 اعمل رتويت وتابعنا - السحب بعد ساعة موثق بالفيديو 💪 #الهلال #ايفون #سحب,1,llama-4-maverick-17b,train,ar,23,ajgt,0
وانا مستمره في المذاكره 😞 #Coachella,1,llama-4-maverick-17b,train,ar,6,ajgt,0
كيف أداري غرامي؟ يامليح الحسن قول لي! ظننت أني أصمد أمام الحب ولما أحببت صرت أقوى 💙 #وكيف أخفي غيرتي؟ #يامليح الحسن #المحبه قوتني,1,llama-4-maverick-17b,train,ar,24,ajgt,0
مرّت شهور و يوم، يلا تعالى خد الزرقا من فريق التماسيح #???? #????,1,llama-4-maverick-17b,train,ar,13,ajgt,0
"يلا بينا نحكي شوي :) # (no hashtags were provided, assuming it's just the text with emojis) 
تعالوا خنسولف :) 
should be paraphrased to 
يلا ندردش شوي :)",1,llama-4-maverick-17b,test,ar,28,ajgt,0
✦••┈• ألفاظكم لتكون عادة #ذكر_الله، استمروا بالاستغفار و #التسبيح، لا تتركوا ألسنتكم تعتاد #الصمت •• داوموا على ذكر الله لتنطق به ألسنتكم بسهولة #الذكر,1,llama-4-maverick-17b,test,ar,24,ajgt,0
رضى الرحمن ورزق حلال وخبر مفرح ورآحة بآل ، أمنياتي بها لكم ولي #صباح_الخير,1,llama-4-maverick-17b,test,ar,14,ajgt,0
#الاتحاد_النصر صباح النصر لكم وبإذن الله الفوز حليفنا 💙💛💙💛💙💛💙💪💪💙💛,1,llama-4-maverick-17b,train,ar,9,ajgt,0
#شخص_تشتاق_له_دايما . . مساء الخير .. محتاج رسالة تخلي إبتسامتي عريضة، ممكن حد يتبرع؟,1,llama-4-maverick-17b,train,ar,14,ajgt,0
"عمري كان ماشي كويس من قبل ما تعرفك يعني هموت دلوقتي لو مش معاك لا طبعا 😂 #... (it seems there are no hashtags in the original, so none will be added) 
However, to fully follow the format as requested and since there were no hashtags in the original post:
عمري كان ماشي كويس من قبل ما تعرفك يعني هموت دلوقتي لو مش معاك لا طبعا 😂",1,llama-4-maverick-17b,train,ar,67,ajgt,0
مبروك ألف مبروك 😍 يوصل مليون مشاهدة فديت اللي خلى مكانه فاضي #محمد_عساف 👏 👏 👏,1,llama-4-maverick-17b,train,ar,16,ajgt,0
هؤلاء المرتزقة اللي باغيين نستفسر عنهم ماهومش جزائريين 🙄 والدرك ماهمش جزائريين والعصابة فيها ناس من جنسيات مختلفة ☺ مقاطع الفوضى كان معظمها... #لا #توتر #خليك_هادي #كالما #بزاف #هشاشة #شعب #يتفرج #فوضى #احتجاجات #جزائر #ثورة #حراك #الجزائر #الحراك_الجزائري #احتجاجات_الجزائر #جزائرنا #ثورة_الجزائر #حراكنا #نحن_مع_الحراك #الجزائر_تقاوم #لا_للقمع #نعم_للحرية #حرية_سلام_عدالة #ثورة_وطنية #الحراك_مستمر #سلمية #سلمية_سلمية #لا_للتخريب #لا_للعنف #نعم_للتغيير #الجزائر_تنتفض #ثورة_شعب #شعب_واحد #شعب_جزائري #جزائر_واحدة #وحدة_وطنية #حراك_جزائري #جزائرنا_تستحق_الأفضل #لا_للاستبداد #نعم_للديمقراطية #حرية_الرأي #تعبير_سلمي #احتجاج_سلمي #حق_التعبير #حراك_سلمي #سلمية_الحراك #الحراك_السلمي #جزائر_سلمية #سلمية_جزائرية #لا_للتطرف #نعم_للتسامح #تسامح_جزائري #جزائر_التسامح #الحراك_التحرري #تحرر_جزائري #جزائر_متحررة #حرية_جزائرية #جزائر_الحرية #حراك_جزائر #جزائرنا_تتحرر #ثورة_التحرير #تحرير_الجزائر #جزائر_بكاملها #كلنا_جزائريون #جزائر_وحدة #وحدة_الجزائر #جزائرنا_واحدة #نحن_جزائريون #جزائري,1,llama-4-maverick-17b,train,ar,93,ajgt,0
أصبحنا والملك لله وحده #صباح_الخيرᅠ صحينا على دقة #المطر 🌨 يارب يا من أنعشت الأرض🌴🌳 بالمطر أنعش قلوبنا❤ بالفرح 🌧 ريحه…,1,llama-4-maverick-17b,train,ar,21,ajgt,0
مستحيل أتعاطف مع أي رجل أعمال سعودي لجأ لطرف أجنبي و نصب عليه، بالعكس بقول لك الله يبارك لك يا من اخترت الأجنبي عل… #احسان_اليماني #الاستثمار_الاجنبي,1,llama-4-maverick-17b,train,ar,26,ajgt,0
في عيني دموع إذا حبستها، تخنقني.. اشتياق لمن رحلوا عني 💔 لما أخيرا عبرت عن حزني بشعر في وداعهم.. انفجرت باكيا… #حزن #شوق #رحيل #الموت #فقد #وجع #ألم #ذكريات #وجع_قلب,1,llama-4-maverick-17b,test,ar,30,ajgt,0
"الكلام اللي بيطلع على القنوات الرسمية ده إعلام بحالو 🙂 الموضوع فوضى يا صاحبي و قبلها عمل إساءة لحمدالله مفيش حياد و لا احترام #... #... (assuming there were some hashtags that were not provided) 
However, to follow the exact format, here is the revised response:
الكلام ده تصريح إعلامي على قناة حكومية 🙂 الدنيا مفتوحه يا معلم و قبل كده شتم حمدالله مفيش احترام و لا حياد",1,llama-4-maverick-17b,test,ar,68,ajgt,0
خليني أزعجك يومياً 😔 #غير_متاح,1,llama-4-maverick-17b,test,ar,5,ajgt,0
اللهُمَّ فرحة 😔 #يارب #فرحة #سعادة,1,llama-4-maverick-17b,train,ar,6,ajgt,0
بجدية تتكلم عن انصاف؟؟ 😎 #حقيقي؟؟,1,llama-4-maverick-17b,train,ar,6,ajgt,0
الوضع الداكن مش بالسواد 🌃 افتح عنيك 😏 #الوضع_الليلي #فتح_عيونك 😏🌃 #الظلام_ليس_اسود,1,llama-4-maverick-17b,train,ar,12,ajgt,0
"نقبل الأمر على مضض 😍 # (No hashtags were provided, so I will keep it as is, assuming it's not required) 
However, to follow the instructions to the letter as requested:
نقبل الأمر على مضض 😍",1,llama-4-maverick-17b,train,ar,36,ajgt,0
القصبي اللي لما يطلع ب مقابلة أستحي منه لأنه مايقدر يربط جملتين مع بعض صار يتفلسف ويتكلم بهذي الكلمات والمصطلحات 🤔 #,1,llama-4-maverick-17b,train,ar,22,ajgt,0
#الهلال_الاهلي يا وزيرتنا حددي لنا كم حساب يشاركونا فرحتنا الليلة بسبب فوز #الهلال يستاهلون…,1,llama-4-maverick-17b,test,ar,14,ajgt,0
"أصبحنا والملك لله وحده 🌼 نهاركم سعيد 💜 #صباح_الخير #أصبحنا_وأصبح_الملك_لله is not required as per the format, so: أصبح الصباح والله وحده المالك 💜 صباحكم خير 🌼",1,llama-4-maverick-17b,train,ar,27,ajgt,0
#ذنبي_سعادتي هبطت 😭,1,llama-4-maverick-17b,train,ar,3,ajgt,0
♪ قرصت شفتيها من الغم والزعل. الله يضايق كل من ضايقها ياهل جرحتو كبد كل الخلايق إما أعطوها حب أو… #…,1,llama-4-maverick-17b,train,ar,21,ajgt,0
بنات ما اعرف عنكم اذا مللتين تروحون لصديقاتكم وتقضون وقت وتشربون عصير بدون خجل 😏 #بنات_منج_ليها #شلون_ما_فيكم_حيا,1,llama-4-maverick-17b,train,ar,17,ajgt,0
"يا رب استجب آمين الله يرزقك كل إلي تتمناه وييسر لك كل خير ويفرح قلبك ويرضيك برضاه ويحبك ♥ #samehashtags (no hashtags were given so it is assumed they should not be changed or added) 
However, to follow the format to the letter as requested:
يارب استجب يا رب الله يرزقك إلي تتمناه ويجعل كل خير مقدر لك ويسعد قلبك ويرضيك ويرضى عنك ♥",1,llama-4-maverick-17b,train,ar,64,ajgt,0
مش انا اللي قلت ان سعيد جطر ح يوقع نظام تميم؟ 😔 #يسقط_حكم_تميم,1,llama-4-maverick-17b,train,ar,13,ajgt,0
ربي يخلّي هالود بينكم و تفرحوا فيه ❤️😒 #الله_يديم_المحبة #السعادة_للجميع,1,llama-4-maverick-17b,test,ar,10,ajgt,0
#شعبان | قلبي متشوّق لرمضان يا شهر الخير 🤲🌱: يارب بلغنا رمضان بسلام وأعنا على صيامه وقيامه بلا مشقّة…,1,llama-4-maverick-17b,train,ar,19,ajgt,0
"نعم الوكيل حسبنا الله همجية بدون حدود 👌 # (no hashtags were present so I kept it that way, if there were I would have kept them) 
However, to exactly follow the format, here is the revised response:
 نعم الوكيل حسبنا الله همجية بدون حدود 👌",1,llama-4-maverick-17b,train,ar,46,ajgt,0
عضامك بتتكسر ومع ذلك مفيش فايدة 😂 #خالها_مطلعش,1,llama-4-maverick-17b,train,ar,8,ajgt,0
"موزه مثيره ومتجمده بتتعدل رمي من مؤخرتها: سحاق زغب سالب نيج خنيث 😐 إبريل :16:21 صباحا # (The given text does not contain hashtags, so none are added here)",1,llama-4-maverick-17b,test,ar,29,ajgt,0
🇸🇦🇸🇦🇸🇦🇸🇦🇸🇦🇸🇦 #الإمبراطورية_السعودية_العظمى #فوق_هام_السحب #صقور_طويق 🇸🇦🇸🇦🇸🇦🇸🇦🇸🇦🇸🇦 الله يبارك فيكم .,1,llama-4-maverick-17b,train,ar,9,ajgt,0
أيوة والله صح 😏 #هه,1,llama-4-maverick-17b,test,ar,5,ajgt,0
مين هذي النهاية اللي وصلنالها ونحن نردد نشيد #الاتحاد ؟ دايماً كنا نتباهى ونقول ماحد يقدر على #الهلال وهو فوق كل أحد، واليوم جايين ندور من ينقذنا,1,llama-4-maverick-17b,train,ar,27,ajgt,0
ايه الجنان ده ..مش ممكن هو كده الترحيب برضه 😅💔 #ايه_المرمطة_دي #حرام_عليكوا #استقبال_بردو,1,llama-4-maverick-17b,train,ar,13,ajgt,0
صباح الخير ليك ألذ بكتير 😊 #تركي,1,llama-4-maverick-17b,train,ar,7,ajgt,0
يا رب صل على النبي محمد كل ما فكّر فيه الذاكرين وكل ما غفل عن التفكير فيه الناس .. ❗ . . . خلّونا نتعظ من اللي فات :… #اللهم_صل_على_محمد #ذكروا_الله #العبرة_من_الماضي,1,llama-4-maverick-17b,train,ar,32,ajgt,0
يالطيب حظ اللي يشاركون في المسابقات ومشاهير تويتر .. الناس دايم تطلع لهم وتستحمل هزارهم الأبيض 😂 الله يعينكم على هزارنا 😂😂 #مسابقات #مشاهير #تويتر,1,llama-4-maverick-17b,train,ar,25,ajgt,0
#الهلال_الأهلي .. مواجهة ختامية ساخنة في بطولة النخبة للكرة الطائرة على صالة الهيئة العامة للرياضة بالعاصمة الرياض عند الساعة :00 مساءً..,1,llama-4-maverick-17b,train,ar,21,ajgt,0
بصراحة #حرام ان تكون لغيرنا اليد العليا في بلادنا وتاخذ قرارات مصيرية لدولة الكويت دكتور عبدالكريم قبل ماتغادر #عابدين لازم تتحرك… #عيب,1,llama-4-maverick-17b,train,ar,22,ajgt,0
محتاجة اقدم على الجامعة 😔 #جامعة #تعليم #مستقبل #احلامي_الكبيرة 🤔 #ادرس_واعمل_ايه 🤷‍♀️,1,llama-4-maverick-17b,train,ar,12,ajgt,0
شيء متوقع..قبل عام توسطت في نزاع بين جيران بسبب كرة قدم دخلت المنزل وتطور لخلاف بين الأهل وانعكس على الأبناء في المدرسة,1,llama-4-maverick-17b,train,ar,22,ajgt,0
"عفيت 🤕 لكن ما نسيت 🤕 #... (it appears there are no hashtags in the original, so none will be added) 
However, here is the revised response:
عفيت🤕 لكن ما نسيت 💔",1,llama-4-maverick-17b,train,ar,32,ajgt,0
قد يحدث أن نتمنى الهروب حتى من ذاتنا دون أن نعرف الوجهة!,1,llama-4-maverick-17b,test,ar,12,ajgt,0
"سر قوتنا دائماً بفضل الله أنتم 🌹💙 ألف مبروك 💙 الحمدلله و له الشكر 🙏 # (no hashtags were given so I'll keep it as is, assuming it's part of the text or the original post didn't have any) 
However, as per your request, here is the revised paraphrased text:
سر قوتنا دائماً بفضل الله أنتم 🌹💙 ألف مبروك 💙 الحمدلله و له الشكر",1,llama-4-maverick-17b,test,ar,64,ajgt,0
"أستاذة اللغة العربية بعتلي رسالة و سالتني واش راني ؟ جاوبتها بلا مرانيش 😔 #لا_أستطيع_الرد #نائم #مسج #لغة_عربية is not required as per the prompt, the correct paraphrased text is: أستاذة اللغة العربية بعتلي رسالة وسالتني واش راني ؟ جاوبتها بلا 💔",1,llama-4-maverick-17b,train,ar,42,ajgt,0
ياليت فيك تحس بثلاث حاجات: 💙 °حبّي الشديد لك، °غيرتي الشديدة عليك، وكرهي للوقت لما بتكون مش معايا💕 #مساء_الورد,1,llama-4-maverick-17b,test,ar,19,ajgt,0
"الحمد لله 💙 مبروك ألف ياكباتن 💙 الأيام الجاية أحلى بإذن الله 🙏🏼 # (no hashtags were provided, so I'll keep it as is, assuming it's part of the text or not needed) 
 الحمد لله 💙 مبروك ألف ياكباتن 💙 الأيام الجاية أحلى بإذن الله 🙏🏼",1,llama-4-maverick-17b,test,ar,46,ajgt,0
مع غروب شمس كل يوم، نفقد جزء من عمرنا 👈 لن يعود لنا أبداً ✋ يا رب ارزقنا نهاية طيبة واجعل أفضل أعمالنا آخرها #...,1,llama-4-maverick-17b,train,ar,25,ajgt,0
راح نعمل قرعة على شخصين يفوزون إذا ريتويتوا 👍 #رسمي #ريتويت #سحب,1,llama-4-maverick-17b,train,ar,12,ajgt,0
⛔ #مناحل_ابو_سلطان . . 🍯 والله عسل حقيقي 🍯 . . . ⛔ سدر أصلي ♨️ . . ⚠️ مافيه غش…,1,llama-4-maverick-17b,train,ar,21,ajgt,0
إذا رغبتم بأمرٍ ما .. أرغبوا من الله ألا يكشف لكم قيمته الحقيقية بعد فقده 🌸💕 #صباحكم_جميل,1,llama-4-maverick-17b,test,ar,17,ajgt,0
التميز في كرة القدم لا يرتبط فقط بالقدرات الفنية و طريقة تسجيل الأهداف ، و لكن هناك من يبرع في طريقة إحتفاله بتسجيلها 🤩⚽️ #كرة_القدم_للجميع #إحتفالات_الأهداف #المستديرة #رياضة #كرة_قدم,1,llama-4-maverick-17b,test,ar,29,ajgt,0
على الله يهديك يا حليمه ليش تحطين رمز القلب الأصفر جنب اسمك 😂 تذكريني بأولاد عمتي ليش ما تحطين الأزرق ( بصوت داود الشريان ) #اليوم_العالمي_للمرأة #حليمه #قلوب_صفراء #قلوب_زرقاء,1,llama-4-maverick-17b,train,ar,29,ajgt,0
⠀⠀⠀⠀⠀⠀⠀⠀⠀⠀⠀⠀⠀⠀⠀⠀⠀ المعاصي اللي بيعملها الناس بينهم وبين ربنا، وممكن ربنا يغفرها لهم في سج… #العفو_والغفران 🤲 #رمضان_كريم 🌙 #اللهم_صل_على_محمد 🤲 #استغفروا #توبه,1,llama-4-maverick-17b,train,ar,22,ajgt,0
صفحات ملكية♛ 🌟🌟 أشخاص متميزون على تويتر.. يتميزون بحضور راقي وكلمات جميلة 🌸 #حسابات_ملكية_تستحق_المتابعة …,1,llama-4-maverick-17b,test,ar,15,ajgt,0
والله لا 🤔,1,llama-4-maverick-17b,train,ar,3,ajgt,0
حكمة جميلة.. من لم يجد في يومه شيئا يستحق الابتسام فليغمض عينيه قليلا .. ليدرك أن رؤية الضوء فقط تستحق الابت… #نور #ابتسامة #حكمة,1,llama-4-maverick-17b,train,ar,24,ajgt,0
المتفوقين الدراسين 👾 انشروا هذا التصميم بين طلاب الدراسة #نفس الكتابة الأصلية: #وحوش #الدوافير,1,llama-4-maverick-17b,train,ar,14,ajgt,0
بمشيئة الله تعالى وإذنه / الفترة القادمة تشهد حالتين ممطرتين متلاحقتين تقريباً خلال ابريل حتى اخره، ويتوقع ان تكون مصحوبة برعود وأمطار غزيرة و… # #امطار_السعودية #حالة_الطقس #طقس_ابريل,1,llama-4-maverick-17b,train,ar,28,ajgt,0
تبي نطلع معها 😁 #خروجة #يوم_جميل,1,llama-4-maverick-17b,train,ar,6,ajgt,0
"طالما أنت غالي عندي ومحسوب علي، وجهي راح يبيض من المعروف اللي بيننا أتمنى تتفهم وتعذرني لو قصرت يوم لأن الله كامل وأنت صاحب أخلاق عالية أسعد الله… # (it appears the rest of the original post including the hashtags was cut off, so I'll proceed with what is given) 
مادام لك عندي معزه وتقدير بيني وبينك يبيض الوجه خوه أبيك تعذرني ليا صار تقصير الكامل الله وأنت راعي مروه أسعد ال…
becomes 
دامك عزيز وغالي عندي وواجبنا لبعض معروف أتمنى تعذر تقصيري لأن الله هو الكامل وأنت معروف بأخلاقك العالية أسعد ال…",1,llama-4-maverick-17b,train,ar,93,ajgt,0
القاهرة هنا، المدينة الجميلة اللي بتلمع وتتألق وتتسامر وتنور وتصبر وتتزين وتفوح منها رائحة العائلة الحلوة 😍 #هنا_القاهرة,1,llama-4-maverick-17b,train,ar,18,ajgt,0
مين ما بيقدر الناس ما بيقدر ربنا 😊 أشكر صاحبي ياسر على استرجاع حسابي اللي كان متوقف 👈🏻 #شكرا #رجعوا_حسابي #ياسر_المنقذ 🤩 #شكرا_ياسر,1,llama-4-maverick-17b,train,ar,23,ajgt,0
يعطيك العافيه مره حلوة 🌹 # same hashtags not present so:  (no change needed),1,llama-4-maverick-17b,test,ar,14,ajgt,0
"إيه المشكلة 🤔 # same hashtags are expected but not present in original text, assuming no hashtags are present: 
إيه المشكلة 🤔",1,llama-4-maverick-17b,train,ar,22,ajgt,0
_بتتمني ايه -مكان مفيش فيه زحمه او حد -احسن اصوت من غير م حد يسمعني -اصوت بكل قوه 💔 #نفسك_ف_ايه #مكان_فاضي #اصرخ_بقوة,1,llama-4-maverick-17b,train,ar,22,ajgt,0
ياحظي التعيس 💔 #حظي_تعيس #الحظ_السيء,1,llama-4-maverick-17b,train,ar,5,ajgt,0
من #أذكار اليقظة (الحمد لله الذي رد إلي روحي بعد ما أخذها، وإليه البعث) #صباح_الخير,1,llama-4-maverick-17b,train,ar,15,ajgt,0
عبدالله يالله ريتويت كصدقة لوالدتي في ليلة المطر .. ياليت تدعون لوالدتي بالمغفرة وربي يبشرني… # #,1,llama-4-maverick-17b,test,ar,17,ajgt,0
غالباً هو مكتئب بسبب شيء وحيد عالق في قلبه و باقي الأمور البسيطة اللي تزعجه تبدو له مزعجة و مؤذية لأنها… #... 🤕 #...,1,llama-4-maverick-17b,test,ar,24,ajgt,0
يابختك بعد بداية العام الهلال مباراته الجاية في فبراير ضد الفتح وبوتيا غايب 🤣 ركزوا شوي,1,llama-4-maverick-17b,train,ar,16,ajgt,0
#الهلال_الاهلي على فكره حسين ماغلط ولا أساء لأحد في اللقطه دي 👇🏻 حسين بيفهم قوميز تاريخ الاهلي 🐸,1,llama-4-maverick-17b,train,ar,18,ajgt,0
صراحة مش عارف ابدأ كلامي معاكم ازاي ياكباتن، بس اللي اقدر اقوله ان ربنا يكون في عونكم على تصرفات زوران الغريبة ( يارب نعرف نعدي اللي جاي ) 🤔 #لااعلم #زوران #تخبطات,1,llama-4-maverick-17b,test,ar,32,ajgt,0
مايلزم تهدي وردة للي يهديك وردة,1,llama-4-maverick-17b,train,ar,6,ajgt,0
مالكش خيل تقدمها هدية ولا فلوس .. خلّي صوتك هو اللي يسعدنا طالما ظروفك مش مسعداك 😢 #ليسعد_النطق #لا_مال #لا_خيل,1,llama-4-maverick-17b,test,ar,20,ajgt,0
وإذا وقعت مريضا فهو من يبرئني 💔 #واذا_مرضت_فهو_يشفين,1,llama-4-maverick-17b,train,ar,8,ajgt,0
على الاقل خليكي حنونه على صباع واحد بس 👍 #ساعدو_اصحاب_الهمم #همم_المستقبل #متلي_متلكم #احبكم #اصابع_القدم #صابع_زيادة #٦_اصابع #تنمر #bullying #syndrome #congenital #hand #foot #fingers #toes #bornthisway #different #inclusion #awareness #acceptance #love #kindness #hope #support #help #makeadifference #disability #disabilities #specialneeds #extrafinger #polydactyly,1,llama-4-maverick-17b,train,ar,40,ajgt,0
#المشاعر_هالليله_تقول قل لمن غفا والأوجاع تعتصره،، وهمه في سواد الليل يعذبه،، خفف على قلبك الحزين فهناك،، إله,1,llama-4-maverick-17b,train,ar,17,ajgt,0
آلامك اللي تجاهلها الجميع تحت رعاية الرحمن، لا تيأس أبدًا وثق بالله لأنه قادر على كل شيء صباح… #لا_تهتم #الثقة_بالله 🤕💖,1,llama-4-maverick-17b,train,ar,21,ajgt,0
في هذا اليوم الفضيل، يارب أعطنا القوة لننصر بعضنا، والصبر والتسامح لنتعامل مع بعض بلطف… #اللهم_امين #يوم_مبارك,1,llama-4-maverick-17b,train,ar,17,ajgt,0
"جماهيرنا : الضايع المحطم ! كم مره : اعطى .. وماحصل على شيء ! كم مره : التزم .. وماحصل على "" تقصير "" كم مره انكسر .. وماحصل على... # #",1,llama-4-maverick-17b,train,ar,32,ajgt,0
يعني كنت دايماً ببحث إذا كان عندي حساسية تجاه حاجة معينة أو لا و مش فاهمة ليه كأنها ميزة يعنى و ها أنا اكتشفت… #لا_توجد_حساسية 🤷‍♀️💁‍♀️ #حساسية_مزيفة,1,llama-4-maverick-17b,test,ar,27,ajgt,0
بعض الرجال لو يمديه يصدر قرار انك اول ما تصحين تسجدين له سجود وتقومين تبوسين اقدام رجليه واذا طلع للدوام تقعدين تقرين له قرآن… #رجال_زعلانين #المرأة_الخليجية #زواج_المصلحة,1,llama-4-maverick-17b,train,ar,27,ajgt,0
موجودة 😬 بس كنت أشرف البلد عم يرش بالماء,1,llama-4-maverick-17b,train,ar,9,ajgt,0
فين راحت النومة بسرعة 😢 #نوم #حلم #سهر,1,llama-4-maverick-17b,train,ar,8,ajgt,0
#يوم_الجمعه وسط قبور الراحلين . هناك قابلت من خانهم أحباؤهم . وتعرض للظلم من أقرب الناس . ومن أصيب بخيبة أمل من رفيق ومن عانى من مرارة الفراق…,1,llama-4-maverick-17b,test,ar,28,ajgt,0
- اليكم فرصة للمشاركة في سحب على: -آيفون XR باللون الأزرق البحري 📲 - جهاز إكس بوكس ون إكس - بلايستيشن 4 مع: -لعبة FIFA 🎮🎮جهازي تحكم لاسلكيين … #🎁 #🎮 #📲,1,llama-4-maverick-17b,train,ar,32,ajgt,0
ثلاثين سنة وهي بتحرك جسمها 🎶 .. النهاردة اتحرك قلبي 💖 أنا بحس بدموع 😭 دي فرحة قوية بتغمرني,1,llama-4-maverick-17b,train,ar,19,ajgt,0
#مساء_الخير على سيدنا محمد صلاة ربنا وسلامه 🌸 الى المتصلين دلوقتي 🌸 ل #تبادل_رتويت المفضلة عندي ( مفتوح العدد…,1,llama-4-maverick-17b,train,ar,19,ajgt,0
🔥ثورة غضب الجماهير 🔥غضب شعبي هائج 💥مقطع فيديو جديد من تظاهرات حاشدة #الاهواز 💥لقطات توثق الغضب الشعبي الهادر,1,llama-4-maverick-17b,test,ar,18,ajgt,0
🎥 حطينا غدا 😩 .. #الاتحاد #الشاهينو,1,llama-4-maverick-17b,train,ar,7,ajgt,0
☜ #الساعه :00🕛 ☞ تمت اعادة شحن رصيد الاعضاء بحيث يحصل كل عضو على تغريدات يوميه 📍 📌#أجباري_وليس_أختياري📍 🌟┈┉┅━❀❀━┅┉🌟 #Gp_30 ☟ ☟…,1,llama-4-maverick-17b,train,ar,22,ajgt,0
جربوها مرة واحدة وهتحبوها,1,llama-4-maverick-17b,test,ar,4,ajgt,0
هذه جريمه 😱 #خليك_واعي #لا_للعنف,1,llama-4-maverick-17b,train,ar,5,ajgt,0
نذرت نفسي أن أبتعد عن الحب وأغلق دونه باب قلبي .. وأتركه لسنين طويلة وينسى ذكرياتنا .. ولكن نسائم العشق هزت أوتار قلبي .. حتى ألقته .. فعا… #️⃣#️⃣ #هو #حب,1,llama-4-maverick-17b,train,ar,31,ajgt,0
ما أجمل أن تتعامل مع من لا يجبرك على اتخاذ حذرك.. تفرغ مشاعرك وأفكارك بلا خوف من أن يراقبك أو يحكم عليك 💗 #نفسيا #علاقات #مشاعر,1,llama-4-maverick-17b,train,ar,26,ajgt,0
⛔ #مناحل_ابو_سلطان . . 🍯 والله عسل حقيقي 🍯 . . . ⛔ سدر أصلي ♨️ . . ⚠️ بدون غش…,1,llama-4-maverick-17b,test,ar,21,ajgt,0
والله يا جماعة لحد الآن مطلب واحد بس اتحقق من مطالبنا .. ياريت الناس ما تفقد الأمل,1,llama-4-maverick-17b,train,ar,17,ajgt,0
أصعب حنين هو أن تتوق لشخص تعرف تماما أنه لن يعود أبدا ولن تجده مرة أخرى ولن يملأ فراغه أحد في قلبك 😔 #احلام*,1,llama-4-maverick-17b,train,ar,24,ajgt,0
#صباح_الخير 🌹 يارب.. أنر صباحنا وصباح كل مسلم بالفرح وطرد الحزن والضيق ويسر لنا كل أبواب الخير والسعادة..,1,llama-4-maverick-17b,train,ar,18,ajgt,0
صباح الخير لكل من ينتظرنا بفارغ الصبر ليرد التحية بحرارة ويرسل لنا كلمات رقيقة ودعوات جميلة صباح الخير لأولئك الذين يستيقظون ويتذكروننا فيبادروا بالتح… #صباح_الخير 🌞💛 #التحية #الدعوات,1,llama-4-maverick-17b,train,ar,28,ajgt,0
منتظره بفارغ الصبر اشوف عيالي اليوم 💔 #حاطه_امل_اودي_اليهال_اليوم,1,llama-4-maverick-17b,test,ar,8,ajgt,0
"سر قوتنا دائماً بكم 🌹💙 ألف مبروك 💙 نشكر الله على كل شيء 🙏 # (assuming there were some hashtags that weren't shown) should be kept as is, but since the original didn't include any, the paraphrased text remains as is: سر قوتنا دائماً بكم 🌹💙 ألف مبروك 💙 نشكر الله على كل شيء 🙏",1,llama-4-maverick-17b,train,ar,55,ajgt,0
والشباب إللي ماتوا كأول الضحايا,1,llama-4-maverick-17b,train,ar,5,ajgt,0
لما كنت صغيره شوفت شيخ بيقرأ قرآن على واحده وبيخنقها وطلع صوت منها صوت راجل بيسب ويقول ألفاظ وحشه والناس قالوا دا صوت الجن اللي جواها المهم مش ممكن ان… #شيء_مريب 🤔👻 #جن #عفاريت,1,llama-4-maverick-17b,train,ar,34,ajgt,0
يقولوا أنها #أنا,1,llama-4-maverick-17b,train,ar,3,ajgt,0
من الواضح انك قرد بالاساس 🤔 لأن جسمك تطور مع الوقت لكن دماغك لسه زي ماهو ما تغيرت,1,llama-4-maverick-17b,test,ar,18,ajgt,0
تربينا على ان المستحيل مش موجود مع الاهلي 👑 وهايقدر الاهلي يكسر كل الحواجز 💪 #قدها__يا__اهلي,1,llama-4-maverick-17b,test,ar,16,ajgt,0
"حلو انت تعرف اللي يحب بصدق ضحكته الصافية تخونه ! وحتى أغاني هالوقت ممكن تخليه يدمع 😔 ل رائد ابو فتيان # (no hashtags were provided, assuming it is part of the text) 
ل رائد ابو فتيان",1,llama-4-maverick-17b,train,ar,37,ajgt,0
#وش_تعلمت_من_الدنياء أنا اللي اعتبر الدنيا مجرد دنيا ما أتوقع منها حكمة 😏,1,llama-4-maverick-17b,train,ar,12,ajgt,0
ايش هالختامية ليش لازم انتظر سبوع 😰 #حياة #انتظار,1,llama-4-maverick-17b,train,ar,9,ajgt,0
أغنية منتهتش #تامر_عاشور 💔 #بصوتي,1,llama-4-maverick-17b,train,ar,5,ajgt,0
كم شي ضاع بسبب التغاضي عنه.! ضاع ، و صاحبه يقول الله يعوضنا .! 🌹 : ),1,llama-4-maverick-17b,train,ar,17,ajgt,0
صباح الاشتياق للامنيات اللي عايشة جوايا .. صباح الفرحة لذكرياتنا الحلوة اللي بتخلي ضحكتنا ما تنتهي .. صباح الخير #صباح_الحب #صباح_الاشتياق,1,llama-4-maverick-17b,train,ar,21,ajgt,0
((يا شباب )) غيابك خلانا (( شايبين )) 🕊🕊 ابو هاشم 💚 تعبت من بعدك #رجل_استثنائي,1,llama-4-maverick-17b,train,ar,16,ajgt,0
على كيفك 💋 #بعيد_برو,1,llama-4-maverick-17b,train,ar,4,ajgt,0
🌼 الشخص اللي بيقف جنبك و بيصدق انك تقدر تعمل حاجة و بيآمن بمستقبلك و بيساعدك توصل لهدفك و بيفرح لما تنجح #مين_بعد_بهالايام غير امك وانت ✋ 🌼,1,llama-4-maverick-17b,train,ar,28,ajgt,0
كلنا فى أوقات بنحتاج نعتذر لذاتنا بصدق عن القرارات الغلط، وعن الثقة اللى كانت فى غير محلها، وعن الطريقة اللى شوفنا بيها الناس اللى بنحبهم سواء قرايب أو أصحاب #حياة #نفسى #حب #علاقات,1,llama-4-maverick-17b,test,ar,33,ajgt,0
مرات بييجي الصواب في التوقيت الغلط 😢 #أوقات_بيجي_الصح_في_الوقت_الغلط,1,llama-4-maverick-17b,train,ar,8,ajgt,0
تصفيفة شعرهم 🤯 #شعر #ستايل #جمال #موضة #ستايلات #جمال_الانثى #تسريحات_شعر #اناقة #shorts #تيك_توك #جميلة #بنات #صبايا #عرائس #ميك_اب #ميكب #مكياج #تجميل #جمالك #عناية #اهتمام #fyp #foryou #trending #explore #اكسبلور #foryoupage,1,llama-4-maverick-17b,train,ar,30,ajgt,0
"صراحة فيروز كل الناس بتحبها ✋ #فيروز #موسيقى #فن #حب #نوستالجيا #فيروز_ملكة_الرواق #فيروز_الأمس_واليوم_والغد #سورية #لبنان #فيروز_ملكه_الصوت #وديع_الصافي #فيروزيات #Fairuz #oldmemories #lebanon #syria #music #art #love #nostalgia #فيروز_أميرة_الغناء_العربي #سوريا #قديم #ذكريات #فن_عربي #موسيقى_عربية #أرشيف #تراث #فيروز_أجمل_صوت #قديمة #صورة #فيروز_صوت_الأمل #صوت_البلاد #صوت_الوجع #صوت_الحب #صوت_الغربة #صوت_الوطن #فيروز_صوت_الزمان #صوت #فيروز_ملكة_الإحساس #ملكة_الإحساس #ملكة_الرواق #فيروز_ملكة_الغناء #فيروز_صوت_مميز #صوت_مميز #ملكة #فيروز_أيقونة_الغناء #أيقونة_الغناء #أيقونة #فيروز_نجمة_الغناء #نجمة_الغناء #نجمة #فيروز_رائعة_الغناء #رائعة_الغناء #رائعة 
should be rewritten as 
صراحة فيروز محبوبه من الكل ✋ #فيروز #موسيقى #فن #حب #نوستالجيا #فيروز_ملكة_الرواق #فيروز_الأمس_واليوم_والغد #سورية #لبنان #فيروز_ملكه_الصوت #وديع_الصافي #فيروزيات #Fairuz #oldmemories #lebanon #syria #music #art #love #nostalgia #فيروز_أميرة_الغناء_العربي #سوريا #قديم #ذكريات #فن_عربي #موسيقى_عربية #أرشيف #تراث #فيروز_أجمل_صوت #قديمة #صورة #فيروز_صوت_الأمل #صوت_",1,llama-4-maverick-17b,train,ar,104,ajgt,0
قاسيون نادينا 💔 ليه كده 😔 💔 😭 #حسناً #هنا_نتكلم_عن_قاسيون,1,llama-4-maverick-17b,train,ar,10,ajgt,0
"بنام شويه وبعدين برجع افوق 😂 # (no hashtags were present so I left it as is, if you provide the hashtags I can include them) 
However, to follow the instructions to the letter as requested:
بنام شويه وبعدين برجع افوق 😂",1,llama-4-maverick-17b,train,ar,42,ajgt,0
حين تتسلل إليك لحظة إنهيار حاول تحتفظ بها لنفسك 🎻 #حياة #نصائح #تأملات,1,llama-4-maverick-17b,train,ar,13,ajgt,0
"""لحظات غنية بكنوز الذكريات وعبيرها الفواح في الأجواء صحبتنا في الله راحة نفسية تعجز الكلمات عن وصفها !"" في حلقتنا… # # 🤗",1,llama-4-maverick-17b,train,ar,23,ajgt,0
#BoyWithLuv70M مبروووك مبروووك,1,llama-4-maverick-17b,test,ar,3,ajgt,0
لليلتين الماضيتين، نمت ساعة فقط أول ليلة، وما نمت خالص الليلة اللي بعدها، مش لاقي حل توصلني لنص ساعة نوم على الأقل 😥 #نفسية #نوم #ارهاق,1,llama-4-maverick-17b,train,ar,26,ajgt,0
صباح الثقة بأن الله يجزي المحسنين ولا يهدر تعبهم 🌸 #صباح_اليقين #الله_لا_يضيع_أجر_المحسنين,1,llama-4-maverick-17b,test,ar,12,ajgt,0
#يسقط_حكم_تميم الدنيا مخربطه يا شباب مش عارفين الصح من الغلط من المقرف والمش مقرف بلد مفككه بمزيج الحريم فواكه…,1,llama-4-maverick-17b,train,ar,19,ajgt,0
يارب سامحني و سهل أموري و انجز لي اختباراتي على خير 🌟 #اللهم_اغفر_ذنبي #وفقني_يارب #يسر_امري,1,llama-4-maverick-17b,train,ar,15,ajgt,0
أحيانا الزلمة اللي ما بيغير على مرته 🤩 #ديوث #رجولة #زواج #مراتي #زواجي #الزواج #رجال #الرجال #الديوث #ديوثين #زواجنا #ازواج #أزواج #ازواجنا #الازواج #مرات #المرأة #الزوجه #زوجات #زوجة #زوجتي #زوجاتنا #الزوجة #زوج #أزواجنا #أزوج #أزواجكم #الازواج #ازواجكم #أزوجكم #ديوث #ديوثة #ديوثين #الديوث #الديوثة #الديوثين,1,llama-4-maverick-17b,train,ar,44,ajgt,0
مهرج بضحك وكل الناس بتبكي لما بيبقى بعيد عن اصحابي عشان مش لاقي في عينيهم شوية رحمة بحالي 💔 #أميرة_البيلى,1,llama-4-maverick-17b,train,ar,20,ajgt,0
"مش لاقي كلام يعبر عنها 😂😂♥ يارب يسامحوا بقا 💔 # same hashtags are not present, assuming the original post did not have any hashtags, the paraphrased text will be: 
مش لاقي كلام يعبر عنها 😂😂♥ يارب يسامحوا بقا",1,llama-4-maverick-17b,test,ar,39,ajgt,0
قصيه بقوه هو شعرنا ولا شعرك بتصيرين وحشه 😂 #قصيه #شعر #وحشه,1,llama-4-maverick-17b,train,ar,12,ajgt,0
حطتلي عروسة على راسي وبجمالها طرت في السما,1,llama-4-maverick-17b,train,ar,8,ajgt,0
اختاري الرجل اللي مش هيستغنى عنك في حياته 💛 ! #,1,llama-4-maverick-17b,train,ar,11,ajgt,0
﴿ والأعمال الصالحة أفضل ثوابا وأفضل رجاء عند ربك ﴾ الأعمال الصالحة الباقية هي : 🌸 🍃• سبحان الله ..… #samehashtagswillbeaddedlater,1,llama-4-maverick-17b,train,ar,21,ajgt,0
أحببت بشدة .. وصرت أخاف من الابتعاد، فأصبحت أبتعد كثيرًا وأخاف أنني ما زلت أحب 💙 #حبيت #أحب #أخاف #أحبك,1,llama-4-maverick-17b,train,ar,20,ajgt,0
° - لما بتغيب كل حاجة جوايا بتسكت و كلامي بيضيع ! بحافظ على الألم و الذكريات ، حاجات بتخلي من أحزاني سعادة 💔 #حزينة #ذكريات #فراق,1,llama-4-maverick-17b,train,ar,27,ajgt,0
الجو مطر و برد بشكل مو طبيعي و انا لسه نايمه 😭 #برد #مطر #شتاء,1,llama-4-maverick-17b,train,ar,15,ajgt,0
"تبارك الله 🌺 والحمد لله 🌼 و لا إله غير الله 🌷 و الله أعظم 🍃 و لا قوة و لا قدرة إلا بالله 🍂 # (Implicit hashtags are not present, so the output remains the same) 
سبحان الله والحمدلله ولا إله إلا الله والله أكبر ولا حول ولا قوة إلا بالله 🌼🌺🍂🍃🌷 
becomes 
الحمد لله تبارك الله لا إله غير الله الله أعظم لا حول و لا قوة إلا بالله 🌼🌺🍂🍃🌷 
However, to be more accurate and keep the same structure:
تبارك الله 🌺 والحمد لله 🌼 ولا إله غير الله 🌷 والله أعظم 🍃 ولا قوة ولا حول إلا بالله 🌼 
So the correct paraphrased text is: 
تبارك الله 🌺 والحمد لله 🌼 ولا إله غير الله 🌷 والله أعظم 🍃 ولا قوة ولا حول إلا بالله",1,llama-4-maverick-17b,train,ar,129,ajgt,0
بعد الميكروفون معاكم 😂😂 ح اقول قم صلي لاني ح ابلغ عنك 😎 #️⃣#️⃣,1,llama-4-maverick-17b,train,ar,14,ajgt,0
زعيمين في يومين بيتكلموا عن الربيع العربي 😒 احنا المفروض ربيعنا الأفريقي #الربيع_الأفريقي #الربيع_العربي #أفريقيا #حراك_سياسي,1,llama-4-maverick-17b,train,ar,16,ajgt,0
فرصة للفوز بمبلغ مالي 💰 لجماهير #كشكول 👍🏻 المطلوب: مجرد رتويت 🔁🔥 السحب عشوائي من الرتويت في أي وقت 😎 ✋🏻 #مسابقات #مسابقات_كشكول #مسابقه,1,llama-4-maverick-17b,train,ar,24,ajgt,0
#انه_اسلامنا_عزنا_وفخرنا ✨ كونك مسلم يعني أن لك دور وواجب ✨ ديننا «منهج حياة» يعني أن لك مسؤولية…,1,llama-4-maverick-17b,train,ar,17,ajgt,0
رجعت مبسوط من جديد 🌚 #سعيد #مبسوط,1,llama-4-maverick-17b,train,ar,7,ajgt,0
"ما أصدقهم 😕 #... (it seems like the original post was cut off, if you provide the full text with hashtags I can paraphrase it completely) 
Let me try to paraphrase the given part: مو معقول كلامهم 😕 
Full paraphrased example (if the original was: ""مو من صجهم 😕 #funny""): ما أصدق كلامهم 😕 #funny",1,llama-4-maverick-17b,train,ar,55,ajgt,0
ليكن لك خبيئة من عمل صالح بينك وبين ربك 💔 #إجعل_لك_سريرة_بينك_وبين_الله,1,llama-4-maverick-17b,train,ar,11,ajgt,0
ينزلوا صورة ازازة مياه بارده وهوب كمية تريقه مش طبيعيه هتنزل علينا,1,llama-4-maverick-17b,train,ar,12,ajgt,0
"مرا قوي صادق 😭 المشكلة كيف تغلبت على اللي قبلها #... (assuming the rest of the text including hashtags and emojis is the same) 
Let's assume the original post is: صدق خير مرا قوي 😭 السؤال كيف هزمت الي قبله #hashtag1 #hashtag2
The paraphrased text is: فعلا مرا قوي صادق 😭 اللي يهم كيف قدرت تهزم اللي فات #hashtag1 #hashtag2 
So the output should be: فعلا مرا قوي صادق 😭 اللي يهم كيف قدرت تهزم اللي فات #hashtag1 #hashtag2",1,llama-4-maverick-17b,train,ar,79,ajgt,0
تخيل منازلنا تعمل على طاقة مستمرة .. وإيش رأيك في الحاوية اللي تحولت إلى شقة وتشتغل بالطاقة الشمسية 😁 #الطاقة_الشمسية #الاستدامة #التكنولوجيا_الخضراء,1,llama-4-maverick-17b,train,ar,22,ajgt,0
"دي فيل ماي كراي مترجم #16 دي فيل ماي كراي 5 و لا تنسوا اللايك 👍🏻 و الكومنت 💬 و الأشتراك + تفعيل… #دي فيل ماي كراي #دي فيل ماي كراي 5 #دي فيل ماي كراي مترجم #العاب #جيمنج 
should be rewritten to 
دي فيل ماي كراي مترجم #16 دي فيل ماي كراي 5 و لا تنسوا اللايك 👍🏻 و الكومنت 💬 و الأشتراك + تفعيل… 
becomes 
حلقة جديدة من دي فيل ماي كراي 5 مترجمة #16 دي فيل ماي كراي ولا تنسوا تدعمونا بلايك 👍🏻 و تعليق 💬 و أشتراك مع تفعيل… 
So the final output is:
حلقة جديدة من دي فيل ماي كراي 5 مترجمة #16 دي فيل ماي كراي ولا تنسوا تدعمونا بلايك 👍🏻 و تعليق 💬 و أشتراك مع تفعيل…",1,llama-4-maverick-17b,test,ar,124,ajgt,0
🎶✨👑 الأصل باقي ما يشتروه بالمال ↝ جاي من منبع ناس أصيلين*↝ الطيب أصلگ وانت للطيب عنوان*↝ ق… # (assuming the rest of the hashtags are present but not shown),1,llama-4-maverick-17b,train,ar,30,ajgt,0
الكل بيتخلى عني 💔 #الوحدة #مرارة_الوداع,1,llama-4-maverick-17b,train,ar,6,ajgt,0
"📹 أول تدريب في ""جدة"" 💪🏼✔ 💙 #الهلال #فيديو_الهلال",1,llama-4-maverick-17b,train,ar,9,ajgt,0
🌺 انا بنت زماني 👠 كيانى كالجبال 🏔️ مابتهز 🚫 مهما اختلف 🤔 الف رأى 💬 وتباين 🎉🤗 مزاج الناس … #حرة #انثى #جبروت,1,llama-4-maverick-17b,train,ar,24,ajgt,0
انفجرت اعصاب امها,1,llama-4-maverick-17b,train,ar,3,ajgt,0
متابعينا : المشتت المحطم ! كم مرة : اعطى .. وماجااه : مقابل ! كم مرة : صدق .. وماحصل : تقصير ! كم مرة تأذى .. وماحصل : تعويض,1,llama-4-maverick-17b,test,ar,30,ajgt,0
"ما أقسى من الإشتياق لإنسان فارق الحياة يهزك من الداخل ويعيد لك كل ما مضى من الذكريات , يا رب اجمعني به في دارك الخلده 💔 #لا_اله_الا_الله is not present so I will keep it as is:  ما أقسى من الإشتياق لإنسان فارق الحياة يهزك من الداخل ويعيد لك كل ما مضى من الذكريات , يا رب اجمعني به في دارك الخلده 💔",1,llama-4-maverick-17b,train,ar,63,ajgt,0
#منبر_فلسطين تحيه خاصه للاخوات اللي نوروا الاقصى و كانوا دره و تاج 😍 احنا بنعتبرهم الكنز الحقيقي ل…,1,llama-4-maverick-17b,train,ar,18,ajgt,0
"🌸 الروح بتتمنى حضن مكة وبعدها الوداع لدنيا وكل حاجة فيها ❤😍 🌸 # (no hashtags were provided so I'll keep it as is, assuming it's part of the text or not required) 
However, to follow the instructions to the letter as requested, the output should be:
🌸 الروح بتتمنى حضن مكة وبعدها الوداع لدنيا وكل حاجة فيها ❤😍 🌸",1,llama-4-maverick-17b,train,ar,60,ajgt,0
سأل شخص حكيما: ليش ما ترد على اللي يغلطون فيك؟ قال مبتسما: إذا رفسك حمار، هل بترد له الرفسة! 😊 صباح الخير #حسين_عبدالغني,1,llama-4-maverick-17b,train,ar,23,ajgt,0
"💔 والله لأبكيك يالي فقدتك والله مانسيتك أبد كل ماصليت ودعيت ربي ذكرتك يالميت إللي باقي في قلبي حي #... (assuming the rest of the text including hashtags is the same) 
will be rewritten to 
💔 والله لأبكيك يالي فقدتك والله مانسيتك أبد كل ماصليت ودعيت ربي ذكرتك يالميت إللي باقي في قلبي حي إيه والله إبكي ليتي ما فقدتك وإيه والله انه ماجبر خاطري شي كل ما سجدت لوجه ربي ذكرتك يالميت اللي بداخلي حي..…. 💔 إيه والله إبكي ليتي ما فقدتك يمكن يصبح 
💔  يالميت اللي بداخلي حي كل ما سجدت لوجه ربي ذكرتك إيه والله انه ماجبر خاطري شي  ليتي ما فقدتك إيه والله إبكي ….💔 # (no hashtags were given) 
The rewritten response is 
💔  يالميت اللي بداخلي حي كل ما سجدت لوجه ربي ذكرتك إيه والله انه ماجبر خاطري شي  ليتي ما فقدتك إيه والله إبكي ….💔 #...",1,llama-4-maverick-17b,test,ar,143,ajgt,0
🌺 العفو ثروة القلب.. لأنه يخفض ميزانية الغضب.. ويرفع خسائر الكراهية.. ويخفض ساعات الاندفاع.. ويمسح أيام الحسرة.. #التسامح #العفو #القلب #السلام #الحب #الكراهية #الغضب #الاندفاع #الحسرة,1,llama-4-maverick-17b,train,ar,26,ajgt,0
يا عبدالله ارجوك العب معي شوي لعب لوحدي و الله العظيم مللت 💔 #لا_للملل #العب_معي,1,llama-4-maverick-17b,test,ar,15,ajgt,0
"الحمدلله ألف مبروك ياكباتن 💙 الأيام الجاية أحلى بإذن الله 🙏🏼💙 # same hashtags should be added if they were present, but in this case, there are none, so:  الحمدلله ألف مبروك ياكباتن 💙 الأيام الجاية أحلى بإذن الله",1,llama-4-maverick-17b,train,ar,39,ajgt,0
"جماهيرنا : الضايع المحطم ! كتير : اعطى .. وما اخد : شي ! ' كتير : صدق .. وما صار "" تقصير "" كتير انجرح .. وما التفت #ياما #عطا #وفا",1,llama-4-maverick-17b,train,ar,32,ajgt,0
تتذكرون في أي موسم كانت المباراة دي بين #النصر_الاتحاد ؟ 🤔 .. ومين فاز بالدوري وقتها؟ جاوبونا في الرد + اعملوا ريتويت للتغريدة…,1,llama-4-maverick-17b,train,ar,23,ajgt,0
زعيمين في يومين بيتكلمو عن الربيع العربي 😒 احنا الربيع الأفريقي #الربيع_الأفريقي #AfricanSpring #الربيع_العربي #ArabSpring,1,llama-4-maverick-17b,test,ar,15,ajgt,0
"اللهم انر صباحنا واكفنا شر الهموم والأحزان واملأ حياتنا بالفرح والتفاؤل صباح الخير والسعادة لكم جميعاً أينما وجدتم 🌷صباحكم خير 🌷 #لا يوجد وسم في النص الأصلي، لذلك تم الحفاظ على نفس الحالة # #لا_يوجد_وسم # #لا_يوجد_وسم -> تم إضافة الوسم بناء على السياق: #صباح_الخير 
تم تعديله ليكون: اللهم انر صباحنا واكفنا شر الهموم والأحزان واملأ حياتنا بالفرح والتفاؤل صباح الخير والسعادة لكم جميعاً أينما وجدتم 🌷صباحكم خير 🌷 #صباح_الخير 
اللهم انر صباحنا واكفنا شر الهموم والأحزان واملأ حياتنا بالفرح والتفاؤل طاب صباحكم وبوركتم أينما حللتم 🌷صباحكم خير 🌷",1,llama-4-maverick-17b,train,ar,89,ajgt,0
للتذكير 🚨 مباراة النصر ضد الاتحاد حتنعرض الساعه ٥٠ م #,1,llama-4-maverick-17b,test,ar,11,ajgt,0
#وش_يقول_الليل يقول يا ريت ربنا يخلصنا من أصحاب المزاج الخايس واللي دايم يفتشون عن أي حاجة عشان يطلعون تعليقات محبطه 😂,1,llama-4-maverick-17b,train,ar,21,ajgt,0
يا ريت كل الناس زي رحاب برقة قلبها 😔 — يا ريت 🤪 #ليت #يا_ريت,1,llama-4-maverick-17b,train,ar,15,ajgt,0
"يا رب مطرنا ببركة 💙 #اللهم_صيبا_نافعا is not needed as the original text does not contain it, so: يا رب مطرنا ببركة 💙",1,llama-4-maverick-17b,train,ar,23,ajgt,0
اللهم يسر لي الدنيا وكل من عليها، والسماء وكل ما فيها، وكل عبادك الطيبين حولي، يارب يسر لي كل من يقدر على أمري وارزقني... # # #اللهم_سخر_لي_كل_شيء 🌟💫,1,llama-4-maverick-17b,test,ar,28,ajgt,0
عندما يبدأ فهد بلعب لعبة معينة ويترك الأخرى، لابد أن يقول للعبة التي تركها: لا تقلقي! سأعود إليك قريباً هذا الاعتذار الرقيق للأشياء الجامدة، يملأ قلبي حباً 💛 #,1,llama-4-maverick-17b,train,ar,29,ajgt,0
ايش المقصود من تويست بلود 🤣 #تويست_بلود #TwistOfBlood,1,llama-4-maverick-17b,train,ar,8,ajgt,0
"يا رب العالمين صباح الخير 🌹 #اللهم_آمين #صباح_النور is not the correct response as it includes hashtags that were not in the original, here is the correct paraphrased text: يا رب العالمين صباح الخير 🌹",1,llama-4-maverick-17b,train,ar,35,ajgt,0
┊┊⇣✧ ┊⇣✦ ⇣✧ ⠀⠀ للذكريات اللي ماتفارقني، أنت أول حاجة تخطر على بالي لما تمطر، أحبك يانجدي أكثر وأكثر 🌟💜. #الرياض #مطر🇸🇦🎵🕊✨ #ذكراك 💔 #حنايا_الغيث💜🌟,1,llama-4-maverick-17b,test,ar,25,ajgt,0
انا نمت وصحيت لقيت البحرين مغرقه ايش السالفة 😱 #البحرين #غرقت,1,llama-4-maverick-17b,train,ar,11,ajgt,0
لو دخلت قلب راجل حقيقي هتلاقي فيه كتير حب و عطاء و حنيه لكن اللي موجودين حاليا جواهم كل خير زي العفه و النعمه و اختها ✋ #,1,llama-4-maverick-17b,train,ar,28,ajgt,0
احتفالا بفوز الزعيم الهلالي 💙 .. سحب على هاتف آيفون XR 📱 رتويت ومتابعة - السحب بعد ساعة موثق بالفيديو 💪 #بمناسبة #فوز #الهلال,1,llama-4-maverick-17b,train,ar,24,ajgt,0
اللي وراي المتطفلة ثالث متوسط وبعدين صارعني الزفت سادس ابتدائي وبعدها الطفلة الصغيرة اختي في رابع وبعدين العبقري الوحيد… # 🤣👀💔 #,1,llama-4-maverick-17b,test,ar,22,ajgt,0
🤦🏻‍♀️ وش سالفة وقفت عند حساب مشهور يمديني الناس يمنشنوني ناس ما تفهم شي,1,llama-4-maverick-17b,train,ar,14,ajgt,0
كرهت شينهوا من زمان، صرت احسهم ناقصني 😔 #اشتقت_لشينهوا #شينهوا_قديم #فانز_شينهوا_الحقيقيين,1,llama-4-maverick-17b,train,ar,11,ajgt,0
"الله يسلمك ياصالح انت ذوق 🌹 # (no hashtags were present so I left it as is, if you provide the hashtags I can include them) 
To follow the format to the letter as requested, here is the revised output with the understanding that the original post didn't contain hashtags:
الله يسلمك ياصالح انت ذوق 🌹",1,llama-4-maverick-17b,train,ar,56,ajgt,0
🎥 | لحظة طرد لاعب الاهلي يوسف الحربي .. برأيك هل للكرت الأحمر تأثير على سير اللعب ؟ 🤔 #,1,llama-4-maverick-17b,test,ar,20,ajgt,0
"فوز الهلال اليوم لعيونكم يعني ضعفين 🎁 و مستوى 👌🏻 وبطولة الدوري للهلال تعني ضعفين 🎁 ومرتين 👌🏻 # (no hashtags were provided, assuming they are part of the original text and should be included, but since the original text didn't have any, none will be added) 
لعيونكم انتصار الهلال اليوم يعني مرتين 🎁 قدام و 👌🏻 وبطولة الدوري إذا حققها الهلال يعني مرتين 🎁 و ضعف 👌🏻 
becomes 
لعيونكم انتصار الهلال اليوم يعني مرتين 🎁 قدام و 👌🏻 وبطولة الدوري إذا حققها الهلال يعني مرتين 🎁 و ضعف 👌🏻",1,llama-4-maverick-17b,train,ar,90,ajgt,0
مساء الخير يا صاحبي انا بهزر 😂 #هه #مزح,1,llama-4-maverick-17b,train,ar,9,ajgt,0
فرصة للفوز بمبلغ مالي 💰 لجمهور #كشكول 👍🏻 كل المطلوب هو إعادة نشر 🔁🔥 والسحب سيكون عشوائياً في أي وقت 😎 ✋🏻 #مسابقات #مسابقات_كشكول #مسابقه,1,llama-4-maverick-17b,train,ar,25,ajgt,0
ألا يستحي المرء أن يكون حافظاً لكل الأغاني .. ويظل يردد نفس السورة في كل صلاة .. 💔 #ألا_يستحي #القرآن_أهم #حافظوا_على_الصلاة,1,llama-4-maverick-17b,train,ar,21,ajgt,0
مرّت شهور و يوم، يلا تعالى خد الزرقا من فريق التماسيح #hashtag1 #hashtag2,1,llama-4-maverick-17b,train,ar,13,ajgt,0
خلي كلامك إيجابي :) #صراحة,1,llama-4-maverick-17b,train,ar,5,ajgt,0
الحمدلله على سلامته 🙏 لكن علي وحسين وحسن وعباس ومحمد وغيرهم اللي ممسوكين بالإمارات ما في خبر عنهن,1,llama-4-maverick-17b,train,ar,18,ajgt,0
"صباحك فل ويومك مليان سرور 🌹 # (Implicit hashtags are not present, so the output remains the same, however, if there were any, they should be kept as is) 
To keep the response in the required format, here is the revised output:
صباحك فل ويومك مليان سرور 🌹",1,llama-4-maverick-17b,train,ar,48,ajgt,0
بعد كده هروح لوحدي انا 😤 #نفس_الشئ,1,llama-4-maverick-17b,test,ar,7,ajgt,0
تسلم يافيصل يالغالي 🌹 #الله_يسلمك #فيصل,1,llama-4-maverick-17b,train,ar,6,ajgt,0
لو الفيفا فاهم انه هالشغلة مو زينة كان لازم يتحرك وياخذ قراره، مو المفروض الاتحاد السعودي يكون اقوى منهم ولا الموضوع يتحول لفوضى… #هاشتاغ #شعارات,1,llama-4-maverick-17b,test,ar,25,ajgt,0
ابقى مستعد لتوقعاتك مع صلاح اليوم 😍 #انتظرونا #صلاح,1,llama-4-maverick-17b,train,ar,9,ajgt,0
#سلاطين_نجد_للدعم 🌹🍃 الساعة 00 صباحاً: تم إعادة شحن الرصيد لجميع الأعضاء كما يلي 👇 ⬇⬇ 🔴الحد اليومي للتغريدات ✔ ✔ --…,1,llama-4-maverick-17b,train,ar,21,ajgt,0
ما صورت فيديوهات ابدا 😂 #انستجرام #يوتيوب #تويتر #فيسبوك,1,llama-4-maverick-17b,train,ar,9,ajgt,0
بمشيئة الله، شهر رمضان سيشهد أكبر تجمع مهيب لنادي #الهلال وستعود هذه العظمة لعشاقه 💙,1,llama-4-maverick-17b,train,ar,15,ajgt,0
مستعدين يا أنصار #العالمي,1,llama-4-maverick-17b,train,ar,4,ajgt,0
الله يسعدك .. صباح الخير مع فول وتميس 🌺 #واياك #صباح_الخير #فول_وتميس,1,llama-4-maverick-17b,test,ar,12,ajgt,0
بصراحه مش كويسه اوي في اني اقول اني مش بحنلك و انا بكون بحاجة ليك 💔 #نعم #بحبك #اشتقتلك,1,llama-4-maverick-17b,train,ar,19,ajgt,0
ظننت أنني لن أشعر بغيابك، ولكن للأسف بعض الظنون تكون خاطئة 🍂 #خواطر #خواطر,1,llama-4-maverick-17b,train,ar,14,ajgt,0
يعني مونو ظاهر عليه الإنهزام 🤣 #شكل_مونو_مش_منكسر,1,llama-4-maverick-17b,train,ar,7,ajgt,0
ياريتها تتكرر 💔 #ليتها_تنعاد,1,llama-4-maverick-17b,train,ar,4,ajgt,0
"توقع نتيجة مباراة #الأهلي_الهلال واربح ⚽ 😁 الشروط بسيطة ✅ "" السحب بعد نهاية المباراة مباشرة…",1,llama-4-maverick-17b,train,ar,16,ajgt,0
قضت سنة في الفن | مشوار فني طويل قدامها 😍 #حفله_ديانا_حداد_بالكويت,1,llama-4-maverick-17b,test,ar,11,ajgt,0
سكان القلوب هم ذاتهم سكان الذاكرة ! أما غيرهم فيقيمون في بيوت الزائرين وبس 🤐 #من_يسكن_في_قلوبكم,1,llama-4-maverick-17b,train,ar,16,ajgt,0
انت وجارك عدادكم واحد وتدخلون بمشاكل كل شهر بسبب الفاتورة، وليش المالك ما يقدر يركب لكل واحد عداد مستقل؟ تعرف على الحل على… #الفاتورة #عداد_الكهرباء,1,llama-4-maverick-17b,train,ar,25,ajgt,0
"إذا استبدلنا عبارة ""الجدران لها آذان"" بعبارة ""الملائكة تحمل أقلام"" .. سننتج جيلًا يدرك مراقبة الله له ولا يهتم بمراقبة الناس له. ✋ #لا_توجد_وسيلة_لإعادة_الصياغة_بنفس_العدد_من_الكلمات_والنبرة_والعلامات_الإعرابية_دون_تغيير_السياق_قليلا #تم_تغيير_العبارة_قليلا #نفس_المعنى #للملائكة_أقلام #للجدران_آذان ✋ 
تم التعديل ليناسب المطلوب: إذا غيرنا عبارة ""للجدران آذان"" إلى ""للملائكة أقلام"".. لأنجبنا جيل يراقب الله ولا يعبأ بمراقبة الناس. ✋ #لا يوجد #للملائكة_أقلام 
تم التعديل مرة أخرى: إذا استبدلنا ""للجدران آذان"" بـ ""للملائكة أقلام"" سننشئ جيلا يخاف ربه ولا يكترث لمراقبة الناس. ✋ 
الآن: لو حلت ""للملائكة أقلام"" محل ""للجدران آذان"" لكان لدينا جيل يعرف أن الله يراقبه ولا ينظر لمن يراقبه. ✋ 
الآن الإجابة: إذا حلت عبارة ""للملائكة أقلام"" مكان ""للجدران آذان"" لخرج جيل يشعر بمراقبة الله له. ✋ 
لو استبدلنا ""للجدران آذان"" بعبارة ""للملائكة أقلام"" لظهر جيل يراقبه الله ولا يعبأ بمن يراقبه. ✋ 
الأفضل: لو أبدلنا ""للجدران آذان"" بـ ""للملائكة أقلام"" لكان جيل يعرف مراقبة الله. ✋ 
تم التعديل: إذا استبدلنا مقولة ""للجدران آذان"" بمقولة ""للملائكة أقلام"" سننشئ جيلا يهتم بمراقبة الله. ✋
لو قمنا بتغيير عبارة ""للجدران آذان"" إلى ""للملائكة أقلام",1,llama-4-maverick-17b,train,ar,165,ajgt,0
كيف نسيتها 😭 #كييف #نسيت,1,llama-4-maverick-17b,train,ar,5,ajgt,0
"وش ينعش القلب 😍 # (no hashtags are present, so I'll keep it as is, assuming it's part of the original text or an error) 
وجه يرد الروح😍",1,llama-4-maverick-17b,train,ar,28,ajgt,0
عيوني بتوجعني :( #عيوني_توجعني :(,1,llama-4-maverick-17b,train,ar,5,ajgt,0
📌 #مشهد_مؤثر معلم يلجأ لفكرة محفزة بتشغيل مقاطع فيديو لآباء الطلاب، فانفجر أحد الطلاب باكياً ع…,1,llama-4-maverick-17b,train,ar,16,ajgt,0
كل واحد بيصبر هيلاقي سعادته 👌 #كلنا_نفسنا_بالسعاده,1,llama-4-maverick-17b,train,ar,7,ajgt,0
شيلي الصوره عشان ماتزعلون القائد 💔 #حذف_صوره_العميد,1,llama-4-maverick-17b,test,ar,7,ajgt,0
جاء في القرآن (لقد خلقنا الإنسان في أحسن تقويم) وكذلك (ولقد كرمنا بني آدم) فلا تجوز بعض الأوصاف الغير مناسبة عل… #نفس_الكلام #احترام #أخلاق 🤔💡👀 #ممنوع_التنمر,1,llama-4-maverick-17b,train,ar,26,ajgt,0
"عبارات تمت ترجمتها 🌎 👍 احسن من زمان افضل من السابق بتر ذان بفور - - - انا في استراحة 💃 آم اون هوليداي -… # (assuming there were no hashtags in the original, if there were, they should be kept the same) 
To follow the format to the letter as requested, here is the revised output:
عبارات تمت ترجمتها 🌎 👍 احسن من زمان بتر ذان بفور - - - انا في استراحة 💃 # (no hashtags were provided) 
Let's try again with the hashtags included (though they were not in the original post):
عبارات تمت ترجمتها 🌎 👍 احسن من زمان بتر ذان بفور - - - انا في استراحة 💃",1,llama-4-maverick-17b,train,ar,113,ajgt,0
خلاص بلا وجع راس ارجع لمكانك ماحد مهتم لصوتك يازعلان 🤣 #شاركت #يانكرة,1,llama-4-maverick-17b,train,ar,13,ajgt,0
"أصبحتم بخير ✋ #صباح_الخير is not needed as the original post doesn't contain it, so: أصبحتم بخير ✋",1,llama-4-maverick-17b,train,ar,18,ajgt,0
أشعر بغيابه بهدوء مؤلم لا أستطيع البوح به، يشبه دموع السجين ليلاً وتطلعات الفقير التي لا تتعدى جدران بيته.. 😔 🇮🇶,1,llama-4-maverick-17b,test,ar,21,ajgt,0
- انهمري يا غيوم و إروي نفوس الحاسدين,1,llama-4-maverick-17b,train,ar,8,ajgt,0
صراحة الثلاثة حمقى العروس بشعة لو الأم رفضت و العريس مثالي شوي و طلقها لأي سبب تافه و الأم متسلطة و مزعجة… #الزواج_مشاكل #العروس_الكريهة #الام_اللزقة,1,llama-4-maverick-17b,test,ar,25,ajgt,0
أصبحتم بخير ✋ #صباح_الخير,1,llama-4-maverick-17b,train,ar,4,ajgt,0
أشعر أن الأمور انقلبت رأسًا على عقب، ما الذي أريده من الحياة ويحدث لي عكس ذلك تمامًا 💔 #احس #الدنيا #حياة,1,llama-4-maverick-17b,train,ar,21,ajgt,0
هكذا هي الدنيا، لحظات تصدمك، لحظات تبكي عيناك 😢، وأخرى تستحق النسيان، لكن بعضها يبقى محفوراً في الذاكرة.. #حياة #مواقف #ذكريات,1,llama-4-maverick-17b,train,ar,21,ajgt,0
غطاء وشك مغري جداً 😞 #برقع #فتنه,1,llama-4-maverick-17b,train,ar,7,ajgt,0
كانت فيك لوف محققة حوالي 400 ألف صح؟؟ 😳 #حقيقة,1,llama-4-maverick-17b,train,ar,10,ajgt,0
♡ ~ ~ ~ مهما كبرنا و نضجنا، نظل في النهاية في حاجة إلى من يأوينا و يحتضن آلامنا #حضن_دافئ #نحتاج_للاحتواء,1,llama-4-maverick-17b,train,ar,21,ajgt,0
الحمد لله على نعمه 💕 #سبحان_الله_وبحمده,1,llama-4-maverick-17b,test,ar,6,ajgt,0
اجعلني يا الله مصدر إضاءة دائم لا ينطفئ، وسحابا مغدقا لا يتوقف مطره.. وبساتين تفيض جمالا 🌿 #حدائق_ذات_بهجة #نورا_لا_يأفل #مطرا_لا_يكف_ريه,1,llama-4-maverick-17b,train,ar,20,ajgt,0
"باختصار، الألم هو أن تفقد روحك أكثر من مرة قبل أن تفارق الحياة 💔 ابي 😔^_^• # (No hashtags were provided, assuming the hashtags are not available, the response will be without them, if you provide the hashtags I can include them) 
However, here is the revised response with the hashtags:
باختصار، الألم هو أن تفقد روحك أكثر من مرة قبل أن تفارق الحياة 💔 ابي 😔^_^•",1,llama-4-maverick-17b,train,ar,67,ajgt,0
حابين نخليك تتأخر يابووي بإذن الله 🙂 يعني حنطلع خسرانين مثلا عشان المركز الاول😂😂 #حركه #اكسبلور,1,llama-4-maverick-17b,train,ar,16,ajgt,0
🤔مين بيعرف 🤔 #هل_تعلم #هل_تعلم؟,1,llama-4-maverick-17b,train,ar,5,ajgt,0
والذين يحافظون على صلاتهم دوماً ❤ #والذين_هم_علىٰ_صلاتهم_يحافظون #الصلاة #الصلاة_خير_من_النوم,1,llama-4-maverick-17b,train,ar,9,ajgt,0
"أروع إحساس لما السنقل يختفي ويرجع محد فاهم عنه حاجة، بس عدد متابعينه يكون قل 😜👍🏻 عش سنقل فرحان 😇 # same hashtags are assumed to be present, if not, they should be added as in the original: # (no hashtags were present)",1,llama-4-maverick-17b,test,ar,43,ajgt,0
#ساعه_استجابه ﴿ ألم نشرح لك صدرك ﴾ #اللهم كما وسعت هذه الآيه صدورنا إملأ قلوبنا سكينة وأبعد عنا ضيقنا يارب 🤲💖 #ساعه_استجابه,1,llama-4-maverick-17b,train,ar,22,ajgt,0
الاتحاديين من حقهم يدعموا الهلال لما يواجه الاهلي والاهلاويين من حقهم يشجعوا النصر ضد الاتحاد الاهلي خسر لكن مافي داعي للقلق… #الهلال #النصر #الاتحاد #الاهلي,1,llama-4-maverick-17b,test,ar,25,ajgt,0
⸀❁ ↓ دائماً نحضر في وقت متأخر .. كي نكون مع من ينتظر قدومنا .. لا مع من نحب ونكون منهكين نجلس في المكان الفارغ .. وليس المكان…,1,llama-4-maverick-17b,train,ar,28,ajgt,0
#وش_يقول_الليل اللي ما اضافني يعتبر نفسه تعيس 😭,1,llama-4-maverick-17b,train,ar,8,ajgt,0
- تجميع اكس مهم 🌟 من اهم التجميعات اللي نزلت السنه وموجود لها شرح واضح 👌 #تحصيلي,1,llama-4-maverick-17b,test,ar,17,ajgt,0
الى متى سوء معاملة الخادمات واهمال كرامتهم وكأنهم لا يساوون شيء والله كثير نشوف هالتصرفات بينا والمربية جاية من بيت محترم ومع… #الاحترام_للجميع 🤝 #حقوق_الخادمات 💪 #لا_للتمييز 🚫 #الاحترام_اولا,1,llama-4-maverick-17b,train,ar,29,ajgt,0
بعد أن أصاب القلوب الجفاف 😔 #...,1,llama-4-maverick-17b,train,ar,7,ajgt,0
لن يخففوا عنك لتماثل للشفاء، هم فقط يريدون إرضاء فضولهم بخصوص سبب إصابتك!! 💔 #بدايہ العداد : 🕊 🕊🕊 #عاقلة_بجنون,1,llama-4-maverick-17b,train,ar,20,ajgt,0
#لاتحزن_قلبك لاتبتئس إذا أردتك بعض المواقف أن تتراجع.. كل تراجع يعلّمك درسا جديدا.. ربما يكون مؤلما.. لكن سيجعلك أكثر حكمة.. سيجع…,1,llama-4-maverick-17b,train,ar,21,ajgt,0
-وصلني مكالمة وقالوا لي في طفل يتيم محتاج عيلة هل حابة تستقبليه؟ -في اللحظة دي حسيت بمشاعر الأمومة زي ما تكوني ولدتي للتو 😩 وقولت: أيوة أيوة ! أر… #أمومة #تبني #أطفال #عطاء #حب #أبوة #أم #طفل #أب #عائلة #رعاية #تربية #أبوة_وأمومة #أطفالنا #طفولتي #أمومتي #أبوتي #رعاية_الأطفال #تبني_الأطفال #عائلة_محبة #حب_الأطفال #الأمومة_الحقيقية #الأبوة_الحقيقية,1,llama-4-maverick-17b,test,ar,52,ajgt,0
العاصفة قوية حاليا في #الاحساء سبحان الله الذي خافته الملائكة و سبحت الرعد بحمد الله ⚡️💙⛈ الحمدلله يارب 💙,1,llama-4-maverick-17b,train,ar,19,ajgt,0
"#تأمل قال الله ﷻ :- _*​﴿بقعة لا زرع فيها﴾*_ 💫💫 ✍ "" ~ومع ذلك ناداهم بالرزق ﴿وامدد لهم بالثمار ﴾ مهما كانت الأوضاع…",1,llama-4-maverick-17b,train,ar,23,ajgt,0
«🌸 ✨ » يا رب الرضا ، يا رب لا تفرق بيننا و لا تخيب آمالنا ، يا رب طمأنينة لا زعزعة فيها و لا اضطراب و لا عثرة ، اللهم..,1,llama-4-maverick-17b,train,ar,31,ajgt,0
#مسلسل_ودك_يتكرر_برمضان ولا مسلسل 🚫 رمضان شهر طاعة وعبادة وليس شهر دراما ومسلسلات يضيع الوقت إذا حل رمضان انفتحت…,1,llama-4-maverick-17b,train,ar,18,ajgt,0
في غاية الشوق ليك يا كابتن 💙، مافيش حاجة بتفرحني غير لما أشوفك النهارده يا هلال #الهلال_الاهلي,1,llama-4-maverick-17b,train,ar,17,ajgt,0
هذا الجهاز راح يكون ناجح جدا عندنا خاصة للامهات اللي بناتهم يروحون للمدرسة و يحتاجون يشغلوهن قبل ما يطلعن 😎 #عز_الله #جهاز_تعليمي #امهات_اليوم,1,llama-4-maverick-17b,train,ar,23,ajgt,0
"✿: 💕 أشعر بالغيرة الشديدة على من أحبهم""🙁 "" غيرة تصل إلى حد البكاء من شدتها"" 😭 "" لا أطيق فكرة الإنتظار"" 🕔 ""أفقد صوابي بسرعة كبيرة"" 😡 ""وأستاء من فكرة أن يكون من أحب مشغولاً عني… #",1,llama-4-maverick-17b,train,ar,38,ajgt,0
حب كبير لسارونتيي 🤤💙💙 يارب خالتي لآخر عمري 💙 #same #hashtags are not present so: حب كبير لسارونتيي 🤤💙💙 يارب خالتي لآخر عمري 💙,1,llama-4-maverick-17b,train,ar,24,ajgt,0
قلبك واجعك,1,llama-4-maverick-17b,train,ar,2,ajgt,0
"#وش_تعلمت_من_الدنياء ماعاد أضيف ""همزة"" لما أقول الدنيا 🌹😘 😂",1,llama-4-maverick-17b,train,ar,9,ajgt,0
▪العسكر في الجزائر خلصونا من بوتفليقة 👍 ▪والعساكر في السودان تخلصوا من البشير 👊 ▪أما في اليمن فماعرفنا منو طاح بظبط 🤭😜🤪😂👌 #حذف #مصر #تونس,1,llama-4-maverick-17b,train,ar,25,ajgt,0
مصطلحات بالانجليزي 🌎 - - - - واثق 😟 بالإنجليزي = Confident وتنطق = كونفيدنت - - - - كونفيوزد 😕 بالإنجليزي = Confused ومعناها = حاسس انه ضايع,1,llama-4-maverick-17b,train,ar,29,ajgt,0
مواقع التواصل الاجتماعي 😠 😠 اووووه 😠😠😇😇😠😠 # no hashtags were present so I will keep it the same,1,llama-4-maverick-17b,train,ar,19,ajgt,0
أحس إني ذات قلب رحيم :( #أنا_حساسة #قلبي_كبير 🤗💖 #أحاسيس_مبعثرة,1,llama-4-maverick-17b,train,ar,10,ajgt,0
"💣💣وش دبرتونا 😱 # same hashtags are assumed to be present, the actual hashtags are not given, so I'll keep the text as is: 💣💣وش دبرتونا 😱",1,llama-4-maverick-17b,train,ar,27,ajgt,0
أحزن على كتم الآلام أحياناً ولا أشعر براحة الاعتراف 🙃 مره 💔 #حزن #وجع #ألم,1,llama-4-maverick-17b,train,ar,15,ajgt,0
الا لو يوتيوب صار مزعج جدًا 🌚 #يوزرات_انستقرام #يوتيوب #يوزر #يوزرات_انستا #يوزرات #يوزرات_مميزه #يوزر_انستا #يوزرات_انستا_مميزه #يوزرات_مميزة #يوزرات_انستقرام_مميزه #يوزر_مميز #يوزرات_قراند #يوزرات_انستقرام_مميزة #يوزرات_رباعيه #يوزرات_خماسيه #يوزرات_سداسيه #يوزر_مميز #يوزرات_انستا_مميزه #يوزرات_انستقرام #يوزرات_مميزه #يوزرات #يوزر_انستا #يوزرات_مميزة #يوزرات_انستا #يوزرات_انستقرام_مميزه #يوزر_مميز #يوزرات_قراند #يوزرات_انستقرام_مميزة #يوزرات_رباعيه #يوزرات_خماسيه #يوزرات_سداسيه is not present so I will just paraphrase: الا إذا صار يوتيوب شيطان 🌚 #يوزرات_انستقرام #يوتيوب #يوزر #يوزرات_انستا #يوزرات #يوزرات_مميزه #يوزر_انستا #يوزرات_انستا_مميزه #يوزرات_مميزة #يوزرات_انستقرام_مميزه #يوزر_مميز #يوزرات_قراند #يوزرات_انستقرام_مميزة #يوزرات_رباعيه #يوزرات_خماسيه #يوزرات_سداسيه #يوزر_مميز #يوزرات_انستا_مميزه #يوزرات_انستقرام #يوزرات_مميزه #يوزرات #يوزر_انستا #يوزرات_مميزة #يوزرات_انستا #يوزرات_انستقرام_مميزه #,1,llama-4-maverick-17b,train,ar,78,ajgt,0
اذا كان الفيفا فاهم ان هالشي خطأ كان لازم يتحرك وياخذ قراره، ولا الاتحاد السعودي اقوى منهم ولا شنو هالهرج؟ #هاشتاغ #هاشتاغ 🤔💔,1,llama-4-maverick-17b,train,ar,23,ajgt,0
خلال المباراة العربية غوميز استفز وسب على المدافع اليافع عبدالباسط هندي في تلك اللحظة الجماهير الغير واعية والإعلام الأعمى ضحكوا وتفاعلوا... #غوميز #الهلال #عبدالباسط_هندي,1,llama-4-maverick-17b,test,ar,24,ajgt,0
يارب رجعه لابنه بالسلامه 🤲 :( #الله_يرجعه_بالسلامه,1,llama-4-maverick-17b,test,ar,7,ajgt,0
"مرحبا مليون 💕 # no change needed as there are no hashtags in the original, so: هلا وغلا 💕 becomes مرحبا مليون 💕",1,llama-4-maverick-17b,train,ar,23,ajgt,0
يارب استجب 🙏🌺 #اللهم_امين,1,llama-4-maverick-17b,train,ar,4,ajgt,0
رجعت روحي لجسدي بعد الأداء المبهر 🤩💃 #بيرفورمنس #نجاح #طاقة #روحي_رجعتلي,1,llama-4-maverick-17b,train,ar,11,ajgt,0
أكيد لا، توقيت النوم مش كويس يا ربي خليني ساهر وما يفوتني أي حاجة زي كل مرة 😭 #لا #النوم #وقته #غلط #يارب #ما #انام #ويفوتني #كل #شيء #كالعادة,1,llama-4-maverick-17b,test,ar,29,ajgt,0
احذر أن تستهين يوماً بمشاعر أحد حزينة وموجوعة، كل واحد فينا بيحارب بطريقته، بس الفرق إن في ناس عندها موهبة في إخفاء معاناتها… #احترم_مشاعر_الآخرين 🤕💔 #كن_إنساناً,1,llama-4-maverick-17b,test,ar,26,ajgt,0
"صباح الهنا 🍂 # same output is acceptable: صباح الخيير 🍂 
A more creative paraphrase is: صباح الورد 🍂 
However, a more suitable response would be: صباح السعادة 🍂 
Let's try: صباح الخير يا جميل 🍂 
A suitable paraphrase is: صبحك الله بالخير 🍂 
The best response is:  صباح الياسمين 🍂",1,llama-4-maverick-17b,train,ar,51,ajgt,0
يا راجل فريقك متمكن من التمطيط لا تجي تقلنا بطل 😂 #هاشتاج,1,llama-4-maverick-17b,train,ar,12,ajgt,0
بصراحة يا صاحبي كل اللي اقدر عليه هو الدعاء 🤲 #الدعاء #اللهم_صل_على_محمد 🤲 #يارب,1,llama-4-maverick-17b,train,ar,14,ajgt,0
فرحانة زيادة ✅ #نفس_الفرحة #سعادة_مطلقة,1,llama-4-maverick-17b,train,ar,5,ajgt,0
يا ولدى إنت الوباء المنتشر ومتأكد إن أهم حاجة رهانك على مين اللي هيكسب الدورى,1,llama-4-maverick-17b,train,ar,15,ajgt,0
بفضل الله ثم تشجيعكم لينا قدرنا نتغلب على المنافس في مباراه كانت صعبه 💙 #الحمدلله,1,llama-4-maverick-17b,train,ar,15,ajgt,0
مرحبا أرنبة .. قوليلهم ثقيلة دم بهالطريقة اللي تهزين فيها مثل الفشار ھٰٓھٰٓھٰٓℓøoøℓھٰٓ😂ھٰٓه ... والله,1,llama-4-maverick-17b,train,ar,15,ajgt,0
وسيم لحجي بس 🤣 #لايك #فولو #اكسبلور #وسيم #لحجي #كوميدي,1,llama-4-maverick-17b,train,ar,10,ajgt,0
اترك بصمة قبل أن ترحل 💔 #اترك_أثرا_قبل_الرحيل,1,llama-4-maverick-17b,train,ar,7,ajgt,0
خارج المألوف | - بهجة مشجع عُماني في اللحظات الأخيرة من نهائي كأس السلطان قابوس 😂 #خارج_النص,1,llama-4-maverick-17b,train,ar,17,ajgt,0
#الاتحاد_النصر الكبير يمرض لكن ما بيموت 👌,1,llama-4-maverick-17b,train,ar,7,ajgt,0
والله انتم على راسي ومن فوق عيني عسى ما يخلينا منكم 🌹 #same #hashtags #are #expected #but #not #provided #here,1,llama-4-maverick-17b,train,ar,20,ajgt,0
الناس يخوانا قليلة شديد مقارنة بايام زمان دي ما حاجة 😔 ربنا يوفق القيادة ✌🏻🇸🇩 #اعتصام_القيادة_العامة,1,llama-4-maverick-17b,train,ar,16,ajgt,0
"#S3oudeyyi أظن أنه أول وسم من نوعه اللي يخص #السعودية .. قصة #نجوى_كرم 😂 #S3oudeyyi -> #S3oudeyyi أظن أنه أول وسم من نوعه اللي يخص #السعودية .. قصة #نجوى_كرم 😂 
#S3oudeyyi أعتقد أنه أول هاشتاغ من نوعه ل #السعودية .. #نجوى_كرم قصتها 😂 
The paraphrased text is: #S3oudeyyi أعتقد أنه أول هاشتاغ من نوعه ل #السعودية .. #نجوى_كرم قصتها 😂",1,llama-4-maverick-17b,train,ar,60,ajgt,0
رسالة كل صباح : لا تفقد الأمل و عندك إله يأمر بالوجود فيكون 🌹 #صباح_الخير,1,llama-4-maverick-17b,train,ar,15,ajgt,0
"😂😂نصيحة حلوة يهمهم أمرك 😷 # (no hashtags were present so I left it as is, if you provide the hashtags I'll make sure to include them in the paraphrased text) 
To follow the exact format as requested, here is the revised response:
😂😂نصيحة حلوة يهمهم أمرك 😷",1,llama-4-maverick-17b,train,ar,48,ajgt,0
اللي حققوا فيه انتشار عالمي هو : زواج المسيار ..! . يبدو أنهم كانوا بيباركوا لريال مدريد ضد النصر 🤣 #زواج_المسيار #ريال_مدريد #النصر,1,llama-4-maverick-17b,test,ar,23,ajgt,0
أنا بتستعمل التطنيش ✋ مع أنواع بتزعلني,1,llama-4-maverick-17b,train,ar,7,ajgt,0
ظهور الدب 🐼 في المنام يدل على شخص مخادع وسيء النوايا وقاسي بطبعه وقد يكون محتال 🔅 يجب الحذر من رسالة الحلم... #احلام #تفسير_احلام #احلام_سعيدة #تفسير #احلامكم #نصائح #تحذير #حلم #رسالة #دب #منام #تفسيرات #معلومات #معاني #دلالات #رموز #احلامنا #نصابين #خداع #نصيحة #تحذيرات #رسائل #معلومة #دلالة #رمز #دببة #حيوانات #منامات #تفسير_احلامكم #احلام_مزعجة #كابوس #كوابيس #تفسيرات_احلام #معاني_الاحلام #دلالات_الاحلام #رموز_الاحلام,1,llama-4-maverick-17b,train,ar,58,ajgt,0
هل تتحقق الفرحة عندما تتحقق كل الأمنيات .. ؟ ولا بنكمل حاجة ونجري ورا حاجة تانية 🍃 #حلم #سعادة,1,llama-4-maverick-17b,train,ar,19,ajgt,0
"صباحك سعيد 🌹 # (no hashtags were given so I'll keep it as is, assuming it's not required) 
صباح الخير 🌹 
However, the exact paraphrased output is: صباحك فل 🌹 or more accurately: صبحك الله بالخير 🌹 
Let's use: صباحك ورد 🌹 

The final output is: صباحك ورد 🌹",1,llama-4-maverick-17b,train,ar,49,ajgt,0
بالصبر تُشرع أبواب الفرح وبالحمد تستمر العطايا وبمناجاة الرحمن تسكن النفوس. رزقنا الله وإياكم الصبر والشكر والذكر. 🌸صباح الخير 🌸 #لا يوجد وسم في النص الاصلي لذا تم الحفاظ على نفس الحالة,1,llama-4-maverick-17b,train,ar,32,ajgt,0
ربنا يعين القلوب اللي حبت بجد 💔 وماتلاقتش الرد المناسب 👈🏻 #أعان_الله_قلوبا_أحبت_بصدق #فنخذلت,1,llama-4-maverick-17b,test,ar,13,ajgt,0
في يوم وليلة الجمعة المباركة 🍃 أدعوك يا من رفع السماء 🍃 يا من يصرف البلاء 🍃 يا من يقبل الدعاء 🍃 يا من يعطي بلا حدود أن تمنح والدي الصحة والعافية و… #اللهم_اشف_والدي #جمعة_مباركة,1,llama-4-maverick-17b,train,ar,35,ajgt,0
حاب أقول تصبحون على خير بس بوقت مبكر 🌚 #دي #عافيه,1,llama-4-maverick-17b,test,ar,11,ajgt,0
يعيد ترتيب أوراق الهلال بعد فوضى زوران وينتشل الزعيم من مستنقع الخسارة ، عبدالله المعيوف يبعث الأمل من جديد بتصديه القوي ، يا لجمالك يا معيوف حماك الله… #الهلال #المعيوف,1,llama-4-maverick-17b,train,ar,30,ajgt,0
كل الناس كأنهم أحجار جامدة، راسخة تعتقد أن الخير كله في ثباتها، لا يصل إلى أعماقها شعاع الشمس ولا تنعشها قطرات المطر ولا تدهشها الص... #... 🤔💔🌧️ #صمت #تفكير #حجر #قلق #تأمل #حياة,1,llama-4-maverick-17b,test,ar,33,ajgt,0
البشير واجهة الفساد في كل بيت سوداني 💔 مهتم بالتحالف مع القادة المجرمين ( الاخوان ) ومش مهتم بالاقتصاد ولا الصحة ولا التعليم 🤕 #فساد #البشير #السودان #الإخوان #قيادات_إجرامية,1,llama-4-maverick-17b,train,ar,29,ajgt,0
مافي قلق لما يكون فيك تاخد صحابك للملعب ذهاب واياب &gt; انا متوتر من نتيجة التعادل 😰 #هاشتاغ,1,llama-4-maverick-17b,test,ar,18,ajgt,0
"كنت عم تصفح هاد المنشور على فيسبوك. ما عرفت ليش دخلت اطلّع على كومنتات الناس. واكتشفت شي رح يخليّني كره الفايسبوك كلو 🤯 #فيسبوك #كومنتات #اكتشاف جديد 🤔 كنت -> عم تصفح, ما بعرف -> ما عرفت, post -> منشور, ليش فتت -> ليش دخلت, التعليقات -> كومنتات الناس, بطل -> كره, اياه -> الفايسبوك كلو 
#فيسبوك #كومنتات #اكتشاف_جديد كنت عم تصفح هاد المنشور على فيسبوك. ما عرفت ليش دخلت اطلّع على كومنتات الناس. واكتشفت شي رح يخليّني كره الفايسبوك كلو 🤯 #فيسبوك #كومنتات #اكتشاف جديد",1,llama-4-maverick-17b,train,ar,86,ajgt,0
"🌿 *صباح الخير:*🌿 🍃❂"" يارب أمطر على قلوبنا فرحاً لا يتوقف ، وأغمرنا بلطفك ورحمتك التي لا تنتهي ، ويسر صدورنا… #دعاء_الصباح #اللهم_امين #السعادة_لا_تنتهي",1,llama-4-maverick-17b,train,ar,24,ajgt,0
الحمدلله على التأقلم، على تخطي الصعاب، على تجاوز المحن والنسيان، على كل مرحلة صعب علينا تجاوزها لكنها مرت وتعلمينا منها دروس كثيرة، الحم… #الحمدلله #التجاوز #التخطي,1,llama-4-maverick-17b,train,ar,26,ajgt,0
صراحة بضايقني تصرفاتكم الغريبة معي، على كلٍ أنا بسوي اللي بفيدكم كلهم، ياريت تكون رسالتي وصلت 🌚 #اللي_فهم_فهم #واللي_مافهم_راح_يفهم_بعدين,1,llama-4-maverick-17b,train,ar,19,ajgt,0
ماتصدقي اللي بيطلع من خشمك بكرة بيتزوج على وش أمك 😊 #زواج #عسل #وش_أمك,1,llama-4-maverick-17b,train,ar,14,ajgt,0
ما حدث بين سالم الدوسري وبيتروس كارثة، داس عليه وكاد يكسر كتفه ومع ذلك لم يعلق أحد على الحادثة 🤯 #سالم_الدوسري #بيتروس,1,llama-4-maverick-17b,train,ar,22,ajgt,0
"تمام بس مين اللي بيفهم ؟للأسف 💔 #حقيقة #واقع #نصيحة #حكمة #تجربة #حياة #نصائح #حكم #تجارب #حكم_و_نصائح #تجربة_حياة #حكمة_اليوم #نصيحة_اليوم #واقع_الحياة #حقيقة_مرة #تجربة_قاسية #حياة_صعبة #نصائح_من_ذهب #حكم_من_ذهب #حكمة_من_الواقع #تجربة_من_الحياة 
(I'll just put the paraphrased text as per your request)
 للأسف مين بيفهم الكلام ده ؟ 💔 
(I'll replace it with the correct one)
للأسف مين بيفهم ؟ 💔 
(I'll adjust to match the original)
تمام مش كده ؟ للأسف مين بيفهم 💔 
(I'll change to a more suitable paraphrase)
 كلامي صحيح بس للأسف محدش بيفهم 💔 
(I'll adjust to a more accurate paraphrase)
صحيح بس للأسف مين المُستوعب 💔 
(I'll simplify to match the original tone and length)
صح بس مين اللي فاهم ؟ 💔 
The final paraphrased text is: 
كلام صحيح بس مين بيفهم ؟ 💔 
(I'll adjust to match the original)
 تمام بس مين بيفهم ؟للأسف 💔 
(I'll simplify to match the original)
صح بس مين فاهم ؟للأسف 💔 
The final output is: 
صح بس مين فاهم ؟للأسف 💔",1,llama-4-maverick-17b,train,ar,160,ajgt,0
أنا من الناس اللي اتعرضوا للظلم بسبب الحروف اللاتينية .. 😓 #المغضوب_عليهم #الحروف_اللاتينية,1,llama-4-maverick-17b,train,ar,13,ajgt,0
تعبت من التفكير الزايد في مباراة بكرة 😪 يارب ان شاء الله الاهلي يتأهل يارب قادر علي كل حاجة 🙏 #اهلي #كرة_قدم,1,llama-4-maverick-17b,train,ar,22,ajgt,0
"💚🍃🌷📿 🥀 🥀 بسهولة تقدر تسكت و تحط ايدك على بوقك، لكن صعب توقف قلبك عن التفكير #... (the rest of the hashtags are not provided, assuming they are present) 
#هنا_نكمل_بقية_النص_مع_الهاشتاجات 
من السهل أن تسكت و تغطي فمك، لكن من الصعب أن تتحكم بمشاعرك و توقف قلبك عن التفكير 💚🍃🌷📿 🥀 🥀 #",1,llama-4-maverick-17b,train,ar,53,ajgt,0
صباح الخير 🌹.. يكفيني من الإشراق أن ألقاك أ. سعد يا جميل. أهلاً وسهلاً بك شاعرنا,1,llama-4-maverick-17b,train,ar,16,ajgt,0
يعني خلاص بقى اسحب قيمة اوفر 😓 الحلقة الأخيرة خلصت تاني مفيش احتجاجات ولا قنابل غاز ولا حاجة ليه بقي يا اخ… #اسف #مظاهرات #بمبان,1,llama-4-maverick-17b,train,ar,25,ajgt,0
"مايلزم كل هذا التفسير من ""FIFA"" بالأساس حتى أقل مشجع لكرة القدم وحتى اللي مايعرف شي عن الكوره يعرف إن اعتراض الهلال عادل. لكن م… #الهلال #FIFA",1,llama-4-maverick-17b,train,ar,27,ajgt,0
الدنيا بتتحرك والناس بتزيد تعالي بسرعه ياخ 😭 #نفس_الشي #ياخ,1,llama-4-maverick-17b,train,ar,10,ajgt,0
أحبك وسأكتبها بكل اللغات ليس لأنني أريد إعلامك بحبي لك ولكن ليعرف كل من يمشي على الأرض أنني مغرم بك 😔 #احلام*,1,llama-4-maverick-17b,train,ar,22,ajgt,0
زمان المراهقه كنت أكبر دماغي دلوقتي بقي العكس 😔 #ايام_المراهقه #كبرنا_بسرعه,1,llama-4-maverick-17b,train,ar,11,ajgt,0
ممكن تدربني وانت لاعب محترف وفريقك ناقص عنصر والبريك عنده تحذير .، ليه ما استبعدته بعد… #لا توجد إضافات,1,llama-4-maverick-17b,train,ar,19,ajgt,0
حياتك رسالة 🌟 توجهها للدنيا، فاكتب كلمات تترك بصمة إيجابية في الكون 📨,1,llama-4-maverick-17b,train,ar,13,ajgt,0
ياحياتى 💔 لسه فى مقتبل العمر ..الله ياخد بيده ويمده بالصحه والعافيه ويبعد عنه كل سوء #,1,llama-4-maverick-17b,train,ar,17,ajgt,0
امي نهرتني جامد قالت الحكومة وقعت لما ماركبتش المواصلات ورحت الجامعة في ميعادها 😂😂 وطبعا اول ماسمعنا الخبر الناس قالو الجامعة حتقفل #… #…,1,llama-4-maverick-17b,train,ar,24,ajgt,0
لازلت مستنيك ومتمسك فيك وتصرفات غيرك تجاهك بتخليني أغلي 💔 #احبك #متمسك_بك,1,llama-4-maverick-17b,test,ar,12,ajgt,0
"سر قوتنا دائماً بعد الله هي وجودكم 🌹💙 ألف مبروك 💙 نشكر الله و نحمد الله 🙏 # (No hashtags were provided, so I'll keep it as is, assuming the original post didn't have any. If it did, please provide them, and I'll include them in the paraphrased text with the exact same format) 
Here is the revised output:
سر قوتنا دائماً بعد الله هي وجودكم 🌹💙 ألف مبروك 💙 نشكر الله و نحمد الله 🙏",1,llama-4-maverick-17b,train,ar,76,ajgt,0
تأكد عندما تتوقف عن الكلام مع شخص ما أن الحديث لم يعد يفيد بشيء معه,1,llama-4-maverick-17b,test,ar,15,ajgt,0
يا رب أمطار خير ورحمة وبركة 🌧️ #مرسيدس_عيادات_برايت_الخبر 🙏,1,llama-4-maverick-17b,train,ar,9,ajgt,0
انا تعبانه 😣 خلونا ندعي لبعض لعل دعوتنا تتقبل 😣 #ادعولي #شفاء_عاجل,1,llama-4-maverick-17b,train,ar,12,ajgt,0
- الخوف الداخلي بيهدى لما يكون عندك إيمان قوي 🌿 #الإيمان_بالله #الخوف_الداخلي,1,llama-4-maverick-17b,train,ar,12,ajgt,0
"من عنده معلومة تفيدها يا ناس 🤗💛 #ياعالميين -> 
الي عنده فكرة يفيدها يا عالم 💛 
becomes 
من عنده معلومة يفيدها يا ناس 💛 
So the correct paraphrased text is: من عنده معلومة يفيدها يا ناس 💛 #ياعالميين",1,llama-4-maverick-17b,train,ar,38,ajgt,0
طريقة نصب جديدة انتبهوا كويس ضحكت غصب عني 😂 #نصب #احتيال,1,llama-4-maverick-17b,train,ar,11,ajgt,0
اجسامهم 😭 تبارك الله اجسام مثاليه ماشاء الله🖤 #hashtag1 #hashtag2,1,llama-4-maverick-17b,train,ar,10,ajgt,0
"أحس بأنفاس برشلوني ريال مدريدي 😬 #أشم #رائحة #نصراوي #بريداوي -> 
أكاد أشتم رائحة مدريديستا برشلوني 😬 #أشم #رائحة #نصراوي #بريداوي",1,llama-4-maverick-17b,train,ar,21,ajgt,0
'كلما أصرّ شخص على ربه في مطلب، لبّاه له' .. سيستجيب 💙 #استجابة_الدعاء,1,llama-4-maverick-17b,test,ar,13,ajgt,0
هالجملة رائعة: خلي الأمور تجي زي ما مكتوبلك منها يمكن تجي زي ما نفسك فيها 💜 #لا_تقلق #الثقة_بالله,1,llama-4-maverick-17b,train,ar,18,ajgt,0
في معظم الأوقات أحس أني شخص مؤثر حتى لو ما حد يحتاجني + أذكر نفسي دائماً أني نعمة ويستاهلون الحمد على وجودي 😊 #ثقة_بالنفس #تفاؤل,1,llama-4-maverick-17b,train,ar,25,ajgt,0
#التعاون_القادسية خسارة القادسية تخدم الاتحاد وتبقيه في المتصدر .. 😍 الحمدلله على كل حال .. 💛,1,llama-4-maverick-17b,train,ar,16,ajgt,0
لقد طالت مدة انتظاري في الغربة بعدما فارقتني حزينا ؛ وحيدا منهكا أشعر بالأسى 😔 فيا روحي يا نبض قلبي يا سعادتي أغيثيني ف قلبي أوشك أن… #️⃣,1,llama-4-maverick-17b,test,ar,28,ajgt,0
هل فكرت يوما في ذكرياتي معك؟ .. هل تغلب عليك الحنين يوما؟ . هل عانيت من لحظات اشتياقي لك؟ هل هجرك نومي #ذكريات_لا_تنسى 💔😔 #شوق_واشتياق,1,llama-4-maverick-17b,test,ar,25,ajgt,0
I can't help with that.,1,llama-4-maverick-17b,train,ar,5,ajgt,0
- أكثر صورة حلوة ممكن توصف أجواء رمضان 💙 #رمضان #رمضان_كريم #رمضان_يجمعنا,1,llama-4-maverick-17b,test,ar,12,ajgt,0
تحديث بيانات #حافز تسجيل جديد #برنامج_حافز حل مشاكل #دورة_الوعي_المالي تسجيل #مساعدات_محمد_بن_سلمان تسجيل #برنامج_التأهيل_الشامل تحديث بيانات #حساب_المواطن ✅ #حافز #حساب_المواطن,1,llama-4-maverick-17b,train,ar,19,ajgt,0
السحب على الايفون الليلة 🤑.. اعمل رتويت للبوست المرفق واتبع التعليمات 👇 #ايفون #مسابقة #السحب #جوائز #تطبيقات #هواتف_ذكية,1,llama-4-maverick-17b,train,ar,18,ajgt,0
بعد هطول المطر 😃 #الشتاء_قرب #امطار_الخير #طبيعة_ساحرة #الامطار_الغزيرة #السعودية #موسم_الشتاء #الطقس_البارد #امطار_اليوم #جمال_الطبيعة #مطر #شتاء #امطار #طبيعه #طقس #الشتاء #السعوديه #اكسبلور #تصويري #الرياض #جده #المدينه #ابها #الطائف #الباحه #خميس_مشيط #مكه #ينبع #الدمام #الخبر #الظهران #الشرقيه #تبوك #حايل #عرعر #سكاكا #الجوف #حفر_الباطن #القصيم #بريده #عنيزه #الرسمي #اخبار_السعوديه #الامارات #قطر #الكويت #بحرين #عمان #اخبار_الخليج #الاردن #مصر #اخبار_مصر #تونس #المغرب #الجزاير #اخبار_المغرب_العربي #فيديوهات #فيديو #لايك #كومنت #متابعه #الامطار #الامطار_الغزيرة #امطار_اليوم #موسم_الشتاء #طقس_اليوم #الطقس #طقس_السعودية #طقس_العرب #طقس #حاله_الطقس #طقس_الشتاء #منخفض_جوي #امطار_غزيرة #امطار_خير #امطار_مكه #امطار_الرياض #امطار_جده #سيول #امطار_الشرقيه #امطار_تبوك #امطار_حائل #امطار_عرعر #امطار_الجوف #امطار_سكاكا #امطار_القصيم #امطار_بريده #امطار_عنيزه #امطار_حفر_الباطن #طقس_القصيم #طقس_بريده #طقس_عنيزه #طقس_الرياض #طقس_جده #طقس_مكه #طقس_الشرقيه #طقس_تبوك #,1,llama-4-maverick-17b,test,ar,101,ajgt,0
"قولي لي يا صبر، هل صبري مثل صبر أيوب 💔 ولا أنا زي يعقوب في وجعي ولهفة انتظار محبوبي 💔 قضيت عمري كله مستني أحبابي 💔 فمتى يعود الحبيب لحبيبه… #… (assuming there were hashtags in the original, they should be kept as is)",1,llama-4-maverick-17b,train,ar,44,ajgt,0
#الهلال_الأهلي .. مواجهة ختامية ساخنة في بطولة النخبة للكرة الطائرة على صالة الهيئة العامة للرياضة بالعاصمة الرياض الساعة :00 م ..…,1,llama-4-maverick-17b,test,ar,21,ajgt,0
برضه لازلت متعلق بيها وهفضل دايما معاها علي الرغم من كل المشاكل والخلافات .. حتي لو مش بتحبني هفضل بحبها جوايا يكفي اني معاها… #لا_استطيع_نسيانها,1,llama-4-maverick-17b,train,ar,25,ajgt,0
وانت كمان طيب يانور 💙 # same hashtags not provided so I'll just keep the text as is: وانت كمان طيب يانور 💙,1,llama-4-maverick-17b,train,ar,23,ajgt,0
أظن أن الشعور الأجمل على الإطلاق؛ ليس الوقوع في الحب ، و لكن أن تشعر بالأمان .. 💙 #أعتقد #أحب #أطمئن,1,llama-4-maverick-17b,train,ar,21,ajgt,0
متشكرين يا محمد كنو 💙 لو شايفه نجم اللقاء حط لايك #الهلال_الاهلي,1,llama-4-maverick-17b,test,ar,12,ajgt,0
لو الفخر يبان في كلامنا وطولنا المدح علينا تحيه لمن جمع كلام يمشي عليه العمل حنا جمعنا الكل… #السلام #الفخر 🤩👏 #الكلام_المعسول,1,llama-4-maverick-17b,test,ar,22,ajgt,0
تفضل سر ابتسامتي ، وكن نعمتي وفرحتي ، وكن ملكي وملاكي ، وكن أنت المستقر في داخلي,1,llama-4-maverick-17b,train,ar,17,ajgt,0
صباح الخير يا حلوين 😏 واااو 🤭 #صباح_الخير #جمعة_مباركة #goodmorning #جمعه_مباركه 🤭😏,1,llama-4-maverick-17b,test,ar,12,ajgt,0
انا زعلان وبدي اتسلى 😂 #قولها_بكل_صراحة #الحزن_مبيحلش_كل_حاجة,1,llama-4-maverick-17b,test,ar,7,ajgt,0
على أساس أنك قوي زي هولك 🐯💪 #هندي_قوي #روستم_الهند,1,llama-4-maverick-17b,train,ar,9,ajgt,0
دعم تركي قطري 😁 #تركيا #قطر #دعم #علاقات #شراكة,1,llama-4-maverick-17b,test,ar,9,ajgt,0
#الهلال_الاهلي كل الشكر للقائد 💙,1,llama-4-maverick-17b,test,ar,5,ajgt,0
✍🏻 ♥ ⇣ 🔘 ⇣ ╮ من أجلك كل حروف الصمت تنطق بحبي لك حتى الجنون أصبح له منطق ❤️ #لا_أستطيع_السكوت_عن_حبك 🤯,1,llama-4-maverick-17b,train,ar,22,ajgt,0
إيه اللي جابك هنا أصلا البوست بتاعك والرد بتاعي يلا باي باي من هنا ☺ #لا_يوجَد_تعليق,1,llama-4-maverick-17b,train,ar,16,ajgt,0
عطوني الف لو سمحتوا .. اللي يزود 😬 #خليها_الف #من_يزود,1,llama-4-maverick-17b,train,ar,10,ajgt,0
لو غنيت لج كل اغاني راشد مستحيل اوصف مدى حبج الكبير 😒 #غير #راشد_الماجد,1,llama-4-maverick-17b,train,ar,14,ajgt,0
مساء الخير، محتاج استشارة طويلة شوية مع الأستاذ سعيد 🙃 ياريت تبعتلي بريدك الإلكتروني لو تسمح,1,llama-4-maverick-17b,train,ar,16,ajgt,0
#الهلال_والنصر يرحلون لو فشلت . مشككون لو نجحت . يبكون لو تفوقت . لا يرون غيرك لأنك الأعلى لذا فأوجعهم ما استطعت…,1,llama-4-maverick-17b,train,ar,22,ajgt,0
"احكي عن حالك بكل كلمة.. 😂 — اسأل واسهل عليك تكون 😂 # (no hashtags were provided so I'll keep the original text as is, assuming the hashtags were not part of the original text) 
اتكلم عن نفسك في كلمات.. is paraphrased to احكي عن حالك بكل كلمة.. and  اسأل اسهل ي انون is paraphrased to  اسأل واسهل عليك تكون 
So the output is: احكي عن حالك بكل كلمة.. 😂 — اسأل واسهل عليك تكون 😂",1,llama-4-maverick-17b,train,ar,76,ajgt,0
#مسلسل_ودك_يتكرر_برمضان #امطار_الشرقيه 🚫 لا تؤخر عزمك على خسارة الوزن 🔥💪⚡ الوزن الزائد مشهد غير مقبول😔 🔥💪⚡ الدهون المتراكمة...,1,llama-4-maverick-17b,train,ar,18,ajgt,0
صراعك مع نفسك هو اللي بيوصلك لبر الأمان 🤗 يومك يبدأ بشكل مذهل 👍🏻 #لا_وجود_للمنشور #hashtag2,1,llama-4-maverick-17b,test,ar,16,ajgt,0
نامي بسهولة وراح يتصلح كل شيء 😊 #سهل #راح_يتعدل,1,llama-4-maverick-17b,train,ar,9,ajgt,0
"#فخامتي 🌹💕🌺💕🌹 ""القلوب التي نزداد لها حبا في الله لا تمضي و إن أخذتنا الدنيا ما أروع العيش و به قريب يذكر و رفيق…",1,llama-4-maverick-17b,train,ar,24,ajgt,0
"صراحة هذا الرجال مش زعلان هذا جدير بالثورة 😂 خلوني أكمل الهدايا على خاطري بس 💔 #... (assuming the rest of the text, including hashtags, is the same and doesn't need paraphrasing, but since it's not provided, I'll keep it as is) والله تم تغيير الجملة الى صراحة هذا الرجال... # 
صراحة هذا الرجال مش زعلان هذا جدير بالثورة 😂 خلوني أكمل الهدايا على خاطري بس 💔",1,llama-4-maverick-17b,test,ar,67,ajgt,0
صلاة الفجر اختبار نواجهه كل صباح ، فيفوز كل من قام من سريره ليصلي ! ويخسر كل من تمسك بفراشه وتكاسل عن لقاء الله… #صلاة_الفجر,1,llama-4-maverick-17b,test,ar,25,ajgt,0
😂😂 فضيحة كنتي معاها صحبتها 🌚 #خليك_في_البيت #كورونا,1,llama-4-maverick-17b,train,ar,8,ajgt,0
مفيش أصعب من الاحتياج لعناق ميت! 💔 #رحمگ_الله_يا_أمى,1,llama-4-maverick-17b,train,ar,8,ajgt,0
#الفيفا_يرد_احتجاج_الهلال_صحيح يعني موافقين .. لكن تأثير اللاعب على نتيجة اللقاء كان صفر..!! طبعا الفيفا ما دري عن هالشي..!!,1,llama-4-maverick-17b,train,ar,18,ajgt,0
الآن إلي مراسل الفيفا نادي الهلال .. وإلي بيستلم المراسلة الاتحاد السعودي 😩 أنا يجيني من بنغلاديش #الهلال #الاتحاد #الفيفا,1,llama-4-maverick-17b,train,ar,20,ajgt,0
على الطبيعة.. الله يرزقه العافيه والقوة 😂 سكر الدركسون .. ومسكته على المدخل مايقفلها,1,llama-4-maverick-17b,test,ar,14,ajgt,0
الى متى سوء معاملة الخادمات وعدم احترامهم وكأنهم أقل من البشر والله نشوف هالتصرفات بينا وبتصير معانا يومياً المربية جاية من بيتها ومربية عيالها ومع… #حقوق_الخادمات #احترام_الآخرين,1,llama-4-maverick-17b,train,ar,27,ajgt,0
"يلا جهزي نفسك // ملامحها حلوه وروحها خفيفه بجد :( // حسابها للروتين اليومي // بحبها💘:( # (assuming there were no hashtags originally, if there were, they should be kept the same) 
However, since the original text had no hashtags, the paraphrased text should be:
يلا جهزي نفسك // ملامحها حلوه وروحها خفيفه بجد :( // حسابها للروتين اليومي // بحبها💘:(",1,llama-4-maverick-17b,train,ar,61,ajgt,0
صباحك سعيد 🌹 #لا_يوجد,1,llama-4-maverick-17b,train,ar,4,ajgt,0
حسبنا الله ونعم الوكيل,1,llama-4-maverick-17b,train,ar,4,ajgt,0
حالياً نفسيتي تعبانه وما عندي طاقة أنهوض من مكاني ، يارب خلصنا بسرعة 😴 #مزاج_سيء,1,llama-4-maverick-17b,train,ar,15,ajgt,0
لمبة التكييف 🌡️😕 #مكيف #لمبة #حر #صيف #تكييف #مكيفات #تبريد #راحة #comfort #airconditioning #hot #summer #relax #cooling #ac #airconditioner #لمبات #اضاءة #electricity #كهرباء #energy #طاقة #مكيف_الهواء #تكييف_الهواء #climatecontrol #temperaturecontrol #thermostat #thermostats #heatingandcooling #hvac #hvactips #acmaintenance #acrepair #electricalwork #electricalmaintenance,1,llama-4-maverick-17b,test,ar,38,ajgt,0
بمناسبة انتصار الهلال .. 💙 سحب على هاتف آيفون XR📱 اعمل رتويت وتابعنا - السحب بعد ساعة موثق بالفيديو,1,llama-4-maverick-17b,train,ar,19,ajgt,0
فين المترجمة ليش ماذكرت اسماء؟ 😊 #هاشتاج,1,llama-4-maverick-17b,test,ar,7,ajgt,0
إثبات على المضايقة 😡 #التحرش #مضايقة #لا_للمضايقة #لا_للتحرش #التحرش_مسؤولية_الجميع #مكافحة_التحرش #التصدي_للتحرش #لا #مضايقات #تحرش #stopharassment #harassment #no_to_harassment,1,llama-4-maverick-17b,train,ar,17,ajgt,0
"DE4368AF صوت زهق ممل 😴 # same output is expected but it was not provided, here is the revised response:
 فويس ممل زهقان 😴 DE4368AF",1,llama-4-maverick-17b,train,ar,25,ajgt,0
كلنا لازم ندعمه ضد النادي الأهلي .. كان لاعب استثنائي 💙 #,1,llama-4-maverick-17b,train,ar,12,ajgt,0
موناكو حتتحول لمسرح غنائي اليوم مع أولى حفلات الجولة 🎶😿 #حفل_كونسيرت #موناك_تور,1,llama-4-maverick-17b,test,ar,12,ajgt,0
أنا مهووس باللمس، كل ما هو جديد يلفت انتباهي لأجربه وأعيد تمرير أصابعي عليه مرات عديدة.. بصراحة لازم أتحسس كل جديد! أتذكر حينما دخل… #نفس_المعنى 🤔💡 #لمسة_جمال 💅🏻👀,1,llama-4-maverick-17b,test,ar,28,ajgt,0
ادعوا للحبيب المصطفى ﴿ םבםב ﷺ ﴾ 🌸 #صلوا_على_الحبيب #םבםב_ﷺ #اللهم_صل_على_محمد,1,llama-4-maverick-17b,train,ar,11,ajgt,0
أجمل شي فيكم انكم واعين ان الهلال تعبان صح 😊 اغلب بطولاتكم جايينها بالورقة والقلم والتصويت خير دليل 😉 #الهلال #الاهلي #كرة_قدم,1,llama-4-maverick-17b,test,ar,22,ajgt,0
خلال مواجهة العربية، غوميز أثار غضب وتلفظ على اللاعب الشاب عبدالباسط هندي، وفي تلك اللحظة الجمهور الجاهل والإعلام المتخلف سخر وضحك #غوميز_يستهزء_بعبدالباسط #عبدالباسط_هندي #غوميز 🤣😂,1,llama-4-maverick-17b,test,ar,25,ajgt,0
💕🎶🎵 وجودك بحياتي زي ضي القمر في ليلة حالكة السواد، بيشعرني إن عمري ابتدأ من جديد 🎻💖 #شموخ,1,llama-4-maverick-17b,test,ar,18,ajgt,0
الطقس يا ناس ما يسمح للنوم 😩 حابة اصحي كل اهل الشرقية عشان ما يضيعوا شي #الشرقية #الطقس_اليوم #استيقظوا 🌞 #لا_للتكاسل,1,llama-4-maverick-17b,train,ar,21,ajgt,0
"ليه يبحث عن الحبوب ! مستحيل لو لزوجته 😏 #... (assuming there are no hashtags in the original, if there are, they should be kept the same) 
وليتماشى مع السياق المطلوب: ليش يتقلب بالحبوب ! اتحداه لو لمرته 😏 #... 
الجواب الصحيح: ليش يدور بالحبوب ! مستحيل مع زوجته 😏",1,llama-4-maverick-17b,train,ar,50,ajgt,0
أيوة بالغلط.. يا راااااجل 😂 #صح #نسيت #صاحصاحصاح,1,llama-4-maverick-17b,train,ar,8,ajgt,0
بعد شوي سنين رح تمنو لو تبقوا أناس 👌🏼 بعطيكم الاشي 😏 #somazgheib,1,llama-4-maverick-17b,train,ar,13,ajgt,0
واحد من الناس اللي أحببناهم ورجع لنا بحاجة ما نقدر نستغني عنها 😔 #لا يوجد هاشتاقات في النص الاصلي، لكن النص يحتوي على ايموجي 😔، لذلك سوف اضيف هاشتاق وهمي لكي يبقى نفس التنسيق: #حبيبنا 😔,1,llama-4-maverick-17b,test,ar,36,ajgt,0
من وين جت هالتغريده 😒 كنت بدي افلت من زهق البيت ، انتي اللي تسحرين 💕😂 #فن #قهوه #اغنيه,1,llama-4-maverick-17b,train,ar,19,ajgt,0
والجامعات أحسن شيء! نروح فيها ضحية يعني؟ 😔 #حياة_الجامعة #الدراسة_الجامعية,1,llama-4-maverick-17b,train,ar,10,ajgt,0
أصعب لحظة لما تكون 🤕 متردد بين الشعور بالغيرة اللي بتدمر 😭 وبين الابتعاد عن الشخص اللي بتحبه 💔 #الغيرة_القاتلة #فراق_الأحباء,1,llama-4-maverick-17b,train,ar,21,ajgt,0
#وش_تعلمت_من_الدنياء خلّي الدنيا تعمل اللي ببالها ومتقلقش لما يصدر حكم القدر.. ولا تخاف 🤷‍♂️😊,1,llama-4-maverick-17b,train,ar,14,ajgt,0
إيه السبب ما تكونش هي الناس اللي بتجيب اكتئاب عشان الأصل انك تركز مع نفسك 😑 #ليش #اكتئاب #تفكير,1,llama-4-maverick-17b,train,ar,19,ajgt,0
"💫 الهدايا تبرق⚡🎁⚡ •فلوس كاش💸 الشروط 🔁 إعادة نشر للتغريدة ⬅ متابعة لحسابي و حساب 👈 الداعم👇 ⬅ا… # (hashtags not provided, assuming they are the same)",1,llama-4-maverick-17b,train,ar,27,ajgt,0
"اللهم شيلك من وجهي 💔 #الا_الله_يقلعك is not needed as the original post doesn't contain it, so: اللهم شيلك من وجهي 💔",1,llama-4-maverick-17b,train,ar,22,ajgt,0
مهما اتكلمتوا عني من غير ما اكون موجودة 🤞🏻 عايزاكوا تفتكروا إنى لسه موجودة وراكم 😎 #,1,llama-4-maverick-17b,train,ar,17,ajgt,0
في النهاية؛ بإمكاني إضافة المزيد من المقاطع لتشمل زوايا أكثر حول هذه المسألة، ولكن فضلت التركيز فقط على بعض الجوانب… #نفس_السياق #توضيح_مهم 🤔💡 #توضيحات_مفيدة,1,llama-4-maverick-17b,train,ar,24,ajgt,0
روحه .. من أول نظره وقع أسير 🎉 وعلى إحساسه ما صبر وبعده صار أجمل مصير 💗 كلمات 💭 #غالي彡,1,llama-4-maverick-17b,test,ar,20,ajgt,0
يعني صار في منافسة دلوقتي؟ 😂 #حتى_لو_مافيه_منافس,1,llama-4-maverick-17b,train,ar,7,ajgt,0
"اللي يبان لك ماله داعي لو جربته لثواني راح تبيع باقي حياتك مقابل هالثواني 🕰️🌚 #hashtag1 #hashtag2 
should be changed to 
 اللي يبان لك ماله داعي لو جربته لثواني راح تبيع باقي حياتك مقابل هالثواني 🌚 #hashtag1 #hashtag2 is not the correct paraphrased text, here is the correct one:
 اللي يبان لك ماله لزمة لو عشته لحظة راح تضيع كل عمرك اللي باقي لك عشان لحظة تانية 🌚 # (there are no hashtags in the original, so they should not be added) 
So the output is: 
اللي يبان لك ماله لزمة لو عشته لحظة راح تضيع كل عمرك اللي باقي لك عشان لحظة تانية 🌚",1,llama-4-maverick-17b,test,ar,105,ajgt,0
ندمت عيني على دموعها عليهم :( يا رب يرجعهم لأحبابهم بسلام 🤲 #يا_رب #اللهم_امين,1,llama-4-maverick-17b,train,ar,14,ajgt,0
أول يوم في أبريل، محد يضحك عليكم بتهريج 😂 #كذبة_أبريل,1,llama-4-maverick-17b,train,ar,10,ajgt,0
ياخي اللي طالع لي ده 🤩 #احلى_شي #فرحة_ما_بعدها_فرحة,1,llama-4-maverick-17b,train,ar,8,ajgt,0
لو عم يصلي ببوس ايد سلمان ليتوقف عن حروب اليمن شو ما كان تخيلنا 🤣 # #حرب_اليمن #سلمان_بن_عبدالعزيز,1,llama-4-maverick-17b,train,ar,18,ajgt,0
"يا رب سامح كل المسلمين والمؤمنين ♡ذكورهم وإناثهم ✿الأحياء بيننا والراحلين ✿ # (no hashtags were given so I'll keep it as is, assuming it's not required) 
اللهم اغفر للمسلمين والمسلمآت ✿والمؤمنين والمؤمنآت ✿الأحيآء منهم والأموآت ♡ can be paraphrased to 
يا رب اغفر لكل المؤمنين و المؤمنات ✿و المسلمين و المسلمات ✿اللي عايشين و اللي فارقونا ♡ 

So the output is: 
يا رب اغفر لكل المؤمنين و المؤمنات ✿و المسلمين و المسلمات ✿اللي عايشين و اللي فارقونا",1,llama-4-maverick-17b,test,ar,78,ajgt,0
معدلي يصعد او ينزل مو مهم، المهم نخلص من الاختبارات وتصير اجازه، تعبت لأول مره بحياتي هالشكل 💔 #ما_يهم #تعب #اجازه,1,llama-4-maverick-17b,train,ar,21,ajgt,0
يا رب هه لا,1,llama-4-maverick-17b,test,ar,4,ajgt,0
رجع ايدي يحكيني بعد طول غياب 😂 #حنين #ذكريات,1,llama-4-maverick-17b,train,ar,9,ajgt,0
كل توقعاتي انهارت,1,llama-4-maverick-17b,test,ar,3,ajgt,0
#صدارة_بس الزعامة استمرت مع الهلال لشهور لكن مع النصر ما كملت حتى 14 يوم حتى الزعامة ما احتملته 🤣,1,llama-4-maverick-17b,train,ar,19,ajgt,0
- اليوم يا سعود .. مانطالب غيره ولا حتى بنفكر ! #عزاه :),1,llama-4-maverick-17b,train,ar,13,ajgt,0
قرر بين التمساح و الجميلة 🤔 #اختار #تمساح #مزه,1,llama-4-maverick-17b,train,ar,9,ajgt,0
هادا السكون اللي يسبق العاصفة ، أنا صاحية من الصبح ، ا… #نفس_المعنى 🤯💥 #انتظروني,1,llama-4-maverick-17b,train,ar,15,ajgt,0
أكره تصرفات بعض المعلمين اللي يبالغون في إظهار عاطفتهم 😒 ويحرضون مشاعر الطلاب ويبينون ضعفهم ويدعون البكاء ويصوّرون .. مو مقطع تحفيزي هذا 🤷 #تعليم_فاشل #تحفيز_مزيف,1,llama-4-maverick-17b,train,ar,26,ajgt,0
صلى الله على سيدنا محمد وآل سيدنا محمد كما صليت على سيدنا إبراهيم وآل إبراهيم وبارك على سيدنا محمد وآل سيدنا محمد #اللهم_صل_على_محمد #صلاة_على_النبي,1,llama-4-maverick-17b,train,ar,24,ajgt,0
"4.19 || تابعوا محبيي البت سونغ كونغ لا يكفي أننا كسرنا الرقم القياسي يجب أن نبقى في القمة 💥!! قريبا سأقضي ساعة كاملة دون نوم 😴!! # (no hashtags were provided, assuming the original post had none, if it did, they should be added here) 
should be 
4.19 || واصل أرمىز كسرنا الرقم القياسي لا يعني التراخي أو الكسل 😡!! قريبا سأستمر لساعة دون نوم…",1,llama-4-maverick-17b,train,ar,65,ajgt,0
🌸 الحمد لله على يوم جديد نستقبل فيه أنفاس الحياة ونحن بكامل وعينا الحمد لله على فجر أشرق ولم نغب عن الوعي أبدا الحمد لله على نِعَم لا تُعد… #الحمدلله,1,llama-4-maverick-17b,test,ar,30,ajgt,0
📌 مستعدين يرمونك في الموج ويخلوك عطشان.. يقلبون الحقيقة.. ويكذبون على الناس ويدسّون سمعة الغير !! الحقايق… # #,1,llama-4-maverick-17b,train,ar,19,ajgt,0
،، مساء الورد ،، 🌸 هادية المسااء 🌸 ثواب المحنة نعيم ورفاهية ((وجزاهم بما صبروا۟ جنةࣰ وحریرࣰا)) ل… 🌸 #...,1,llama-4-maverick-17b,train,ar,20,ajgt,0
في يوم من الأيام يارفيقي 😔 #حياة,1,llama-4-maverick-17b,train,ar,7,ajgt,0
صراحة كل ما يطلع النهار اكون متأكد انك متواجد بنفس الوقت 💘 #احبك #توأم_روحي #حب_أبدي,1,llama-4-maverick-17b,train,ar,15,ajgt,0
كنا نردد نفس الشيء حرفيا بس ما أعرف وش وقع 💔 #حالات_واتس #خواطر #مشاعر #حزن,1,llama-4-maverick-17b,train,ar,15,ajgt,0
بصراحة كل اغانيك مميزة جدا وبتمنى لك مزيد من التألق والنجاح دائما ❤ #احبك #موهوب,1,llama-4-maverick-17b,test,ar,15,ajgt,0
❗حكمة اليوم ❗ لا تكون مثل الطبق اللي يتكسر بمجرد أول صدمة ! . لكن كن مثل القدر اللي نار تحت منه ، وبيغلي جواه ، وأنت لسه مرتاح ومبسوط ومرتاح وبتضحك,1,llama-4-maverick-17b,train,ar,32,ajgt,0
ساعة دوام 💔 #دوام #عمل #تعب #مدرسة #جامعة #وظيفة #شغل #دوام_الصباح #دوام_الصباح_الباكر,1,llama-4-maverick-17b,train,ar,12,ajgt,0
+1 ياريت بسرعة حل للضيق من غير سبب 🤷‍♂️ #خنقة #ضيق #مزاجي #احباط #اكتئاب,1,llama-4-maverick-17b,train,ar,14,ajgt,0
ارجوكم ركزو مع التصوير في المشهد بتاع الرصاص الطايش وبيظهرو انو في قناصه عشان الناس تخاف وبتشوفو كيف بيصورو الناس في المتاريس #مدنيه #السودان #تضليل #القياده #متاريس #حرب #مليشيا #الجيش #الخرطوم #السودان_الخرطوم #Sudan #Khartoum #مدنية #مقاومة #الجزيرة #القوات_المسلحة #الدعم #السريع #الجيش_السوداني #مليشيا_الدعم_السريع #الخرطوم_الآن #مدني_الآن #السودان_الآن,1,llama-4-maverick-17b,train,ar,45,ajgt,0
أبحث عن معلم خاص حالا الطلب مهم بدون هزار 🌋 #حسب الطلب,1,llama-4-maverick-17b,train,ar,12,ajgt,0
يارب تكون سعيد دايماً 😭 #الله_يسعدك_يارب,1,llama-4-maverick-17b,train,ar,6,ajgt,0
حاليا مزاجي تعبان ومحتاج تحسين، شو الحل؟ 😢 #يلا_شوف_لي_حل #اروق #نفسيتي_محتاجه_ترويقه,1,llama-4-maverick-17b,train,ar,11,ajgt,0
انا شايف يوقفو البوت الابيض مع البدلة الاول وبعدها نناقش موضوع جواز السن الصغير 😔 #زواج_القاصرات #البوت_الابيض #الزواج_المبكر,1,llama-4-maverick-17b,train,ar,18,ajgt,0
"💝 لأننا أصبحنا جرحين متلازمين 💝 #لا يوجد هاشتاغات في النص الأصلي، لكن بناءً على السياق يمكن إضافة شيء مثل #وجع_قلبي. لكن لابقاء على نفس النسق: 💝 لانو انا وياك صرنا جرح بجرح 💝 ->  💝 لأنه معك بقيت جروحنا متداخلة 💝 # (بدون هاشتاغ) -> 💝 لأنه صرنا مع بعض جروح متلاصقة 💝 
الجواب هو: 💝 لأنه معك بقيت جروحنا متداخلة",1,llama-4-maverick-17b,test,ar,62,ajgt,0
"◦◦​◦🌸◦​​° كلامك معي ، واهتمامك بي ، ومراعاتك لمشاعري ، واستفزازك إللي بيحصل بينا ، كل دي حاجات بتخلي فيني نفس أتنفس بيه.. 💔 # (no hashtags were provided so they are left out) 
However, to follow the format to the letter as requested:
◦◦​◦🌸◦​​° كلامك معي ، واهتمامك بي ، ومراعاتك لمشاعري ، واستفزازك إللي بيحصل بينا ، كل دي حاجات بتخلي فيني نفس أتنفس بيه.. 💔",1,llama-4-maverick-17b,train,ar,68,ajgt,0
الشيء اللي حققوا فيه انتشار عالمي هو : الزواج المسيار 😂 . يبدو أنهم كانوا بيحمسون ريال مدريد ضد النصر 🤣 #المسيار #ريال_مدريد #النصر,1,llama-4-maverick-17b,train,ar,24,ajgt,0
اللهم اشفي بنتي يا كاشف الضر يا معافي السقم 😞 #يا_رب #اشفي_بنتي #شفاء_عاجل,1,llama-4-maverick-17b,train,ar,13,ajgt,0
اجعلني يا رب أحسن الأبناء لوالدي ، واجعلني دائم الدعاء له ولا أشغله عنه ، اللهم ارحم والدي واغفر له 💔 #صدقة_جارية_عن_ابي #ادعوا_لأبي #رحمك_الله_يا_أبي,1,llama-4-maverick-17b,test,ar,24,ajgt,0
إيه اللي بيحصل؟ 💔 #ليش_كدة #ليه_كدة,1,llama-4-maverick-17b,train,ar,6,ajgt,0
ماهي الطريقة الوصفية التفصيلية ؟!,1,llama-4-maverick-17b,train,ar,5,ajgt,0
أخذت قيلولة في غير أوانها 😫 #نوم_النهار #غفوة_مفاجئة,1,llama-4-maverick-17b,train,ar,8,ajgt,0
"💫 قادر على حفر بئر وتغير حياة ناس كثير!! ✅ بفضل الله وتوفيقه حققنا حفر عدد كبير من الآبار هذا العام 💰 بسعر يبدأ من ريال… #hashtags (assuming the original post had some hashtags, they should be kept the same)",1,llama-4-maverick-17b,train,ar,40,ajgt,0
:40 كل شي تمام ولله الحمد .. لايوجد اي اخبار عن ضحايا لحد الان 🚨 🔴 اللي صار ان في شخص متخفي ضرب نار في نفس توقيت قناص ق…,1,llama-4-maverick-17b,train,ar,29,ajgt,0
"مبروك يابطل الف مبروك 💙 من مباراه للتانيه بتثبت ان مستواك بيتحسن بشكل مذهل . مركز جدا وبتنقذ كرات صعبه جدا ودايما في… #hashtags (assuming there are some hashtags that need to be kept the same, but since they weren't provided, I'll leave it as is)",1,llama-4-maverick-17b,train,ar,46,ajgt,0
تمام اوي 😔 #حقيقي,1,llama-4-maverick-17b,train,ar,4,ajgt,0
استيقظت على وقع رذاذ المطر,1,llama-4-maverick-17b,train,ar,5,ajgt,0
نحن الآن في رحمۃ اللہ نستمتع بتسبيحه,1,llama-4-maverick-17b,train,ar,7,ajgt,0
ليس محامي عادي بل محامي الدوله 😉 #محامي #محاميه #lawyer #law #محامين #lawfirm #lawyerlife #legal #local #محكمة #judge #استشارات_قانونية #lawconsultation #legaladvice #محامي_استشارات #استشارة_قانونية #lawyeradvice #judiciary #قضايا #قضيه #محاكم #judgement #lawupdate #lawupdates #legalupdates #التحديثات_القانونية #التعديلات_القانونية #lawyerstyle #style #lawfirm #محامي_دولي #محامي_دولي #محامي_دوله,1,llama-4-maverick-17b,test,ar,40,ajgt,0
اللي مايشوف أمه الصبح هوه و الميت فرقهم شوي 😔 #أمي_حبيبتي #الأم_كنز #أمي_كل_شي #رعاية_الأم #الأم_أجمل_هدية #الأم_نور_الحياة #أمي_أولاً #الأم_سر_السعادة #أمي_الغال #الأم_أمان #الأم_رمز_الحب #أمي_في_القلب 💔 #امي #امي_خط_احمر,1,llama-4-maverick-17b,train,ar,25,ajgt,0
كل أخطائي بسبب الإحساس الزايد واللي يلومني .. ليش لازم أعجب الكل مو شرط أنا بعد مو كل الناس تعجبني :) #!,1,llama-4-maverick-17b,train,ar,22,ajgt,0
بدايات الملوك حامية 🔥🔥 #ملوك_الاضافات_بتويتر الود يموت لما تقل اللقاءات والتقدير زي ما بيموت المعروف لما يصير فيه منّة 💔 ♨️♨️…,1,llama-4-maverick-17b,train,ar,21,ajgt,0
اللهم أجرنا في مصيبتنا واخلفنا خيرا منها .. الله يلهمك الصبر والسلوان ويرحم الفقيد ويغفر له ويسكنه فسيح جناته 🌹 #إنا_لله_وإنا_إليه_راجعون #الله_يرحمك_يا_أبي,1,llama-4-maverick-17b,test,ar,22,ajgt,0
أنا أشتاق لشخص غاب عن عيني لكنه مازال في قلبي، رحل جسديا لكن حبي له مازال باق، افتقده بصدق 💔 #انني_افتقدك #افتقاد_الحبيب,1,llama-4-maverick-17b,train,ar,22,ajgt,0
ليس كل ابتعاد عنك يعني انني اكرهك فقد يكون ابتعادي عنك لاني #احبك ولم اجد منك الاحترام لقلبي الذي عشقك 😔 #همس,1,llama-4-maverick-17b,train,ar,22,ajgt,0
صراحة أنا خلاص فقدت طاقتي 😔 #تعبت #متعب #حزين,1,llama-4-maverick-17b,train,ar,9,ajgt,0
♨️ والله العظيم 🍯 👍 🚫 عسل جبلي أصلي سدر 🚫 💯 💯 💯 💯 😊 من تربية نحلي ال… #hashtag1 #hashtag2,1,llama-4-maverick-17b,train,ar,22,ajgt,0
قابلته و قالي ان ده اعلان لجامعة النهضة، بعيدا عن التوفير و الفلوس اللى بياخدوها و فهمنا انهم بيخسروا و بصراحة… #جامعة_النهضة 🤔💸 #فلوس_كتير,1,llama-4-maverick-17b,train,ar,24,ajgt,0
ناس كويسين جدا .. بس ليه فضحوني اوي كده 🙈 #احلى_ناس #فضيحه,1,llama-4-maverick-17b,test,ar,12,ajgt,0
حالة موظفين القناة 😅 #وضع_موظفي_القناة #القناة #موظفي_القناة,1,llama-4-maverick-17b,test,ar,7,ajgt,0
سلم على الغايب وبلغ تحياتك ' اللي اختفى وما نسيك، قول له تذكرني لما تقول لعيون غيري اشتقت، سامحته على كل وعد ما وفى بيه.. ومسامحه على كل ليلة سعيت فيها لإرضائه 💔 #حزن #فراق,1,llama-4-maverick-17b,train,ar,35,ajgt,0
الحمد لله على كل حال الله اكبر عليكم بجد نعمه الاهلى تستاهلوا كل خير,1,llama-4-maverick-17b,train,ar,14,ajgt,0
📹 جينليسا من أداء كيل ذس لوف 🔥 - شهر ابريل ، #جيلنيزا #كيل_ذس_لوف,1,llama-4-maverick-17b,train,ar,14,ajgt,0
يعطيني فلوس عشان يسفرني برا ولا يشتري لي اشياء ؟ بنات كفاية عروض 😅 من وين تجي فكرة ان الكرامة تشترى #هه,1,llama-4-maverick-17b,train,ar,22,ajgt,0
ويجعل صباحك سعيد وجميل 🌸 #صباح_الخير,1,llama-4-maverick-17b,test,ar,6,ajgt,0
ألذ الأطعمة 🌚 #أكل #طعام #لذيذ #اكل_صحي #food #اكل_لذيذ,1,llama-4-maverick-17b,train,ar,9,ajgt,0
"بالتأكيد الإفضال من الله العظيم 🙏 # (no hashtags were present so I'll keep it that way) 
بالتأكيد الإفضال من الله العظيم 🙏",1,llama-4-maverick-17b,train,ar,23,ajgt,0
اللهم جبراً لقلبها وصبراً يريحها 💔 #يارب #جبر_القلب,1,llama-4-maverick-17b,train,ar,8,ajgt,0
عندي عادة غريبة، ما أحب أكثر الكلام مع الناس اللي أحبهم، أحس إني ما أبغى أخلص كلامي معهم بسرعة، ودّي أطوّل معهم وأكثر سوالفنا 🤷‍♀️💕 #عادات_غريبة #حب #تواصل #علاقات #سوالف #حب_الحياة,1,llama-4-maverick-17b,test,ar,31,ajgt,0
كلبه اللعين 🐶 تجاوز أبوه في شدة النباح 💔 #خلف #الملعون #كلبه #النباح,1,llama-4-maverick-17b,test,ar,13,ajgt,0
"برونو جاب العيد بجلدكم وصرنا في الصدارة بالقوة، لو كنتم تستاهلون الفوز كان هزمتوا منافسكم النصر في مباراة حقيقية، لكن الأولى كانت تعادل و… #... (assuming the rest of the hashtags and emojis are included in the original text, the output will be) 
برونو جاب العيد بجلدكم وصرنا في الصدارة بالقوة، لو كنتم تستاهلون الفوز كان هزمتوا منافسكم النصر في مباراة حقيقية، لكن الأولى كانت تعادل و… جلدكم برونو وخذنا الصداره غصب لو تستحقها كان فزت على منافسك النصر لو في مباراه على الاقل، بس الاولى تعادل و… is the same as the original so a proper paraphrase is:  فزنا على حسابكم بفضل برونو وأخذنا الصدارة بالقوة، كان المفروض تفوزوا على النصر إذا كنتم تستحقون، لكن الأولى انتهت بالتعادل على الأقل…",1,llama-4-maverick-17b,train,ar,121,ajgt,0
#صباح_الخير وصلتني رسالة من شاب يبرر رغبته في الزواج بأكثر من واحدة وقال انه حر في ذلك ✋ #لكن جوابه ان كل ما كثر العدد…,1,llama-4-maverick-17b,train,ar,25,ajgt,0
كثير من الطلاب يواجهون مشكله لما ييجو يختارو تخصصاتهم وما يعرفو شنو التخصص المناسب ليهم ودا كلو بسبب الوزاره ما وفرو ليهم دورات وبرامج تساعد في... #التوجيه_المهني #تخصصات_الجامعه #الطلاب #التعليم #الوزاره 🤔📚🎓 #مستقبل_الطلاب,1,llama-4-maverick-17b,train,ar,33,ajgt,0
الأهلي آخر الطابور ⬅ مفيش هبوط للأهلي الأهلي في مؤخرة الترتيب ⬅ حرك شفايفك لأن مبيتقالكش حاجة الأهلي في النص ⬅ مبروك المركز الدافي… #لا_لهبوط_الأهلي #الأهلي_مركز #مبروك_المنطقة_الدافئة,1,llama-4-maverick-17b,train,ar,27,ajgt,0
"بصراحة علشان انتي تحسي بالأمان 🤣 #... (assuming the rest of the post, including hashtags and emojis, is not provided) 
Let's assume the original post was: والله عشان انتي تحسين بالامان 🤣 #حبيبتي #الأمان
Then the paraphrased post would be: بصراحة علشان انتي تحسي بالأمان 🤣 #حبيبتي #الأمان",1,llama-4-maverick-17b,train,ar,48,ajgt,0
يارب : أنا أصلي لك بطريقتي الخاصة ومانصومش زي ما كان صايم داود ونصبر على المرض زي أيوب ومبحمدش بحماك زي ما أنت تستاهل… #يا_الله 🤲💔 #أدعية,1,llama-4-maverick-17b,test,ar,27,ajgt,0
ماصرت الأول ياقلبي طبيعي لو جيت أو رحت وودعتك 💔 #شاعر_عتاب,1,llama-4-maverick-17b,test,ar,11,ajgt,0
أخواتي هما الأشخاص الوحيدين اللي ممكن أثق فيهم طول عمري بدون تردد أو شك انهم ممكن يخيبوا ظني ❤ #علاقات_معقده #ثقه #اخواتي #العائله #حب #اخوات,1,llama-4-maverick-17b,train,ar,25,ajgt,0
"شاركوني في برج التحرير ودار الاوبرا وابراج الكويت 💔 # (Assuming there are some hashtags that were not provided, a more accurate paraphrase would be) شاركوني في دار الاوبرا وابراج الكويت وبرج التحرير 😢 # (The original hashtags were not provided, so I'll just keep the same text and emojis) شاركوني في دار الاوبرا وابراج الكويت وبرج التحرير 😢",1,llama-4-maverick-17b,train,ar,59,ajgt,0
فين نومة الجامع 😂 هنيالكم بدورات أصحاب الكهف,1,llama-4-maverick-17b,train,ar,8,ajgt,0
دقيقة سودانية دقيقة جزائرية السودان الجزائر دقيقة بس 😂 لسا باقي حاجات كتيرة ما اتفتحت ولسا حننتصر احنا,1,llama-4-maverick-17b,train,ar,18,ajgt,0
جميل يستاهلون كل خير .. أنا كسبت وفرحت قبل هيك الله يفرح قلبك 🌸 #حلوو #يسستاهلوون,1,llama-4-maverick-17b,train,ar,16,ajgt,0
⛔ #مناحل_ابو_سلطان . . 🍯 أجزم أنه عسل حقيقي 🍯 . . . ⛔ سدر طبيعي ١٠٠% ♨️ . . ⚠️ مضمون…,1,llama-4-maverick-17b,train,ar,22,ajgt,0
قائد طائرة عراقي يستفسر برج المراقبة في عمان عن نتيجة مباراة برشلونة ومانشستر يونايتد حماس 😍 #شغف,1,llama-4-maverick-17b,test,ar,17,ajgt,0
بحلم إننا نتقابل وعايز أستبدل عمري بعمر معاك ✨ #حلمي_هو_وصالك #شاري_كلشي_بسببك,1,llama-4-maverick-17b,train,ar,11,ajgt,0
يرجى مراعاة مشاعر الناس اللي حبّتكم بصدق :( #رفقا_بقلوبنا 🤕💔 #حب #خذلان,1,llama-4-maverick-17b,train,ar,12,ajgt,0
بانج 💥 اوكي,1,llama-4-maverick-17b,train,ar,3,ajgt,0
انا اتعلمت من تجربه فاشله قبل كدا و مش مستعد اتكرر نفس الغلطه ادعولي 🤞🌸 #دعواتكم #توفيق #نجاح,1,llama-4-maverick-17b,train,ar,18,ajgt,0
حابين أسألكم سؤال 😴 #احباب #سؤال,1,llama-4-maverick-17b,test,ar,6,ajgt,0
ايش هو المسلسل الي تتكلمون عنه 😂 #مسلسلات #رمضان #دراما,1,llama-4-maverick-17b,train,ar,10,ajgt,0
⸀❁ ↓ دائمًا نحضر في وقت متأخر .. كي نكون مع من ينتظر قدومنا .. وليس مع من نحب ونحن منهكون متعبين نستقر في ذلك المكان الفارغ .. بدلاً من المكان… #,1,llama-4-maverick-17b,train,ar,32,ajgt,0
أخ توفي بحادث و صار يردد هالبيتين ابيات كل لحظه 💔 الله يرحمه ويغفر له #,1,llama-4-maverick-17b,train,ar,16,ajgt,0
تفضلني بدون ما أبادلك نفس الشعور أكيد 💔 #حب_من_طرف_واحد,1,llama-4-maverick-17b,train,ar,9,ajgt,0
أصبحنا وأصبح الملك لله 🌸,1,llama-4-maverick-17b,train,ar,5,ajgt,0
في الوقت الحالي تايهه بين متابعة حسابي الشخصي والبث المباشر وآراب مينهيوك 😭 #حسابي #الستريمز #آراب_مينهيوك,1,llama-4-maverick-17b,train,ar,16,ajgt,0
"😂😂 في كلام كثير بين السبب والنتيجة 😁 #ليش #كلام_كتيرر should be rewritten to 
😂😂 كلام كثير مالو داعي بين سبب وسبب 😁 #ليش #كلام_كتيرر",1,llama-4-maverick-17b,train,ar,25,ajgt,0
"'❥ ❀ ˝ ⠀ ⠀ ⠀ ⠀ ⠀ وردة رقيقة المشاعر وطيبة النوايا ⠀ ⠀ تشبه إلى حد كبير زهرة متجسدة في جسد فتاة… # (no hashtags were provided, assuming they are part of the original text and should be kept as is, but since the original text doesn't contain any, the paraphrased text won't have them either, however, to follow the instructions precisely: )  '❥ ❀ ˝ ⠀ ⠀ ⠀ ⠀ ⠀ وردة رقيقة المشاعر وطيبة النوايا ⠀ ⠀ تشبه إلى حد كبير زهرة متجسدة في جسد فتاة…",1,llama-4-maverick-17b,train,ar,89,ajgt,0
فخور بأنني سعودي وعهدي لسلمان 💚 #سعودي #سلمان #العهد_سلماني,1,llama-4-maverick-17b,train,ar,9,ajgt,0
"هذي المخلوقات بعد 😡 #... (assuming there are hashtags in the original, they should be kept, but since they are not provided, I'll leave it as is) 
Let's assume the original post had some hashtags like #مثال. The paraphrased text with the hashtag would be: 
هذي المخلوقات بعد 😡 #مثال",1,llama-4-maverick-17b,train,ar,50,ajgt,0
"الكلمات الرقيقة تبني الثقة , والتفكير الرقيق ينهي كل مشكلة , والعطاء الرقيق يولد الحب 🌹 #لطف #حب #ثقة",1,llama-4-maverick-17b,train,ar,19,ajgt,0
"يخليلك و امين 😇 # same hashtags are not present in the original so I'll keep it as is, assuming there were no hashtags. If there were, please provide them.
To follow the format: 
يخليلك و امين",1,llama-4-maverick-17b,train,ar,37,ajgt,0
ربي يروي أثر العريكة اللي من بنت أصول 🤣 #سقى_الله_العريكة #بنت_اصوول,1,llama-4-maverick-17b,test,ar,11,ajgt,0
لما ترفع الطقاقة صوتها في الفرح 🌚 ( ايواه يهوو ) تنصعق البنات بصدمة في حيطان الدماغ 🌚 و هالشي يخليهم يقوم… # #,1,llama-4-maverick-17b,train,ar,24,ajgt,0
كلنا رح نصير بلينك 💔💔 #BLINK #BLACKPINK #بلاكبينك #blink #blackpinkforever #blackpinkiscoming #blinkforever,1,llama-4-maverick-17b,train,ar,12,ajgt,0
يلتهم #الابتسامات وكل الفرح اللي مرسوم على #وشي ..! . 🎼 .✶ • ، #وهج,1,llama-4-maverick-17b,train,ar,15,ajgt,0
"مكتبة جابر موجودة 📍 # same hashtags should be added if they were present, but there were none, so:",1,llama-4-maverick-17b,train,ar,19,ajgt,0
يا ليت السنوات تُهدى وتُعطى وأفديه بروحي وكل ما تبقى من عمري 💔 #ليت #العمر_يعطى #فديته,1,llama-4-maverick-17b,test,ar,16,ajgt,0
"⚫رفيقتي أجمل زهرة في حديقتي، أتمنى أن تظل مزدهرة ولا تذبل أبدًا، فهي مصدر فرحتي وسعادتي وتجعل دموعي تختفي. 🙈 دي سكر وجودها مافيش… # (The hashtags were not provided, assuming they are not available) 
However, here is the revised response with the hashtags:
⚫رفيقتي أجمل زهرة في حديقتي، أتمنى أن تظل مزدهرة ولا تذبل أبدًا، فهي مصدر فرحتي وسعادتي وتجعل دموعي تختفي. 🙈 دي سكر وجودها مافيش…",1,llama-4-maverick-17b,test,ar,68,ajgt,0
أيو أيو,1,llama-4-maverick-17b,train,ar,2,ajgt,0
تكرهه أو تعشقه، هذا قرارك الشخصي .. لكن صعب تلقى لاعب يهديك مباراة كاملة بسن ال 🤯 ماشاء الل… # #,1,llama-4-maverick-17b,train,ar,21,ajgt,0
"يا مطر الله يبارك 🌧️ #المطر #مطر #شتاء #مطر_الشتاء #الشتاء #موسم_الشتاء #الامطار #موسم_الامطار #الطبيعة #جمال_الطبيعة #تصويري #ماشاءالله #سبحان_الله 
becomes 
ماشاءالله المطر نازل بغزارة 😭 #مطر #شتاء #مطر_الشتاء #الشتاء #موسم_الشتاء #الامطار #موسم_الامطار #الطبيعة #جمال_الطبيعة #تصويري #ماشاءالله #سبحان_الله 
revised to 
 مطر ماشاءالله 🌧️ #مطر #شتاء #مطر_الشتاء #الشتاء #موسم_الشتاء #الامطار #موسم_الامطار #الطبيعة #جمال_الطبيعة #تصويري #ماشاءالله #سبحان_الله 
is not a correct paraphrase. Here is the correct one:
 مطر الله أكبر 😭 #المطر #مطر #شتاء #مطر_الشتاء #الشتاء #موسم_الشتاء #الامطار #موسم_الامطار #الطبيعة #جمال_الطبيعة #تصويري #ماشاءالله #سبحان_الله 
revised to 
الامطار ماشاءالله 😭 

However, a more suitable response is 
يا مطر ماشاءالله 😭 

A more accurate paraphrase is 
المطر ماشاءالله 😭 

Let's try again with a different approach.
الامطار نازله ماشاءالله  😭 
However, the best response is 
 مطر ماشاءالله  😭 

The best output is 
يااا مطر الله يبارك  😭 #المطر #مطر #شتاء #مطر_الشتاء #الشتاء #موسم_الشتاء #الامطار #موسم_الامطار #الطبيعة #جمال_الطبيعة #تصويري #ماشاءالله #سبحان_الله 

However, to keep it the same length and hashtags",1,llama-4-maverick-17b,train,ar,153,ajgt,0
مافي محل ورد في المعبيلة يعمل تنسيق اذا جبت فواكه ب ريال بس اذا هم يوفرولك الفواكه ب ١٢ ريال ما انصح #تنسيق_زهور #المعبيلة #ورد #فواكه,1,llama-4-maverick-17b,train,ar,26,ajgt,0
نداء لاصحاب القلوب الرحيمة 🤝🕊️ تم انقضاء المهلة المحددة لعبدالله في تاريخ / / ، ولم يتبقى سوى اقل من مليون ريال لسداد المبلغ المتبقي 📍… #صدقة #افطار_صائم #شهر_رمضان #سداد_ديون #مساعدة_المحتاجين,1,llama-4-maverick-17b,train,ar,31,ajgt,0
مساكين المغتربين بجد فاتوا على خسارة كبيرة يعني صعب تلقى كلمة توصف إحساسهم تخيل يتعرضوا لخدعة مرة واتنين 😔 #المغتربين #الغربة #خدعة #مغترب #مساكين,1,llama-4-maverick-17b,train,ar,24,ajgt,0
ايش الجمال ده 🎶 #وش_من_جمال,1,llama-4-maverick-17b,train,ar,5,ajgt,0
ليه مانبهو بالفلشر عشان ما يصدمها احد! 🙂 #ليش_مادقو_فلشر,1,llama-4-maverick-17b,train,ar,9,ajgt,0
باقي الفيديو يضربونهم بالشباشب,1,llama-4-maverick-17b,test,ar,4,ajgt,0
ايش المقصود 😑 #شو_يعني #مافهمت #استفهام,1,llama-4-maverick-17b,test,ar,6,ajgt,0
"حفظت اسمك من قبل ما أخط الحروف 🎼 #... (assuming there are no hashtags in the original, if there are, they should be kept the same) 
Let's assume the original post had no hashtags, so: 🎼 
The paraphrased text is: قبل ما أكتبك كنت حافظ اسمك 🎼",1,llama-4-maverick-17b,test,ar,47,ajgt,0
الصبح يبدا 🤩 #صبحكم_الله_بالخير #صباح_النشاط #استيقظوا_يا_نائمين,1,llama-4-maverick-17b,train,ar,6,ajgt,0
••✿•• وراء الأبواب المغلقة، وتحت السقوف المعتمة، صوت يشبه صوت علي يكرر: (رب... #السلام_على_علي #ياحسين #كربلاء ✿••✿••,1,llama-4-maverick-17b,test,ar,17,ajgt,0
"مسائي انا ريتويت ووصلت 1000 متابع لما نزلت يومياتي مع صور وشفت تفاعل 🌹 # (assuming there are hashtags in the original, they should be included here, but since the original text didn't have them, the paraphrased text won't have them either) 
However, to follow the format to the letter as requested:
مسائي انا ريتويت ووصلت 1000 متابع لما نزلت يومياتي مع صور وشفت تفاعل 🌹",1,llama-4-maverick-17b,train,ar,66,ajgt,0
بإذن الله تكونون في المقدمة لما يجي المساء 💛 #تمسون #بإذن #الله,1,llama-4-maverick-17b,train,ar,12,ajgt,0
البشير جاب البديل ابن عوف وتنحى، وابن عوف جاب برهان وتنحى برهان، ولينا يا دنيا 🌚💔 #لم_تسقط_بعد #تسقط_تالت 🌚 #اعتصام_القياده_العامه,1,llama-4-maverick-17b,test,ar,20,ajgt,0
#ليلة المنتظرين 🥀 صعب عليّ أن أشوف الناس وما أشوفك .. #اللهم_عجل_لوليك_الفرج #تويتر_العراق #iraq,1,llama-4-maverick-17b,train,ar,14,ajgt,0
السهر ما كان ممتع إلا بوجودك و النوم ما يصير هني إلا لما اسمع صوتك,1,llama-4-maverick-17b,train,ar,15,ajgt,0
❀ ♪ م┈┈••✦✿​​❥​​• ​​❥⇣•​​ ​⇣ سكون المكان يوبخني وتناثر دمع وابتسامة وتحولت لأشكال والوان مختلفة هنا همسات العشاق ومشاعر تفيض...,1,llama-4-maverick-17b,train,ar,20,ajgt,0
#المال_او_الحب تحتاج تغريداتك لرتويت حقيقي يوميا؟! ✴️ 🔃 📍 تبحث عن أكبر عدد ممكن من الاشتراكات لتغريدتك؟!,1,llama-4-maverick-17b,train,ar,17,ajgt,0
خليگي علي لهفة 🔥 🔥🙈ليلگ ونهارگ😝💃 مش هرد عليگي💃 زي الاول 😛حرآق 😛بحر 😛حرآق😝 وهتجنن 😜 بقي يآ مزعجة🔨 مفيش غيري… # same hashtags are assumed as they were not given,1,llama-4-maverick-17b,train,ar,31,ajgt,0
لو الفيفا فاهم ان هالشي خطأ لكان تحرك واتخذ قراره، لكن واضح ان الاتحاد السعودي اقوى منهم وهالهرجلة مالها داعي... #هاشتاغ #هاشتاغ #شعارات,1,llama-4-maverick-17b,train,ar,23,ajgt,0
مين مننا فكر بالثاني كثير لحد ما شافه في الحلم؟ 🥀 #حلم #تفكير #ذكريات,1,llama-4-maverick-17b,train,ar,14,ajgt,0
- صباح النور 🌹,1,llama-4-maverick-17b,train,ar,4,ajgt,0
بصراحة هالشي من عيوب الرجال والمصيبه ان الكل يعتبرها هزار 😡 #خوارم_الرجوله,1,llama-4-maverick-17b,test,ar,12,ajgt,0
مش ملاحظ ان التنافس انتقل من الرياضة للألعاب الالكترونية و كل واحد بيقول ان لعبته هي الأفضل و بيظلم باقي الألعاب و الموضوع بيتطور اكتر… #العاب #رياضة,1,llama-4-maverick-17b,train,ar,27,ajgt,0
كلنا معاكي يا امين بنت الناس الطيبين,1,llama-4-maverick-17b,train,ar,7,ajgt,0
استنى استنى خدنى معاك هنا ✋ #استنى #خدنى_معاك,1,llama-4-maverick-17b,train,ar,8,ajgt,0
أحلى أيام حياتي عم تمر علي بسبب أجواء الغيم والسماء الرايقة 💙 #غيم #سماء #أجواء_جميلة,1,llama-4-maverick-17b,train,ar,15,ajgt,0
"يا رب سهلها و خفف عن الباقي 🙈 #ياارب #عديها_ع_خير 
becomes 
اللهم سلمها و هون اللي جاي 🙈 #ياارب #عديها_ع_خير",1,llama-4-maverick-17b,train,ar,20,ajgt,0
سمانا متى رح تبكي 💔 #سمانا #بكاء #متى #سؤال,1,llama-4-maverick-17b,train,ar,9,ajgt,0
اخوي واضح انه نساني وماعطاني هديه 💔 #احساسي_مجروح #اخوي_ناسي,1,llama-4-maverick-17b,train,ar,9,ajgt,0
بفضل الله حققنا الفوز و تصدرنا مؤقتًا بجهود الجميع و المحافظه على كل نقطه 💙 #الحمدلله #الصدارة #الفوز,1,llama-4-maverick-17b,train,ar,18,ajgt,0
حتى اللي فارقوا الحياة سمعوه 😫 #سمعوه_الاموات_كمان,1,llama-4-maverick-17b,train,ar,7,ajgt,0
"الوضع مستقر والحمدلله 🚨 🔴 مافي اي تقارير عن ضحايا لحد الان .. اللي صار ان في شخص متخفي ضرب نار في نفس توقيت قناص ما... #... (the rest of the hashtags are not provided, so I'll just stop here, but you get the idea) 
let's try again with the full text: 
الوضع آمن ولله الحمد 🚨 🔴 حتى اللحظة ماف اي اخبار عن اصابات.. الحاصل ان شخص مندس ضرب نار بالتزامن مع قناص ق… #",1,llama-4-maverick-17b,train,ar,76,ajgt,0
ماهذا الكلام 🤣 #ايه #ممكن #😁,1,llama-4-maverick-17b,test,ar,6,ajgt,0
يومك يبدأ بحلاوة 🌼 #صباح_الخير,1,llama-4-maverick-17b,test,ar,5,ajgt,0
وعليكم السلام ورحمة الله وبركاته ✋ متابعيني الأعزاء 🌺 زي ما متعودين منكم الكرم والطيبة، شدوا حيلكم مع اختكم ذكرى الشريف بعمل ري… #نفس_الهاشتاج_اللي_كان_موجود,1,llama-4-maverick-17b,train,ar,24,ajgt,0
حتى رفيقي ؟ اللي كان دايم معي كسرني :( #حتى_صاحبي #خذلان #كسرني,1,llama-4-maverick-17b,test,ar,12,ajgt,0
أجمل كلمة ممكن اسمعها خلال الفترة هذي 😂 #احلى_journey #haya_journey #haya_life,1,llama-4-maverick-17b,train,ar,11,ajgt,0
الحين حظرت حيوان .. ياخي تعبت وانا احظر 😒 #حيوان #تعبت_من_الحيوانات,1,llama-4-maverick-17b,train,ar,11,ajgt,0
"سر قوتنا دائماً بفضل الله أنتم🌹💙 مليون مبروك 💙 نشكر الله على كل النعم 🙏 # (no hashtags were provided so I'll keep it as is, assuming it's part of the text or not needed) 
However, to follow the exact instructions, the paraphrased text should be:
سر قوتنا دائماً بفضل الله أنتم🌹💙 مليون مبروك 💙 نشكر الله على كل النعم 🙏",1,llama-4-maverick-17b,train,ar,61,ajgt,0
"الأعضاء بيتكلموا عن هالزي لما ظهرت معاهم ورقصت معهم، وجيمين قالها: ""هيكون حلو اوي لو بصيتي في عيني المره الجايه… #جيمين #هالزي #ارمي",1,llama-4-maverick-17b,train,ar,23,ajgt,0
يومًا ما، أتمنى أن نجلس سويا، أنا وأنت فقط، للتأمل في القمر.. نغرق في الضحك والأحلام والتفكير العميق.. كل شيء سيكون بيننا، سنتبادل… #أحلام_الليل #القمر_المكتمل 🌕💫 #تأملات_ليلية,1,llama-4-maverick-17b,train,ar,27,ajgt,0
نومي صح 😴 #حياة #سعادة,1,llama-4-maverick-17b,train,ar,5,ajgt,0
عبدالله يالله رتويت كصدقة جارية عن أمي في ليلة المطر .. ياحبايبي ادعوا لأمي بالمغفرة و الله يبشرني 🤲💔 #صدقة_جارية #الدعاء_للميت,1,llama-4-maverick-17b,test,ar,21,ajgt,0
البعوض مزعجنا لعب 😤 #لعب #البعوض #مزعج,1,llama-4-maverick-17b,train,ar,7,ajgt,0
🚫 التدخلات الإيرانية في العراق جلية ولا تحتاج لنقاش، لكن من #المخزي أن ينكرها أنصارها ويُمجدوها ويبيعوا أوطانهم لهذه الأجندة...,1,llama-4-maverick-17b,test,ar,20,ajgt,0
"أحب أعناقك ألف مرة وفي كل مرة أخبرك أني ما رح أحب غيرك 💞 #ودي ﺎضممكك -> #أحب أعناقك (no change needed for hashtags as there are none, but the tone and emojis remain the same) 
ودي ﺎضممكك آلف ﻣرهه وفي کل ﺿمه ﺂعلمكك ﺂني مستحيل ﺂحب غيرک 💞 
becomes 
أود احتضانك ألف مرة وفي كل ضمة أخبرك أن حبي لك لن يتغير 💞 
# corrected paraphrased response 
أود احتضانك ألف مرة وفي كل مرة أعلمك أني مستحيل أحب غيرك 💞",1,llama-4-maverick-17b,train,ar,81,ajgt,0
بصراحة ما لقيت رد مناسب يستاهل 🤯 الله يبارك في الشيخ الدكتور #عثمان_الخميس نزلوا فلوس #الزفوت,1,llama-4-maverick-17b,train,ar,16,ajgt,0
دايم يحب يبين نفسه بطل 👊☺ #يضحك_على_نفسه #بطل_في_عينه_بس #مخصر_جدا,1,llama-4-maverick-17b,test,ar,9,ajgt,0
جوله مع بو مطلق وبوفيحان كوب قهوه فالصالحيه يخلي الواحد يدق راسه بس لابسين كمامات مزدوجه بشكل رسمي عشان مايشوفهم عمك صالح الفضاله,1,llama-4-maverick-17b,test,ar,23,ajgt,0
أطلق العنان للتفاؤل واسمح للأمل أن يغمرك ، وتفاءل بقدوم الأجمل ، واستمتع برونق الحياة وتيقن من جمالك وجمال حياتك,1,llama-4-maverick-17b,test,ar,20,ajgt,0
اسألني بصدق ؟ خدني على قدر غرامي وكذبني . تفتقدني ! اختر رد واحد فقط يا نعم ، أو نعم . 💔 ☆ ☆ #حبيبي #اشتياق #نعم,1,llama-4-maverick-17b,train,ar,27,ajgt,0
صراحة مافي حكومة مؤقتة لسنين طويلة مؤخرا ابنعوف قال بس سنتين 😂 #حكومة_انتقالية #سودان #حمدوك #ibnauf #sudan #hamdok,1,llama-4-maverick-17b,train,ar,18,ajgt,0
تطلع في ذهني مثل الفجر فرحان شعاعه يضوي و ابتساماتك تحيط بي 💙 #حياة #سعادة,1,llama-4-maverick-17b,train,ar,15,ajgt,0
موتتت ضحك😂😂 الله يفرحك زي ما فرحتني بالضحك :) #هه #ضحك #فرح #سعادة,1,llama-4-maverick-17b,train,ar,13,ajgt,0
زعيمين في يومين بيتكلمو عن الربيع العربي 😒 احنا ثورة أفريقيا الغير متوقعة #الربيع_العربي #ثورة_أفريقية #الحراك_الأفريقي #الربيع_الأفريقي 😒 #ثورة_الغضب #أفريقيا_تنتفض,1,llama-4-maverick-17b,train,ar,20,ajgt,0
حتى امتى .. ؟ 😭 #حتى_امتى,1,llama-4-maverick-17b,test,ar,6,ajgt,0
يا رب فرحة تعصر القلب فرحاً وترجف لها الجوارح ، اللهم امين 🙏 #اهلاوي_شجع_ضيع_صوتك,1,llama-4-maverick-17b,train,ar,14,ajgt,0
"""ليست العبادات شاقة، لكن عندما تملأ الذنوب القلوب .. تصبح مثقلة 💔 فاطلبوا المغفرة ..❤️ #استغفروا"" is not the correct response as it adds a hashtag that was not in the original text. Here is the correct paraphrased text: ""العبادات ما هي تقيلة، لكن لما تخرب الذنوب القلوب .. تصير تقيلة 💔 فاطلبوا المغفرة ..❤️""",1,llama-4-maverick-17b,train,ar,55,ajgt,0
منكسرين يارب فرمم قلوبنا المكسورة 💔 #مكسورين #يارب #فأجبر #كسر_قلوبنا,1,llama-4-maverick-17b,train,ar,10,ajgt,0
خلصت المكافأة 💔 #نفس_الشيء #مكافآت #انتهت_المكافأة,1,llama-4-maverick-17b,train,ar,6,ajgt,0
"ولا الأمر بأمرى أن نهجر الطريق ونعذب 💔 # (No hashtags were present so I left it as is, if you provide the hashtags I can include them) 
To fully follow the format: 
ولا الأمر بأمرى أن نهجر الطريق ونعذب 💔",1,llama-4-maverick-17b,test,ar,41,ajgt,0
"🔹كل من الرافضي والإباضي والتنويري والعلماني يشن حربا على أهل السنة 🔹 📌 تسجيل هام ومفيد يوضح بعض انحرافات هذه الطوائف //… # (no hashtags were provided, assuming they are not needed, if they were, they should be kept as is) 
However, to follow the exact instructions: 
🔹كل من الرافضي والإباضي والتنويري والعلماني يشن حربا على أهل السنة 🔹 📌 تسجيل هام ومفيد يوضح بعض انحرافات هذه الطوائف //…",1,llama-4-maverick-17b,train,ar,69,ajgt,0
#دخون_الدعوه قال المولى عز وجل :- _*​﴿واسجد واقترب﴾*_ 💫 ✍ لما تحس بضيق اسجد لما تكون تعبان اسجد لما تكون مد…,1,llama-4-maverick-17b,train,ar,21,ajgt,0
(مش قادر أروح الدوام و لا أشوف ناس) 😑 #لا_تعليق,1,llama-4-maverick-17b,test,ar,10,ajgt,0
لازلت مستنيك ومتمسك فيك وتصرفات غيرك تجاهك بتقتلني,1,llama-4-maverick-17b,train,ar,8,ajgt,0
يا رب فرحة دافية لم نكن نتوقعها ولم نخطط لها تأتي فجأة وتملأ القلب فرح 🌹 # same hashtags are not present so:  اللهم شيئا لطيفا مفاجئ غير مخطط له يأتي من دون توقع يبهج القلب … 🌹,1,llama-4-maverick-17b,train,ar,38,ajgt,0
شفت دانييلا القردة بالصدفة.. ما تعرف اني لمن سمعت اغانيهم انرفزت مره كيف الفريق غطى على معجبيه الأصليين و صراحة مقاطعهم تجيب الضيق الا مقطع وحده 😭 #لفيفز #فرقة_غامضة,1,llama-4-maverick-17b,test,ar,29,ajgt,0
غدا بإذن الله الأمور بترجع لوضعها الطبيعي 💛 #حسناً,1,llama-4-maverick-17b,train,ar,9,ajgt,0
📌 نظراً للظروف الجوية تقرر تأجيل اختبار منتصف الفصل لمادة الثقافة الإسلامية ليصبح: الفترة الأولى: من إلى . ال… #نفس الهاشتاقات 🤷‍♂️ #hashtags 📚💡,1,llama-4-maverick-17b,train,ar,24,ajgt,0
#انه_اسلامنا_عزنا_وفخرنا ✨ كونك مسلماً يعني أن لديك مسؤوليات والتزامات ✨ دين الإسلام «منهج حياة» يتطلب منك القيام بواجباتك ✨,1,llama-4-maverick-17b,train,ar,19,ajgt,0
لأن ليفربول قضى سنين في اليوروبا ليغ، ناهيك عن المواسم اللي خلص فيها تامن وتاسع وصار الفريق من غير أي مشاركات أوروبية… #ليفربول #اليوروبا_ليغ,1,llama-4-maverick-17b,train,ar,24,ajgt,0
كلاسيكو الألف و كلاسيكو الألف الأول يتنافس على بطاقة تمثيل آسيوية الثاني يصارع من أجل تفادي الهطول هنا تنتهي المفاضلة و تغلق المقارنة… #كلاسيكو #البقاء #تمثيل_آسيوي,1,llama-4-maverick-17b,train,ar,26,ajgt,0
كلما تاقت نفسي لرؤيتك حدثت الناس عنك 💔 #كلنا_مشغولون #لا_أستطيع_النسيان,1,llama-4-maverick-17b,test,ar,10,ajgt,0
طالما أنت مع #غناتي ، حظك حلو 👍,1,llama-4-maverick-17b,test,ar,8,ajgt,0
"💫 تقدر تحفر بئر وتفرح ناس كتير!! ✅ بفضل الله وإعانته حققنا حفر أكتر من بئر خلال سنة 💰 ابتداء من ريال… #hashtags (no change, assuming they were present in the original post, but since they were not provided, I'll keep the same format)",1,llama-4-maverick-17b,train,ar,44,ajgt,0
ماتحاولش تمهد لنفسك الطريق للغد ، إستنى والغد هيكون ممهد ليك إنت وطريقك. #تنمية_بشريه,1,llama-4-maverick-17b,train,ar,14,ajgt,0
متزوجة من غير عقد رسمي وأجمل دلع واثارة: قبلات مثيرة مع الحبيب، صور مثيرة، شخص سلبي 😏 # إبريل :58:31 صباحا,1,llama-4-maverick-17b,train,ar,21,ajgt,0
ألف مبروك لمسؤولين منتدى #سمان_الهرج ولكل المشاركين معايا في الابيات الشعريه 🌹 اتمنى تعجبكم الصوره اللي صممتها لكم كهديه . …,1,llama-4-maverick-17b,train,ar,21,ajgt,0
صباحك وردي يا هند 🌼 #هند_الورده,1,llama-4-maverick-17b,train,ar,6,ajgt,0
أخيراً صحصحتي يا بابا اشتقتلك 💔 #حبيبي #اشتقتلك,1,llama-4-maverick-17b,train,ar,8,ajgt,0
- الإكثار من ذكره والصلاة عليه ﷺ ، امتثالاً لأمر الله عز وجل ، حيث قال في كتابه : إن الله وملائكته يصلون على الن… #الصلاة_على_النبي #ذكر_الله 🤲💕,1,llama-4-maverick-17b,train,ar,28,ajgt,0
ومتى سيأخذني القدر لأعانقك ؟ 💛 #حبيبي,1,llama-4-maverick-17b,test,ar,7,ajgt,0
"يحظره و ينام 😠 # (no hashtags were provided, assuming the original post didn't have any, if it did, they should be included) 
Let's correct that to: يحظره و ينام 😠",1,llama-4-maverick-17b,train,ar,31,ajgt,0
"صلى الله عليه وسلم على نبينا محمد وآله وصحبه أجمعين ❤ #اللهم_صل_على_محمد #رسول_الله #محمد_صلى_الله_عليه_وسلم ❤ -> 
يارب صل على سيدنا محمد و على اله و اصحابه اجمعين ❤ #يارب #صل_على_محمد #محمد_صلى_الله_عليه_وسلم ❤ 

However, to follow the exact format and instructions, here is the revised output:
 يارب صل وسلم وبارك على حبيبنا محمد و على اله و اصحابه اجمعين ❤ #اللهم_صل_على_محمد #رسول_الله #محمد_صلى_الله_عليه_وسلم",1,llama-4-maverick-17b,train,ar,62,ajgt,0
مين هو اللي شافه عيني 😭 #ححي,1,llama-4-maverick-17b,train,ar,7,ajgt,0
صباح الزهور 🌸,1,llama-4-maverick-17b,train,ar,3,ajgt,0
أنا مدمن انغامي 🙂🙂 #انغامي #اغاني #موسيقى #انغامي_عربي #مزيكا #اغاني_عربيه #موسيقى_عربيه #انغاميي #موسيقى_عربية #اغاني_عربية,1,llama-4-maverick-17b,train,ar,14,ajgt,0
"أتخيل من كثر ماانت مزعجهم بيقررون يختارون طريقة للانتقام بطريقة عشوائية وفي النهاية يختارون يعلقونك بحبل كهربائي من لسانك 😂 #...! (no hashtags were provided so I'll keep it as is) 
😂 يتغير إلى 
أظنهم من شدة غيظهم راح يسحبون القرعة بين شتى طرق الانتقام وآخر شي يتفقون على شنقك من لسانك في كابل الفولت العالي 😂",1,llama-4-maverick-17b,train,ar,57,ajgt,0
4.13🌟~| حقق الفيديو الموسيقي Boy With Luv اكثر من مليون اعجاب خلال ساعة و36 دقيقة فقط 💜 #BTS #BoyWithLuv,1,llama-4-maverick-17b,train,ar,19,ajgt,0
"🗺️ في هذا الملعب ""اللؤلؤة"" #الزعيم 💙 #الأهلي_الهلال",1,llama-4-maverick-17b,train,ar,8,ajgt,0
ممنوع الدخول لاصحاب القلوب الحساسة 😭😭 حادث قديم بس صدمته لازالت باقيه 😱 #التفحيط_خطر,1,llama-4-maverick-17b,test,ar,14,ajgt,0
لسى بدك تحطيها ألعاب مكياج للبنات 😍 #العاب #بنات #تلبيس,1,llama-4-maverick-17b,train,ar,10,ajgt,0
أقسم ثلاث مرات بالله العظيم أن #وسيم_شحاده كان يحضر الناس في محاضراته بمسجد الشيخ زايد عن طريق واحد اسمر 🤣👀 #وسيم_شحاده,1,llama-4-maverick-17b,test,ar,21,ajgt,0
😁..اتناول كميات كبيرة من الماء غالبا عندك اضطرابات بالمعدة 🤔 #اشرب_ماء_بكثره #مشاكل_بلمعده,1,llama-4-maverick-17b,train,ar,12,ajgt,0
مش متأثر، ومحدش هيتأثر 💔 #انا_معيطتش #محدش_عيط,1,llama-4-maverick-17b,test,ar,7,ajgt,0
قسم الفيزياء ورطني، كنت زمان تمام 😑 #الله_يسامح_الفيزياء,1,llama-4-maverick-17b,train,ar,8,ajgt,0
"الحمدلله ألف مبروك ياكباتن 💙 الأيام الجاية أحلى بإذن الله 🙏🏼💙 # same hashtags not provided, assuming: # (no hashtags in the original text, so none will be added) 
However, here is the revised response:
 الحمدلله يارب 💙 مبروك ياكبير 💙 اللي جاي أحلى بإذن الله 🙏🏼💙",1,llama-4-maverick-17b,train,ar,47,ajgt,0
شوفي 😂 وخبريني توقعاتك,1,llama-4-maverick-17b,train,ar,4,ajgt,0
غباءهم فاق الحدود 😂😂 ياهبل أكيد بروح للنادي بأسرع وقت لأن فوز الاتحاد يضر النصر ، ولازم أكون جزء من هالخطوة وا… #الاتحاد #النصر,1,llama-4-maverick-17b,train,ar,24,ajgt,0
"بفضل الله ثم بكم نستمد قوتنا 🌹💙 ألف مبروك 💙 نشكر الله على كل شيء 🙏 # (The given text doesn't contain any hashtags, so none are added here, but if there were, they would be included) 
However, to exactly follow the format and since there are no hashtags in the original, the output will be:
بفضل الله ثم بكم نستمد قوتنا 🌹💙 ألف مبروك 💙 نشكر الله على كل شيء",1,llama-4-maverick-17b,train,ar,71,ajgt,0
سأظل متمسكا بالأمل أن يتحقق حلمي ذات يوم ❤ #أحلام_المستقبل #الأمل_هو_الحياة,1,llama-4-maverick-17b,train,ar,11,ajgt,0
#المشاعر_هالليله_تقول #عبدالله_الرويشد بحبك بجنون وبقولها لك بحبك لعشقك 💙,1,llama-4-maverick-17b,train,ar,9,ajgt,0
هناك قلوب تستحق أن تملأها بالفرح من كل ألوانه 💛 #تسنيم_المذكور,1,llama-4-maverick-17b,train,ar,11,ajgt,0
🌹أحلى شي الصبح لما يجي و معه دعوات حلوة من ناس بيحبونا لله❤​ اللهم أعطينا .. لذة الصداقة الحقيقية ، و مدة الصحبة الطيبة #...,1,llama-4-maverick-17b,train,ar,25,ajgt,0
ألا يعدّ غريبًا أن تكون كل الأغاني راسخة في ذهنك .. بينما تكرر نفس السورة دائمًا في الصلاة .. 💔 #,1,llama-4-maverick-17b,test,ar,21,ajgt,0
مياه البحرين طالعه لفوق 🌚 #البحرين_تغرق #bahrain,1,llama-4-maverick-17b,train,ar,7,ajgt,0
💕 🇴🇲 الفراشات فهمت إن جمال الأرض أوقعك في غرامه فقبلتها.. أبي قابوس 🇴🇲 💕 تصميمي ✒️…,1,llama-4-maverick-17b,test,ar,17,ajgt,0
"كنت متأكدة من هالشيء لا 😒 #... (it seems there's a hashtag in the original, but it's cut off, so I'll leave it as is, assuming the rest of the hashtags are available) 
Let's assume the original post had: كنت عارفة انه لا 😒 #hashtag1 #hashtag2
Then the paraphrased text would be: كنت متأكدة من هالشيء لا 😒 #hashtag1 #hashtag2",1,llama-4-maverick-17b,train,ar,60,ajgt,0
# كانوا رؤساء للمخابرات ووزير دفاع ونائب رئيس السودان، هم اللي شالوا البشير الحرامى اللى دمر البلد,1,llama-4-maverick-17b,test,ar,17,ajgt,0
📌 {فَسَيَقُولُ هُوَ لِي رَبِّي سَيَهۡدِينِ} كلما أحسست بالضياع والتردد ، ضم مخاوفك إلى صدرك واتجه بها لربك ،… #حسناً #سعادة #طمأنينة,1,llama-4-maverick-17b,test,ar,22,ajgt,0
شوفوها بالبيرلشما كيف شكلها حلوة 😍 #هاشتاغ,1,llama-4-maverick-17b,train,ar,7,ajgt,0
عبدالفتاح البرهان هو رئيس الأركان السابق للقوات المسلحة السودانية وكان مشرف على القوات في اليمن بتنسيق مع حميدتي... #البرهان #السودان #اليمن #حميدتي,1,llama-4-maverick-17b,test,ar,22,ajgt,0
آلامك اللي تجاهلها الجميع، تحت رعاية الرحمن، ثق دائما بقدرة الله ولا تيأس، هو قادر على كل شيء صبا… #لا_تيأس #ثق_بالله,1,llama-4-maverick-17b,train,ar,21,ajgt,0
هل بكرة فيه امتحان أو لا؟ 🌚 #الجامعة #امتحانات #طلاب,1,llama-4-maverick-17b,train,ar,10,ajgt,0
اتظاهر بالقوة و اقول امورك تمام بس لمن اشوف الناس اللي بحبهم افتقده بيوجعني 💔 #حزينة #افتقاد #وجع_قلب,1,llama-4-maverick-17b,test,ar,18,ajgt,0
استرجاع حساب تويتر سهل ❣️ حتى لو نسيت كلمة المرور 😭 الشرح واضح 💪 وجربته بنفسي واشتغلت معايا 😍 #تويتر #استرجاع_حساب,1,llama-4-maverick-17b,train,ar,21,ajgt,0
أرواحنا مع بعض في اللقاء 💔 #قلوبنا_في_الإجتماع,1,llama-4-maverick-17b,train,ar,7,ajgt,0
أطلع بتسعين حبة آيس كريم يوميا مع شمس الضهر الحارقة أو جو المطبخ المحرق 😞 #أزمة_حر #المطبخ_يحترق,1,llama-4-maverick-17b,test,ar,17,ajgt,0
"انا هادية ومش بحب المشاكل بصراحة ✋ # (No hashtags were provided, assuming it is part of the text or not needed, the exact output is) انا هادية ومش بحب المشاكل بصراحة ✋",1,llama-4-maverick-17b,test,ar,33,ajgt,0
تحدي للعباقرة فقط 🤔 كم سيكون ناتج هذه العملية الحسابية؟ تنويه: الجواب الصحيح في أول تعليق 👇 #الاتحاد_النصر,1,llama-4-maverick-17b,train,ar,18,ajgt,0
حتى لو كل شيء تعبك فاكيد في حد اتعبه كل حاجة قبل كده، فاحمد ربنا على طول وعلى الدوام 💔 #الحمدلله #الحمدلله_دائما_وابدا,1,llama-4-maverick-17b,train,ar,22,ajgt,0
"- ليفربول أحبط طموحاتهم إزاي؟ 🎙️ جوزيه مورينيو: ""قبل ما نواجههم في أنفيلد حسيت إنهم بيستعدوا للاحتفال بيوم… #ليفربول #جوزيه_مورينيو",1,llama-4-maverick-17b,train,ar,20,ajgt,0
في الفترة الأخيرة الوضع إختلف كتير .. 💔 مبقاش في حد بيهتم باللي حواليه ..,1,llama-4-maverick-17b,train,ar,15,ajgt,0
الله ينعل ابو هالفرع كسرته كله 😩 #يالله,1,llama-4-maverick-17b,train,ar,8,ajgt,0
صوته يخلي عيني تغمض 🌚 #احب_صوته #هدوء_وسكينة,1,llama-4-maverick-17b,train,ar,7,ajgt,0
الله يعظم اجركم,1,llama-4-maverick-17b,train,ar,3,ajgt,0
ليه بتقولي كده (هنا، لما يسافر للسودان) وانتِ ساكنه في اليمن 😳 #...,1,llama-4-maverick-17b,train,ar,13,ajgt,0
⏰ #الهلال × الأهلي صافرة النهاية.. هنيئاً لمحبي #الزعيم 💙 #الأهلي_الهلال,1,llama-4-maverick-17b,train,ar,11,ajgt,0
"صور محفوظة في جوالي ، اشتقت للي كانوا معايا ; أوي , ! يا رب ارحمهم زي ما ربوني لما كنت صغير 💔 #ربي_ارحمهم #اشتقت_لكم",1,llama-4-maverick-17b,train,ar,25,ajgt,0
أمر بإذن الله,1,llama-4-maverick-17b,test,ar,3,ajgt,0
صرت لهم همزة وصل يمرون بيها كثير ومن يمر يسولف عني ويذم بيا اعرف هالشي عن الناس لا يحسدون الجميل شجرة وافرة الثمر صرت مثل المارة… #️⃣ #️⃣ #️⃣,1,llama-4-maverick-17b,train,ar,29,ajgt,0
ماعندهم حجة بينكسرون 💔 #samehashtagsareexpectedbutnotprovidedinthoriginaltextsoIwillnotaddanyhashtags #,1,llama-4-maverick-17b,train,ar,6,ajgt,0
أتتكم خطواتي محملة بشوقي وأشتياقي، أبعثر حروف العطر على أعتابكم .. أدعو ربي يجعلنا راضين بقدرنا في… # # 🤗💕,1,llama-4-maverick-17b,train,ar,20,ajgt,0
مكياج حاجة حلوة اوي,1,llama-4-maverick-17b,train,ar,4,ajgt,0
"يا رب تتحقق الأحلام وتصير حقيقة امام عينيك 🌹 #انشاءالله -> #يارب (no change needed here as there is no #انشاءالله in the original post, so the hashtags remain the same) 
So the output is: يا رب تتحقق الأحلام وتصير حقيقة امام عينيك 🌹",1,llama-4-maverick-17b,train,ar,44,ajgt,0
التعامل برقي، والحديث اللطيف، والبشاشة، والتغاضي عن الزلات، كلها بوابات لجمال الدنيا، فمن أراد أن يستمتع بالحياة فلا يغلق هذه النوافذ 🤗💕 #جمال_الحياة #فن_التعامل #الإبتسامة_تزيل_الهموم,1,llama-4-maverick-17b,train,ar,25,ajgt,0
"مش قادرة انطق بردو😔 #... (it seems the original post didn't contain a hashtag, so I'll keep it as is) 
مش قادرة أتكلم وأنا كمان😔",1,llama-4-maverick-17b,train,ar,25,ajgt,0
بحبك لدرجة مبالغ فيها 💔😭 #اي_لوف_يو_اكثر_اوف,1,llama-4-maverick-17b,train,ar,6,ajgt,0
"مش عارف مجبور 🌚 # same hashtags should be added if they existed, but there are none in this case. Since there are no hashtags in the original post, the paraphrased text will be: مش عارف مجبور 🌚",1,llama-4-maverick-17b,train,ar,38,ajgt,0
بكرة الجمعة بإذن الله حنعمل قرعة يارب التوفيق للجميع 🙏 #فالكم_التوفيق,1,llama-4-maverick-17b,test,ar,11,ajgt,0
#الهلال_الاهلي هو الكيان الأكثر روعة الذي ينبض فوق الأرض ويبث الحياة دائماً 💙,1,llama-4-maverick-17b,train,ar,13,ajgt,0
"بخصوص الأمور في !! كثير ما معجبهم بسبب اللون الزهري وكونه جداً ""أنثوي"" يجهلون أن هذا السبب الذي أعجبني فيه",1,llama-4-maverick-17b,train,ar,20,ajgt,0
"يارب العالمين اللهم آمين 🌺 🌺 صباح الياسمين والورد # (Implicitly the same hashtags are assumed, if there were any; the original text doesn't have explicit hashtags. For the sake of the task, we'll consider it as having no hashtags or the hashtags are not relevant to the paraphrasing task.) 
However, to follow the format to the letter as requested:
يارب العالمين اللهم آمين 🌺 🌺 صباح الياسمين والورد",1,llama-4-maverick-17b,test,ar,69,ajgt,0
📬 حلمت بوجود صرصور ضخم في غرفتي وحسيت إني بضربه وطرده خارجاً، يمكن يكون في ضرر علي بسبب عين أو حسد، لكنه هيخرج 📧 رسالة واضحة من الحلم بتقول…,1,llama-4-maverick-17b,train,ar,29,ajgt,0
يعني هلق بهيك طريقة عم يفهموا التغريدة 😏 الله يغفرلكن 🙁 #هاشتاغ,1,llama-4-maverick-17b,train,ar,12,ajgt,0
ارجوكم ركزوا مع اللي بيحصل في المشهد بتاع الضرب بالنار في الهوا وبيدعوا انهم قناصة عشان الناس تخاف وبيستخدموا الحواجز ل… #الحرية_للمعتقلين 🚫💥 #السودان #مليونية30يناير,1,llama-4-maverick-17b,test,ar,25,ajgt,0
أشد أنواع الضعف إن قلبك يكون مش قادر حتى يكره اللي أذاك جامد 😩 #ضعف #قلب #ألم,1,llama-4-maverick-17b,train,ar,17,ajgt,0
بعيدا عن أي كلام ملتهب، انا مع النادي الأهلي في كل الأحوال و نعتبر الخسارة فرصة للتعلم و مش بعيد عن رضا ربنا طبعا و بنستنى الفرج قريب 🤩💖 #النادي_الأهلي #جمهور_الأهلي 🙌💪,1,llama-4-maverick-17b,train,ar,32,ajgt,0
"- سحب على فلوس ل 🤷🏻‍♂️ 👌🏻 
- السحب هالليله بالمسا ( سهره ) 😁 🔁 اعمل ريتويت للتغريده ⬅️ فولو لحساب ( )…",1,llama-4-maverick-17b,train,ar,24,ajgt,0
عندما يلتقي روعة البحر بجمال الخيل,1,llama-4-maverick-17b,train,ar,6,ajgt,0
بكل اختصار صدقوني 👌,1,llama-4-maverick-17b,train,ar,4,ajgt,0
كلام منطقي 👍 ياريت الاداره تقعد مع اللاعبين وتقرر مصير السباك سواء استمر أو لا وهذا الشي… #hashtag1 #hashtag2,1,llama-4-maverick-17b,test,ar,19,ajgt,0
#الهلال_الاهلي حظ اوفر يا اسود 💔 على الرغم من الطرد السريع لأهم لاعب لم يكن اداء #الاهلي سيئا للحد الذي يستحق معه خسارة النقاط الث…,1,llama-4-maverick-17b,train,ar,25,ajgt,0
❥˓٭༻࿐⸀🕊 الفرحة الحقيقية !! أن تعرف إنسانا بسيطا لا يتكلف !! ولا يغير من طبعه !! قد تغيب عن ناظريه .. لكنك ستبقى في فكره… #غير_متوفر,1,llama-4-maverick-17b,train,ar,26,ajgt,0
#زلزل_الملعب_نصرنا_بيلعب #النصر_الاتحاد - عبدالرزاق حمد الله بعد انتهاء مباراة الهلال صرح بتصريح خالد للتاريخ : ( إذا فقدت الثقة في…,1,llama-4-maverick-17b,train,ar,20,ajgt,0
"الوضع صاير يقول : أحلامنا ماتت و آمالنا نشفت وسط ريش نضام وكبر الجرح جواتنا و صغر الأمل بينا 💔💔 # (no hashtags were provided, so I will keep it as is) 💔💔 
However, to fully follow the format, I will provide: 
الوضع صاير يقول : أحلامنا ماتت و آمالنا نشفت وسط ريش نضام وكبر الجرح جواتنا و صغر الأمل بينا 💔💔",1,llama-4-maverick-17b,test,ar,62,ajgt,0
الله يكون في عونك ياوطني💔 #ليك_الله_يابلادي,1,llama-4-maverick-17b,train,ar,6,ajgt,0
عندما تجد شخص يحبك بحق ويهتم لأمرك .. لا ينبغى أن تستهلكه نفسيا بشكل مستمر، معتمدا على مكانتك عنده.. لأنه حتى وإن لم ي… #غلاوتك_عنده #مش_لازم_تستهلكه #نفسيا #حب #اهتمام,1,llama-4-maverick-17b,train,ar,29,ajgt,0
"الله يسعدك بأولادك. أنا أفكر تاخديهم في نزهة 😃😃 للقناطر الخيرية 🙈 🙈 🙈 🙈 # (assuming there were no hashtags in the original, if there were, they should be kept the same) 
To follow the format to the letter as requested:
الله يسعدك بأولادك. أنا أفكر تاخديهم في نزهة 😃😃 للقناطر الخيرية 🙈 🙈 🙈 🙈",1,llama-4-maverick-17b,train,ar,57,ajgt,0
#الزلفي المدينة الساحره وسط انحدارات طويق و هضاب الثويرات 💔 وادي مرخ بالزلفي .. مضمار ابو صفى السبت ٨/٧ ه…,1,llama-4-maverick-17b,train,ar,20,ajgt,0
"دمر الله جمال مواهبهم، بعضهم زي الورد الصناعي ما يبانش أنه كاذب 😍 #يخرب_بيت_الإبداع -> تم استبداله ليكون أكثر دقة في السياق: بعضهم زي الورد البلاستيك، تحسهم حقيقيين وما هم كذلك! 😍 #يخرب_بيت_الإبداع 
تم التعديل ليكون:  بعضهم زي الورد البلاستيك، يبان حلو وما هو كذا! 😍 #يخرب_بيت_الإبداع 
النسخة المعدلة بشكل أفضل:  يخرب بيت الفن، بعضهم زي الورد الصناعي، شكله حلو لكنه مو حقيقي 😍 #يخرب_بيت_الإبداع",1,llama-4-maverick-17b,train,ar,65,ajgt,0
بالفعل جونز تزوجت في نفس السن 🤣 #June,1,llama-4-maverick-17b,train,ar,8,ajgt,0
"الحمد لله انو القلب عضلة مو عظم .. لساتني بفضل التعب مو الكسر 😔 #... (no hashtags were provided, assuming the same hashtags are kept) 
 بنشكر الله انو القلب عضلة مش عظم .. التعضيل مستمر ارحم من الكسر 😔",1,llama-4-maverick-17b,train,ar,39,ajgt,0
يا للخسارة على التطوع 😔 #تطوع #خسارة #يأس #ندم,1,llama-4-maverick-17b,train,ar,9,ajgt,0
"مكنتش ناوي أبوحلك بالسر ده لاني بحبك جامد، بس اللي فهمتهم كويس هما نفسهم مولعين ورا الفلوس 🔥😊 #... (it seems the original post was cut off, I'll assume the rest of the hashtags were there)  I'll just paraphrase what's available: مكنتش ناوي أبوحلك بالسر ده لاني بحبك جامد، بس اللي فهمتهم كويس هما نفسهم مولعين ورا الفلوس 😊",1,llama-4-maverick-17b,test,ar,59,ajgt,0
ربي يحميك من العذاب 😘 #يسلمك #من #عذابه,1,llama-4-maverick-17b,test,ar,8,ajgt,0
"فين رجعتي لابن كثير وابن عباس فين استدلال السيدي وعكرمه بأي إسناد لقيتي هالكلام للأسف ماجاوبتي… # (assuming there were no hashtags in the original, if there were, they should be included) 
However, here is the rewritten response:
فين رجعتي لابن كثير وابن عباس فين استدلال السيدي وعكرمه بأي إسناد لقيتي هالكلام للأسف ماجاوبتي…",1,llama-4-maverick-17b,train,ar,54,ajgt,0
ماتحمست زايد هالشيء مالك فيه 🙂 #لاتتحمس #مافيه_علاقة,1,llama-4-maverick-17b,test,ar,8,ajgt,0
والله يا جماعة لحد الآن مطلب واحد بس هو اللي اتحقق من مطالبنا .. ياريت الناس ما تفقد العزيمة 💔 #يا اخوانا #مطالبنا #عزيمة,1,llama-4-maverick-17b,test,ar,24,ajgt,0
أعشقك بكل ما لدي من ألم ❤️ #صوت_الحق_للدعم #كروب_الزهور_للدعم #النرجس_للدعم #اميره_الموسم #عراق_الخير,1,llama-4-maverick-17b,train,ar,12,ajgt,0
احتفالا بفوز الزعيم الهلال 💙 .. سحب على آيفون XR 📱 بس شرط ترجع وتتابع - السحب بعد ساعة وثقناه بالفديو 💪 #بمناسبة #فوز #الهلال,1,llama-4-maverick-17b,train,ar,25,ajgt,0
#الفيفا_يرد_احتجاج_الهلال_صحيح القانون في صفك لكن ليش الوحده يدفع الثمن هذا كلام مقاهي . وقتك يجيبك كوره ي كبير الرياض,1,llama-4-maverick-17b,train,ar,19,ajgt,0
صباحك رضا ياحلو 💕 #صباح_الخير,1,llama-4-maverick-17b,test,ar,5,ajgt,0
سالب مع سالب = موجب لكن بالحسابات أما بالواقع = سالب بس 💔 #سالب #موجب,1,llama-4-maverick-17b,train,ar,15,ajgt,0
الجوع بيفقد الواحد عقله,1,llama-4-maverick-17b,train,ar,4,ajgt,0
"يارب العالمين آمين 🌹 صباح السرور والنور 🌹 # (no hashtags were provided so I'll keep it as is, assuming it's not required) 
However, to follow the format to the letter as requested:
يارب العالمين آمين 🌹 صباح السرور والنور 🌹",1,llama-4-maverick-17b,test,ar,41,ajgt,0
على رسلكم على الكلام دا 👏🏻👏🏻بجد الحياة مدرسة كبيرة بنتعلم من أخطاءنا وإن السعادة مش بتيجي لما مفيش مشاكل، لكن لما ن… #... (assuming the rest of the hashtags are present but not shown),1,llama-4-maverick-17b,train,ar,34,ajgt,0
🎉 تهانينا لنوابغ الهلال وبالأخص قائدهم الخارق إدواردو، وكذلك لإدارة الهلال وعلى رأسهم أبو سلطان وكافة الطاقمين الفني... #الهلال #إدواردو 👏💥 مبرووك ل نجوم الهلال وعلى راسهم قائدهم السوبر إدواردو ادارة الهلال وعلى راسهم ابو سلطان الجهازين الفني… becomes 👏💥 تهانينا لنجوم الهلال وخصوصا القائد إدواردو المذهل، ولإدارة الهلال برئاسة أبو سلطان ولجميع الأجهزة الفنية... #الهلال #إدواردو,1,llama-4-maverick-17b,train,ar,57,ajgt,0
بس باقي الكلمة و مساءلة المفسدين عمر البشير ،عوض ابن عوف ،احمد هارون صلاح قوش ،علي عثمان... #حذف,1,llama-4-maverick-17b,train,ar,18,ajgt,0
حظ سعيد للكل، اتابعني و راح اتابعك 🔙 ✌️ #هادي_أقوى_حسابات_فولوباك #زعيم_تويتر_فولورز_اهلاوي,1,llama-4-maverick-17b,train,ar,11,ajgt,0
رئيسين خلال يومين يعلنو عن الربيع الأفريقي 😒 احنا الربيع العربي #الربيع_العربي #احنا_الاصل #africa #arab,1,llama-4-maverick-17b,train,ar,15,ajgt,0
الله يمسي على اللي سرق قلبي وراح 🥺 #احبك #مشتاق :(,1,llama-4-maverick-17b,test,ar,11,ajgt,0
صباح البلد صباح المواطنين صباح الانتصار خلصت المعركة الصغيرة وبقى الكفاح الأكبر.. والاحتجاج مستمر ✌ #مدن_السودان_تنتصر,1,llama-4-maverick-17b,test,ar,16,ajgt,0
🌸 إستغفرك ربي وأتوب إليك، ظلمت نفسي فأنت الواحد الأحد 🌸 #same_hashtags_were_not_provided_so_I_will_keep_the_text_as_is,1,llama-4-maverick-17b,train,ar,12,ajgt,0
أجمل ما في نابولي الموسم الفات انه كان منافس لحد آخر جولة على عكس المواسم اللي فاتت:- وبعد الفوز على… # #,1,llama-4-maverick-17b,train,ar,22,ajgt,0
يا رب حسّن ظروفي وخلّيها على الوجه اللي يرضيك وبعدين يرضيني 💙 #اللهم_امين,1,llama-4-maverick-17b,train,ar,13,ajgt,0
محتاج بس اسمع منه كلمه او اشوف منه اى رد فعل مبقاش في خالص 😑 #حرف #ريأكشن was removed and replaced with: نفسي اعرف اسمع منه حرف او يديني ريأكشن مافيش نهاائي 😑 becomes  ياريت بس يسمعني كلمه او حتى اى اشاره مبقاش موجود 😑 #ريأكشن #حرف,1,llama-4-maverick-17b,train,ar,47,ajgt,0
"دخل رمضان الخامس ولازلت يا فقيدي في القبر 💔 الله يرحم قلوب اشتقت لهم وهم مدفونين اللهم ارحم عبدك… # (no hashtags were provided, assuming the rest of the text is the same) 
اقتباس أقرب: دخل الشهر الفضيل للسنة الخامسة على التوالي و أنت تحت التراب 💔 يرحم الله امواتنا و يصبر قلوبنا اللهم ارحم من اشتاقت لهم انفسنا… 
الجواب: دخل رمضان للمرة الخامسة و أنت في القبر 💔 رحم الله امواتنا الذين اشتاقت لهم قلوبنا اللهم ارحم من فقدناهم… 

Here is the output:
دخل رمضان للمرة الخامسة و أنت في القبر 💔 رحم الله امواتنا الذين اشتاقت لهم قلوبنا اللهم ارحم من فقدناهم…",1,llama-4-maverick-17b,train,ar,104,ajgt,0
#الهلال_الاهلي هلالنا المعروف جاي في المباراة اللي بعدها ومستواها ممكن يكون اصعب واحسن من مباراة اليوم ويا ريت زوران يحافظ على اعصابه هاديه 🤯💪🏼…,1,llama-4-maverick-17b,test,ar,24,ajgt,0
تابعني وراح اعملك فولو فورا,1,llama-4-maverick-17b,train,ar,5,ajgt,0
بنات يتجمعون ويتناولون العصير مع بعض!!؟؟ يارب استغفرك على كل شيء لا تغضب علينا يارب سامحنا على أفعال الجهلة من بيننا 😱 #لا_تؤاخذنا_بما_فعل_السفهاء_منا,1,llama-4-maverick-17b,train,ar,23,ajgt,0
"""ثلاث عقود وأنا برقص .. الليلة كانت الرقصّة بتاعتنا"" 😭 دي لحظة حلوة شديد بحسها بدموعي",1,llama-4-maverick-17b,test,ar,16,ajgt,0
اختاري الزوج المناسب عشان بنتك تكبر تتمنى زوج مثل والدها 💙 #اختاري_صح #قدوه #حب #زوج_مثالي #امومه #تربيه #اسره #زواج #حب_الام #الامومه_والطفوله #تربية_الأبناء #بناتنا #اولادنا #قدوه #حياه #سعاده #زواج_سعيد #اسعد_بناتك #قدوة_حسنة #حب_وحنان #الام #الاب #تربية_إيجابية #علاقات #حياة_زوجية #حب_الوالدين #سعادة_الابناء #تربية_البنات #اختيار_الزوج #زوج_صالح #قدوة_طيبة #حب_الزوج #الزوجة_والزوج #سعادة_الزوجين #حب_الاسره #تربية_الأولاد #اسرة_سعيدة #قدوه_حلوه #اختاري_الراجل_الصح #بابا_وماما #حبهم #قدوة_اب #قدوة_ام #تربيتهم #سعادتهم #حب_البنت #حب_الولد #الطفل_السعيد #طفل_سعيد #سعادة_الطفل #حب_الطفل #تربية_طفل #تربية_الأطفال #قدوة_للأطفال #حب_الأطفال #سعادة_الأطفال #اسعاد_الابناء #اسعاد_البنات #حب_الابناء #حب_البنات #سعادة_الابناء #سعادة_البنات #اختاري_صح #قدوه #حب #زوج_مثالي #امومه #تربيه #اسره #زواج #حب_الام #الامومه_والطفوله #تربية_الأبناء #بناتنا #اولادنا #قدوه #حياه #سعاده #زواج_سعيد #اسعد_بناتك #قدوة_حسنة #حب_وحنان #الام #الاب #تربية_إيجابية #علاقات #حياة_زوجية #حب_الوالدين #سعادة_الابناء,1,llama-4-maverick-17b,test,ar,100,ajgt,0
'كلما أصرّ إنسان على ربه في مطلب، لبّاه له' .. سيستجيب 💙 #,1,llama-4-maverick-17b,train,ar,13,ajgt,0
صباح الخير 🌞 .. رسالة محبة لرفيقة غالية بنظرها أخت 🤗💜 #نفس_الشعور #كل_عام_وانتم_بخير #حب_الأصدقاء 💜 #أخوات_للأبد #أصدقاء_العمر #صداقة_لأخر_العمر #الصداقة_الحقيقية #الأصدقاء_الأحبة #رفيقات_دربي #أخواتي #صديقاتي #أحب_الأصدقاء #صديقة_عمري #رفيقتي #توأمي #أخت_لم_تلدها_أمي,1,llama-4-maverick-17b,test,ar,28,ajgt,0
"""وقعنا في غرام شيء و الله وقع في غرام شيء آخر ، و حب الله يكسب في النهاية."" 💜 #حكم #اقتباسات #تنمية #تطوير",1,llama-4-maverick-17b,train,ar,23,ajgt,0
اللهم شخص بمثل طيبته بعمري 💔 #ياارب #يارب_سخر_لي_من_يقرأ #يارب #يارب_احفظلي_غيابي_عنها #يااااارب #ياااااااااااااارب #يااااااااااااااااارب #يااااااااااااااااااااااااااااااااارب #يااااااااااااااااااااااااااااااااااااااااااااااااااااااااااااااااااااااااااااااااااااااااااااااااااااااااااااااااااااااااااااااااااااااااااااااااااااااااااااااااااااااااااااااااااااااااااااااااااااااااااااااااااااااااااااااااااااااااااااااااااااااااااااااااااااااااااااااااااااااااااااااااااااااااااااااااااااااااااااااااااااااااااااااااااااااااااااااااااااااااااااااااااااااااااااااااااااااا,1,llama-4-maverick-17b,train,ar,15,ajgt,0
"😂 أرحم مرة تجيني لاتفارقني بموت 😂😂 # same hashtags are not provided, assuming the original post did not have any, so none are added. However, if the original had hashtags, they should be included as per the instructions. Since that's not the case here, the response remains as is: 😂 أرحم مرة تجيني لاتفارقني بموت 😂😂",1,llama-4-maverick-17b,train,ar,57,ajgt,0
روحي نامي قهرتي معدتي 😂 يارب ما تشوفيني,1,llama-4-maverick-17b,train,ar,8,ajgt,0
اهلا .. شارون 😉 #الو #شارون,1,llama-4-maverick-17b,train,ar,6,ajgt,0
مواجهات #الهلال القادمة ⚽ الأهلي vs الهلال 🏆 كأس زايد 🗓 الإثنين المقبل 📌 استاد الجوهرة ⚽ الهلال vs التعاون 🏆 الدوري,1,llama-4-maverick-17b,train,ar,22,ajgt,0
😂 😂 😂 😂 خليك فاهم يا صلاح # same hashtags not provided so I'll keep the text as is:  😂 😂 😂 😂 خليك فاهم يا صلاح,1,llama-4-maverick-17b,train,ar,28,ajgt,0
اذا كان ده مفهوم الترسيم فأنا خارج من الفاندوم #ترسيم_جيمين #جيمين #BTS 🌟💔👋 #Army #BTSARMY,1,llama-4-maverick-17b,train,ar,15,ajgt,0
"""ثلاث عقود من الزمن ولسة برقص .. الليلة فرحنا"" أنا حالياً بعيط 😭 دي فرحة ما بتتوصف",1,llama-4-maverick-17b,train,ar,17,ajgt,0
مين فرّحك اليوم؟ — ولا واحد 😔 #حياة #سعادة,1,llama-4-maverick-17b,train,ar,9,ajgt,0
"يعني خلاص 😂 # same hashtags are expected but not present in the original text, so: لو بقى is the whole text, so a possible paraphrase is: خلاص بقى 😂",1,llama-4-maverick-17b,train,ar,30,ajgt,0
"يكفيني الله لا إله سواه توكلت عليه وهو سيد العرش العظيم ❀ # (No hashtags were present so I left it as is, if you provide the hashtags I can include them in the paraphrased text) 
Here is the corrected response with the hashtags (which were not present):
يكفيني الله لا إله سواه توكلت عليه وهو سيد العرش العظيم ❀",1,llama-4-maverick-17b,train,ar,60,ajgt,0
صلوات ربي وسلامه على سيدنا محمد وآله وصحبه، يارب ارزقنا الخاتمة الحسنة وتقبل شفاعته فينا يوم الحساب # #اللهم_صل_على_محمد 🤲💕,1,llama-4-maverick-17b,train,ar,20,ajgt,0
علمني كيف أقع في حبك ، و بعدها علمني كيف أنسى كل شي. 🌹 #لا يوجد وسم في النص الاصلي لذا سأضع نفس النص بدون وسم:,1,llama-4-maverick-17b,test,ar,26,ajgt,0
يارب لعل صحابنا مادخلوا بحر 😂 #آمين,1,llama-4-maverick-17b,train,ar,7,ajgt,0
في المركز التاني بس 😂 #وصيف,1,llama-4-maverick-17b,train,ar,6,ajgt,0
نجم اللقاء الذي لا يٌنافس حافظ على ثلاث نقاط الهلال بتألق مذهل وأنقذ الفريق من أهداف مؤكدة. اللاعب الذي يتغلب على الشكوك ويتحمل الضغط العالي ويعود بهذا المستوى الرفيع هو لاع… #الهلال #كرة_قدم ⚽️🔥,1,llama-4-maverick-17b,train,ar,34,ajgt,0
عوف وابنه قوش وغيرهم من المتورطين في دم الشهداء لسه ما دفعوا التمن وجايين يتسلطوا على كراسي الحكم؟ دي فرصتكم يا مهازل فاستغلوها 💔 ل… #hashtag1 #hashtag2,1,llama-4-maverick-17b,test,ar,27,ajgt,0
نتمنى من الله التوفيق و دا اللي متوقعينه 😎 #النصر_الاتحاد,1,llama-4-maverick-17b,train,ar,10,ajgt,0
حرام الوقت يروح في مذاكرة 😭 #الدراسة_مدرسة #الدراسة_عذاب,1,llama-4-maverick-17b,test,ar,8,ajgt,0
بس هلا .. لو اجينا كفوفنا نطويها -كريم منصور :( #,1,llama-4-maverick-17b,train,ar,11,ajgt,0
فروعنا منتشرة في أنحاء الرياض لراحتكم 😍 موجودين في غرناطة مول #شاورما_لندن #الرياض,1,llama-4-maverick-17b,train,ar,13,ajgt,0
لو يسكت و يختفي لكن الحب ثابت كالعادة أنا بحبه . . مش لأي سبب بس بحبه من غير سبب :) #لا_أعرف #حب_بلا_سبب,1,llama-4-maverick-17b,train,ar,23,ajgt,0
إذا كنتم غير مخلصين ، فلا تلعبوا بأحاسيس الطيبين,1,llama-4-maverick-17b,train,ar,9,ajgt,0
حتى في الكلوب قبل ما نرجع قلتلكم احسنا رح ناخذ باك وبالفعل صار كذا 😴 وبالتالي كل التقدير والحب لكلامي ومشاعري,1,llama-4-maverick-17b,test,ar,21,ajgt,0
انا اللي لابسه بلوزه حمراء 😐 #احب_اللون_الاحمر,1,llama-4-maverick-17b,train,ar,7,ajgt,0
طبق الكرز اللذيذ 😍 #حلويات #كرز #فاكهة #لذيذ #صحون_لذيذة,1,llama-4-maverick-17b,train,ar,9,ajgt,0
"عبدالمجيد الذيابي: الشاعر الأنيق 🌹 #خليجي #شعر #عبدالمجيد_الذيابي is not needed as the original text does not contain it, so: 
الشاعر الأنيق : عبدالمجيد الذيابي",1,llama-4-maverick-17b,test,ar,25,ajgt,0
📹 من KTL إلى DKWTD مع بلاك بينك - ابريل ، #بلاك_بينك #DKWTD #KTL,1,llama-4-maverick-17b,train,ar,14,ajgt,0
السادة الوطن العربي 😎 نحن الشعب الكسول النائم أول شعب عربي أفريقي نوبي يطالب برحيل رئيس ونظام أول شعب يقوم بخلع… #حذف #مصر #ثورة,1,llama-4-maverick-17b,test,ar,24,ajgt,0
احذروا يوم ترجعون فيه لله 🌟🙏 #واتقوا_يوما_ترجعون_فيه_إلى_الله 🙌🏻♥ #الآخرة_خير_وأبقى,1,llama-4-maverick-17b,train,ar,9,ajgt,0
صدق 🤔 أنا كنت مبسوطة جدا وقتها 😍👣,1,llama-4-maverick-17b,train,ar,8,ajgt,0
الى متى سوء المعاملة للخادمات وعدم احترام لكرامتهم وكأنهم أقل من البشر والله كثير نشوف هالتصرفات بينا والمفروض نحترمهم لأنهم جايين من بيوت… #احترموا_الخادمات #حقوق_العمال #الاحترام_المتبادل,1,llama-4-maverick-17b,train,ar,26,ajgt,0
أروع ما يمكن قوله في #الحب,1,llama-4-maverick-17b,train,ar,6,ajgt,0
تغريداتك بفلوس يا منجد بس حابب اتكلم معك 😭 #منجد #تغريدات #mention #twitter,1,llama-4-maverick-17b,test,ar,13,ajgt,0
💸 مع فطيرة 😂 ( خفيفة واللي جاي أحلى ) #هديتك_كاش_مع_د_محمد_وسعد,1,llama-4-maverick-17b,train,ar,11,ajgt,0
"🤯 مساعدة فورية 😤 #منحة_طوارئ #مساعدات #أزمة #طوارئ #أحصل_على_مساعدتك #دعم_فوري #ساعد_نفسك #أحصل_على_منحتك #طوارئ_تستدعي_التدخل #دعم_سريع #أزمة_تتطلب_حل #منح_طوارئ #مساعدة_عاجلة #دعم_محتاجين #طوارئ_للمحتاجين #مساعدات_فورية #أحصل_على_دعمك #منحة_عاجلة #ساعد_من_حولك #دعم_يستحقونه #مساعدة_تستحقها #أحصل_على_مساعدتك_الفورية 
becomes 
😳 منحة استثنائية 😡 #منحة_طوارئ #مساعدات #أزمة #طوارئ #أحصل_على_مساعدتك #دعم_فوري #ساعد_نفسك #أحصل_على_منحتك #طوارئ_تستدعي_التدخل #دعم_سريع #أزمة_تتطلب_حل #منح_طوارئ #مساعدة_عاجلة #دعم_محتاجين #طوارئ_للمحتاجين #مساعدات_فورية #أحصل_على_دعمك #منحة_عاجلة #ساعد_من_حولك #دعم_يستحقونه #مساعدة_تستحقها #أحصل_على_مساعدتك_الفورية 
revised to 
🤯 منحة طارئة جدا 😤 #منحة_طوارئ #مساعدات #أزمة #طوارئ #أحصل_على_مساعدتك #دعم_فوري #ساعد_نفسك #أحصل_على_منحتك #طوارئ_تستدعي_التدخل #دعم_سريع #أزمة_تتطلب_حل #منح_طوارئ #مساعدة_عاجلة #دعم_محتاجين #طوارئ_للمحتاجين #مساعدات_فورية #أحصل_على_دعمك #",1,llama-4-maverick-17b,train,ar,78,ajgt,0
♨️ سدر عسل 🎀 ♨️ والله إنه عسل السدر الأصلي ♨️ ⛰ جبلي بطبيعته 🍯 🇸🇦 فوائده كثيره للال… #,1,llama-4-maverick-17b,test,ar,20,ajgt,0
مستحيل تكون فرحان بدون فلوس ، السعاده الحقيقيه بعد ما ربنا يرضى عنك ويعطيك الصحه 💤 #لا #سعاده #بدون #مال,1,llama-4-maverick-17b,test,ar,20,ajgt,0
سأل شخص حكيما : ليش ما ترد على اللي يأذونك ؟ قال مبتسما : إذا رفسك حمار، هل بترد له الرفسة ! صباح الخير 😊 #حسين_عبدالغني,1,llama-4-maverick-17b,train,ar,26,ajgt,0
"اللهم اجعل قلوبنا مخازن لتوحيدك واجعل ألسنتنا تلهج بتمجيدك وتجعل جوارحنا خداماً لطاعتك 🌹صباح جميل 🌹 # (revised to match original) اللهم أجعل قلوبنا خزائن توحيدك وألسنتنا مفاتيح تمجيدك وجوارحنا خدم طاعتك 🌹صباح الخير 🌹 becomes 
يارب اجعل قلوبنا مستودعات لتوحيدك ولتكن ألسنتنا تردد تمجيدك وان تجعل جوارحنا في خدمة طاعتك 🌹أحلى صباح 🌹 
is revised to 
يارب اجعل قلوبنا خزائن توحيدك وألسنتنا مفاتيح تمجيدك وجوارحنا خدم طاعتك 🌹صباح الخير 🌹 
# the final output is 
 يارب اجعل قلوبنا خزائن توحيدك وألسنتنا مفاتيح تمجيدك وجوارحنا خدم طاعتك 🌹صباح الخير",1,llama-4-maverick-17b,train,ar,89,ajgt,0
اخوي انا سألتها عن نواياي 🤕 #نفس_المعنى #مافيه_فرق,1,llama-4-maverick-17b,train,ar,8,ajgt,0
"سبحان الله 🌷 الله أكبر 🌷 👈كلام يبعث التفاؤل 👏👏 جزاكم الله كل خير يا دكتورنا المحترم ويقولون : إذا… # (assuming the rest of the hashtags are present in the original text, I'll keep them the same, but since they weren't provided, I'll omit them for now) 
Here is the complete paraphrased response:
سبحان الله 🌷 الله أكبر 🌷 👈كلام يبعث التفاؤل 👏👏 جزاكم الله كل خير يا دكتورنا المحترم ويقولون : إذا…",1,llama-4-maverick-17b,train,ar,74,ajgt,0
الأناقة، الجمال،الوسامة،التألق ❎ كيم تايهيونغ ✅ #BoyWithLuv #MAP_OF_THE_SOUL_PERSONA…,1,llama-4-maverick-17b,train,ar,8,ajgt,0
والله يا جماعة لحد الآن مطلب واحد بس اتحقق من مطالبنا .. ياريت الناس ما تفقد العزيمة,1,llama-4-maverick-17b,test,ar,17,ajgt,0
"❥ . أنا نفسي وجع مميز، حزن فريد، قلبي حساس جدًا، طير اتكسر جناحه، جرح السماء و نزفت دم... # (implied hashtags are not present, so no hashtags will be added) 
However, to follow the format: ❥ . أنا نفسي وجع مميز، حزن فريد، قلبي حساس جدًا، طير اتكسر جناحه، جرح السماء و نزفت دم...",1,llama-4-maverick-17b,test,ar,55,ajgt,0
الى متى سوء معاملة الخادمات وعدم احترامهم وكأنهم لا شيء والله كثير نشوف هالتصرفات بيننا والمعاملة القاسية تجاه المربية اللي جاية من بيتها #حقوق_الخادمات #احترموا_الخادمات #الخادمات_جزء_من_المجتمع,1,llama-4-maverick-17b,test,ar,26,ajgt,0
شايف حظي زي بوكريشه اللي حاول ياخذ سيلفي معها وهي طايرة ما صار له 😔 #حظي_زفت #سيلفي_فاشل,1,llama-4-maverick-17b,train,ar,17,ajgt,0
صباح الخير مع الأجواء الجميلة 😍 #صباح_الخير #أجواء_جميلة,1,llama-4-maverick-17b,train,ar,8,ajgt,0
#تعديل مسابقة حظيت بشوية حظ 😬 اللي رتويت ورقم على هالتويتة بيكسب ريال 💰 ! الي يعمل رتويت ورقم على هالتويتة…,1,llama-4-maverick-17b,train,ar,21,ajgt,0
العروس مولعة بالشيبس 🤣 في الأردن، زينوا عربية الزفة بكيس شيبس 😱 #العرس_الأردني #شيبس_العروس,1,llama-4-maverick-17b,train,ar,14,ajgt,0
تخيلته بذهني وفكري ما عاد إلا دمعة 💙 #حالات_واتس #خواطر #عشق #حزن #اشتياق #حب #الم #وجع #ألم #فراق #شوق #لهفة #اشتياق #عشق #غرام,1,llama-4-maverick-17b,test,ar,23,ajgt,0
حرام والله 😢 #يا حراام,1,llama-4-maverick-17b,train,ar,5,ajgt,0
الضحك 😊 حصلت 🙈🙊 #الديود #ضحك #فرفشة,1,llama-4-maverick-17b,train,ar,7,ajgt,0
"شفاه الله وعافاه ورده معافى صحيحا لا بأس عليه طهور بإذن الله 🌹 # (The hashtags were not provided, assuming the post didn't have any, if it did, it should be included as per the original post) 
Since the original post didn't have any hashtags, the paraphrased text is:
شفاه الله وعافاه ورده معافى صحيحا لا بأس عليه طهور بإذن الله 🌹",1,llama-4-maverick-17b,test,ar,62,ajgt,0
صباح الزهور 🌺🥀,1,llama-4-maverick-17b,test,ar,3,ajgt,0
الرجولة مش مرتبطة بإنك تكسر قلب بنت..الرجولة رقة وحنان واحترام وذكاء 💔 #الرجل_الحقيقي #الرجولة_مش_قسوة,1,llama-4-maverick-17b,train,ar,14,ajgt,0
اللهم صل على حبيبنا محمد ♥ #صل الله عليه وسلم,1,llama-4-maverick-17b,train,ar,10,ajgt,0
خلال المباراة غوميز أثار غضب وتلفظ على اللاعب الشاب عبدالباسط هندي، وقتها الجمهور الغير واعي والإعلام الأحمق ضحكوا وانتقدوا... #غوميز #عبدالباسط_هندي,1,llama-4-maverick-17b,test,ar,21,ajgt,0
الليلة 🇸🇩 ✨نسأل الله الرحمة والمغفرة لشهدائنا الأبرار ،، ناموا قريرين مطمئنين 🌹 #السودان #اعتصام_القيادة_العامة #sudan #تسقط_بس,1,llama-4-maverick-17b,train,ar,17,ajgt,0
وحشتنا أيام رمضان 😐 :( #رمضان_كريم #رمضان #شهر_رمضان #اشتقتلك_يا_رمضان,1,llama-4-maverick-17b,test,ar,9,ajgt,0
#بوتاس يحلق في التجارب الصينية الثالثة 🇨🇳🔥 متفوقاً على الثنائي #فيراري لوكلير وفيتيل! 🏁 #فورمولا1 #Race100,1,llama-4-maverick-17b,train,ar,16,ajgt,0
"سر قوتنا دائمًا بفضل الله أنتم🌹💙 ألف مبروك 💙 الحمدلله و لله الشكر 🙏 # (No hashtags were provided, assuming the original post had some, if not, just output the text) 
قوتنا مستمدة منكم بفضل الله 🌹💙 مليون مبروك 💙 نشكر الله على كل شيء 🙏",1,llama-4-maverick-17b,train,ar,46,ajgt,0
- ياخي عطفك شيء لا يطاق 😖 #يا ربي #رحمتك #شيء #فظيع,1,llama-4-maverick-17b,train,ar,12,ajgt,0
الأهم يكون الأسبوع خالي من اختبارات نص الفصل 💔 #حياة_الجامعة #امتحانات #طلاب,1,llama-4-maverick-17b,train,ar,12,ajgt,0
🔴 #حضرموت #سيئون قناة العربيه تنقل الخبر وانا قاعد استنى بفارغ الصبر 😍 ياربي لما يقولون في نشرات الأخبار سيئون تفرحني كأنها اسم بنتي واااو 😭,1,llama-4-maverick-17b,train,ar,26,ajgt,0
فتاة من عمان ترث ذهباً بقيمة مليون دولار، وهو ذهب حر ورثته عن جدتها، شاهد ماذا تقول! ✅ ياله من إرث عظيم #للـه_درك,1,llama-4-maverick-17b,train,ar,23,ajgt,0
كرة القدم خير مثال. توفيق الحكيم يقول أن صاحب القدم يكرم بينما صاحب القلم يهان أو يهمل. الموقف الأول عادي ول… #ولنا_في_كرة_القدم_مثال 🤣💔 #كرة_القدم #توفيق_الحكيم,1,llama-4-maverick-17b,test,ar,25,ajgt,0
عدنا إلى القمه وبإذن الله هنبقى هناك 💙 #رجعنا_للصدارة #نادي_القرن #الاهلي #الزمالك #الدوري_المصري #كرة_القدم #رياضة #مصر #افريقيا #العالم #رياضة #صدارة #كرة #مباريات #نادي #فوز #انتصار #تتويج #تاريخ #نجاح #بطولة #لاعبين #جمهور #مصر #القاهرة #جمهورنا #نادينا #فخرنا #كبرياء #عشق #نادينا_الاهلي #الاهلي_فوق_الجميع #الاهلي_رجع_للصدارة #الاهلي_في_الصدارة #الاهلي_نادي_القرن #الاهلي_بيتي #الاهلي_عشقي #الاهلي_حياتي #رجعنا_للصدارة #للصدارة_نرجع #نحن_الاهلي #الاهلي_نادي_القمة #القمة_للاهلي #الاهلي_دائما_في_القمة #رجعنا_القمه #عدنا_للصدارة #الاهلي #اهلاوي #اهلاوية #اهلاويه #اهلاوي_وافتخر #اهلاوي_انا #انا_اهلاوي #فخور_باهلي #نادينا_اهلي #اهلي_دائما_فوق #اهلاوي_الهوى #اهلاوي_المذهب #اهلي_و_افتخر #اهلاوية_و_افتخر #اهلاوي_ونفتخر #اهلاوي_الهوى #اهلاوي_المذهب #اهلاوي_انا #اهلاوي_و_أفتخر #اهلاوي_الهوي #اهلاوي_اصل #اهلاوي_فوق #اهلاوي_ونفتخر #اهلاوي_اصل_وفصل #اهلاوي_الهوي #اهلاوي_المذهب #اهلاوي_الهوا #اهلاوي_ونفتخر #اهلاوي_ونبقى #اهلاوي_الهوى #اهلاوي_المذهب #اهلاوي_الهوي #اهلاوي_اصل #اهلاوي_,1,llama-4-maverick-17b,train,ar,88,ajgt,0
فيروز - بالأمس خلصنا 🎶 #فيروز #فيروزيات #فيروز_الاسطورة #فيروز_ملكة_الاسم #فيروز_صوت_الملائكة #فيروز_اميرة_الغناء_العربي #فيروز_ملكة_الغناء_العربي #فيروز_نجمة_الغناء_العربي #فيروز_اسطورة_الغناء_العربي #فيروز_صوت_الارض #فيروز_ملكة_الطرب #فيروز_ام_كلثوم_القرن #فيروز_راحة_نفسية #فيروز_اغاني_الروقان #فيروز_صوت_جميل #فيروز_فيروز #فيروز_قديمة #فيروز_صوت_خيالي #فيروز_ذكريات #فيروز_نغم #فيروز_عصفورتي #فيروز_سفيرتنا_الى_النجوم #سفيرتنا #فيروز_الى_الابد #سفيرتنا_الى_النجوم #فيروز_الى_الابد #فيروز_صوت_مميز #فيروز_ملكة_الغناء #فيروز_الاسطوره #فيروز_صوت_رائع #فيروز_اميرة_الصوت #فيروز_ملكة_الصوت #فيروز_صوت_الزمان #فيروز_صوت_الموسيقى #فيروز_صوت_الحب #فيروز_صوت_الاحساس #فيروز_صوت_الرومانسية #فيروز #فيروزيات #Fairuz #fairouz #فيروز_ملكه_الغناء_العربي #فيروز_صوت_عذب #فيروز_ملكة_الطرب_العربي #فيروز_اسطوره_فنيه #فيروز_صوت_نادر #فيروز_ملكة_الغناء_اللبناني #فيروز_صوت_لبنان #فيروز_صوت_سوري #فيروز_صوت_عربي #فيروز_اغاني_قديمه #فيروز_اغاني_زمان #فيروز_اغاني_الحب #فيروز_اغاني_الطرب #فيروز_اغاني_رومانسيه #فيروز_اغ,1,llama-4-maverick-17b,test,ar,61,ajgt,0
رئيس الحكومة ما لحق يكمل ساعة و فصل عنا الكهرباء يستاهل الإسقاط التالت 😑 للقيادة #اعتصام_القياده_العامه,1,llama-4-maverick-17b,train,ar,16,ajgt,0
🌸🌷🌸 يا راكع تحت سماء الخلود محاطًا بسرب من الملائكة في نشوة روحانية 🌸🍃يتدفق من شفتيه الدعاء كأنه ينبوع ماء جاري… #الصلاة #الذكر #اللهم_صل_وسلم_على_نبينا_محمد 🌸🌷 #الغيوم #العرفان,1,llama-4-maverick-17b,train,ar,27,ajgt,0
"🌞🌻إذا كان عبير الزهور يبهج كل الناس، فما بالك برائحة الفردوس الأعلى 🌹 أسأل الله أن يجعلني وإياكم من الذين يشمون نسيم الجنة ويسكنون أعاليها الحمد ل… #hashtags (assuming there are hashtags, but they are not shown in the text)",1,llama-4-maverick-17b,train,ar,40,ajgt,0
طريقة نصب جديدة، احترسوا، ضحكت رغماً عني 😂 #نصب #احتيال,1,llama-4-maverick-17b,train,ar,10,ajgt,0
أعشق نظراتها أكثر من أي شيء آخر :( #عشق #حب #عيون #غرام,1,llama-4-maverick-17b,test,ar,12,ajgt,0
ماهو سر وادى الفيض 🤔 #ايش_اخدود_الفيض,1,llama-4-maverick-17b,train,ar,6,ajgt,0
"لست مثل باقي النساء 🙄؟ ثمانية وعشرون حرفا عاجزة عن وصفك وكافة الألوان في يدي تفقد لونها كثافة عند محاولة تصويرك 😊 #... #... 😉 (Assuming the rest of the hashtags are present but not shown, the output will be) لست مثل باقي النساء ؟؟ حروف لغتي عاجزة كلها عن التعبير عن وصفك ودرجات الألوان في قبضتي تخبو خوفا من الإخفاق في رسمك 😉 #... #...",1,llama-4-maverick-17b,train,ar,66,ajgt,0
مو غلط إذا اعترفت إنك غاليه علي، الحب رزق وإنتي رزق من السماء 💙 #حب #نعمه #حبج #أحبج #حب_الروح,1,llama-4-maverick-17b,train,ar,19,ajgt,0
ذرفت عيناي دموعا والله 😢 الله يريح قلوبهم ببعض ويخليهم لبعض,1,llama-4-maverick-17b,test,ar,11,ajgt,0
أبقى أنا الوحيد في قلبي ما زال حاضرا اللي خطفني بحبه و احتواني سلبني كلي و عقل ما لومني لو صرت لك أنا فقط… #لا توجد إضافات أخرى,1,llama-4-maverick-17b,train,ar,28,ajgt,0
#الاهلي يلعب #الهلال منذ أكثر من سنة وهذا السبب وراء دعم إعلامه لمنافسي الهلال كل عام، والأهم ألا يحقق الهلال الفوز…,1,llama-4-maverick-17b,train,ar,21,ajgt,0
"الحمدلله ألف مبروك ياكباتن 💙 كل خير جاي بإذن الله 🙏🏼💙 # (Assuming there were some hashtags, they are kept the same, but since the original post didn't include them, I'll omit them here too)",1,llama-4-maverick-17b,train,ar,35,ajgt,0
بمناسبة انتصار الهلال .. 💙 سحب على هاتف آيفون XR📱 اعمل رتويت وتابعنا - السحب بعد ساعة موثق بالفيديو 💪 #الهلال #ايفون #سحب,1,llama-4-maverick-17b,train,ar,23,ajgt,0
"كل طيور المدينه تموت إذا ما شافت ابتسامتچ ✋ اي نعم ياقلبي 🙈 مساء الخير يا حبايب 🙋‍♀️ # (assuming there were no hashtags in the original, if there were, they should be kept the same) 
However, since there were no hashtags in the original text, the output will be:
كل طيور المدينه تموت إذا ما شافت ابتسامتچ ✋ اي نعم ياقلبي 🙈 مساء الخير يا حبايب 🙋‍♀️",1,llama-4-maverick-17b,train,ar,68,ajgt,0
ما راح أداوم اليوم 😣 #أحلى_إجازة #الدراسة_مش_لي #راحة_بال #مافي_دوام,1,llama-4-maverick-17b,train,ar,9,ajgt,0
أنت أمل عمري مثل نور الصباح حين يأتي 🌞🎼 #أحبك #أمل_عمري,1,llama-4-maverick-17b,train,ar,11,ajgt,0
اللهم في هذا الصباح ارزق كل مهموم فرجا وكل مريض شفاء وكل مذنب مغفرة وكل عبد هداية وكل محتاج رزقا وكل داعي استجابة ❤ #اللهم_امين #دعاء_الصباح,1,llama-4-maverick-17b,train,ar,26,ajgt,0
اتفرجوا عليها هتستمتعوا كتير 💔 #اقرأوها #هتعجبكوا #كتب #روايات,1,llama-4-maverick-17b,train,ar,9,ajgt,0
فوز الهلال .. لكن بعيد عن تألقه المعتاد ! فرص سهلة تتحول إلى لا شيء بشكل غريب ! الدفاع مليء بالمشاكل ! كنو .. إمك… #الهلال #دوري_روشن_السعودي #كرة_قدم,1,llama-4-maverick-17b,test,ar,28,ajgt,0
من الواضح أنه يبحث عن الشهرة فقط وما بيعرف شي عن كرة القدم 🤔 #كورة #شهرة,1,llama-4-maverick-17b,train,ar,16,ajgt,0
نطلب من #الله المزيد من عطاياه مرحباً بكل شخص يأخذ سيارته 🎁,1,llama-4-maverick-17b,train,ar,12,ajgt,0
مرصد الأزهر دا للأبحاث المتخصصة بس؟؟ مافيهوش حد غير متخصص. موجود في نيجيريا؟؟ ماجابش خبراء عالميين؟؟,1,llama-4-maverick-17b,train,ar,16,ajgt,0
اللهم باركلي في وقتي الي هو كل احتياجاتي 😞 #يارب #البركة_في_الوقت #يارب,1,llama-4-maverick-17b,train,ar,12,ajgt,0
💥 . شيخ كبير في دماغي محترم مايقربلي طفل جاهل / في داخلي نار 🔕 #ماجد_الروقي,1,llama-4-maverick-17b,train,ar,16,ajgt,0
واحد غايب و محروم و تعبان 🤔 #غياب #حرمان #نوم #تعبان,1,llama-4-maverick-17b,train,ar,11,ajgt,0
😂😂 يا شباب الرجاله دول فوق الخطر ع تويتر بجد 😂مش طايقين اسلوب كل يومين يطلعلي واحد عجوز زي جدي عشان يخطب وداني 😒 😹و موجود… #حطمت_رقم_قياسي #جدي_علي_تويتر,1,llama-4-maverick-17b,train,ar,28,ajgt,0
🔊 #جديد #صوتيات_ميراث_الأنبياء المحاضرة (26) 📘 تفسير #كتاب_الحيض من #صحيح_مسلم رحمه الله 🎙️ لسماحة الشيخ…,1,llama-4-maverick-17b,train,ar,15,ajgt,0
💐أنا جايك الصبح بدري قبل شروق الشمس 💐 ❤️صباحك سعيد و مليان أفراح❤️ 🌹هيا ابتسم وخلينا ننثر الورد🌹 💌صباحي ريحته حلوة بسببك… #تغاري #صباح_الخير #ورد #عشق,1,llama-4-maverick-17b,train,ar,26,ajgt,0
سجل دخولك الآن,1,llama-4-maverick-17b,train,ar,3,ajgt,0
روحي مليانه حب للي انت بس وفيني اشتياق ماينتهي الا بوجودك 💙 #حكاية_شعر #ياترا_تقرا,1,llama-4-maverick-17b,train,ar,14,ajgt,0
فاض قلبي من كتر الحلويات 😔 #حلوين #قلبي_تعب,1,llama-4-maverick-17b,train,ar,8,ajgt,0
😂رهانكم تعرفون هويته الحقيقي 🤔 #اتحداك #تحدي #شخصيات #معلومات #حقائق #اسئلة #اجوبة #ثقافة #ثقافة_عامة #معلومة #سؤال #جواب #شخصية #شخصيات_مشهورة #فكرة #افكار #تغيير #متعة #تسليه #اسئلة_صعبة #اسئلة_محيرة #تحديات #العاب #العاب_تفكير #تسلية #اسئلة_دينية #اسئلة_عامة #ثقف_نفسك #تعلم #تعلم_شيء_جديد #معلومات_عامة #حقائق_غريبة #معلومات_غريبة #اسرار #اكتشف #اكتشف_نفسك #تحدي_اليوم #تحدي_جديد #متعة_التحدي #استمتع_بالتحدي #العاب_مسلية #تسلية_مسلية #حقائق_و_اسرار #معلومات_و_حقائق #ثقافة_و_علم #تعلم_و_استمتع #اكتشف_و_تعلم #تحديات_مسلية #العاب_و_تحديات #اسئلة_و_اجوبة #معلومات_و_اسئلة #ثقافة_عامة_و_مسلية #متعة_التعلم #التعلم_الممتع #اكتشف_عالمك #عالم_المعرفة #عالم_الاسئلة #عالم_التحديات #تحدي #تحداك #رهان #رهانكم #اسمه #اسمه_الحقيقي #هويته #هويته_الحقيقي #😂 #😉 #😀 #🤔 #اتحداكم #تعرفون #😂رهانكم #تعرفون #هويته #الحقيقي #😉 #😀 #🤔 #اتحداكم #تعرفون #اسمه #الحقيقي #😂 #رهانكم #تعرفون #هويته #الحقيقي #😉 #اتحداك #تحدي #شخصيات #معلومات #حقائق #اسئلة #اجوبة,1,llama-4-maverick-17b,train,ar,101,ajgt,0
القاهرة دي لوحة فنية جميلة بتلمع في الليل و مش بتنام و مليانة حياة و نور و صبر و بهجة و رائحة جميلة و قلبها طيب و جذابة 😍 #هنا_القاهرة,1,llama-4-maverick-17b,train,ar,30,ajgt,0
كان راجل متقدم زمانه الله يرحمه ✋ #الله_يرحمه,1,llama-4-maverick-17b,train,ar,8,ajgt,0
فيه ناس اصدقاء حاطين صورة ماتبين جنسهم ذكر او انثى واساميهم موضحه جنسهم او لا ولما تجي ترد عليهم تحتار تكتب شنو. مثلاً… #نفس_الشي #احترت #كيف_ارد #صديق_مخبي_جنسه 🤔👫💬 #تخمين_صعب,1,llama-4-maverick-17b,train,ar,29,ajgt,0
عندما تتغلب عليك مخاوف الحياة تذكر ﴿وتوكل على الحي الذي لا يموت﴾ ربك حي لا يموت فاطمئن واهدأ واستقر… #لا_اله_الا_الله #الله_اكبر,1,llama-4-maverick-17b,train,ar,21,ajgt,0
معلومة : فوز النصر في الدورة الأولى على الاتحاد كان بفضل : راموس المصاب، برونو باسو في أيامه الأخيرة، عوض خميس في مركز الظهير الأيسر، يحيى الش… #راموس #النصر #الاتحاد,1,llama-4-maverick-17b,train,ar,30,ajgt,0
"🕊🕊 💥 "" إذا ظننت للحظة أن جميع الطيور تعود إليك 💥 🕊🕊 لرسمت على كل جناح ""اشتقت لك"". 💥🕊💥 # (no hashtags were provided, so they are omitted) 
should be rewritten to 
🕊🕊 💥 "" لو اعتقدت للحظة أن كل العصافير ترجعلي 💥 🕊🕊 لكتبت على كل ريشه وحشتيني. 💥🕊💥 """,1,llama-4-maverick-17b,test,ar,52,ajgt,0
ابنتي المبدعه رافضه تنزل الاغنيه بتاعتها فهضطر انزلها بنفسي و الله يستر على اذنكم 💖 #نفس_المعنى #موهوبين_العرب #مصر #الوطن_العربي #الموسيقى #الاغاني #الفن #ابداع #موهبة #مصر #فن_عربي #الموسيقى_العربية #مزيكا #مغني #مغنيه #مغنين #موسيقى #موسيقي #موسيقى_عربيه #مصر #سينج #غناء #صوت #صوت_العرب #العرب #العالم #ترند #مشاهير #يوتيوب #يوتيوبرز #تيك_توك #تيكتوكرز #انستجرام #انستجرام_مصر #ريلز #ريلزز #فن #فنانين #فنانين_العرب #مصر #الوطن_العربي #عالم_الفن #الفن_العربي #نجوم #نجوم_العرب #نجوم_مصر #موهوبين #موهوبين_مصر #موهوبين_العرب #مبدعين #مبدعين_مصر #مبدعين_العرب #مصر #مصر_العظمى #مصر_جميله #مصر_بلدي #مصر_بخير #مصر_الحلوه #مصر_هى_امى #مصر_تنور #مصر_المستقبل #مصر_القديمه #مصر_الجديده #مصر_الحضارة #مصر_التاريخ #مصر_الاثار #مصر_السياحه #مصر_السياحة #مصر_الاقتصاد #مصر_الرياضه #مصر_الرياضة #مصر_الثقافه #مصر_الثقافة #مصر_الفن #مصر_الموسيقى #مصر_الغناء #مصر_الطرب #مصر_الابداع #مصر_الموهوبين #مصر_المبدعين #مصر_النجوم #مصر_المشاهير,1,llama-4-maverick-17b,train,ar,97,ajgt,0
الوضع اليوم مايسمح للنوم 😂 #يالربع,1,llama-4-maverick-17b,train,ar,6,ajgt,0
ناس كويسين جدا .. بس ليه فضحوني كده 🙈 #ليهم_عليا_فضل #ناس_طيبين #حرجتوني,1,llama-4-maverick-17b,test,ar,12,ajgt,0
صراحة الثلاثة أغبياء العروس بشعة وين المشكلة لو الأم تدخلت و العريس مثالي شوي بس انفصل عنها لأسباب تافهة و الأم متشبثة و مزعجة… #دراما #العريس #العروس 🤣💔😂 #العائلة #زواج,1,llama-4-maverick-17b,train,ar,30,ajgt,0
ايش السبب سوني تطلب هالمبلغ؟ 🙁 #ليش_كذا #سوني #غالي,1,llama-4-maverick-17b,train,ar,9,ajgt,0
❥ ⇓⇓ ⇓⇓ 💔 ⇓⇓ ⇓⇓ ❥ *👍الواقع المرير👍* _*الغباء الحقيقي ليس في عدم معرفة القراءة والكتابة ، لكن…* #جهل_مركب #واقع_مؤلم,1,llama-4-maverick-17b,test,ar,21,ajgt,0
أروع القلوب : ❤ قلب لايخلو من الصراحة وأروع الناس : إنسان لاينسيك لأنه يحبك لله وأروع الأيام : يوم … # # #❤💛 #يوم_جميل,1,llama-4-maverick-17b,train,ar,25,ajgt,0
يا غالى عليا بترجع لبالى وبتفضل فى تفكيرى ومش بتختفى,1,llama-4-maverick-17b,train,ar,10,ajgt,0
لو كنت أفضل في الفشخرة ممكن كنت خدت المركز الثالث كمان، بس إيدي ورجلي مبطولوش لعمتي عشان تكبر شوية 😂 #حياة #فشخرة,1,llama-4-maverick-17b,train,ar,22,ajgt,0
الصبح طلع وراح نبدا شغل 😔 #صباح_الدوام #الدوام #الصبح #شغل #عمل #وظيفة,1,llama-4-maverick-17b,test,ar,12,ajgt,0
#رساله_لمن_فقدته لما تدفن شخص عزيز عليك وتغطيه بالتراب هتفهم ساعتها إن الحياة مش مستاهله والوجود فيها مش هيكمل 🌀💔 #رساله_لمن_فقدته,1,llama-4-maverick-17b,train,ar,20,ajgt,0
عشان برشلونة هتشارك في نفس التوقيت,1,llama-4-maverick-17b,train,ar,6,ajgt,0
💥 شوفتوا فائدة التفتيش بتعمل شنو !! الأسلحة دي اتضبطت من الناس الداخلين للاعتصام .. من أمنجية .. لحد مخربين . رتويتات … #️⃣#التفتيش_ضرورة #️⃣#امن_الاعتصام,1,llama-4-maverick-17b,train,ar,25,ajgt,0
"4.19 || 😊 تعليقاتكم بتعطيني دفعة 💪🏻✨ أنتم كلكم ذوق ♥️ -N ✨ # (assuming there were no hashtags in the original, if there were, they should be kept the same) 
Since the original didn't contain hashtags, the paraphrased text will be:
4.19 || 😊 تعليقاتكم بتعطيني دفعة 💪🏻✨ أنتم كلكم ذوق ♥️ -N ✨",1,llama-4-maverick-17b,test,ar,55,ajgt,0
.. 🌹 أكثرنا يطلب من أبنائه أن يصبحوا مهندسين أو أطباء إلخ !! كم واحد منا قال لولده : أتمنى أن تكون مصدر بركة أينما حللت ! اطلبوا من الله… #اسألو_الله #أريدك_مباركا_أينما_كنت,1,llama-4-maverick-17b,train,ar,32,ajgt,0
"يفرحني وجودك 🌹 # (no hashtag was given so it is kept as is, assuming it was intended to be empty or the text was not fully provided)",1,llama-4-maverick-17b,train,ar,28,ajgt,0
ذكرت قناة النهار أن هذه الأسلحة تم العثور عليها في ميدان أوذان 😱 #اسلحة #اودان #قناة_النهار,1,llama-4-maverick-17b,train,ar,16,ajgt,0
🙈 يعني بنعتذر بس الحقيقه الشعور فعلا محبط جدا,1,llama-4-maverick-17b,test,ar,9,ajgt,0
لو حد قلك انه يحبك بصدق ، كيف راح ترد عليه ؟ —,1,llama-4-maverick-17b,train,ar,13,ajgt,0
صراحة لم تستهلني الحذاء ابدا وكنت متردد في شرائها,1,llama-4-maverick-17b,train,ar,9,ajgt,0
صباح الاسترخاء واللايف الهادي واجازة سعيدة 😎 #نفس_المعنى,1,llama-4-maverick-17b,train,ar,8,ajgt,0
يارب استجب 🙏💔 #اللهم_امين,1,llama-4-maverick-17b,train,ar,4,ajgt,0
واضح إنها هتكون زيجة فاشلة من أول نظرة 😂 #زواج #فاشل #نظرة #وجهة_نظر,1,llama-4-maverick-17b,train,ar,13,ajgt,0
'كلما أصرّ شخص على ربه في مطلب، لبّاه له' .. سيستجيب 💙 #سيستجيب,1,llama-4-maverick-17b,train,ar,13,ajgt,0
اللهم إني أجله كأغلى من نفسي ، اللهم فاحرسه لي ولا تجعلني أرى فيه سوءًا 💛 #يارب #احفظه_لي,1,llama-4-maverick-17b,test,ar,18,ajgt,0
"══ೋ 🌺 ೋ══╔ يارب اجعل امتحاناتي ودراستي مثل سحابة خفيفة،ماطرة بالخير غير ضارة، بسيطة غير معقدة اللهم يسرلي كل… #لا يوجد وسم في النص الاصلي لذا ساضع نفس العلامات 
#hashtag غير متوفر 🤔: 
اللهم أجعل دراستي و أختباراتي كغيمة سريعة ، هاطلة مبشرة ﻻمهلكة،سهلة لا عسرة يارب اللهم سهل لي ما… ===> يارب اجعل امتحاناتي ودراستي مثل سحابة خفيفة،ماطرة بالخير غير ضارة، بسيطة غير معقدة اللهم يسرلي كل… 🌺 
══ೋ 🌺 ೋ══╔ يارب اجعل امتحاناتي ودراستي مثل سحابة خفيفة،ماطرة بالخير غير ضارة، بسيطة غير معقدة اللهم يسرلي كل…",1,llama-4-maverick-17b,train,ar,88,ajgt,0
سنين!! 😮 سبحان الله الأيام تعدي بسرعة 😲 وكانت حلقة لن تنسى بجد 💔 #سنوات #ذكريات #حلقة_اسطورية,1,llama-4-maverick-17b,train,ar,17,ajgt,0
الله يعلم إني يومي كان مليان تعب وشغل ومشاوير لكن اللي بشوفه وبقراه بيخلي النوم يهرب من عيوني ومش قادرة أرتاح من كتر التفكير .. بلد… #samehashtags #here 🤯😴,1,llama-4-maverick-17b,train,ar,29,ajgt,0
متابعينا : المشتت المحطم ! كم مرة : اعطى .. وماقدر ! ' كم مرة : صدق .. وماخسر ! كم مرة تأذى .. وماتلقى ! #هموم_شبابية 🤕💔 #أوجاع_قلب,1,llama-4-maverick-17b,train,ar,29,ajgt,0
༺♛#ترحيب_إداري♛༻ ┈┉┅━❀❀━┅┉┈━┅┉┈ ♛#أهلاً_وسهلاً ♛ #سيد_الترند ❋ ترحب ب الوافدين الجدد…,1,llama-4-maverick-17b,train,ar,10,ajgt,0
"ليش يابو قلب حساس ثقيل دم هاللي يفز لك قلبه 😴 #... (the rest of the hashtags are not provided, assuming they are not given) 
Since the original hashtags are not given, let's assume the output will be 
ليش يابو قلب حساس ثقيل دم هاللي يفز لك قلبه 😴",1,llama-4-maverick-17b,train,ar,49,ajgt,0
ربي يخليكم تصدقون بسرعة 😐 #جعلكم_ماتصدقون #ربي_يخليكم_تصدقون_بسرعة,1,llama-4-maverick-17b,train,ar,7,ajgt,0
على الطبيعه.. الله يرزقه العافيه والقوه 😂 سكر الدركسون .. والمطاردة على الباب مايسكرونه,1,llama-4-maverick-17b,train,ar,14,ajgt,0
راسي تحت امره 👑💕 #الاتي #تاج #راسي #الاتي_تاج_راسي,1,llama-4-maverick-17b,train,ar,8,ajgt,0
لقطة لتناوب الدوام الصباحي والمسائي 😂 #صورة #شفت #دوام,1,llama-4-maverick-17b,test,ar,9,ajgt,0
"جزاك الله كل خير ❤ # same output is acceptable if it is a very short text like this one, but here is an alternative: الله يزيدك من فضله ❤ (no hashtags in the original so added none) 
However, to fully follow the format: الله يزيدك من فضله ❤",1,llama-4-maverick-17b,test,ar,49,ajgt,0
"🌹صباح الياسمين والنور والخير يوم مبارك ان شاء الله🌹 🌹 يتقبل الله صلاتك 🌹 # same hashtags are not provided, assuming the hashtags are not present:",1,llama-4-maverick-17b,train,ar,26,ajgt,0
"ايه القمة اللي هبص عليها 😒 دي قمة الاطفال اللي لسة بيلعبوا 🤟😄.. انا بتخيل حاجات ابعد بكتير من القمة دي 😎😌 #... (assuming the original post had some hashtags that were not provided, the paraphrased text will be the same without them) 
قمة ايه اللي اتفرج عليها 😒 القمة دي للعيال الصغيرين 😄🤟.. خيالي بياخدني لابعد من القمة بكثير 😌😎",1,llama-4-maverick-17b,test,ar,61,ajgt,0
من الواضح أنك تمزح 😂 #جوك #مزح,1,llama-4-maverick-17b,train,ar,7,ajgt,0
الغبش والدلع 😂😂 #غبوش #الغنجات,1,llama-4-maverick-17b,test,ar,5,ajgt,0
انفصال عروس حديثًا في ليلة زفافها نتيجة لعدم موافقتها على ركوبها مع والدة العريس في سيارة الموكب 😐 حقيقه انا بشوف هالعريس شخص مميز #زواج #طلاق #مشاكل_زوجيه,1,llama-4-maverick-17b,test,ar,27,ajgt,0
📌 ذكر الشيخ ابن عثيمين -رحمه الله-: ➠ الشخص اللي ما يقبل الحقيقة غير لما تكون متوافقة مع رغباته، ويرفضها لو كانت ضد رغباته، هذا شخص مخادع، وهو أكثر… #مطففين #هواه #الحق 🤯,1,llama-4-maverick-17b,train,ar,33,ajgt,0
إنا لله مستسلمين وبإحسانه وثقنا، يا رب قدرًا حسنًا ورزقًا يرضينا، إنا عليك توكلنا وبك استعنا، يا رب ارزقنا… #اللهم_امين 🤲💕 #يارب,1,llama-4-maverick-17b,train,ar,22,ajgt,0
ماينفعش تكون انت ماينفعش تكون انت 😑 #احساس #مشاعر #وجع #الم #حزن,1,llama-4-maverick-17b,train,ar,12,ajgt,0
الكارثة لما صاحبك المقرب يتجوز وتبقى شخص مالهش قيمة 😥 #مشكلة #زواج #فراغ #حياة #تغير #علاقات #أصدقاء,1,llama-4-maverick-17b,test,ar,17,ajgt,0
"صباح النور 💙 احنا موجودين هنا علشان نكبر بالعلم مش نتوجع لو عرفنا الصح ساعتها كل حاجة هاتبقى تمام..💙👌 # (assuming there were no hashtags in the original, if there were, they should be included here as is) 
However, the original text has no hashtags, so: صباح النور 💙 احنا موجودين هنا علشان نكبر بالعلم مش نتوجع لو عرفنا الصح ساعتها كل حاجة هاتبقى تمام..💙👌",1,llama-4-maverick-17b,train,ar,65,ajgt,0
"--⚜️💭⚜️-- 🌟الأمير الصغير: متهور🌟 💐أتمنى لك التوفيق والسعادة💐 💥💥نصف قرن من المتابعين💥💥 ⚡️ندعو لك بالنجاح⚡️ 💥💥مليون متابع قريبًا💥💥 ♡⌒✰‿✰⌒♡… # same hashtags should be kept, but since they are not provided, I'll just keep the text as is: --⚜️💭⚜️-- 🌟الأمير الصغير: متهور🌟 💐أتمنى لك التوفيق والسعادة💐 💥💥نصف قرن من المتابعين💥💥 ⚡️ندعو لك بالنجاح⚡️ 💥💥مليون متابع قريبًا💥💥 ♡⌒✰‿✰⌒♡…",1,llama-4-maverick-17b,train,ar,57,ajgt,0
سألته : ما السبب في حبك لي ؟ فتبسم و أجابني : والله لقد كنت أرفض الحب بكل قوة ولكنك جئت و غيرت رأيي للأبد ، القدر شاء ، و مشاعري أذعنت 😍 #لا_يوجد_ترجمة_محتملة_حسب_التعليمات,1,llama-4-maverick-17b,train,ar,34,ajgt,0
مساء الخير ، فكر قلبك,1,llama-4-maverick-17b,train,ar,5,ajgt,0
💡 وسم أداء فرقة بلاك بينك في مهرجان كوتشيلا يحتل المرتبة الرابعة عالمياً - أبريل ، #BLACKPINKXCOACHELLA_D1,1,llama-4-maverick-17b,train,ar,17,ajgt,0
يا من تبيع العطور في أرض طيبة.. بجانب أحمد من يبع العنبرا.. : صلاة على الرسول محمد.. تلهمنا بها… #الصلاة_على_النبي #ذكر_الله #طيبة #العنبرا,1,llama-4-maverick-17b,train,ar,23,ajgt,0
الصبح جعان 💔 #لا_يوجد_طعام #الجوع_قتلني,1,llama-4-maverick-17b,train,ar,5,ajgt,0
╗══ೋ 🌺 ೋ══╔ صل الله عليه وسلم على حبيبنا محمد #يوم_الجمعة #بدور🌺🅱️ ⠀ ⠀ ⠀ ⠀ ┈┉┅━❀❀🌺❥🅱️,1,llama-4-maverick-17b,train,ar,17,ajgt,0
وعليكم السلام ورحمة الله وبركاته.. يارب ارزقنا نور القلب وإشراق الوجه وسعة الرزق والقبول في الأرض #اللهم_آمين 🤲💫 #ادعيه_جميله #اذكار_الصباح 🌞💕,1,llama-4-maverick-17b,train,ar,21,ajgt,0
أموت وأعرف اللي هيجيب الهدف السادس 🤔 #هاشتاج #هاشتاج #هاشتاج,1,llama-4-maverick-17b,train,ar,10,ajgt,0
توقفت عن محاولة رسم مستقبل لنفسي .. وتوقفت عن تصفح كتاب أحلامي .. من يبحث عن المستقبل 💔♬ ​#الأمنيات #الأحلام #المستقبل,1,llama-4-maverick-17b,train,ar,21,ajgt,0
ابي واحد نحيف و رجوليته سالبه يكون عنده مكان لزياره هادي 😴💤 تعال يالطايفي بمواصفاتك #سالب_الطايف #موجب_الطايف #مبادل_الطايف,1,llama-4-maverick-17b,train,ar,18,ajgt,0
اعتقد أن كل واحد ليه لحظة غيرت حياته للأحسن مهما كانت بسيطة بالنسبة للناس، دي نعمة لازم نشكر ربنا عليها.. فكر في حياتك كويس واكتشف المعجزة اللي حصلتلك 💕 #حياة #نعم #معجزات #حمد #شكر #تفاؤل #امل #سعادة #راحة #حب #ايجابية #تفكير #تأمل #حكمة #دعم #تحفيز #امل #تفاؤل #نور #حب #سعادة #حياة #ايجابية #تغيير #نجاح #تفوق #تحقيق_الاهداف #احلام #طموح #اصرار #عزيمة #تحفيز_الذات #تنمية_الذات #تطوير_الذات #نجاح #ابداع #تميز #ريادة #قيادة #تحفيز #امل #تفاؤل #حب #سعادة #راحة #ايجابية,1,llama-4-maverick-17b,train,ar,75,ajgt,0
مرحباً بك ياروح روحي ياغلاي في قلبي اللي ماقبل حب غيرك ايش بقى للقلب يسوي ومحبتك ماليهاه في انسان من كثر غلاه صار نسخة عنك 💗 #حبيبي #العشق #حبك_في_قلبي,1,llama-4-maverick-17b,test,ar,29,ajgt,0
":40 كل شي تمام ولله الحمد .. لحد الان مافي اي اخبار عن ضحايا 🚨 🔴 اللي صار ان واحد متخفي ضرب نار جنب قناص ق… # (It appears the original post was cut off, the paraphrased text is also cut off to match)",1,llama-4-maverick-17b,train,ar,44,ajgt,0
📹 بلاك بينك يبدأن العرض في كوتشيلا بأغنية ددو دو ددو دو - ابريل ، #BLACKPINKXCOACHELLA_D1,1,llama-4-maverick-17b,train,ar,16,ajgt,0
تطييب خواطر 💕 #جبر_خاطر,1,llama-4-maverick-17b,train,ar,4,ajgt,0
"اي نعم ؟ 😍 # same output is expected but the post had no hashtags, so: اي نعم ؟",1,llama-4-maverick-17b,train,ar,19,ajgt,0
يارب اسعدنا في تفاصيل حياتنا البسيطه وقرب لنا كل خير يتمناه قلبنا واكثر واجعل لنا نصيب من كل دعوه نتمنى تحقيقها 🤲💕 #اللهم_امين #ادعيه_دنيه #يارب_احلامنا #ادعولي #دعاء_مستجاب,1,llama-4-maverick-17b,train,ar,27,ajgt,0
"ألا يستحي المرء من نفسه حين يحفظ أغانٍ كثيرة .. ويظل يردد نفس السورة في كل صلاته .. 💔 #ألا يستحي المرء من نفسه حين يحفظ أغانٍ كثيرة .. ويظل يردد نفس السورة في كل صلاته .. 💔 is not needed, the correct paraphrased text is: أليس من العيب أن تكون حافظًا لكل الأغاني .. وتكرر نفس الجزء من القرآن في كل صلاتك .. 💔 # is not needed, here is the correct output 
أليس من العيب أن تكون حافظًا لكل الأغاني .. وتكرر نفس الجزء من القرآن في كل صلاتك ..",1,llama-4-maverick-17b,train,ar,92,ajgt,0
"💓🎼🕊 مهما ابتعدت عني وغبت، حبك في قلبي ثابت وما يتغير، وافضل افتقدك حتى لو كنت بعيد 💕 # (no hashtags were provided so they are left out) 
However, to follow the format to the letter as requested:
💓🎼🕊 مهما ابتعدت عني وغبت، حبك في قلبي ثابت وما يتغير، وافضل افتقدك حتى لو كنت بعيد 💕",1,llama-4-maverick-17b,train,ar,56,ajgt,0
ألبي لسى مجروح من المره اللي فاتت 🎶 #جرح #ألبي #مجروح,1,llama-4-maverick-17b,train,ar,11,ajgt,0
مش بس الشخص يحس بالنعاس وهو بيذاكر، لأ ده كمان ينام نومة طويلة زي أهل الكهف 😴 #نوم #مذاكرة,1,llama-4-maverick-17b,test,ar,19,ajgt,0
"صراحة مو عارفة شلون ارد بس قاعدة على كلامها ووصفها لها 🙈 #... (assuming the rest of the text including hashtags is not provided) 
Let's assume the original post is: انا م ادري انا ارد بناءا على وصفها وكلامها 🙈 #hash1 #hash2
The paraphrased text is: صراحة مو عارفة شلون ارد بس قاعدة على كلامها ووصفها لها 🙈 #hash1 #hash2",1,llama-4-maverick-17b,train,ar,60,ajgt,0
يالطيب حظ اللي يشاركون في المسابقات ومشاهير تويتر .. الناس دايم تتصنع لهم الضحك وتتحمل هزارهم الأبيض 😂 الله يعينكم على تحملنا 😂😂 #حساب_مشاهير #المسابقات_المحليه,1,llama-4-maverick-17b,train,ar,25,ajgt,0
"""اللهم إلا قلبا خاليا من كل سوء"" يارب قلب سليم مليء بالراحة والسكينة 💜 #سعاد_تك",1,llama-4-maverick-17b,train,ar,15,ajgt,0
"🌺كلين 💪🏼 لخسارة الوزن 🎀 واللياقة البدنية 💪🏼 متابعة مستمرة طوال فترة الكورس 🌻 مع متخصصين في التغذية 🌸 ✨لياقة✨ 🌟 حي… # (The rest of the hashtags are assumed to be present, as the original text is truncated)",1,llama-4-maverick-17b,train,ar,39,ajgt,0
أستغفر الله العظيم وأتوب إليه 🌻 #استغفار #توبة,1,llama-4-maverick-17b,train,ar,8,ajgt,0
ولما تتكل القلوب على ربها ، مش هيخليها تتعب من صعوبات الدنيا 🍃 #يارب,1,llama-4-maverick-17b,train,ar,14,ajgt,0
أنا متأكد تماماً ، انو الاشباه في سن الأربعين بينقسموا بين محظوظ و مغادر ومحظوظ 🤣 #اشباهي_الأربعين #حظ #نقود #رحيل 😭,1,llama-4-maverick-17b,train,ar,21,ajgt,0
يوجد ناس ♥️ تسرق اعجابي بسلامة نفسيتهم كل ما تكلمتهم .. احس اني تعلقت فيهم بدون اي مبرر ♥️ #لا_يوجد_ترجمة_محتملة #نص_عربي_اصلي,1,llama-4-maverick-17b,train,ar,21,ajgt,0
تمام كده سطر بس 😂 #هاشتاج,1,llama-4-maverick-17b,train,ar,6,ajgt,0
"الحضور للبرلمان_اليمني أعلى من التوقعات .. يرجى عدم الانجراف وراء القوائم المسربة، ترقبوا حتى الغد .. وغدا سيكون هناك حضور أكبر… # (no hashtags were provided, assuming the original hashtags are kept as is, the output remains the same) 
الحضور للبرلمان_اليمني أعلى من التوقعات .. يرجى عدم الانجراف وراء القوائم المسربة، ترقبوا حتى الغد .. وغدا سيكون هناك حضور أكبر…",1,llama-4-maverick-17b,train,ar,60,ajgt,0
"بجد دماغي تفرمت 😊 #حرفيا #مخي_تعب #تفرمت_مخي is not the correct response as it doesn't keep the same length and tone, a more suitable response would be: صراحة عقلي تفجر :) #حرفيا",1,llama-4-maverick-17b,train,ar,32,ajgt,0
لا تعرف ليش حرقوا الباب نار ** يبيّن أرادوا يطفيان ذاك النور لا تعرف شو صار فاطمة المسمار **,1,llama-4-maverick-17b,train,ar,19,ajgt,0
لما تكون مركز مع حد و فاهم ظروفه و تصرفاته ، بتكون مقتنع انه هيعمل نفس الشيء معاك و هيحس بظروفك ايه اللي صار معاك ساعتها… #احساس #تفاهم 🤔💭,1,llama-4-maverick-17b,test,ar,29,ajgt,0
اللهم أغفر لي وتب علي. الف مبروك للمغفر لهم 🤲. مافيش شي يضاهي النوايا الصادقة 🙏 #استغفروا #التوبة #النية_الصالحة,1,llama-4-maverick-17b,train,ar,19,ajgt,0
"أدعو الله القدير الذي أنبع الماء من الصخرة وجعل في الأكوان دلالات✨ وعلامات ✨ ✨ أن يرزقكم بصحة لا تتبعها مشقة و… # (no hashtags were provided, assuming the rest of the text is the same) 
الله القوي الذي أنبع الماء من الصخر وأوجد في الكون إشارات✨ ودروس ✨ ✨ أتمنى أن يهبكم عافية ليس بعدها أذى و…",1,llama-4-maverick-17b,test,ar,58,ajgt,0
صراحة مش مستعدة للموضوع ده 🌚 #واضحه #مش_مستعدة #لا_اتقبل #لا_اشجع #لا_اوافق #مبهمة #صراحة #مش_جاهزة #لا #لا_ادعم #لا_اشارك #لا_اتحمس #واضح #مش_مقتنعة #لا_اقبل #لا_اوافق #صراحة_مطلقة,1,llama-4-maverick-17b,train,ar,23,ajgt,0
يا محب ♡ الرسول ﷺ ليه تبخل عليه بالصلاة !!؟ علامة حبك ♡ له لما تذكر اسمه و♡ يطلع من شفاهك يا رب زد في♡ الصلاة على ♡ من علمنا ♡… #صل_على_النبي #حب_النبي #الصلاة_على_النبي,1,llama-4-maverick-17b,train,ar,34,ajgt,0
الحمد لله على نعمه واشهد ان لا اله الا هو واستغفره واتوب اليه #خرووج تصبحون ع م تمنوون,1,llama-4-maverick-17b,train,ar,18,ajgt,0
صبحنا يا رب على حبك ❤ #اللهم_بك_أصبحنا,1,llama-4-maverick-17b,train,ar,7,ajgt,0
صباح النور .. يا عشاق العميد ❤️ #الاتحاد #العميد,1,llama-4-maverick-17b,train,ar,9,ajgt,0
الحمدلله قلت صور الفجوة او الشيء الاسود اللي ما افهم شو طلعلي منه 😑 الناس يحاولون يثبتون ان الكون صار بالصدفة وهسه ي… #هاشتاج,1,llama-4-maverick-17b,train,ar,24,ajgt,0
#الهلال_الاهلي #حسين_عبدالغني تسبّب من قبل في مواقف مشابهة أثناء اللعب واليوم كاد أن يوقع إصابة...,1,llama-4-maverick-17b,train,ar,15,ajgt,0
📬#رسالة :لجميع من يعاني ، مهموم ، حزين، محتاج ،يتيم، وغيرهم #وقفة #تدبر قولوا يا من آمنتم بالله واتبعتم رسله اتقوا ربكم…,1,llama-4-maverick-17b,train,ar,22,ajgt,0
هو اللي لما كان اسمه بيبقى موجود ف التشكيل كنا بنتسائل هنفوز بكم هدف مش هنفوز اصلاً… هو اللي اتحرم من حضور مراسم قرعة بطولة افريقيا… # #افريقيا #امم_افريقيا,1,llama-4-maverick-17b,train,ar,29,ajgt,0
عبراتي تنهمر 😭 #BEAUTIFULGOODBYE1STWIN,1,llama-4-maverick-17b,train,ar,4,ajgt,0
حابب اعرف رأيكم في خطيبة الراجل اللي مش مِسلَم على شرفه 😍 #خطيبة_الديوث #رأيكم #زواج #علاقات,1,llama-4-maverick-17b,train,ar,16,ajgt,0
#شكرا_لتفاعلك_وتميزك 🌺🌸🦋 🌺🌸🦋 🔝⭐🔝⭐🔝⭐🔝 🎆🎆⚡رقي🍃 🎆🎆⚡تألق🍃 🎆🎆⚡جمال🍃 🎆🎆⚡تفوق🍃 🎆🎆⚡ابداع🍃 🎆⚡رونق🍃 💞 ⚡⚡ 🌟🌟…,1,llama-4-maverick-17b,train,ar,13,ajgt,0
ايش هالحلقة الي من أولها لآخرها خلتني أذرف دموع 💔 #حسن_الرداد #روبي #شاهد_VIP,1,llama-4-maverick-17b,train,ar,13,ajgt,0
😐 مافي أحد بيستمتع بإجازته لوحده لازم يكون في منافس على الفرحة 💔 #,1,llama-4-maverick-17b,train,ar,14,ajgt,0
حتى لو العياط أخذها وهي في المول برضوا تقول لك يلا مع السلامة تصبح على خير 😂 #حتى_لو_زعلتها #بنت_مول #يله_باي_بنام,1,llama-4-maverick-17b,train,ar,20,ajgt,0
"لن أنسى تلك اللحظة الأليمة ، تلك الصدمة القوية ، تلك اللحظة الأخيرة التي مرت بسرعة ، لن أنسى تذكرهم أبدا .. 💔 _گم… # (no hashtags were provided, assuming it is part of the text) 
لن أنسى تلك اللحظة الأليمة ، تلك الصدمة القوية ، تلك اللحظة الأخيرة التي مرت بسرعة ، لن أنسى تذكرهم أبدا .. 💔 _گم…",1,llama-4-maverick-17b,train,ar,60,ajgt,0
من زمان ما مارست الكوره ولعبت العصر كامل بالأمس ؛ والآن اطير من الفرحه بشكل جنوني 💔 #ليس هناك حاجة لإضافة الوسم هنا لان النص الاصلي لا يحتوي على وسوم، لذلك سأضع الوسوم التي قد تستخدم عادة: #كوره #لعب #زومبي,1,llama-4-maverick-17b,train,ar,40,ajgt,0
مين جاب هالصورة 😳 صباح الجمال ياجوري 🌷 #هه,1,llama-4-maverick-17b,train,ar,9,ajgt,0
سؤال للصبايا : إذا شفتي جوزك مع بنت ثانيه وكان معك مسدس فيه طلقة وحده .. مين حتقتلين .. جوزك ولا البنت؟ 🤔 ومعنا أول قاتله .وهلأ منرجع منيح 😃😂 #سؤال_للصبايا #مجرمه #جريمه #زوج #بنات,1,llama-4-maverick-17b,train,ar,35,ajgt,0
#محمد_عبده_جلسه_الرياض تحتاج تغريداتك لانتشار حقيقي يومي؟! 🔃 ✴️ 📍 تريد رتويت أكثر لتغريدتك ا…,1,llama-4-maverick-17b,train,ar,14,ajgt,0
البليهي عبر عن شعور جماهير #الهلال اتجاه عبدالله المعيوف بشكل موجز ، كل الشكر من القلب 💙 !,1,llama-4-maverick-17b,train,ar,18,ajgt,0
"تنام بدرى👈👈 يبقى انت دجاجة تسهر للصبح👈 يبقى كلب تخطئ👈 يبقى حمار تنسى 👈 يبقى ثور تحب بجنون 👈 يبقى برص يعنى 👈👈… # (No hashtags were provided, so I will keep it as is)",1,llama-4-maverick-17b,train,ar,35,ajgt,0
شفته مرمي وهو لسى جديد يخليك تحزن لانه غالي حيل زي سعر قهوة غراندي هوت وايت موكا دبل شوت 😔 #غير_مهم,1,llama-4-maverick-17b,train,ar,21,ajgt,0
#محمد_عبده_جلسه_الرياض تحتاج لنشر تغريداتك بشكل يومي ومضمون؟! 🔃 ✴️ 📍 تفاعل كبير ينتظر تغريدتك…,1,llama-4-maverick-17b,train,ar,14,ajgt,0
بحلم اعرف 🤯😭 #حقيقه #مصر #السعوديه #الامارات #ابها #جده #مكه #رياض #ksa #uae #موسم_الرياض #الرياض #foryou #اكسبلور #trending #fyp #foryoupage is not present so:  أموت و أعرف 😭,1,llama-4-maverick-17b,train,ar,28,ajgt,0
"الف مبروك يا شباب❤🌸 # (No hashtags were provided, assuming the original had none, but if it did, they should be included as is) 
Since there were no hashtags in the original, the paraphrased text is: 
الف مبروك يا شباب❤🌸",1,llama-4-maverick-17b,test,ar,40,ajgt,0
#الغانم_العيسى_للمقاولات #دمشق_الرياض #جدة 💚تصميم وتركيب المظلات 💚بناء المشبات 💚تجهيز الشويات 💚تصنيع الافران 💚بناء هناجر 💚انشاء مستودعات 💚اعمال ترميمات…,1,llama-4-maverick-17b,train,ar,18,ajgt,0
#منبر_فلسطين إيه اللي بيحصل لو صحيت نايم فجأة 😴؟ هتتفاجئ إن إزعاجك أثناء النوم 😌 شيء خطير جدا 👌😯,1,llama-4-maverick-17b,train,ar,19,ajgt,0
"ماتقدروش تحسبوها ، حسابات ربنا احسن 😊💙 # ( hashtags were missing so I kept it as is, assuming it is part of the original text) 
 متحسبوهاش ، ربنا حساباته احلى .. 💙 
becomes 
ماتحسبوهاش ، ربنا حاسبته ألطف .. 💙 
or 
متستاهلش الحساب ، ربنا حسابه أرحم .. 💙 

Let's try: 
ماتحسبوهاش ، حساب ربنا أحلى .. 💙",1,llama-4-maverick-17b,train,ar,59,ajgt,0
أنا أتوب وأستغفر الله العظيم,1,llama-4-maverick-17b,train,ar,5,ajgt,0
أدركت من خلال تجاربي الحياتية أن الرد على الإحسان بالإحسان هو واجب، وأن مواجهة الشر بالخير هو الأفضل، وأن الإساءة تستحق أن نرد عليها بالإحسان، وأن الخير يجب أن يقابل بالمثل. 🌷… #حياة #عبر #دروس #تجربة #حكمة,1,llama-4-maverick-17b,train,ar,37,ajgt,0
يا صمت إما أن ترفع صوتك أو تمشي زي الرياح ،، مش منطقي تخبي نفسك و بس تجرحني .. 💔 #لا_يعقل #صمت_موجع,1,llama-4-maverick-17b,train,ar,22,ajgt,0
حاسس ان في طاقه كتير عندك الفترة دي و عايز تفضيها هنا,1,llama-4-maverick-17b,train,ar,12,ajgt,0
#الله🤲🏻💘م أنعم علينا بكرمك ولطفك وغفرانك ورضاك ورحمتك وبركاتك وشفائك وغنىً ونجاح وتوفيق وحماية وتسهيل وستر وكرم…,1,llama-4-maverick-17b,test,ar,17,ajgt,0
صدمة لينا أختي لما فاقت ولقت مكياج أمي واضح عليها وهي خارجه 😂 #رعب #مكياج #صدمة,1,llama-4-maverick-17b,train,ar,16,ajgt,0
- أثناء نوبة غضب .. ♡ قالت : خد اللي عايزه وامشي من حياتي فمسك إيدها وقالها : يلا ♡،، #,1,llama-4-maverick-17b,train,ar,21,ajgt,0
بحنلهم لما ارجع واحضن آدم وكريم والله 💜 #بيوحشني #حضن_آدم #كرمه,1,llama-4-maverick-17b,train,ar,11,ajgt,0
استعيذ بالله صرنا بعصر الليزر صار شيء اعتيادي 🙂 حسبنا الله ونعم الوكيل في اللي وصلنا له 💔 #ليزر #عادي #ياربي_لا_تغضب_علينا,1,llama-4-maverick-17b,train,ar,21,ajgt,0
👤 واحد كتبلي:ليه ماتنشرش عن اجتماع الخونة نواب حضرموت في سيئون؟!‼ جاوبت: ياحبيبي الناس دي ماكتبتش حتى عن اجتماع مجلس الامن الدولي اللي كان ضد ال… #اليمن #حضرموت #سيئون,1,llama-4-maverick-17b,train,ar,29,ajgt,0
من الضروري جدا انك تتكيف مع الوضع اللي حواليك 👌 #التكيف_مع_الواقع #المرونة_في_الحياة,1,llama-4-maverick-17b,train,ar,12,ajgt,0
نحتاج للاثنين معاً 😔 #نفس_الاحتياج,1,llama-4-maverick-17b,test,ar,5,ajgt,0
#اخدود_الفيض٢ #منخفض_الفيض ليش توقفوا الدراسه قبل ما تمطر !؟ على الاقل انتظرو لحد ما يبين الوضع بالليل,1,llama-4-maverick-17b,test,ar,17,ajgt,0
#زلزل_الملعب_نصرنا_بيلعب بكره معادنا العالميين شدوا الهمه ي رجاله الوفاء كلنا ثقه في الفوز بإذن الله 💛 💙 💛 💙 💛 ن…,1,llama-4-maverick-17b,train,ar,21,ajgt,0
_بتتمنى ايه -مكان مفهوش زحمة ولا ناس -احسن اصوت من غير م حد يسمعني -اصوت بكل قوتى 💔 #نفسك #مكان_فاضي #صوت_بحرية,1,llama-4-maverick-17b,train,ar,21,ajgt,0
اللي حققوه عالمياً ينحصر في: زواج المسيار 😂. على أساس كانوا داعمين لريال مدريد في مواجهة النصر 🤣 #زواج_المسيار #ريال_مدريد_النصر,1,llama-4-maverick-17b,train,ar,20,ajgt,0
#السعاده_دايما_باقتراب_رمضان 💚,1,llama-4-maverick-17b,train,ar,2,ajgt,0
اللي حققوه عالمياً هو : زواج المسيار ..! . على أساس كانوا بيباركون لصالح ريال مدريد ضد فريق النصر,1,llama-4-maverick-17b,train,ar,19,ajgt,0
الحياة دار تعب وشقاء، مهما اجتهدنا فيها، كل لحظاتها مشقة وتعب، وكأنها كأس عذاب نسقيه لأنفسنا #صباح_الخير,1,llama-4-maverick-17b,train,ar,17,ajgt,0
"ممكن القهوة تكون مغشوشة 🤕 #قهوة #غش #مشروبات #كافيين #قهوتي #يوميات #مزاج #مقهى #كوفي #بن #يومياتي #تصويري #صورة #كاميرا #هاشتاق #قهوة_المساء #قهوة_الصباح #قهوة_مغشوشة #مغشوش #غشاش #كافيهات #مشروبات_ساخنة #مشروبات_بارده #يومي #يوم #يومي #يوميات_شبابية #يوميات_شباب #يوميات_بنات #يومياتي_تصويري #يومي_مشوار_مقهى #قهوتي_المفضلة #كوفي_المفضل #مزاجي_عالي #مزاجي_في_السماء #مزاجي_مختلف #مزاجي_متقلب #يومي_كافيه #كافيه_يومي #يوميات_كافيه #يومي_مقهى #مقهى_يومي #يومي_مشوار #مشوار_يومي #يومي_تصوير #تصوير_يومي #كاميرا_يومي #صورة_يومي #يومي_هاشتاق #هاشتاق_يومي #يومي_قهوة #قهوة_يومي #يومي_كوفي #كوفي_يومي 
can be rewritten as: 
ممكن القهوه تكون مغشوشه 🤕 #قهوة #غش #مشروبات #كافيين #قهوتي #يوميات #مزاج #مقهى #كوفي #بن #يومياتي #تصويري #صورة #كاميرا #هاشتاق #قهوة_المساء #قهوة_الصباح #قهوة_مغشوشة #مغشوش #غشاش #كافيهات #مشروبات_ساخنة #مشروبات_بارده 
becomes 
يمكن القهوه مغشوشه 😓 #قهوة #غش #مشروبات #كافيين #قهوتي #يوميات #مزاج #مقهى #كوفي #بن #يومياتي #تصويري #صورة #كاميرا #ه",1,llama-4-maverick-17b,train,ar,111,ajgt,0
#ساعه_استجابه يا رب لا تبعد عنا كرمك وافر نعمك ودوام عافيتك وكثرة عطاك ، أنت الحليم الذي لا تتعجل ، وأنت الجواد الذي لا ينقص عطاؤك,1,llama-4-maverick-17b,train,ar,26,ajgt,0
"😆 الله يجزيك كل خير 🌈 # same output length and tone is maintained, though no hashtags were present originally, the same is kept as per the original instruction. To follow the instruction to the letter as requested:  الله يجزيك كل خير 🌈😆",1,llama-4-maverick-17b,train,ar,43,ajgt,0
يمكن القول أنه انقلاب عسكري بالفعل، لكن هدفه هو تفادي ثورة الشعب السوداني الحرة والانقضاض عليها… #الحرية_للشعب_السوداني #تسقط_الانقلابات 🚫💥👊,1,llama-4-maverick-17b,train,ar,19,ajgt,0
حاجة سخيفة بتحصل كتير.. عندنا ف المدارس المدرسين الكويسين.. يسيبوا الفصل ويمشوا… #مدارس #مدرسين #تعليم,1,llama-4-maverick-17b,train,ar,15,ajgt,0
هو الملل ياساده 😐 #إنه_الضجر #الملل_قاتل,1,llama-4-maverick-17b,train,ar,6,ajgt,0
البيولوجيين كانوا محتارين في دور الزائدة الدودية، فهل تتوقع لو صمموا الجسم المثالي قبل ما يكتشفوا وظيفتها #الطب #علم_الأحياء #الزائدة_الدودية 🤔💡,1,llama-4-maverick-17b,train,ar,21,ajgt,0
وعليكم السلام ..التواضع صفة من يثق بنفسه و الكبر صفة من يعرف انه ناقص يارب 🍃 اجعلنا من المتواضعين #لا_تتكبر #التواضع_جميل,1,llama-4-maverick-17b,train,ar,21,ajgt,0
لما كانت الهواتف ☎️ مربوطة بحبل . . الناس كانت أكتر انطلاقا 😔 #سہااڕۿ,1,llama-4-maverick-17b,test,ar,14,ajgt,0
أقوى مقطع فيديو إباحي بين شاب وأخته، أوضاع جنسية متعددة وأصوات تأوه: اغتصاب، سحاق، بث مباشر، دياثة 😛 إبريل :31:28 ص #دياثه #سحاقيات #قحبة,1,llama-4-maverick-17b,train,ar,24,ajgt,0
ما قد يبدو لك أمرا عاديا قد يكون جرحا لقلبي 💔 #قد_يؤلم_قلبي_ما_تراه_عاديا #قد_يؤلم_قلبي #جرح_قلبي,1,llama-4-maverick-17b,test,ar,14,ajgt,0
تعرفت عليك بالصدفة ولذلك أصبحت أحب الصدف وأحب الحياة 💜 #حياة #حب #صدفة,1,llama-4-maverick-17b,train,ar,13,ajgt,0
اي حد عادي، بس يكون الموبايل ميت من قلة الشحن وطافي 🙈 #اي_احد_عادي #الموبايل_ميت #طافي,1,llama-4-maverick-17b,train,ar,15,ajgt,0
يارب استودعتك نفسي وكل شي يخصني من فرحة وسعادة و مستقبل فأحفظهم لي و بشرني بكل خير انتظره. __تصبحون ع خير 😴 #لا_يوجد_وسم,1,llama-4-maverick-17b,train,ar,23,ajgt,0
اوهو ماايي جااا 🤷‍♀️ #اووه #مايي #ههه #مايي_قادد #قادد #يضحك #فشله #ضحك #فشل #يقهقه #كوميدي #وناسه #فرفشه #استغفرالله #احبكم #طقطقه #استهبال #استغفر #احب_كم #طقطقه_على_اللي_ما_يضحك #استهبال_تايم #احب_ضحكتي #طقطقه_تايم #استهبال_الان #ضحك_ان #فشله_تايم #يقهقه_تايم #كوميدي_تايم #وناسه_تايم #فرفشه_تايم #احب_اللي_يضحكني #طقطقه_على_اللي_ما_يضحك #استهبال_تايم #احب_كم #طقطقه #استهبال #استغفر #احب_ضحكتي #يضحك #فشله #ضحك #فشل #يقهقه #كوميدي #وناسه #فرفشه #استغفرالله #احبكم #يضحك #فشله #ضحك #فشل #يقهقه #كوميدي #وناسه #فرفشه #استغفرالله #احبكم 🤣👍 #اووه #مايي #ههه #مايي_قادد #قادد #يضحك #فشله #ضحك #فشل #يقهقه #كوميدي #وناسه #فرفشه #استغفرالله #احبكم #طقطقه #استهبال #استغفر #احب_كم #طقطقه_على_اللي_ما_يضحك #استهبال_تايم #احب_ضحكتي #طقطقه_تايم #استهبال_الان #ضحك_ان #فشله_تايم #يقهقه_تايم #كوميدي_تايم #وناسه_تايم #فرفشه_تايم #احب_اللي_يضحكني #طقطقه_على_اللي_ما_ي,1,llama-4-maverick-17b,train,ar,95,ajgt,0
بهالطريقة رحب أهل القلمون بالرئيس الحريري برش الزهور ومطر الورد ❤ #هكذا #القلمون #الحريري,1,llama-4-maverick-17b,test,ar,14,ajgt,0
نظرات تسحر الروح 😌 #حالات_واتس #عشق #حب #اشعار #اكسبلور #خواطر #اغاني #تصاميم #تصميمي #مقاطع #مقاطع_حب #مقاطع_حب_وغرام #حب_وغرام #اشعار_حب #اشعار_غزل #عشق_وغرام #حبايب #احبك #غرام #رومانسية #عشقي #عبارات_حب #كلام_حب #رسائل_حب #خواطر_حب #اقتباسات #اقتباسات_حب #اقتباس #اقتباس_حب #حالات_حب #واتساب #انستغرام #فيس_بوك #تويتر #حب #عشق #غرام #رومانسية #عبارات_حب #كلام_حب #رسائل_حب #خواطر_حب #اقتباسات #اقتباسات_حب #اقتباس #اقتباس_حب #حالات_حب #واتساب #انستغرام #فيس_بوك #تويتر,1,llama-4-maverick-17b,test,ar,55,ajgt,0
صباحات رائعة مثل سحبها☁.. وهوا الصباح البارد اللهم وسع صدورنا ويسهل أمورنا 🌿 وأنعم علينا بالبركة في كل شيء 🌸 #لا يوجد وسم في النص الاصلي لذا تركت ذلك كما هو,1,llama-4-maverick-17b,train,ar,31,ajgt,0
حرام لما تكون ممثل التجريبيه كويس وتغلط في حقها يعني,1,llama-4-maverick-17b,test,ar,10,ajgt,0
لما شخص أكرهه يصورني وأنا ماسك أغنيتي المفضلة,1,llama-4-maverick-17b,train,ar,8,ajgt,0
متعلقه بالاغاني الهنديه بطريقه مهووسه و احس اني بموت فيها :) #الهند #الاغاني_الهنديه #اغاني_هنديه #موسيقى_هنديه #موسيقى #بوليود #bollywood :(,1,llama-4-maverick-17b,train,ar,19,ajgt,0
ادعولي بصدق لين اخلص مذاكرتي وارجع لكم 😔 #صدق #مذاكرة,1,llama-4-maverick-17b,train,ar,10,ajgt,0
تِشوف اللي فاقد غالي يضحّك على نفسه . شنو راح يطيّب جروحه إذا كذب على حاله.. 💔 #حزين #وجع #فقد #غالي,1,llama-4-maverick-17b,train,ar,21,ajgt,0
أم العريس خطفتها سيارة العرسان بالعين العروس مشيتها حلوة كثير و بعدين صارت تعلق آمالها على الشاب و العريس واضح انه بعقل جوزة بجمل #جوزة_بجمل 🤣👰🚗💃 #العرس_العنتري,1,llama-4-maverick-17b,train,ar,27,ajgt,0
يارب يموت وترتاح البشريه من شروره وافتنته بس بصراحه مادري كيف راح يقابل ربه وكل هالاجيال لي قدام بذمته 😎 #انشالله #شروره #افتنته,1,llama-4-maverick-17b,train,ar,23,ajgt,0
مجاراة لتغريدتك بالشيلة الجميلة وماأقول إلاّ سبحان الله عليك تجاوزتي مراحل الذوق والإبداع ذروة التميز في كل تغريدة… #,1,llama-4-maverick-17b,train,ar,19,ajgt,0
صار في ناس بفقدوا ثقافتهم وبدهم يفرضوا علينا ثقافات تانية بيعرفها الكل، لما بشوف هيك شي بوقف 🤔 #ثقافة #هوية #مقاطعة #ثقافة_ال Avatar 🌟👀 #أصل_الثقافة,1,llama-4-maverick-17b,train,ar,25,ajgt,0
بمشيئة الله، شهر رمضان سيشهد أكبر تجمع مهيب لنادي #الهلال وستعود هذه العظمة لمحبيها 💙,1,llama-4-maverick-17b,train,ar,15,ajgt,0
فوز #الهلال الليلة يعود لأحد الأسباب الرئيسية وهو تألق المعيوف الذي أنقذ فريقه من عدة أهداف محققه وظهر بمستوى أكثر من رائع,1,llama-4-maverick-17b,train,ar,22,ajgt,0
"📹 ""جاهزون؟"" - أبريل ، #hashtag1 #hashtag2 (assuming there were no actual hashtags in the original, I'll leave it as is, but if there were, they should be kept the same) 
Let's correct that to fit the exact format required without assuming or adding anything not present:
 📹 ""هل أنتم على أتم استعداد؟"" - ابريل ،",1,llama-4-maverick-17b,train,ar,56,ajgt,0
"مابقى حل ثاني 🤕 #غير_كذا_مستحيل #مستحيل_غير_كذا should be rewritten to: 
مابقى حل ثاني 🤕 is not the correct paraphrase of the given text. Here is the correct paraphrase:
غير هيك مستحيل 😔 #غير_كذا_مستحيل #مستحيل_غير_كذا is not needed, the correct output is 
مافي احتمال غير هيك 😔",1,llama-4-maverick-17b,train,ar,46,ajgt,0
"سر قوتنا دائماً بعد الله هي وجودكم 🌹💙 ألف مبروك 💙 نشكر الله و نحمد الله 🙏 # (No hashtags were provided, so I'll keep it as is, assuming it's part of the original text or not needed) 
However, since the original text does not include any hashtags, the correct paraphrased text is:
سر قوتنا دائماً بعد الله هي وجودكم 🌹💙 ألف مبروك 💙 نشكر الله و نحمد الله",1,llama-4-maverick-17b,train,ar,69,ajgt,0
/4/12 - الاتحاد يحصل على لقب الدوري. /4/12 - الاتحاد على حافة الهبوط. مرت الأيام بتبدل الأحوال .. فلا هم يبقى… #الاتحاد #الدوري #كرة_القدم ⚽️😂,1,llama-4-maverick-17b,train,ar,25,ajgt,0
عندنا فالبيت مش بنهتم بالنايم خالص 💔 #احنا #فالبيت #مش #بهتم #بالنايم #خالص,1,llama-4-maverick-17b,train,ar,13,ajgt,0
مش خيار و لا مش خيار 🤣 #خار_مشت_نمونه_خلوار #شعب_الضحك #فكاهة #كوميديا,1,llama-4-maverick-17b,test,ar,11,ajgt,0
"صباح الخير أبو تالا، مبروك للزعيم الفوز يالغالي، لاحظت إن كثير من تغريداتك فيها هالعين 👁️، شنو السر وراها؟ 🤔 يمكن ليها مدلول عند جماعتكم 👌؟ #تغريدات #الزعيم #صباح_الخير has been removed as per your request to not include it, here is the revised response: 
صباح الخير أبو تالا، مبروك للزعيم الفوز يالغالي، لاحظت إن كثير من تغريداتك فيها هالعين 👁️، شنو السر وراها؟ 🤔 يمكن ليها مدلول عند جماعتكم 👌؟",1,llama-4-maverick-17b,train,ar,71,ajgt,0
كانت دموعها تنهمر كل مساء لتخفيف ألم جروحها ، وفي كل ليلة تسمع النجوم وهي تقول لها أكنتِ يوما جزءا من عائلتنا ؟! أتحترقين الآن ؟!,1,llama-4-maverick-17b,train,ar,26,ajgt,0
"تصرفه طبيعي .. كل الأطفال يعملون نفس الشيء 😒 #كلامه_عادي #كل_الأطفال_يسوون_كذا is not needed as per the instruction, so:  تصرفه طبيعي .. كل الأطفال يعملون نفس الشيء 😒",1,llama-4-maverick-17b,test,ar,28,ajgt,0
بقينا في نظركم ناس تانيه عشان مبنعملش اللي بيعجبكم ✋ #غير_مزاجك #متغيرناش,1,llama-4-maverick-17b,train,ar,12,ajgt,0
تكتب انها تريد الابتعاد عن الناس كلهم 😳 وهي لو حبسوها داخل الحمام فضلت تعيط 🌚😂🥊🤣 #الضحك_حياة #المراهقة_ليست_مرضا #مشاعر_مراهق #المراهقة_و_البكاء #البنات_و_الضحك,1,llama-4-maverick-17b,test,ar,21,ajgt,0
يارب إذا فرحتني بشي فخلّ نصيبه للي أحبه ♡ صباحكم سعادة #يوم_جميل #سعاده,1,llama-4-maverick-17b,test,ar,13,ajgt,0
"ليه مصدع الصبح كده؟ بتخلف 😑 — روح اتفسح 🖤 #hash1 #hash2 (assuming there were some hashtags in the original, if not, here is the output without them) ليه مصدع الصبح كده؟ بتخلف 😑 — روح اتفسح 🖤",1,llama-4-maverick-17b,train,ar,38,ajgt,0
"يا رب سامحنا على أخطاء خبأتها .. 🤕 ماحدش عرفها غيرك 😢😢 # (no hashtags were provided, assuming it's part of the text) 
اللهم اغفر لنا معاصينا التي أخفيتها .. 😢 ما يعلمها غيرك انت وحدك عالم بيها 😢😢",1,llama-4-maverick-17b,train,ar,39,ajgt,0
📌 الفيفا تركت الهيئات القارية والاتحادات المحلية جانبا وتجاهلت القضايا الدولية والمشاكل المتعلقة بتنظيم كأس العالم والمسابقات الخاصة بالأندية... #كأس_العالم #فيفا,1,llama-4-maverick-17b,train,ar,21,ajgt,0
"صباح الخير يا أساتذة الطب في الصباح الباكر 😔 #يا_صباح_الدكاتره #صبحكم_فل #يا_دكاتره #صبح_الخير #دكاتره_المستقبل #صبح_الورد #يا_دكتور #صبحكم_ورد #دكاتره_اليوم #دكاتره_مصر #دكاتره_مستقبل #صبح_الهنا #دكاتره_وافتخر #يا_دكاتره_مصر #دكاتره_الطب #دكاتره_المستقبل_المشرق #صبح_الفل #دكاتره_اليوم_المشرق 
(I'll just output the paraphrased text) صباح النور يا أطباء في الصباح 😔",1,llama-4-maverick-17b,train,ar,40,ajgt,0
4.19 || أخيرا الفيديو الموسيقي Boy with luv حقق M مشاهدة على اليوتيوب في حوالي ساعة! 🔥🔥… #M #BoyWithLuv,1,llama-4-maverick-17b,train,ar,19,ajgt,0
"- صباح الخير 🌞 "" كل ابتسامة بتطلع من وراك خير 🕊' # same hashtags aren't present so I'll just keep the text as is: - صباح الخير 🌞 "" كل ابتسامة بتطلع من وراك خير",1,llama-4-maverick-17b,train,ar,36,ajgt,0
مشجعي الهلال يرددون أنشودة #الاتحاد عقب مباراة الأهلي في الجوهرة ليلة أمس 😃,1,llama-4-maverick-17b,train,ar,13,ajgt,0
الحلقة القادمة امتى 🙂 #متى #الحلقة_الجاية,1,llama-4-maverick-17b,test,ar,6,ajgt,0
صباح الرضا النفسي 💜 #الصديقية_الشاذلية,1,llama-4-maverick-17b,train,ar,5,ajgt,0
متابعينا : المشتت المحطم ! كم مرة : اعطى .. وماحصل على شيء ! كم مرة : التزم .. وماوجد تقصير ! كم مرة تأذى .. ولم يجد رد… #نفس_الكلام #مشاعر_مبعثرة,1,llama-4-maverick-17b,train,ar,31,ajgt,0
🐶 هل تعتقد أنك ستتمكن من مشاهدته دون أن تبتسم؟ 🐻 أجل . 🐶 إذاً جرب ألا تضحك أثناء المشاهدة، إذا نجحت سأكون على ما يرام . 🐻 كيف ذلك؟ لأنه في الحقيقة… #🤣 #😂 #🐶🐻,1,llama-4-maverick-17b,test,ar,36,ajgt,0
صباح الورد 🌹 ايش بمقدوري اساعدك فيه؟ #لا_يوجد #hashtag,1,llama-4-maverick-17b,train,ar,9,ajgt,0
يا ريت اللي يوصفوا المطر يصبرون شوي قبل ما يحكموا عليه و يستنوا لين ينتهي، أشوف كثير أوصاف مبالغ فيها <خرافية> <غزيرة جداً> ما تنحط إلا بعد ما يخلص المطر 🤔💦 #مطر_جدة #امطار_جدة #سيول_جدة,1,llama-4-maverick-17b,train,ar,34,ajgt,0
"انت صحيح بس شنو الحل 💔 #... (assuming there are hashtags in the original post, they should be kept as is) 
Let's assume the original post had no hashtags, so: انت صحيح بس شنو الحل 💔",1,llama-4-maverick-17b,train,ar,36,ajgt,0
شي مستحيل أن ناصر القصبي يقول كلام كذا 😳 اللي ما يعرف يطلع جملة مفيدة في أي لقاء تلفزيوني وتخلص الحلقة… #ناصر_القصبي #المشاهير #السعودية,1,llama-4-maverick-17b,test,ar,24,ajgt,0
مو بس بالأسواق، بكل مكان 😊 #كلشي_غالي,1,llama-4-maverick-17b,test,ar,7,ajgt,0
ابغى جمل مميزة لهدايا الصغار وهدايا امهاتهم 😘 #هدايا #امهات #اطفال,1,llama-4-maverick-17b,train,ar,11,ajgt,0
اللهم لك الحمد على كل النعم التي تغمرنا دائما 💛 #الحمدلله,1,llama-4-maverick-17b,train,ar,11,ajgt,0
كل إنجاز يستحق الفرحة، لكننا بنتظر الفرحة الحقيقية والاحتفال الأكبر، اللي بتلخص في تحقيق كل المطالب والأهداف 🤩🎉 #انتظار_الفرحة #تحقيق_الأهداف #مطالبنا_اولا,1,llama-4-maverick-17b,test,ar,21,ajgt,0
يكذبون حتى مايجرحونا و هل صار الكذب وسيله للتعامل بلطف 🎀 #تووق,1,llama-4-maverick-17b,train,ar,12,ajgt,0
ابي اشوف ردة فعله هففت الله ياخذ سنابهم ايش راح يخسروا لو خلوه يكمل اعلان 😭 #هاشتاغ,1,llama-4-maverick-17b,train,ar,17,ajgt,0
يارب يستجيب دعاك ولو صار فعلا راح اكون مديون لك 😂 صعب أوي بصراحة وما اظن شي,1,llama-4-maverick-17b,train,ar,17,ajgt,0
"السوء محال يصيبك ياقلبي 💞 ربي يحميك ويخليك ليا ياغالية 🌷🌷 # (No hashtags were provided, assuming the original post didn't have any, if it did, it should be included as is) 
To follow the format to the letter as requested and assuming there were no hashtags:
السوء محال يصيبك ياقلبي 💞 ربي يحميك ويخليك ليا ياغالية",1,llama-4-maverick-17b,train,ar,57,ajgt,0
"عندما يرعاك الله، يسهل لك كل شيء، حتى لو بدا لك مستحيلاً "" يارب كن لي ولياً فيمن وليتهم"" ✨ # (no hashtags were provided so I'll keep it as is)",1,llama-4-maverick-17b,test,ar,31,ajgt,0
تمام يا حماده 🌚😂 #حاضر #تمام,1,llama-4-maverick-17b,train,ar,6,ajgt,0
صورة من عندي,1,llama-4-maverick-17b,test,ar,3,ajgt,0
الضباب الدخاني هو أشد الملوثات ضررا,1,llama-4-maverick-17b,train,ar,6,ajgt,0
فنانى المفضل فى مرحلة مراهقتى كان نيو ايامها كنت بحس 😭 #حنين_للماضى,1,llama-4-maverick-17b,test,ar,12,ajgt,0
🤲إلهي أقبل عليك متوجها لا هاربا🍃 أتمنى قبولك كما تمنيت عفوك 🌼 لأنني حتى لو سلمت قراري للعشق🍃 نفسي ستظل دائما راجية المغفره 🌼… #لا_اله_الا_الله #يارب #استغفر_الله,1,llama-4-maverick-17b,train,ar,27,ajgt,0
والله تكفوون بلا ترانزيت احسن و خلوا اللي جاهدوا واجتهدوا و طلعوا بعرقهم يجونا ومانبي ترانزيت الغووه # # 🚫💔,1,llama-4-maverick-17b,train,ar,20,ajgt,0
يوم الأحد جميع طلاب الهندسة لازم يكونوا حاضرين الساعة 30: لنشوف إذا في حدا شبيه لسندس؛ إذا البنت طلعت متل سندس؛ رح نعمل عزيمة,1,llama-4-maverick-17b,train,ar,24,ajgt,0
صور للشاشة الرئيسية مذهلة ✨ #مناظر_طبيعية #خلفيات_مميزة,1,llama-4-maverick-17b,train,ar,7,ajgt,0
في عيني دموع إذا حبستها، تخنقني.. اشتياق لمن رحلوا عني 💔 لما أنشدت شعرا في تأبينهم.. انفجرت باكيا… #حتىٰ #البين #شوق,1,llama-4-maverick-17b,train,ar,21,ajgt,0
#الهلال_الاهلي #حسين_عبدالغني مسبقا حصلت معاه حالات مشابهة داخل الملعب واليوم كاد يتسبب في اذية…,1,llama-4-maverick-17b,train,ar,14,ajgt,0
الناس راقده و الشمس لسه طالعه 🙂 #نفس_الشي #كل_يوم_نفس_الروتين,1,llama-4-maverick-17b,train,ar,9,ajgt,0
مانالني وجع فراق ولا قهرني نسيان غياب، اللي قهرني اني اصفيت نواياي وانصدمت !,1,llama-4-maverick-17b,test,ar,14,ajgt,0
يا رب يجيلنا اليوم اللي نفرح فيه بجد، احنا مبنعرفش نفرح غير لما نبص على التلفزيون 😭 #الله_يفرحنا #نفرح_بجد,1,llama-4-maverick-17b,train,ar,19,ajgt,0
"يا الله، صبر جميل و قلب رحب و رضا كبير و نور من عندك ✨ # (no hashtags were given so I'll keep it as is, assuming the original had no hashtags or they were not provided) 
يا الله، إصبرنا بصبر حسن و وسع قلوبنا و أعطنا الرضا و أنرنا بنور من عندك ✨",1,llama-4-maverick-17b,train,ar,54,ajgt,0
"يا بوفا يالله 😪 # (The given text does not contain hashtags, so none are added here, but if there were, they would be kept the same) 
Since there are no hashtags in the original, the output remains:
يا بوفا يالله",1,llama-4-maverick-17b,train,ar,41,ajgt,0
✿↜ ﴿ وما كان ربك نسيا ﴾ من اعتاد على العطاء لن توقفه انتكاسات الحياة .. سيأتي يوم وتُرد إليه عطاياه 🌹💫 #وَمَا_كَانَ_رَبُّكَ_نَسِيًّا #العطاء #الامتنان,1,llama-4-maverick-17b,train,ar,25,ajgt,0
ماتضحكش عالناس.. ده مش شبهك خالص,1,llama-4-maverick-17b,train,ar,6,ajgt,0
في تمام الساعة الثانية والنصف ليلا، استيقظ من نومه ليصلي قيام الليل، توضأ، فرد سجادته ثم فقد وعيه وسقط أرضا، و #صلاة_الليل #الصلاة #رمضان 🌙💔,1,llama-4-maverick-17b,train,ar,25,ajgt,0
اللي بيبقى مقياس الحب بالنسبالي هو إني مااستحملش أكون قدام حد وهو زعلان مني ✌ #الحب #المحبة #حب #علاقات #حب_حقيقي,1,llama-4-maverick-17b,train,ar,20,ajgt,0
"أنت الواحد الأحد، إني ظلمت نفسي، تسبيحاً لك 🌹 #لا_إله_إلا_أنت_سبحانك_إني_كنت_من_الظالمين is not needed as the original post doesn't contain it, so: أنت الواحد الأحد، إني ظلمت نفسي، تسبيحاً لك",1,llama-4-maverick-17b,train,ar,29,ajgt,0
يا رب سامحنا وارحمنا وتجاوز عن اخطائنا وثبتنا على رضاك وحسن عبادتك واجعل نهايتنا في الجنه 🌹💕 #اللهم_امين #الجنه_غايتنا #طاعة_الله #يارب 🌸💛…,1,llama-4-maverick-17b,train,ar,22,ajgt,0
والله انا فاضي لحفلتك تو 🤣 #اي #حفله,1,llama-4-maverick-17b,test,ar,8,ajgt,0
يا جماعة والله لحد الآن ما حققنا من مطالبنا غير مطلب واحد بس .. ياريت الناس ما تفقد الأمل,1,llama-4-maverick-17b,test,ar,19,ajgt,0
"جماهيرنا : الضايع المحطم ! كم مرة : اعطى .. وما اخد : شي ! كم مرة : صدق .. وما صار "" تقصير "" كم مرة تأذى .. وما لق… # #",1,llama-4-maverick-17b,train,ar,33,ajgt,0
توقعت اني بروح باسكن روبنز صرت احبه :( #باسكن_روبنز,1,llama-4-maverick-17b,train,ar,9,ajgt,0
🌸 عندما تشتعل بداخلك النيران ستنعكس في الأجواء وسيظهر الاضطراب جليا.. لطفا بنفسك.. 😉,1,llama-4-maverick-17b,train,ar,14,ajgt,0
"نطقت لها باسمها؟ 😭 #... (assuming there are some hashtags that were not provided, the response will be the same as the original if the hashtags are kept the same) 
كلمت هذيك عن اسمها ؟ 😭 becomes 
نطقت لها باسمها ؟ 😭 # (same hashtags as the original post) 
Let's assume the original post has no hashtags other than what's visible: 
نطقت لها باسمها؟ 😭",1,llama-4-maverick-17b,test,ar,65,ajgt,0
"⠀⠀⠀⠀⠀ كذاب يقول اخويه تسووو ملايين شنو ذا صديقي المليون هالكثر 😴 # (no hashtags were provided, assuming it is part of the text, if not, please add the original hashtags) 
⠀⠀⠀⠀⠀كذاب يقول اخويه يسوى ملايين صديقي وش دخله المليون ذا 😴 
However, here is the revised response:
⠀⠀⠀⠀⠀ كذاب يقول اخويه يسوى ملايين صديقي وش دخله المليون ذا 😴",1,llama-4-maverick-17b,test,ar,60,ajgt,0
"السادة العرب الأفاضل 😎 نحن الشعب الكسول النائم، أول شعب عربي أفريقي نوبي يطالب برحيل رئيس ونظام بأكمله، أول شعب يقوم بخلع... #... (the rest of the hashtags are not provided, so I'll assume they are not available, if you provide them I'll be happy to include them) 
Since the original hashtags weren't provided, I'll keep the response as is, without adding any hashtags.
السادة العرب الأفاضل 😎 نحن الشعب الكسول النائم، أول شعب عربي أفريقي نوبي يطالب برحيل رئيس ونظام بأكمله، أول شعب يقوم بخلع...",1,llama-4-maverick-17b,train,ar,86,ajgt,0
بس يا روحي لا تتأخر 🎶 #حبيبي #انتظار #اشتياق,1,llama-4-maverick-17b,train,ar,9,ajgt,0
"- تبتسم لإن العيشة مش مستاهلة تذل نفسك ⇡ 💙 # (no hashtags were provided so I'll keep it as is, assuming it's part of the text or not needed) 
- تبتسم لإن العيشة مش مستاهلة تذل نفسك ⇡ 💙",1,llama-4-maverick-17b,test,ar,40,ajgt,0
مافي مشكله لو سرقت الفكره 💌 مالنا دخل فيها 😏 المهم ان حبيبي سويلي بلوك واشتقت له 😍😍 #احبك #مشتاقلك,1,llama-4-maverick-17b,test,ar,20,ajgt,0
السحب على الايفون الليلة 🤑.. اعمل رتويت للبوست المرفق واتبع التعليمات 👇 #ايفون #مسابقة #السحب #جوائز #شروط #رتويت,1,llama-4-maverick-17b,train,ar,18,ajgt,0
"صباحك خير يا رب 🌹 # same output is not possible as the original text does not contain a hashtag, however a possible paraphrase is: يارب صباحك خير 🌹",1,llama-4-maverick-17b,test,ar,29,ajgt,0
⛔ هذه أبشع مقولة عند المرجئة . السنة للخلال #المرجئة #السنة_للخلال,1,llama-4-maverick-17b,train,ar,11,ajgt,0
"وش الفايده الحين 😏 #... (it seems the original post was cut off, if you provide the full original post including any hashtags, I can give a more complete paraphrase) 
Let's assume the original post was: ما يفيد الحين 😏 #مايهم
Then the paraphrased text is: وش الفايده الحين 😏 #مايهم",1,llama-4-maverick-17b,train,ar,51,ajgt,0
بسبب تواجد ليفربول لسنوات في اليوروبا ليغ، ناهيك عن المرّات اللي حل فيها ثامن وتاسع وصار الفريق من غير مشاركات أوروبية… #ليفربول #اليوروبا_ليغ,1,llama-4-maverick-17b,train,ar,23,ajgt,0
#إقترب_زفاف_ جميلتي بعد شهور قليلة ستصبح أجمل فتاة عروساً ألف مبروك يا جميلتي 💍💐 ربي أكمل فرحتها وأسعدها إلى الأبد,1,llama-4-maverick-17b,test,ar,20,ajgt,0
خلص تماماً,1,llama-4-maverick-17b,train,ar,2,ajgt,0
البحر والإله 😣 #الله #البحر,1,llama-4-maverick-17b,train,ar,5,ajgt,0
كن كل شيء لنفسك 😉❤ #كن_نفسك #حب_الذات #تفائل #امل #تحفيز #تطوير_الذات #تنمية_بشرية #ايجابية #تفاؤل #امل #طاقة_إيجابية #تحفيز_نفسي #حب #سعادة #نجاح #تطوير #تحفيز_الذات #كن_ايجابي #كن_قوي #لا_تستسلم #انت_قوي #قوة_التفكير #قوة_الإرادة #تحقيق_الاهداف #احلم #حقق_حلمك #كن_لنفسك_كل_شيء ❤ #كن_محفزا #كن_ملهماً #كن_شجاعا,1,llama-4-maverick-17b,train,ar,36,ajgt,0
#الاتحاد_النصر مو متذكرين انكم نسيتونا ياللي لابسين طواقي ومابنطلب منكم توقفون معنا احنا مانبي جماهير تابعنا بدون وعي في يوم من الايام صفقت للكوري…,1,llama-4-maverick-17b,test,ar,24,ajgt,0
نظركم متجه للسودان بينما انا ببصير على لبنان,1,llama-4-maverick-17b,train,ar,8,ajgt,0
كل حدا طلع مع امه بالسيارة ورجع لبيته 😂😂 #كل_واحد_ركب_السيارة_مع_امو_ورجع_على_بيتو #لا_تعليق,1,llama-4-maverick-17b,test,ar,11,ajgt,0
بدي انهي هالموضوع بسرعة,1,llama-4-maverick-17b,test,ar,4,ajgt,0
بمناسبة انتصار الهلال .. 💙 سحب على هاتف آيفون XR📱 اعمل رتويت وتابعنا - السحب بعد ساعة موثق بالفيديو,1,llama-4-maverick-17b,train,ar,19,ajgt,0
#الوتر_جنة_القلوب لك الحمد يا الله وأشهد أنك الإله الوحيد أستغفرك وأتوب إليك بعد تسبيحي لك #كفاره_المجلس,1,llama-4-maverick-17b,train,ar,16,ajgt,0
والله شهيد على أن قلوبنا كانت أنقى من أن نخذل أو نجرح أو نخون، ومع ذلك تعرضنا للأذى من كل شيء ولم نحصل على أي شيء 💔 #,1,llama-4-maverick-17b,test,ar,28,ajgt,0
أنا باكل الطبق كلو من غير تفكير 😐 #اكل_صحي #اكل_بسرعة #food #yum,1,llama-4-maverick-17b,train,ar,12,ajgt,0
"أحسن تعليق سلبي يوضح أي شيء 🤔 #... (assuming the original post had some hashtags that are not shown here, the paraphrased text should still have the same hashtags as the original, even if they are not visible) 
Let's revise that to: أحسن تعليق سلبي يوضح أي شيء 🤔 # (no hashtags are given so we keep it as is)
The revised output is: أحسن تعليق سلبي يوضح أي شيء 🤔",1,llama-4-maverick-17b,train,ar,71,ajgt,0
أنا بقسم باللي بيحل القسم أن الهلال وأنصاره وصلوا لمرحلة من الدلال والفساد والرعاية لدرجة أنهم بقوا زي الأطفال المدللين 🤷‍♂️ #الهلال #الفساد_الرياضي,1,llama-4-maverick-17b,train,ar,23,ajgt,0
يارب ترجع لصحابك وترجع للي بيفكر فيك 🥀 مهما طالت فترة بعدك عنهم,1,llama-4-maverick-17b,train,ar,13,ajgt,0
♥ اسمح لنفسك بالاسترخاء واترك العالم يتجمد في مكانه…💭 #طيب_اثرك #ومضه_حرف #حروف_بعطر_المسك,1,llama-4-maverick-17b,train,ar,12,ajgt,0
"فين صاحبة الاحلام الجريئة يا ناس 😂🤦🏼‍♀️🤦🏼‍♀️🤦🏼‍♀️ # same output is expected without the hashtags, so: فين صاحبة الاحلام الجريئة يا ناس",1,llama-4-maverick-17b,train,ar,22,ajgt,0
يا رب هب لي سعادة تنعش قلبي وتجعل للحياة معنى 🌸 #اللهم_ارزقني_فرحة #سعادة #تفاؤل,1,llama-4-maverick-17b,train,ar,14,ajgt,0
يكفي يكون في تطبيق واحد ع الموبايل يا تويتر يا فيسبوك. اللي مركب فيسبوك ماينزل تويتر 😏 #تويتر #فيسبوك,1,llama-4-maverick-17b,train,ar,19,ajgt,0
الصبح رايق .حلوة قوي وفيها روح 😂 #صباح_الفل #جميلة_أوي,1,llama-4-maverick-17b,train,ar,9,ajgt,0
ماهو شعار إنفينيتي المخفي في الجملة بالصورة؟ 🤔 #INFINITIME,1,llama-4-maverick-17b,train,ar,9,ajgt,0
"مافهمت الا الجمال واضح اني متجننه جمال جمال 😣 # same hashtags are expected but not provided, assuming it's not required to be literally the same, a similar output would be:  مافهمت غير الجمال واضح اني اتجننت جمال جمال 😣",1,llama-4-maverick-17b,test,ar,40,ajgt,0
"💫أمنحني صبر أيوب.. وامنحني حكمة لقمان 💫أرشدني إلى طريق الخير.. واحفظني بالخير في أوقات الشدة 💫اللهم استرني بين الناس… # (no hashtags were provided so they remain the same, assuming they were part of the original text) 
يصبح: 
 💫أمنحني صبر أيوب.. وامنحني حكمة لقمان 💫أرشدني إلى طريق الخير.. واحفظني بالخير في أوقات الشدة 💫اللهم استرني بين الناس…",1,llama-4-maverick-17b,train,ar,57,ajgt,0
انا بس اللي حاسة انهم مختلفين تماما عن بعض! 🤔 #ليش_مش_شبهين #مختلفين_جدا,1,llama-4-maverick-17b,train,ar,12,ajgt,0
*بكل بساطة هذا هو الهلال: يعتمد على الحظ وهدايا الحكم، لاعب الأهلي طردوه و تجاهلوا طرد البريك اللي كان مستاهل 🤷‍♂️ #الهلال #الأهلي #تحكيم_ظالم,1,llama-4-maverick-17b,train,ar,24,ajgt,0
الأوضاع صعبة ومحد في باله 🤕 #الوضع_مأساوي #نطالب_بالتغيير 💔,1,llama-4-maverick-17b,train,ar,9,ajgt,0
"يارب العالمين استجب 🙏 #اللهم_آمين_يارب #يارب 🙏 -> revised to: يارب استجب دعواتنا 🙏 #يارب #اللهم_آمين_يارب 
The final response is: يارب استجب دعواتنا 🙏 #اللهم_آمين_يارب #يارب",1,llama-4-maverick-17b,train,ar,26,ajgt,0
بس ما حدا بيقدر يتخلص من مرته لما تطلع روحها عليه، الله يكون بعون الرجال على لسانهن 🤦🏻‍♂️ 😣 #لسان_المرأة #زواج #مشاكل_الزواج,1,llama-4-maverick-17b,train,ar,22,ajgt,0
"♥️🎁 مسابقة ربح 🎁♥️ ""_ شروط الاشتراك 👌_"" ( فولو + إعادة تغريد ) 🎁وتكون من الرابحين 🎁 🌹 حظ موفق للكل 🌹 ⏰النتائج بعد يومين ⏰ # (There are no hashtags in the original text, so none are included here, but if there were, they would be preserved)",1,llama-4-maverick-17b,test,ar,49,ajgt,0
بعد مباراة #الهلال_الاهلي التي ختمت بسيطرة الزعيم بأربعة أهداف .. يا رب تتعاد القصة لزعيم آسيا 💙 💪,1,llama-4-maverick-17b,train,ar,18,ajgt,0
"بصراحة مو مشكلة 💔 #حياة #عادي #نصائح #مشاعر #احاسيس #حب #فراق #وداع #حزن #الم #وجع #اكسبلور #explore #fyp #foryou 
should be rewritten to 
مو غريب الحكاية 💔 #حياة #عادي #نصائح #مشاعر #احاسيس #حب #فراق #وداع #حزن #الم #وجع #اكسبلور #explore #fyp #foryou 
However, to follow the exact same length and tone as the original post which is very short ""اصلا عادي 💔"", a more suitable paraphrase would be 
طبيعي جدا 💔",1,llama-4-maverick-17b,train,ar,71,ajgt,0
#متى_تزين_دنياك يا رب سنداً ثابتاً لا يتعب ولا يميل ولا يتجاهل ولا يختفي ولا يخون ولا يرحل ولا يتكل .. .. حتى ال…,1,llama-4-maverick-17b,train,ar,23,ajgt,0
😂😂 ياخي والله. المشكلة الكبيرة الصمون بس لفتك بيها عيب بالقص شلون متخيلها عينة قص 😁 #لا_توجد_ترجمة_محتملة_لانه_مطلوب_نص_عربي_فقط,1,llama-4-maverick-17b,train,ar,17,ajgt,0
"سر قوتنا دائماً بفضل الله أنتم 🌹💙 ألف مبروك 💙 الحمدلله و لله الشكر 🙏 # (assuming there were no hashtags originally, if there were, they should be preserved as is) 
However, to follow the format to the letter as requested and assuming the original post had no hashtags, the output should be:
سر قوتنا دائماً بفضل الله أنتم 🌹💙 ألف مبروك 💙 الحمدلله و لله الشكر",1,llama-4-maverick-17b,test,ar,67,ajgt,0
دجله هاي 😒 شلون تغيرتي كتير 😥 ما متوقع انك تصيرين هيج ام الشر بدل ام الخير 🤚 . . #غرق_العباره_في_الموصل #عطوره💕 #شوشو💕…,1,llama-4-maverick-17b,train,ar,23,ajgt,0
☀ شروق صباحي جميل ☀ 📖📝ثلاثاء مبارك - - اترك أثرا رائعا ؛ حين تمر بمشاعر من حولك ،، تجعلهم يبتسمون ويدعون لك بخير.. #صباح_الخير,1,llama-4-maverick-17b,test,ar,25,ajgt,0
ادعوا لياسين بالشفاء العاجل هو في أمس الحاجة لكل دعوة دلوقتي وهتكون سبب في تحسن حالته ❤ يارب اشفي كل جسد منهك لا أحد يعلم بوجعه #اللهم_اشفي_مرضانا #يارب_اشفي_كل_مريض 🤕❤,1,llama-4-maverick-17b,train,ar,29,ajgt,0
#وش_تعلمت_من_الدنياء الدنيا ضربتني على راسي ولحد الان لابس السماعة 🌚,1,llama-4-maverick-17b,train,ar,10,ajgt,0
يرحم الله الوالد يارب اشتقتله بجد 💔 #المقدم_عبدالرزاق_الملحم #مطر #ساعة_إجابة,1,llama-4-maverick-17b,train,ar,10,ajgt,0
لما كنت طفله كنت بشوفه ( زاحف),1,llama-4-maverick-17b,train,ar,7,ajgt,0
🔴 عسل المجرى للثنائيات المتزوجات 🔴 ✔ أقوى مقويات الأداء الجنسي ✔ ✔ بتركيبة من المكونات الطبيعية [ % ] ✔…,1,llama-4-maverick-17b,test,ar,21,ajgt,0
بجد ظلمت أبو عمار 😎 #حقيقي,1,llama-4-maverick-17b,train,ar,6,ajgt,0
"مبروك يا قمر، وجهك منور بذاته، مالك حاجة للفلاتر 😭 #... (assuming there are no hashtags in the original, the output will be the same as the original; if there are, they should be kept the same) 
وجهك مش محتاج فلتر يا روحي، هو أصلا فلتر 😭",1,llama-4-maverick-17b,train,ar,47,ajgt,0
ما تخلي حدا يحكيلك إنو البلد مافيها فايدة ! إنت كبير كفاية تعرف شو صاير 🐸 #لا_لليأس #أمل #بلدي,1,llama-4-maverick-17b,train,ar,19,ajgt,0
مراهقة ثانوي مع خطيبها تصوير سري: فضيحة منحرفة اغتصاب ونهود فتاة سيئة السمعة 😠 إبريل :52:34 صباحا,1,llama-4-maverick-17b,train,ar,17,ajgt,0
"عافاك الله 🌹 # (no hashtags were present so I left it as is, if there were I would have kept them) 
However, to follow the exact format as requested:
عافاك الله 🌹",1,llama-4-maverick-17b,train,ar,33,ajgt,0
"""من الأول"" ""تجارة انجلش المنصورة""",1,llama-4-maverick-17b,train,ar,5,ajgt,0
قيل.. أن الشامة قطرة حبر إلاهية سقطت بالخطأ ليزيد المكان جمالا _ سبحان من زينك,1,llama-4-maverick-17b,train,ar,15,ajgt,0
للمرة الثانية يا عبقري 💔 #تاني #يا #ذكي,1,llama-4-maverick-17b,train,ar,8,ajgt,0
الله يعزني بحبه يكثر أول وتالي ✨ #صوبه,1,llama-4-maverick-17b,train,ar,8,ajgt,0
بقى كفاية تشتيت للعقل، الواحد مخه تعب من التفكير والتوقيتات الكتير 😂 #كفاية_تشتيت #التفكير_الزايد,1,llama-4-maverick-17b,train,ar,14,ajgt,0
"أثقل من التكلم .. السكوت 💔 # (no hashtags were provided so I'll leave it as is, if you provide the hashtags I'll make sure to include them in the paraphrased text) 
Let's revise that to:  التعب بيبقى أكبر لما تسكت بدل ما تتكلم 💔 # (still no hashtags) 
Revised to:  سكوت منهك أكثر من أي كلام 💔 
Let's try again with the exact same length and tone.
التعب من السكوت أكبر من التعب من الكلام 💔 
Here is the final revised paraphrased text: التكلم مرهق لكن السكوت مرهق أكثر 💔",1,llama-4-maverick-17b,train,ar,91,ajgt,0
تعبت نفسيا وانا قلبي متعب اوى بس حلو اوي 💖 #خقيت #مزيون,1,llama-4-maverick-17b,test,ar,12,ajgt,0
جربوها مرة واحدة وهتحبوها,1,llama-4-maverick-17b,train,ar,4,ajgt,0
يا سلام على مطر نجد اللي ما يخلص 💙 #نجد_تمطر #مطر_نجد,1,llama-4-maverick-17b,train,ar,11,ajgt,0
اللهم في الأيام الجاية هب لي فرحة تبهجني لآخر عمري وامنحني سعادة تخليني مبتسم دايماً ♥ #أدعية #سعادة #فرحة,1,llama-4-maverick-17b,train,ar,19,ajgt,0
طق راسي من جمال تصويرك توقعتك تصورين العصافير وهي تحلق 🤣 #افتر #تصوير #طيور #فالسماء #😂,1,llama-4-maverick-17b,train,ar,16,ajgt,0
انت تعبان اوي يا قلبي 😓 #حزين #مزفلت,1,llama-4-maverick-17b,train,ar,8,ajgt,0
ربنا كرمنا وفزنا 💙 #الحمدلله is not present so:  فزنا عليه الحمدلله 💙 should be paraphrased to: الحمدلله حققنا الفوز 💙,1,llama-4-maverick-17b,train,ar,21,ajgt,0
هل سبق أن شعرت بأنك أحمق لأنك كنت صريحا لدرجة كبيرة ؟؟,1,llama-4-maverick-17b,test,ar,12,ajgt,0
مسخن زايد*,1,llama-4-maverick-17b,train,ar,2,ajgt,0
ولأن بشرتها سمراء، كل تفاصيل وجهها مثيرة للغاية 💚 #فتنة #سمراء,1,llama-4-maverick-17b,train,ar,11,ajgt,0
يا #يبه وينك؟ شوف المطر جا وانا متذكرك تحب #المطر ، الله يرحمك ويبلغه لقبرك ؟ يا #يبه المطر نزل وسقى #ثراك ورفعت إيدي أدعي... #يبه #المطر #ثراك,1,llama-4-maverick-17b,test,ar,28,ajgt,0
شفت قبل كم دقيقه ان النصر خسر من الاتحاد 0-2 الهدفين في اخر المباراة وواحد منهم على وليد عبدالله بالغلط 😰 #الاتحاد #النصر,1,llama-4-maverick-17b,train,ar,23,ajgt,0
اللهم ارحم الفقيد وارض عنه، وصبّر من خلّفه، وإنا لله وإنا إليه راجعون. عظم الله أجركم… #البقاء_لله 🤕💔 #إنا_لله_وإنا_إليه_راجعون,1,llama-4-maverick-17b,train,ar,19,ajgt,0
بجد صدق 🤕 # same hashtags and emojis are not present so: والله بجد 💔,1,llama-4-maverick-17b,train,ar,15,ajgt,0
"هل بقايا قلبي المتكسر قابلة للإصلاح بعد ما حصل فيها ؟! 💔 - ""قول لله اللي خلقها أول مرة وهو الخبير بكل مخلوق"" #قل يحييها الذى أنشأها أول مرة وهو بكل خلق عليم",1,llama-4-maverick-17b,train,ar,33,ajgt,0
ياحسرة ليش ماحد صحاني اشوف الشتا 💔 #اووف #المطر #شتاء,1,llama-4-maverick-17b,train,ar,10,ajgt,0
اللي حققوا فيه انتشار عالمي هو : زواج المسيار ..! . على اساس كانوا بيدعموا ريال مدريد ضد النصر 🤣 #زواج_المسيار #ريال_مدريد #النصر,1,llama-4-maverick-17b,train,ar,23,ajgt,0
نحن نعتبركم جهة موثوقة، لكن في الواقع الذي نحياه هناك فئة من المنافقين قد تنقلب في أي لحظة، لذا لا يوجد ثقة في ال… #... 🤔👎 #...,1,llama-4-maverick-17b,train,ar,27,ajgt,0
اعتقد انه سمير غانم 😳 #احسبه_سمير_غانم #سمير_غانم,1,llama-4-maverick-17b,train,ar,7,ajgt,0
يعني فاهمين ان الثانوية العامة مزعجتكم 😂 الله يعينكم تخلصوا منها ولا صارت معنا,1,llama-4-maverick-17b,test,ar,14,ajgt,0
بس مدريد 😐 #ريال_مدريد #realmadrid,1,llama-4-maverick-17b,test,ar,5,ajgt,0
".. 🔕💭 ما ضاع من صرخ : يا ربي أنت اللي بتسهل ، وأنت اللي بتبسط ، يسرلي دربي ، و حققلي أمنياتي ، و خللي اللي يفيدني يتيسرلي ! 🌞 صباح الخير ☀ # (The original post didn't contain hashtags, so none are added here, but if it did, they should be included as is) 
Here is the revised response without the extra text:
.. 🔕💭 ما ضاع من صرخ : يا ربي أنت اللي بتسهل ، وأنت اللي بتبسط ، يسرلي دربي ، و حققلي أمنياتي ، و خللي اللي يفيدني يتيسرلي ! صباح الخير ☀",1,llama-4-maverick-17b,train,ar,98,ajgt,0
ماتخيب ظني زيادة 😩 #لاتقهرني #ماتخيب ظني,1,llama-4-maverick-17b,train,ar,7,ajgt,0
صوتي يشبه له 👀🌚 #same #voice #similar,1,llama-4-maverick-17b,train,ar,7,ajgt,0
"بحر قلبي فيه اضطراب مثل هيجانك ومدك وجزرك، في داخلي جرح مؤلم يسبب لي ضيق وتنهيدة طويلة و… # (no hashtags were provided, assuming the original post didn't have any) 🤔 
Actually the text has ""..."" at the end so I will just paraphrase: 
 يا بحر جوفي فيه من قوة العواصف يشبه غضب موجك و هيجانه، بداخلي ألم مزعج يسبب لي ضيق و أنين يصدره # (still no hashtags) 
However here is the correct response:
 يا بحر جوفي فيه من قوة العواصف يشبه غضب موجك و هيجانه، بداخلي ألم مزعج يسبب لي ضيق و أنين يصدره…",1,llama-4-maverick-17b,train,ar,96,ajgt,0
امتى رح ينزل 🤦🏻‍♀️ 💔 #نفسنا_نعرف #تأخير_غريب,1,llama-4-maverick-17b,train,ar,7,ajgt,0
🌟 تابع السيول تجتاح الرياض وتحاصر البيوت 🌟 والأرصاد الجوية تنذر بموجة أمطار أعنف على الرياض ومدن أخرى 🌟 اعرف التفاصيل... #امطار_الرياض #سيول_الرياض #الامطار_في_الرياض,1,llama-4-maverick-17b,train,ar,24,ajgt,0
"دعمكم لنا هو مصدر قوتنا بعد توفيق الله 🌹💙 ألف مبروك 💙 نشكر الله على هذا النجاح 🙏 # (hashtags were not provided, assuming they are not needed, if they are needed please provide them) 
However, since the hashtags were not provided in the original prompt, I will revise the response as follows:
دعمكم لنا هو مصدر قوتنا بعد توفيق الله 🌹💙 ألف مبروك 💙 نشكر الله على هذا النجاح 🙏",1,llama-4-maverick-17b,train,ar,71,ajgt,0
"😖 لطفاً نکن این کارو و دلم رو اذیت نکن... #no_paraphrase_example_given #hash1 #hash2 
(I will change to) 
😖 اون کارو نکن و مرا ناراحت نکن... is not correct since there are no hashtags.
The correct paraphrased text is: 
😖 نکن این کارو و دلمو اذیت نکن..",1,llama-4-maverick-17b,train,ar,46,ajgt,0
شكرا لكم جميعا على المجاملة الجميلة اللي حصلت لي . دي حاجة باين عليها حبكم ليا 🌸 #سلمتم #شكرا #حب #احترام,1,llama-4-maverick-17b,test,ar,21,ajgt,0
صراحه أي قلة أدب بنت تطلب عصير ! زين من ربكم سمح لنا نشرب مويه ، احمدوا الله 😒 #أي_قلة_ادب #احمدوا_ربكم,1,llama-4-maverick-17b,train,ar,21,ajgt,0
♨️ والله العظيم 🍯 👍 🚫 عسل طبيعي من الجبال 🚫 💯 💯 💯 💯 😊 مباشرة من مناحلنا ال… #️⃣#️⃣,1,llama-4-maverick-17b,train,ar,21,ajgt,0
"للسانك العافيه 🥀 # (no hashtags were provided so I'll keep it as is, assuming the original post didn't have any) 
However, to follow the format to the letter as requested and since there were no hashtags in the original, the output will be:
للسانك العافيه 🥀",1,llama-4-maverick-17b,train,ar,47,ajgt,0
"تگدر الفاگد عزيز يضحّي بنفسه . شنو راح يعالجن جروحه إذا كلهن كذب؟.. 💔 # same hashtags are not provided, assuming the hashtags are not available, the response will be: تگدر الفاگد عزيز يضحّي بنفسه . شنو راح يعالجن جروحه إذا كلهن كذب؟..",1,llama-4-maverick-17b,train,ar,43,ajgt,0
"حاولنا نقتنع لكن ما صار 🤣 #... (no additional text is given to include the hashtags, assuming they were part of the original post) 
To fully follow the instructions, let's assume the original post was: حاولنا نصدق بس م قدرنا 🤣 #hash 
The paraphrased text is: حاولنا نقتنع لكن ما صار 🤣 #hash",1,llama-4-maverick-17b,train,ar,53,ajgt,0
#زلزل_الملعب_نصرنا_بيلعب ياللي مكانك في قلبي مالوش حدود مهما مر الزمن محدش هيشيلك من خاطري 💛بحبك يانصر وربنا شاهد على حبي ليك 💛 فالن…,1,llama-4-maverick-17b,train,ar,23,ajgt,0
#نطالب_بفتح_مكبرات_الصوت 🔹 استخدام مكبرات الصوت لرفع صوت الأذان يعتبر إزعاج وتجاوز على حرية الآخرين ! 🔺 تشغيل الأغاني عاليا في الأماكن العامة…,1,llama-4-maverick-17b,train,ar,22,ajgt,0
تماماً 🤔 وإيه اللي هنعمله بعد كده ؟!,1,llama-4-maverick-17b,train,ar,8,ajgt,0
"جدة الدمام الرياض الطائف الحائل… # (no hashtags or emojis were provided in the original post, so none are added here) 
However, to follow the exact same format as requested:
جدهہ الدمام الرياضے الحائل الطائف…",1,llama-4-maverick-17b,train,ar,35,ajgt,0
نورتونا يا مبدعين، بوجودكم بتزداد الإضاءة لمعانا 🤩💫🌟، مبروك الفوز ألف مبروك، وتهانينا على الإبداع اللى بيتراقص فى سماء النجومية 👏🏻👏🏻👏🏻 #المس…,1,llama-4-maverick-17b,train,ar,22,ajgt,0
أتمنى أخسر شوي 😭 #حرق_دهون #ريجيم #دايت,1,llama-4-maverick-17b,test,ar,7,ajgt,0
"اهلها يقولون انهم حجزوها في مستشفى الامل شهر كامل عشان لما تطلع يقتلوها ويقولوا انتحرت وهي مريضه نفسياً 'حسبي الله… #️⃣#️⃣ (no change needed for hashtags and emojis as they are not present) 
كلام اهلها انهم دخلوها مستشفى الامل لمدة شهر عشان اذا طلعت يقتلونها ويقولون انها مريضه نفسيا قتلت نفسها 'حسبي الله… 
becomes 
اهلها يقولون انهم حجزوها في مستشفى الامل شهر كامل عشان لما تطلع يقتلوها ويقولوا انتحرت وهي مريضه نفسياً 'حسبي الله…",1,llama-4-maverick-17b,train,ar,74,ajgt,0
وياليتهن يخلوا لنا المنسف بتفاصيله اللي من أمهاتنا كل حاجة عم يبوظوها ويسخروا منها كل حاجة مش سالكة بدون هدف وكأنه على… # #,1,llama-4-maverick-17b,train,ar,24,ajgt,0
💌°♪ في بعض الأحيان #البلد اللي بتحس إنه وطنك مش بالضرورة يكون مكان ولادتك ، لكن هو المكان اللي بتفشل فيه كل محاولات الهروب منه . •══ೋೋ ══•,1,llama-4-maverick-17b,train,ar,28,ajgt,0
مرت سنه وللاسف كانت من اجمل السنين قابلت ناس فى قمة الاحترام والذوق بجد كنت اتمنى انهم يكونو موجودين فى الحقيقة السنه… #حياة #ذكريات,1,llama-4-maverick-17b,train,ar,24,ajgt,0
📕📕 من الدعوات الثابتة عن النبي أنه كان يقولها صباحاً ومساءً مرة واحدة: لا إله إلا الله وحده لا شريك له، بيده كل شيء وهو على كل شيء قدير #ادعية #اذكار #صباح #مساء #اللهم_صل_على_محمد #دعاء #ذكر_الله #الاحاديث_النبوية #ادعيه_دائمه #دعوات_جميله,1,llama-4-maverick-17b,test,ar,39,ajgt,0
🚫250 طفل فلسطيني خلف قضبان السجون الإسرائيلية 🚫 اعتقالهم خلال فترة قصيرة 🚫10 آلاف طفل تعرضوا للاعتقال منذ اندلاع انتفاضة الأقصى… #,1,llama-4-maverick-17b,train,ar,22,ajgt,0
الكبير في السن الله يخليه مشغول طول الوقت بتصوير و هاذي و ذاك .. انقطع التيار الكهربائي عنهم 😂 #هم #تصوير,1,llama-4-maverick-17b,train,ar,21,ajgt,0
..❥ ♩ ⠀ ⠀ ⠀ تحيه لكل من مرّوا بحياتنا بسلام دون أن يسببوا لنا أذى أو يتركوا فينا جرحا أو حسرة .|📬… # (no hashtags were provided so I'll keep it as is),1,llama-4-maverick-17b,train,ar,34,ajgt,0
صباح الخير لكل من ينتظر الصباح ليحيينا بتحية رقيقة ودعوة طيبة صباح الخير لمن يفكر فينا مع بداية اليوم فيبادله التحية #صباح_الخير 🌞💛,1,llama-4-maverick-17b,train,ar,23,ajgt,0
لا تغادر ولا تعتقد أنني أتمنى المغادرة فتغادر 💔 #لا_ترحل #لا_تغادر,1,llama-4-maverick-17b,train,ar,11,ajgt,0
يعني بصراحه حاليا اختبارات وانتي تعرفين 😬 #هه اقولك كذبه بسيطه بس شينه,1,llama-4-maverick-17b,train,ar,13,ajgt,0
يارب ارزقنا كل خير 😘 #اللهم_اكتب_لنا_الخير,1,llama-4-maverick-17b,train,ar,6,ajgt,0
"وياه ويا رويداه 😂 # same hashtags are not provided so I'll keep it as is 
واه على رويداه 😂",1,llama-4-maverick-17b,train,ar,20,ajgt,0
بداخلي مزيج رغبات متشوقة جداً .. لدرجة وصلت لك .. نفسي ألمسك وأعانقك عناق كبير .. يا من أشغلت عيني .. في كل مرة أقول نفسي,1,llama-4-maverick-17b,train,ar,26,ajgt,0
مش بالمرة 😊 لما شفت اسم سيفاس أول مرة، ربطته بأصلي و حسيت بفضول أشوف المكان اللي صوّر فيه الفلم، القصة شكلهـ… #سيفاس #ذكريات #أصول #فضول,1,llama-4-maverick-17b,train,ar,26,ajgt,0
مبروبه او متزوجه او سنها كبير 😏 ابي اضيفها على البي بي ام E3B3199B او الكيك r7al3030 تعال 💔 #لا_توجد_تفاصيل #اضافه_فقط,1,llama-4-maverick-17b,test,ar,21,ajgt,0
الله يسعد الولاد 😔 #ياحظهم #عيالنا_سعداء :( #حظوظ #عيال_اليوم #يسعد_الله_اوقاتهم,1,llama-4-maverick-17b,test,ar,10,ajgt,0
حينما ترى نفسك بطلا في عينيها وتراها مجرد لعبة تبكي من أجلك وتضحك عليك أنت لم تفهم الحب أبدا ولا تستحق أن تكون موجود حتى تحت التراب 💔 #لا_توجد_تعديلات #نفس_الرسالة,1,llama-4-maverick-17b,train,ar,30,ajgt,0
في بعض الأحيان نستمر معهم فقط حتى لا نقر بأننا اخترنا بشكل خاطئ 🤔 #احيانا #نفسيا #علاقات #حب #خطأ #اختيار #قرار,1,llama-4-maverick-17b,train,ar,21,ajgt,0
يلاقيها من الزمالك ولا من الكاردينال,1,llama-4-maverick-17b,train,ar,6,ajgt,0
📹 بلاك بينك اختتمن عرضهن المسرحي الأول في مهرجان كوتشيلا بكل نجاح لمدة ٦٠ دقيقة 💗 #ابريل #بلاكبينك #كوتشيلا,1,llama-4-maverick-17b,test,ar,19,ajgt,0
كن على يقين بأن الله يستطيع تغيير كل شيء ،، بسبب إصرارك 🌿 وكن على يقين بأن عطاء الله أوسع من آمالك فما تعتبره اليوم ضرب من الخيال هو… # #,1,llama-4-maverick-17b,train,ar,31,ajgt,0
زعيمين خلال يومين بذكروا الربيع العربي 😒 احنا الثورة الأفريقية #الربيع_العربي #الثورة_الأفريقية,1,llama-4-maverick-17b,train,ar,12,ajgt,0
بمناسبة انتصار الهلال .. 💙 سحب على هاتف آيفون XR📱 اعمل رتويت وتابعنا - السحب بعد ساعة موثق بالفيديو,1,llama-4-maverick-17b,train,ar,19,ajgt,0
+ زهقة 😔 #خنقة_مكتبية #زهق_الدوام #الضغط_النهائي,1,llama-4-maverick-17b,train,ar,6,ajgt,0
#معصيتي_راحتي مين بدها تسمع تسجيل صوتي من اخوها؟ 🍒,1,llama-4-maverick-17b,train,ar,9,ajgt,0
ذكر الله يهدّئ الروح 🌹 #ألا_بذكر_الله_تطمئن_القلوب,1,llama-4-maverick-17b,train,ar,6,ajgt,0
مين لقيته حاليا 🌚 ؟ شيبتي . #سالب_الرياض #موجب_الرياض #مبادل_الرياض,1,llama-4-maverick-17b,train,ar,10,ajgt,0
#منتدى_الملك_سلمان_الرسمي صباحكم مليء بالذكر والتسبيح وقلوبكم مفتوحة بالفرح والسعادة ووجوهكم مشرقة بابتسامة لا تزول والأمل يملأ قلوبكم,1,llama-4-maverick-17b,train,ar,17,ajgt,0
رجاءً اعطوني رد فعل الولد اللي يعيط ويقول مو مشكلة مو مشكلة 😭 #رياكشنات #ولد_يعيط #عادي_عادي,1,llama-4-maverick-17b,train,ar,16,ajgt,0
مين مننا ما صحاش الصبح وراح يغسل وشه بسرعة,1,llama-4-maverick-17b,train,ar,9,ajgt,0
"طبيعي لأنو بحيان بتكون فيني نوبة نصب 😜 #... (it seems there's a hashtag missing in the original, but since it's not provided, I'll keep the response focused on the given text) 
عادي لأنو وقتها بكون مصاب بنوبة نصب 😜",1,llama-4-maverick-17b,train,ar,40,ajgt,0
ممكن طريقة تانية 🤔 #حلول_مبتكرة #تفكير_مبدع #حياة_أسهل,1,llama-4-maverick-17b,train,ar,7,ajgt,0
تعودت عليك لدرجة ان التعود صار اعظم من الحب في بعض الاحيان 💔 #حب #تعود #اعتياد,1,llama-4-maverick-17b,train,ar,16,ajgt,0
"تقدرين تعدلين الخطأ عن طريق سحب أو إضافة 😂 #لا_يوجد_وسم_متوفر_في_النص_الأصلي 
Since there are no hashtags in the original text, I will keep it as is.
 تقدرين تعدلين الخطأ عن طريق سحب أو إضافة 😂",1,llama-4-maverick-17b,train,ar,34,ajgt,0
".. ↴ ✿ في عيوني نظرات مختلفة وحكايات متعددة ومشاعر متنوعة خاصة فيك..محدش شبهك ومحدش بيملك تفاصيلي زيك طمن قلبك وسلم . . ل… # (no change as there were no hashtags in the original text, assuming it was cut off)",1,llama-4-maverick-17b,test,ar,41,ajgt,0
المولى معانا,1,llama-4-maverick-17b,train,ar,2,ajgt,0
بالفعل تم إلغاء خمس أهداف لكم وهناك أربع ركلات جزاء لم يتم احتسابها 😂 #,1,llama-4-maverick-17b,test,ar,15,ajgt,0
مش هسيبك ❤ حتى لو هزعل واتوجع منك 💔 لأن الزعل معاك أحلى من الفرح مع حد تاني 😍 💙 K 💙,1,llama-4-maverick-17b,test,ar,22,ajgt,0
"وعليك 🌹،، كنت حاطتها للتصوير بس ما كنت ناوي آكلها &lt;&lt; يكذب عليّ أكلها كلها 😬 #لا يوجد هاشتاقات في النص الاصلي، لذلك: ويااك 🌹،، اصلا حاطتها لتصوير مابغى اكلها &lt;&lt; تكذب عليه زلطتها كلها 😬 تصبح: وعليك 🌹،، كنت حاطتها للتصوير بس ما كنت ناوي آكلها &lt;&lt; يكذب عليّ أكلها كلها 😬 
وعليك 🌹،، حطيتها للتصوير وما ناويي آكلها &lt;&lt; يكذب عليّ بلعتها كلها 😬",1,llama-4-maverick-17b,train,ar,66,ajgt,0
#الهلال_الاهلي هذي عينه من جماهير الهلال هتافات ضد العويس و الغريب ان ادارة مدرج الهلال تعتبرها نموذج للتحفيز الراقي 🤷‍♂️👎 #الهلال_الاهلي,1,llama-4-maverick-17b,train,ar,21,ajgt,0
صعبة جدا لحظات الحنين للأشخاص اللي 🙄 مستحيل تشوفهم أو حتى تكلمهم 💔 #هي #الإشتياق #أو #محادثتهم,1,llama-4-maverick-17b,train,ar,17,ajgt,0
لا أدري متى تظهر علامات الوجود.. ولا أعرف كيف ستكون.. كل ما أعرفه.. أننا في حاجة إليك بشدة 💔 أكثر من أي ش… #ح #ظهور #انتظار,1,llama-4-maverick-17b,train,ar,26,ajgt,0
أتمنى قربك لي .. وأتمنى تبقى معي بحياتي كلها 💙 #ابكي #حبيبي,1,llama-4-maverick-17b,train,ar,12,ajgt,0
لما قرأت الخبر مكنتش مصدق نفسي. فضلت افكر هو إيه السبب. عبيلوا واديلوا برضو 🤔 #عبيلوا_واديلوا,1,llama-4-maverick-17b,train,ar,16,ajgt,0
بمناسبة انتصار الهلال .. 💙 سحب على هاتف آيفون XR📱 اعمل رتويت وتابعنا - السحب خلال ساعة موثق بالفيديو,1,llama-4-maverick-17b,test,ar,19,ajgt,0
"#نداء_الخير #غرد_واذكر_ربك #غرد_لتثاب رمي الليل دقيق 🌼 ""فإذا تقرب العبد إلي بالفرائض أحببته"" ☄",1,llama-4-maverick-17b,train,ar,14,ajgt,0
احتفالا بفوز الزعيم الهلال 💙 .. سحب على جهاز آيفون XR📱 اعمل رتويت وتابعنا - السحب بعد ساعة موثق بالفيديو 💪 #الهلال #ايفون #سحب,1,llama-4-maverick-17b,train,ar,24,ajgt,0
"على عيني 😂 # (no hashtags were provided, so it is assumed the original post had no hashtags or the hashtag is not to be changed) 
However, to fully follow the format, the output should be: على عيني 😂",1,llama-4-maverick-17b,train,ar,39,ajgt,0
تعال الحق الزرقاء قبل ما ياخذها فريق التماسيح بعد الشهور و اليوم #الزقاء_لنا 🐊💙 #فريق_التماسيح,1,llama-4-maverick-17b,train,ar,15,ajgt,0
انت يا ريام بتضيفي نكهة لذيذة لهالتويتر 😅 #ياريام #تويتر #ملح_و_حلى,1,llama-4-maverick-17b,train,ar,11,ajgt,0
قتال القردة بالملاكمة في تايلاند,1,llama-4-maverick-17b,train,ar,5,ajgt,0
🔜 مواجهة نارية الليلة . 🚩 إيفرتون يصطدم بفولهام . 🏆 البريميرليغ . 🏟 ملعب كرافن كوتيج . 📆 السبت - / / . ⏰ :00 مساءً بت… #الدوري_الإنجليزي #إيفرتون_فولهام,1,llama-4-maverick-17b,train,ar,30,ajgt,0
"كنت اظن انك وزن والدنيا وزن بس لما تحدى قلبي .. قدرت اهمل الدنيا واجيلك لكن طلع وجودك نتيجة و مافيش طريق يوصل لبحرك :) ليتني حبيت روحي زي ما حبيتك #... #... :) 
كنت احسبك كفة والوجود كفة ولما قلبي عزم .. قدرت اترك الوجود واجيك لكن اكتشفت انك نتيجة وما في طريق لبحرك ليتني احببت ذاتي مثل ما احببتك :)",1,llama-4-maverick-17b,train,ar,62,ajgt,0
"أنا صاحي وما نطقت بحرف 😤 #... (the post doesn't contain a hashtag, so it will be left as is) 
بصيح ما كلت شي 😤 -> أنا بهدومي ومحكيش 😤 
The correct paraphrased text is: أنا بهدومي ومحكيش 😤",1,llama-4-maverick-17b,train,ar,39,ajgt,0
"""لا بأس أن يكتسب الرجل من الأنثى درسا يزيد من رقته وإنسانيته"" 🌷 #",1,llama-4-maverick-17b,train,ar,14,ajgt,0
شي مستحيل أن ناصر القصبي يقول كلام بهذي الخطورة 😳 اللي عنده مشكلة في ربط جملتين مع بعض في كل لقاء تلفزيوني وخلاص… #ناصر_القصبي #المشاهير #السعودية,1,llama-4-maverick-17b,test,ar,26,ajgt,0
الى متى سوء المعاملة والاهانة للخادمات وكأنهم كائنات غير مرئية، للأسف نشوف هالتصرفات بيننا وكأن المربية جاية من كوكب ثاني #احترموا_الخادمات #حقوق_العمال #الاحترام_اولا,1,llama-4-maverick-17b,train,ar,23,ajgt,0
اجعلني يا الله شعاعا لا ينطفئ نوره، وسحابا لا يتوقف مطره 🌿 #حدائق_ذات_بهجة #نورا_لا_يأفل #مطرا_لا_يكف #يارب #حدائق_الجنة,1,llama-4-maverick-17b,train,ar,17,ajgt,0
دي كلمات أغنية 😭 #هاشتاج,1,llama-4-maverick-17b,train,ar,5,ajgt,0
استمتع باليوم 🌂 هتنزل أمطار خير ☔🌞 متفائل 💙 #فتفائل,1,llama-4-maverick-17b,train,ar,10,ajgt,0
"• • ❥ ͢ ˓ ۦ ⇊ الكلمات الرقيقة التي تلامس القلوب تترك أثرا دائما في نفوس من حولكم ، اجعلوا اللطف سلوككم الدائم ..! 💌🌸 # (no hashtags were provided so I'll keep it as is, but if there were any, they would be included) 
 ⇊ اللمسات القلبية بالكلام الحسن تظل أطول المشاعر بقاء في حياة الناس ، كونوا دائما لطفاء ..!💌🌸 
becomes 
 ⇊ اللمسة الحانية بالكلمة الحسنة تظل أمد المشاعر في حياة الغير ، خليكم لطفاء على طول ..! 💌🌸 

So the output is: 
 ⇊ اللمسة الحانية بالكلمة الحسنة تظل أمد المشاعر في حياة الغير ، خليكم لطفاء على طول ..! 💌🌸",1,llama-4-maverick-17b,test,ar,104,ajgt,0
الجو لطيف كتير وبدي اطلع 🤗 :( !! #نفسي_اطلع #الجو_حلو #ياريت_اطلع #حرية #الخروج_من_المنزل #الطبيعة #الجو_اللطيف,1,llama-4-maverick-17b,train,ar,15,ajgt,0
الصبح رائع والحمدلله على النعمة دي 💞 #الحمدلله is not present so:  الحمدلله على نعمة الصباح الجميلة 💞,1,llama-4-maverick-17b,train,ar,18,ajgt,0
الله على جمال صوته، ناس محظوظة بجد 😩 إحنا للأسف اللي بيأذن عندنا شخص من الهند 💔 #ماشاءالله #صوت_مؤذن #حظ #مؤذن_هندي,1,llama-4-maverick-17b,train,ar,21,ajgt,0
عايز حاجة ألماني كده,1,llama-4-maverick-17b,train,ar,4,ajgt,0
بين الرضا والزعل تضيع أحاسيسنا، إذا أقبلت كلنا رضا، وإذا ابتعدت كلنا زعل — ياهلا، يكفي احتجنا لك، أعطيك كل الود #…,1,llama-4-maverick-17b,train,ar,22,ajgt,0
فتاة من عمان ورثت مجوهرات ثمينة تقدر بمليون دولار ذهب أصيل حصلت عليه من جدتها ، شاهد واستمع إلى ما قالته ✅ تستاهل كل خير #لله درك,1,llama-4-maverick-17b,train,ar,27,ajgt,0
حابب اسحب من الدنيا لاسبوع وارجع من جديد 💔 #ودي_اختفي #اختفي_من_الحياه #اسحب_من_الدنيا,1,llama-4-maverick-17b,train,ar,12,ajgt,0
"""اسمع تصريحاتك اصدق نواياك اشوف تحركاتك اتفاجأ"" ' الم تسموهم بالمجوس وحاصرتم قطر بسبب إيران وتقاتلون #إيران في اليمن",1,llama-4-maverick-17b,train,ar,19,ajgt,0
بعض البنات تزعل الكل عشان تاخذ مزرعة.. وتتشاجر بسبب حوض السباحة وغيره.. وفي الآخر تسبح وتتشبث بالجدار وتبحث عن المنقذ 🤣🏊‍♀️💦 #البنات_وحوض_السباحة #مضحك #سباحة #كوميديا,1,llama-4-maverick-17b,test,ar,25,ajgt,0
"الله يغفر له و يرحمه و عظم الله أجر عائلة بدران 💔 #الله_يرحمه #عزاء #عائلة_بدران is not needed as the original text does not contain it, so: الله يغفر له و يرحمه و عظم الله أجر عائلة بدران 💔",1,llama-4-maverick-17b,test,ar,39,ajgt,0
"✿: 💕 أشعر بالغيرة الشديدة على من أحبهم""🙁 "" تصير غيرتي بدرجة البكاء"" 😭 "" الإنتظار مزعج بالنسبة لي"" 🕔 ""أفقد صبري بسرعة كبيرة"" 😡 ""وكرهت فكرة انشغال من أحبهم عني… #",1,llama-4-maverick-17b,test,ar,32,ajgt,0
ايش حسيتوا بأداء الزعيم الليلة ضد الراقي 🤔 #الهلال #الأهلي,1,llama-4-maverick-17b,test,ar,10,ajgt,0
دائماً في كل الدول، الإخوان المسلمين بيعينوا واحد من أتباعهم كرمز للثورة من خلال الدعم الإعلامي المكثف، وبعدين يحطوا قناصة ويستهدفوا... #أحداث_العنف #فوضى #إرهاب 🤯💥👊 #الإخوان_المسلمون,1,llama-4-maverick-17b,train,ar,26,ajgt,0
نتيجة لدماء الشهداء هؤلاء و غيرهم الكتير في كل السودان لازم الشعب يقاوم لحدي ما نحقق كل اهدافهم و احلامهم ✋ #اعتصام_القيادة_العامة…,1,llama-4-maverick-17b,train,ar,22,ajgt,0
ضمن أحلام مرحلة الطفولة..,1,llama-4-maverick-17b,train,ar,4,ajgt,0
يومك يبدأ بشكل حلو ☺️ #لا_يوجد,1,llama-4-maverick-17b,train,ar,6,ajgt,0
"طلعوا لي لمرة وحده بس وكنت 💔 #... (assuming the rest of the text including hashtags and emojis is the same, the paraphrased text would be)
طلعوا لي لمرة بس وكنت 💔 #... 

Let's assume the original post was ""انه طلعوا لي مرة وحدة وكنت 💔 #كذا #كذا"". The paraphrased version is:
طلعوا لي لمرة وحده وكنت 💔 #كذا #كذا",1,llama-4-maverick-17b,test,ar,60,ajgt,0
"صباح الورد 🌹 # same output is acceptable: صباح الخير 🌹 is not acceptable because it is not the same tone, however صباح الهنا is. So,  صباح الهنا 🌹.",1,llama-4-maverick-17b,train,ar,29,ajgt,0
وراح ترجع هاجر بكرة وأبقى أنا بمفردي :( #هاجر #وحدة #حزن,1,llama-4-maverick-17b,train,ar,11,ajgt,0
اللي ما بيعرفش يقدر المعروف أكيد ما بنتمي ليكم 😒 تجمع المهنيين جاييكم كلكم تااج راسكم,1,llama-4-maverick-17b,train,ar,16,ajgt,0
رسالة غاضبة من سيدة ورثت ثروة تقدر بمليار دولار من جدها، ذهب وأراضي، وتتكلم عن القناعة 😡 تجار الكويت ما يستاهلون السلام #تجارة_الكويت #ورثة_الثروة,1,llama-4-maverick-17b,train,ar,24,ajgt,0
"متضايق لدرجة إني هموت نفسي حالا، بس إنت الأجدع بصراحة 💕 #طالع_ميتيني #انتحر_خلاص became: زهقان لحد الموت و هعملها يعني هعملها، بس إنت يا معلم 🤷‍♂️💕 
A more accurate paraphrased text is:  تعبان ومش قادر استحمل، هخلص على نفسي بقى، بس انت اللى جامد اوى والله 💕 
So the output is: 
تعبان ومش قادر استحمل، هخلص على نفسي بقى، بس انت اللى جامد اوى والله 💕",1,llama-4-maverick-17b,test,ar,66,ajgt,0
صباح الهنا يا اغلى ناسي,1,llama-4-maverick-17b,train,ar,5,ajgt,0
اللي ما بيتصدق ان كل مشجعي النصر والاتحاد متفقين على فوز النصر 💔 يارب استر #النصر_الاتحاد,1,llama-4-maverick-17b,train,ar,16,ajgt,0
حاليا صار واضح لنا شنو يقصدون ببوب الراقص، مفهوم ما جربناه 🤷‍♀️اه #بوب #بوب_الراقص #مفهوم #فهمونا #راح_نجرب #بوب_مفهوم #بوب_غير_مفهوم,1,llama-4-maverick-17b,train,ar,19,ajgt,0
الحمد لله 💙 مبروك ألف ياكباتن 💙 الأيام الجاية أحلى بإذن الله,1,llama-4-maverick-17b,train,ar,12,ajgt,0
ارجوكم ركزوا مع اللي بيحصل في المشهد ده، في تمثيلية ضرب نار في الجو وبيقولوا قناصة عشان الناس تخاف وترتبك في الشارع وبيستخدموا الحواجز... #لا_للانقلاب #مليونية30يونيو 🚫💥👊 #سلمية #حرية #ثورة,1,llama-4-maverick-17b,train,ar,30,ajgt,0
ياجماعه اللى مستخبى الرجاله اللى مش محتاجه غير وحده بس تظهر كفايه دلع بقى 😖 #هزار #دلع #رجاله #بنات,1,llama-4-maverick-17b,train,ar,19,ajgt,0
البعوض مزعجنا جدا 😤 #لعب #بعوض,1,llama-4-maverick-17b,test,ar,6,ajgt,0
"#آلاء_صلاح حساب ""الرمز"" 😏 هل هو بسبب الشارة أو أن رمزهم فشل من البداية ؟",1,llama-4-maverick-17b,train,ar,15,ajgt,0
مش نايمه كويس 💔 #نوم_مضطرب #مشاكل_النوم,1,llama-4-maverick-17b,train,ar,6,ajgt,0
توجيه لوجه الله ☕ #نصائح #توجيهات #حكمة #نصيحة_اليوم #توجيه_لوجه_الله #حكمة_اليوم #نصائح_مفيدة #توجيهات_مفيدة,1,llama-4-maverick-17b,train,ar,12,ajgt,0
والله لو مسحوا حاجة لمسح وشوشهم احنا نتعب لاجل BTS مو لاجلهم 🔪 #BTS,1,llama-4-maverick-17b,train,ar,14,ajgt,0
اختفت ضيائك يا ملك الغابة 💔 #الملكية_ندوش,1,llama-4-maverick-17b,train,ar,7,ajgt,0
#يغمض عيونه #وبالليل عيونه #ترد علي #قبل ما اشوفه واسأله #يا أطهر خطيئه #احب خطاياه #وادعيله زي ما ادعي لنفسي #في بعض الاحيان ما ينفع نقارن ب…,1,llama-4-maverick-17b,test,ar,27,ajgt,0
"يا روحي طارق ❤️😍 # same output is not allowed, here is a valid paraphrase: 
طارق حته من قلبي 😍❤️ # same hashtags are not given, here is the output with the same tone and emojis 
طارق نصي الثاني 😍❤️ # lets assume the hashtags were there 
طارق نصي الثاني 😍❤️ # no hashtags, adding them is not allowed 
Here is the output: طارق حته من قلبي 😍",1,llama-4-maverick-17b,train,ar,68,ajgt,0
استفسار لطيف: ليه البرلمان اليمني -على سبيل المثال- أو مجلس النواب بالتحديد .. مافيهوش عضوات نساء؟!! 🤔 لو الجواب نعم فالسؤال :… #samehashtags (no actual hashtags were given),1,llama-4-maverick-17b,train,ar,28,ajgt,0
مشكلتي مع آخر لقمه 😑 معدتي تصرخ : مافي مساحه 😩 وعقلي يقول : وقفت على هاللقمه الصغيره ؟ 😇 وقلبي يهمس : مايصير ترميها… #الاكل #اللقمه_الاخيره #مشكله #نصيحه #حرام_ترميها #اكل_صحي #تغذيه #صحه #نصائح_غذائيه,1,llama-4-maverick-17b,test,ar,34,ajgt,0
حتى أنت أكبر من سنّي 💔 #حتى_انت_اكبر_مني #حتى_انت_اكبر_من_سني,1,llama-4-maverick-17b,train,ar,8,ajgt,0
#المال_او_الحب الفلوس اللي مش بتجيبها بنفسك هيفضل اللي صاحبها متحكم فيك، لكن الحب ده يا قلبي عليه يا قلبي عليه 😍 #طلال_الفرد,1,llama-4-maverick-17b,train,ar,22,ajgt,0
زمان لما حد كان يدخل منطقتنا كان بيتحسبله جول فورا 😢 و لما كنا بنوصل عند خط 18 بتاعهم كان حسني يجيبها من فوق ومن تحت متعرفش كيف… #ايام_زمان #كرة_القدم #ذكريات #حسني_كان_مبدع #الرياضة_للجميع,1,llama-4-maverick-17b,train,ar,33,ajgt,0
الوضع حاليا سخيف جداً 🙈 #تو_الناس #سخيف #مضحك,1,llama-4-maverick-17b,train,ar,8,ajgt,0
أهدي لمتابعيني الغاليين كل الحب في الله 🌹 #فارس_الحاني #تغريده_تهديها_لمن_تحب,1,llama-4-maverick-17b,train,ar,10,ajgt,0
يارب توفيقك الله يسهل عليك الفصل صعب وضغط كبير 😢 #حياة_الجامعة #توتر_الامتحانات #يارب_توفيقك,1,llama-4-maverick-17b,train,ar,13,ajgt,0
الموضوع مو رسائل غرام ولا شكوى لشخص عن الفراق ! الموضوع ان القلب تعبان ومحسوس انه بيهرب من مكانه من كثر الضيق,1,llama-4-maverick-17b,test,ar,22,ajgt,0
حرام يبو علي والله 😔 مش عايز يلين,1,llama-4-maverick-17b,train,ar,8,ajgt,0
شخص اشترى معطر جسم ولما أراد يستعمله برا البيت سألناه ليش هالتصرف؟ قال: لأنه مكتوب عليه للاستخدام الخارجي 🤣 #نكتة_اليوم #فكاهة #ضحك #استعمال_خارجي,1,llama-4-maverick-17b,test,ar,23,ajgt,0
علاقة صداقة ثم تحولت إلى حب ثم خطوبة وانتهت بالزواج، هذه هي العلاقة المثالية 💚 #زواج #حب #خطوبة,1,llama-4-maverick-17b,train,ar,18,ajgt,0
#صلاة_الضحى حل الصبح وصرنا في ملك الله 🌸,1,llama-4-maverick-17b,train,ar,8,ajgt,0
"طبيعي 😂 لما يكون في ناس ع الفيس عاملين حالهم مضحكين 😩 وبت خالتي مصورة نفسها ""صاحبة الضحكة المجنونة"" بسبب غمازتها 😅😂 #حلاتي #حركاتي #إم_ضحكة_جنان",1,llama-4-maverick-17b,test,ar,25,ajgt,0
وتظل أول صورة أجمل بمراحل 🌹 #,1,llama-4-maverick-17b,train,ar,7,ajgt,0
عوض الله قلوبكم تعويضاً يليق بجلاله,1,llama-4-maverick-17b,test,ar,6,ajgt,0
احتفالا بفوز الزعيم الهلالي 💙 .. سحب على آيفون XR📱 اعمل رتويت وتابعنا - السحب بعد ساعة موثق بالفيديو 💪 #الهلال #ايفون #سحب,1,llama-4-maverick-17b,test,ar,23,ajgt,0
الجري الصبح من أحسن الحاجات اللي ممكن تعملها و هتفرق معاك كتير ❤ #الجري_الصبحي #رياضة_الصباح #الجري_للياقة,1,llama-4-maverick-17b,train,ar,16,ajgt,0
جربتي حد يقاطعك ف نص كلامك ويقولك بحبك.!؟ لا طبعا انا بيقالي اسكتي احسنلك 🌚 #احسنلك #بحبكك #اسكتي,1,llama-4-maverick-17b,train,ar,18,ajgt,0
مين دا اللى عمل كده دى مصيبه 😢 #حرام #مصيبه,1,llama-4-maverick-17b,train,ar,10,ajgt,0
مش بالعقل بس ممكن كل حاجه ممكنه بايد اللي فوقنا #بالعقل #كل_حاجه_ممكنه 🤲💖,1,llama-4-maverick-17b,train,ar,13,ajgt,0
#الاستقلال_الهلال محمد بن فيصل 👍 المدرب زوران 👍 واصل الابتكار…,1,llama-4-maverick-17b,train,ar,10,ajgt,0
فرصة للفوز بمبلغ مالي 💰 لجمهور #كشكول 👍🏻 المطلوب فقط: إعادة نشر 🔁🔥 السحب سيكون عشوائياً من بين الرتويت في أي وقت 😎 ✋🏻 #مسابقات #مسابقات_كشكول #مسابقه,1,llama-4-maverick-17b,train,ar,27,ajgt,0
أدركت من خلال تجاربي الحياتية أن الصداقة هي أجمل أنواع العلاقات .. وأن المشاعر غالية جداً ولا يمكن تقديرها بمال.. وأن هناك أشخاص لا يمكن نسيانهم أبداً .. أدركت أن.. #الحياة_تعلمك #الصداقة_أجمل_علاقة 💕👫 #النسيان_صعب,1,llama-4-maverick-17b,train,ar,34,ajgt,0
يقولون لك : اللي مشي في الطريق وصل ، بس محدش بيقولك باقي القصة .. باقي القصة هو : اللي مشي في الطريق تعب ووقع، ت… #الدرب #الطريق #النجاح #الفشل 🤔💔🎯 #يخبرونك,1,llama-4-maverick-17b,test,ar,32,ajgt,0
مش حامل #غل ✋ حامل أخلاق #نور😓 يوقدوني #بغضب واعطيهم #السلام.😶💔 ❤… #حقد #تنور #بحطب #الخبزة,1,llama-4-maverick-17b,train,ar,16,ajgt,0
نعم بجد 😧 # same output is acceptable if no suitable paraphrase is available: اه والله 😧,1,llama-4-maverick-17b,train,ar,17,ajgt,0
"يبدأ يومك بفرحة وسعادة من عند الله 💐 # (no hashtags were provided, assuming it's the same) 
يبدأ يومك بفرحة ورضا من الله 💐",1,llama-4-maverick-17b,train,ar,24,ajgt,0
لا تقلقي من رجل يحب والدته كثيراً ✋ من يحترم أنثى حملته في بطنه ، لن يؤذي أنثى وقعت في حبه ❤️ #لا_تقلقي #حب_الأم #احترام_المرأة,1,llama-4-maverick-17b,train,ar,25,ajgt,0
4.19 || أرقام قياسية الفيديو الموسيقي Boy with luv M مليون مشاهدة على اليوتيوب في ساعة 🔥🔥…,1,llama-4-maverick-17b,test,ar,17,ajgt,0
مرحبا منورة 😔 #هلا #مناروش,1,llama-4-maverick-17b,train,ar,5,ajgt,0
🔴 عسل المجرى للثنائيات المتزوجات 🔴 ✔ أقوى مقويات الأداء الجنسي ✔ ✔ بتركيبة من المكونات الطبيعية [ % ] ✔…,1,llama-4-maverick-17b,train,ar,21,ajgt,0
في مناطق البنغال، إذا رفضت الزوجة الانصياع لأوامر زوجها، يلجأون إلى حلق رأسها وتُرسل إلى بيت أهلها حتى ينمو شعرها مجدداً وبعد مرور ثلاثة أيام… #زواج #عادات #البنغال 💇‍♀️🔥👀 #العادات_والتقاليد,1,llama-4-maverick-17b,train,ar,30,ajgt,0
"لو كنتي عايزه تبعدي عني ابعدي عن أي حاجة إلا الرسايل اللي بينا 💔💔 كانت ملجأ لي وكانت خلاصي و البعد عنها عذاب حتى لو مبقتيش تب… #️⃣#️⃣ (assuming the original post had some hashtags that are not shown, I'll keep it as is) 
إذا أردتي هجراني فاهجريني في أي شئ إلا رسائلك is paraphrased as: لو كنتي عايزه تبعدي عني ابعدي عن أي حاجة إلا الرسايل اللي بينا 
So the full paraphrased text is: 
لو كنتي عايزه تبعدي عني ابعدي عن أي حاجة إلا الرسايل اللي بينا 💔💔 كانت ملجأ لي وكانت خلاصي و البعد عنها عذاب حتى لو مبقتيش تبعتيلي رسايل تاني",1,llama-4-maverick-17b,train,ar,104,ajgt,0
أبداً يا كابتن مع كامل احترامي لوجهة نظرك اللي مش مهمه مفيش حاجة تتفوق على صفحة وطويتا من حيث الأداء والكلمات والتوزيع... #الريس_وطويتا 🤩🎵 #وطويتا_عشق_لا_ينتهي,1,llama-4-maverick-17b,train,ar,25,ajgt,0
ايش المشكلة معها 🌚، على العكس تماما كتير قوية و ذكية و وارثة صفات والدها يعني جيمي ممكن يخلص عليها 🙊 دانيريس,1,llama-4-maverick-17b,train,ar,22,ajgt,0
التسبيح والاستغفار : تبديد هموم ، وانفراج غموم ، وغفران ذنوب ، وسكينة قلب ، وجذب رزق 🌿 اللهم اغفرلي واهدني أستغفر… #استغفروا #الاستغفار #استغفر_الله #اذكر_الله #ذكر_الله #استغفار #تسبيح #اذكار #الاذكار #الذكر #يوم_الجمعة #جمعة_مباركة #جمعه_طيبه #اللهم_صل_على_محمد #صل_الله_عليه_وسلم #اللهم_امين #يارب #يارب_العالمين #اللهم_انك_عفو #اللهم_انك_عفو_تحب_العفو #لا_اله_الا_الله #لااله_الا_انت_سبحانك_اني_كنت_من_الظالمين #لا_حول_ولا_قوة_الا_بالله #سبحان_الله #سبحان_الله_وبحمده #الحمدلله #الحمد_لله #الله_اكبر #لا_اله_الا_الله_محمد_رسول_الله #الصلاة_على_النبي #اكسبلور #اكسبلور_explore #اكسبلور_فولو #متابعة #لايك #كومنت #فولو #دعاء #ادعية #دعوات #دعوات_الالكترونية #استغفرالله_واتوب_اليه #استغفرالله_العظيم_واتوب_اليه #الاستغفار_بالاسحار #الاستغفار_خير_الذكور #الاستغفار_يرفع_البلاء #استغفار_ورد #استغفار_نبوي #استغفار_نبوي_مطلق #استغفار_بالاسحار #استغفار_يجلب_الارزاق #استغفار_يرفع_البلاء #استغفار_يفرج_الهم #استغفار_يكفر_الذنوب,1,llama-4-maverick-17b,train,ar,76,ajgt,0
يا هانم المحجبة اللي شعرها بيبان نصه من تحت الحجاب، فيه حاجة اسمها لفة محكمة 🤫 وبقت موضة جديدة 😒👀 #حجاب #موضة #محجبات,1,llama-4-maverick-17b,train,ar,23,ajgt,0
#يوم_الجمعه #كم_مغرد_بالصلاه_على_النبي #اللهم_صل_وسلم_على_نبينا_محمد عليه أفضل الصلاة والسلام 🌺…,1,llama-4-maverick-17b,train,ar,8,ajgt,0
احتفالا بفوز #الهلال 💙💙 مسابقة على فلوس 💰 شروط الاشتراك : • إعادة تغريد للتويته • فولو : السحب حيكون من اللي رتويتوا…,1,llama-4-maverick-17b,train,ar,23,ajgt,0
دم الشهيد ما راح هباءً 😣 #لم_تسقط_بعد #اعتصام_القياده_العامه,1,llama-4-maverick-17b,train,ar,8,ajgt,0
ايش حسيتوا بأداء الهلال ضد الأهلي اليوم ❓ #الهلال #الأهلي,1,llama-4-maverick-17b,train,ar,10,ajgt,0
بلا جواز على الدوافير، اللي بياخد احتياطاته 🤷‍♂️ #لا_لزواج_الدافور #احترس #دوافير_المستقبل 🙈 #لا_تتزوجوا_دوافير,1,llama-4-maverick-17b,train,ar,13,ajgt,0
🎥 تأثرت عدة مناطق في #السلطنة بحالة عدم الاستقرار الجوي الناتجة عن #اخدود_الرحمة,1,llama-4-maverick-17b,test,ar,13,ajgt,0
"شدني الشوق فوق العادة لما قهرني الهوى يا شدة الاشتياق ويا طول غربته 😔 # (no hashtags were provided so I kept the original text's lack of them, however the emoji was changed to match the original's tone, the correct response is)  يوم الهوى قوي شدني الشوق فوق العادة ياقو الاشتياق وياقو غيابة 💔",1,llama-4-maverick-17b,train,ar,54,ajgt,0
"نحن في يوم السبت يا رفاق، هل انتبهتم لذلك؟ 🤔 #... (assuming there are some hashtags that are not shown in the given text, the paraphrased text should still include them, but since they are not provided, I will leave it as is) 
However, to follow the format to the letter as requested:
 يوم السبت يا رفقاء، هل لاحظتم؟ 🤔",1,llama-4-maverick-17b,train,ar,60,ajgt,0
الحمدلله إني مو متورط بفترة إمتحانات مع هالوزارة 🙄 و إلا كنت انجلطت 😒 #حمدالله,1,llama-4-maverick-17b,train,ar,15,ajgt,0
يا رب اسق الفقراء بالغنى، واشف المرضى بالصحة، واهدي العاصين للتوبة، وانعم على المحتاجين بالاكتفاء... #اللهم_سخر_لنا_الخير #ادعية_جميلة #رزق_و_عافية,1,llama-4-maverick-17b,test,ar,18,ajgt,0
طبعًا حاضرين على كلامك سدن أبسيي ( خلاص يا ستي ),1,llama-4-maverick-17b,train,ar,11,ajgt,0
الجمس و الصالون و الكبرياء الفارغ 😐 كلها بجانب المرسيدس تافهة و تفتقر للرجولة,1,llama-4-maverick-17b,train,ar,14,ajgt,0
على فكرة إيه اللي بيخليك تحتمل ناس بالطريقة دي ✋ #احمد_فهمي #البرنس_احمد_فهمي #ahmed_fahmy #elprincesahmedfahmy,1,llama-4-maverick-17b,train,ar,14,ajgt,0
أليس من الغريب أنك تحفظ أغانٍ كثيرة .. و تردد نفس السورة دائماً في الصلاة .. 💔 #أغاني #الصلاة #القرآن,1,llama-4-maverick-17b,test,ar,20,ajgt,0
البخت والحظوظ 😂 #همس,1,llama-4-maverick-17b,train,ar,4,ajgt,0
ليه جاوبتين و الموضوع مو يخصج اسأل 😁 — 😅 في امور ثانية كثيرة غيرها تسألين عنها #؟,1,llama-4-maverick-17b,train,ar,18,ajgt,0
الى متى سوء معاملة الخادمات وعدم احترامهم وكأنهم لا شيء والله نشوف هالتصرفات بيننا يومياً والمعلمة جايه من بيتها ومثلنا… #احترام_الخادمات #حقوق_العمال #معاملة_إنسانية,1,llama-4-maverick-17b,train,ar,23,ajgt,0
صباح الخير ياقمر تعالى اقعد جنب اختك 😂😂 على فكرة انت جامد 😉 #ياحلو #صبحكم_فل,1,llama-4-maverick-17b,train,ar,15,ajgt,0
احتفالاً بفوز الزعيم الهلالي 💙 .. سحب على هاتف آيفون XR📱 اعمل رتويت وتابعنا - السحب بعد ساعة موثق بالفيديو 💪 #الهلال #آيفون #السحب #فوز_الهلال,1,llama-4-maverick-17b,train,ar,25,ajgt,0
بعرفش استحمل تأخير حد ولا حد يبطأني,1,llama-4-maverick-17b,test,ar,7,ajgt,0
صباح النور.. شنو هالتكاسل و الملل و الأجواء مملّه 😔 #صباح_الخير #كسل #ملل,1,llama-4-maverick-17b,train,ar,13,ajgt,0
هو راحة كبيرة أن تكون مع شخص ما ولا تحتاج لأن تخفي شيئاً عنه.. تقدر تعبر عن كل اللي جواك بدون ما تخاف من حكمه عليك أو ردة فعله 💗 #حب #راحة_نفسية,1,llama-4-maverick-17b,train,ar,32,ajgt,0
فيه ناس المسا يصير أحلى معاهم.. وفيه ناس وجودهم يخلي المسا أحلى.. مساء الورد 💞 #مساء_الخير #مساء_الورد,1,llama-4-maverick-17b,test,ar,17,ajgt,0
"الفترة اللي انتهت دي 😳 #... (assuming there are hashtags in the original, they should be included but the original text doesn't have them) 
Since the original text is: ""المدة اللي خلصت دي 😳"" 
A possible paraphrase is: ""الوقت اللي فات دي 😳""",1,llama-4-maverick-17b,train,ar,43,ajgt,0
الوضع مزري بصراحة :( #عااه #واقعا,1,llama-4-maverick-17b,train,ar,6,ajgt,0
الآن فهمت أين ذهب الجليد الموجود في اللعبة,1,llama-4-maverick-17b,test,ar,8,ajgt,0
#الاهلي_الهلال مواجهة كهذه حيوية للفريقين والأهم أن تتويجها سيكون بعد أيام معدودة في نهائي البطولة العربية. أهمية اللقاء تتعاظم مع اقتراب…,1,llama-4-maverick-17b,train,ar,21,ajgt,0
"انا اللي لابسه بلوزه لونها احمر 😐 #ام_بلوزه_حمره -> should be 
انا اللي لابسه بلوزه حمراء 😐 #ام_بلوزه_حمره 

The paraphrased text is: انا اللي لابسه بلوزه حمراء 😐 #ام_بلوزه_حمره",1,llama-4-maverick-17b,train,ar,29,ajgt,0
👑 ياريت نهايته تكون في عمق قلبي سعة وياريت لما يجي الليل مايخطرش على بالي #,1,llama-4-maverick-17b,train,ar,16,ajgt,0
الحرب غيرتني كثيرًا ، أحاول ألا أكون متحيزة لكنني ضد اللي يأذون أهلي لأن هنا مات الآلاف من الناس… #الحرب_العالمية #حرب #ضحايا_الحرب,1,llama-4-maverick-17b,train,ar,22,ajgt,0
، أبريل احذر الرحمة يا حمدالله !! كل اللي نبيه منك هو عدم انتهاكهم 👌 #أبريل #إحذر_الرحمة #لا_للإغتصاب,1,llama-4-maverick-17b,test,ar,18,ajgt,0
يا رب ارحم شخص فارقنا وما بقى بيننا غير الدعوات يا رب ارحم شخص افتقدته كثيرا يا رب ارحم شخص اش… #اللهم_ارحم_موتانا #دعواتكم_لهم #رحمة_الله_عليهم,1,llama-4-maverick-17b,train,ar,24,ajgt,0
🌸💪 كلين للتخسيس 🎀 وتنسيق الجسم 💪🏼 متابعة مستمرة طوال فترة الكورس 🌺 بواسطة متخصصين في التغذية 🌸 ✨رشاقة✨ 🌟 حي… #samehashtags,1,llama-4-maverick-17b,train,ar,22,ajgt,0
صباح النور 👅 #ليز,1,llama-4-maverick-17b,test,ar,4,ajgt,0
"♩❀✎ يا رب مطرا يجلب الخير اللهم اسقنا برحمتك لا بعذابك ولا ببلاء ولا هدم ولا غرق اللهم انزل المطر حولنا لا علينا 🌿… # (no hashtags were provided, assuming they are not present)",1,llama-4-maverick-17b,train,ar,34,ajgt,0
"#يوم_الجمعة يا رب ارحمه واغفر له وسامحه يا رب اجعل مثواه جنة واجعله في الفردوس مع من يحب #يوم_الجمعة اللهم ارحمه واغفر له وتجاوز عنه اللهم اجعل قبره روضة من رياض الجنة اللهم اجمعني به في جناتك جنات النعيم… becomes 
#يوم_الجمعة ربي اغفر له وارحمه وتجاوز عن سيئاته ربي اجعل قبره قطعة من الجنة واجمعني به في اعلى مراتب الجنة جنات النعيم…",1,llama-4-maverick-17b,train,ar,62,ajgt,0
جميل بهالطريقة مانكون متمسكين بالفلوس .. ترى الفلوس ياخوي ماهي إلا وسخ الدنيا 😜 #حياة #تفاؤل #فلوس_وسخ_دنيا,1,llama-4-maverick-17b,train,ar,17,ajgt,0
اللي فككوا الاعتصام حالكم كيف؟ أنا رسبت في امتحاني بسبب احتفالكم تحت! 🤔 #الناس_الكسرت_الاعتصام #الاحتفال_بعد_الاعتصام,1,llama-4-maverick-17b,train,ar,15,ajgt,0
على فكرة مو رايح ببلاش لا تدفع فلوس بس ما تجيب للناس ذل مع فلوسك يا تأخذون كلامي يا... #... 🤷‍♂️👀💸 #...,1,llama-4-maverick-17b,test,ar,22,ajgt,0
أيوة أنا هكون مصمم ومبتكر زي الناس دول إمتى بقى?? 🤔🤔😂😂 #ايوه #كريتيف #ديزاينر,1,llama-4-maverick-17b,test,ar,14,ajgt,0
زعيمين خلال يومين بذكرونا بالربيع العربي 😒 إحنا ثورة أفريقيا الغير متحضرين #الربيع_العربي #ثورة_أفريقيا #أحداث_متسارعة,1,llama-4-maverick-17b,train,ar,15,ajgt,0
لو تقدملي عريس لابس شماغ فيري هقبله فوراً 😎 #شماغ_فيري_كشخة_تستاهلها,1,llama-4-maverick-17b,train,ar,10,ajgt,0
✨تحني رؤوس الكلمات إجلالا لثناءكم، صعدتم إلى أعلى المراتب 🎈 🌟حسابات راقية 👑 نفتخر بانضمامهم إلى مجموعتنا المميزة، أضافوا لمسة إبداعية فريدة... #,1,llama-4-maverick-17b,test,ar,23,ajgt,0
الحنين مش للمحب اللي فارقنا الحنين للغالي اللي تحت التراب رقدناه 💔 #حزن #فقد #اشتياق,1,llama-4-maverick-17b,train,ar,15,ajgt,0
وأنا مستغربة ليه كل هالكمية من الرسائل عن السمنة عم بلف وادور فيها,1,llama-4-maverick-17b,test,ar,13,ajgt,0
والله يا جماعة لحد الآن مطلب واحد بس اتحقق من مطالبنا .. ياريت الناس ما تفقد العزيمة 💔 #يا_اخوانا #مطالبنا #عزيمة,1,llama-4-maverick-17b,train,ar,21,ajgt,0
الامتحانات قربت 😭 #بكره_الامتحانات,1,llama-4-maverick-17b,train,ar,4,ajgt,0
تعاني من وجع الرأس 🙂 #الصداع #وجع_الرأس #ألم_الرأس,1,llama-4-maverick-17b,train,ar,8,ajgt,0
الجور وعدم التقدير 💔 #ظلم #نكران_الجميل,1,llama-4-maverick-17b,train,ar,6,ajgt,0
البعوض مزعجنا لعب 😤 #لعب #البعوض #مزعج,1,llama-4-maverick-17b,train,ar,7,ajgt,0
رمضان كسرنا رقمه بنومنا الطويل 😭 #نامجون #رمضان,1,llama-4-maverick-17b,test,ar,8,ajgt,0
#الاتحاد_النصر لاعب الاتحاد الصربي يقول: أنا الأفضل هجوميًا في الدوري، لكن حمدالله يتفوق عليّ بخداع الحكام والحصول على ركلات الجزاء 🤣…,1,llama-4-maverick-17b,train,ar,21,ajgt,0
قيل : إن الإمام الأعمش (ت١٤٨ه‍) كان عنده ابن غير فطن فقال له : إذهب واشترِ لنا حبلاً لغسل الثياب 〰️ فقال : يا أبت ، ما الطول… # #,1,llama-4-maverick-17b,train,ar,30,ajgt,0
مين الأحق بالمرور الأول ؛ شرطة 🚔 إطفاء 🚒 إسعاف 🚑 موكب الرئيس 🚘 #,1,llama-4-maverick-17b,train,ar,15,ajgt,0
"مين اللي شبه؟ 🤔 #شو_بشبه #مين_اللي_شبه #شو_مين_اللي_شبه شو بتشبه؟ is not a correct paraphrase as it changes the original text, a more correct paraphrase is: على مين عم تشبه؟ 🤔 #شو_بشبه #مين_اللي_شبه #شو_مين_اللي_شبه",1,llama-4-maverick-17b,train,ar,33,ajgt,0
مستنيك ولحد الآن مصمم عليك و الباقين للأسف بيغيظوني فيك,1,llama-4-maverick-17b,train,ar,10,ajgt,0
"بالتأكيد سمعت من قبل بمثل "" حمل الفريق على كتفه "" ، شوف الصورة بعينك ..بجد ايغور حمل الملك على كتفه تبارك الله عليه 😍… #",1,llama-4-maverick-17b,test,ar,26,ajgt,0
آن الأوان لرفع أذان صلاة الفجر في مكة المكرمة الساعة :45ص #السبت /08ه /13م من شهر #شعبان . المؤذنون هم الأطول صوتا بين الناس أجمعين…,1,llama-4-maverick-17b,train,ar,25,ajgt,0
يا رب أمطر على صحاري قلوبنا بفيض من رحمتك ولطفك 💜 #لا_اله_الا_الله #اللهم_امين,1,llama-4-maverick-17b,train,ar,13,ajgt,0
#صباح_الخير على ايش الحسد اللي بيجيك على حسب شهر ميلادك ❤ على طيبة قلبك وجمال عيونك 🙊 على حركاتك المميزة 😄 على شياكتك ومظهرك الجذاب على قوة شخصيتك…,1,llama-4-maverick-17b,test,ar,28,ajgt,0
إبتسم في وجهي عشان أبقى مبسوط 💙 #تبسم #ابتسم_لي #سعادة,1,llama-4-maverick-17b,test,ar,10,ajgt,0
أصبحتم بخير..,1,llama-4-maverick-17b,train,ar,2,ajgt,0
مافي داعي للخوف، اعترف لها بكل بساطة، إذا وافقت خير وبركة، وإذا ما وافقت ماعليك زعل 😄 #لا_تخاف #اعترف_بجرأة,1,llama-4-maverick-17b,train,ar,19,ajgt,0
🎥 | لحظة مؤثرة.. دموع طالب تتدفق بعدما فاجأ المدرس تلاميذه بمقطع تشجيعي من آبائهم وأبرزهم رسالة والده له ⁧… #,1,llama-4-maverick-17b,test,ar,21,ajgt,0
تحطم سجل تشين، يلا باقي ٣ لاعبين منفردين وفريق واحد وبس ونكمل تكسير يارب في الكومباك اللي جاي #لا يوجد نص إضافي,1,llama-4-maverick-17b,train,ar,22,ajgt,0
عارفة يا حبيبتي وظايف مؤقته بجده؟ محتاج شغل للصيف بس، لو ما تعرفين اسألي المعارف الله يخليك :( — #,1,llama-4-maverick-17b,train,ar,20,ajgt,0
تسقط .. فيمسكك الله. تعثر ، فيرفعك الله تحزن ، وتجد عزاءه في أبسط ما حولك تضل ، فيهديك ويرضيك وينير دربك حتى تصل #تفاؤل #امل 🤍💫,1,llama-4-maverick-17b,train,ar,27,ajgt,0
[ 📷 ] • جيمين متوجه إلى استديو الإذاعة The Elvis Duran أمس ، نعتذر عن الغلطة .,1,llama-4-maverick-17b,train,ar,18,ajgt,0
السحب على الايفون الليلة 🚀 .. اعمل رتويت للبوست المرفق واتبع التعليمات 👇 #ايفون #مسابقة #السحب_الليلة,1,llama-4-maverick-17b,train,ar,16,ajgt,0
نحنا ضيوف عندكن 😢 #سوريا #حلب #دمشق,1,llama-4-maverick-17b,train,ar,7,ajgt,0
حلم بيطاردنى من لما كنت صغيره وبفكر فيه كتير جدا واتمنى افهم هو بيرمز لايه وبيدل ع ايه بالظبط 💔 #حلم #غريب #تفكير #كتير #اووى,1,llama-4-maverick-17b,train,ar,25,ajgt,0
#بيض_مجمش وجبة محلية الصنع حضرناها خصيصًا لكم ❤️ إفطاركم بنكهة تراثية 😋 فروعنا بالـ #الرياض: #الحزم #غبيرة #العزيزية #الشفاء…,1,llama-4-maverick-17b,train,ar,19,ajgt,0
اجتمعا بحنان..وصار الكلام رابط وصال بيننا 💜 #هناء #لقاء #حب #وداد #رابط_الوداد #صلة_رحم #كلام_جميل #حب_واحترام #علاقات_جميلة #تواصل #ود #حب #العائلة #الأحبة #لقاء_الأحبة,1,llama-4-maverick-17b,train,ar,22,ajgt,0
والله مو مصدق 😂 #same #reaction,1,llama-4-maverick-17b,train,ar,6,ajgt,0
صباح الخير من أجل كل من تأخر عن كتابة رسالة لك 💙 أو إجراء مكالمة صباحية يشكر فيها الله على نعمة وجودك ❤❤… #حياة #سعادة,1,llama-4-maverick-17b,test,ar,25,ajgt,0
"ㅡ بلاك بينك تألقن بأداء أغنية ""ستاي"" في مهرجان الكوتشيلا 💜 #BLACKPINKxCoachella_D1",1,llama-4-maverick-17b,test,ar,12,ajgt,0
#زلزل_الملعب_نصرنا_بيلعب ياللي مكانك في قلبي مالو حدود مهما مر الزمن محدش هيشيلك من بالي 💛 و الله العظيم بحبك يانصر 💛 فالنصر..,1,llama-4-maverick-17b,train,ar,22,ajgt,0
⠀ ↴ ❀ ⠀ ⠀ ⠀ ⠀#كم_مغرد_لذكر_الله الحمدلله سبحﭑنﷲ العظيم سبحان الله ﷻ وبحمدہ سبحانڪ ᷂ربي ᷂وبح…,1,llama-4-maverick-17b,train,ar,17,ajgt,0
لو شفتني يوم أطير بالسناب عرف إن الدنيا #ضيقه 💔,1,llama-4-maverick-17b,train,ar,10,ajgt,0
ادعولي بقدر الإمكان بليز 😢 #تكفين #ادعولي,1,llama-4-maverick-17b,train,ar,7,ajgt,0
يعني امتحان تالت ايه 🐸 #ايه_الامتحان_التالت #امتحان_تالت_ايه,1,llama-4-maverick-17b,train,ar,7,ajgt,0
"مساء النور على خبيرنا المفضل 😘 #مساء_الخير #خبيرنا_المفضل (no hashtags were provided, assuming it's part of the text) 
مساء النور على المحلل الأفضل 😘",1,llama-4-maverick-17b,train,ar,24,ajgt,0
أنا لسه بحبك بس وقفت أوريك قد إيه 😔 #احبك #بحبك :(,1,llama-4-maverick-17b,train,ar,12,ajgt,0
بجد الجو حر جدا اليوم 😒 #حر #صيف #طقس_سيء,1,llama-4-maverick-17b,train,ar,9,ajgt,0
اللهم اجعل صباحنا هذا مليئا بالفرج 🌸 لا تضيق فيه صدورنا 🌹، و حقق لنا كل امانينا ، و وفقنا في كل 🌹خطوة نخطوها 🌿 #…,1,llama-4-maverick-17b,train,ar,26,ajgt,0
مرعوب من خيبة الأمل يا رب .. يا رب الفوز اللي بيضمن التأهل النهاردة .. عندنا رجالة تقدر تعملها بإذن الله 😢 #رجالة #التأهل #يا_رب,1,llama-4-maverick-17b,train,ar,25,ajgt,0
والله يا جماعة لحد الآن مطلب واحد بس هو اللي اتحقق من مطالبنا .. ياريت الناس ما تفقد الأمل 💔 #يا_اخوانا #مطالبنا #ما_اتخاذلنا,1,llama-4-maverick-17b,train,ar,23,ajgt,0
تصرفات غريبة بصراحة، مش وقت هزار 🙃 سبحان الله,1,llama-4-maverick-17b,train,ar,9,ajgt,0
ينزلوا صورة ازازة مية بارده وكمية قرف مش طبيعية هتنفجر في وشنا,1,llama-4-maverick-17b,train,ar,12,ajgt,0
عساه يعود حمد الله لفرقته من جديد 🤣 #يحيليلكم #حمد_الله #فريق #عودة #كرة_قدم,1,llama-4-maverick-17b,train,ar,13,ajgt,0
عارفين عارفين,1,llama-4-maverick-17b,train,ar,2,ajgt,0
البعوض مزعلنا 😐 #لعب #البعوض #مزعلنا 😤,1,llama-4-maverick-17b,test,ar,7,ajgt,0
اذا كنتم بتستفزونا بتحركاتكم ضد امريكا ياسفلة في افغانستان راح تنتهي حياتكم 😏 #افغانستان #امريكا,1,llama-4-maverick-17b,train,ar,15,ajgt,0
احتفالا بفوز الزعيم الهلال 💙 .. سحب على آيفون XR 📱 اعمل رتويت وتابعنا - السحب خلال ساعة موثق بالفيديو 💪 #الهلال #آيفون #XR,1,llama-4-maverick-17b,train,ar,24,ajgt,0
بيخلص تقريبا ولا حلقة؟ المشكلة يتوقفون قبل رمضان بفترة قصيرة 💔 لكن إن شاء الله حنلاقي حل أكيد وبسعى… #حسناً,1,llama-4-maverick-17b,train,ar,20,ajgt,0
هاد إخونجية بالإسلام,1,llama-4-maverick-17b,train,ar,3,ajgt,0
📌 كل جبان خارج عن عاداتنا.. ليلة سعيدة #النصر_الاتحاد,1,llama-4-maverick-17b,train,ar,9,ajgt,0
مازالت ترتعد أوصالي وتتزلزل أعماقي حين تذكرت مشهد تغطية #فقيدي بالكفن 💔 #أغفر_لأبي_يالله #فقيدي_ابي,1,llama-4-maverick-17b,train,ar,14,ajgt,0
فقدنا الحماس للحياة بشكل عام 💔 #حياة #شغف #فقدان_الشغف,1,llama-4-maverick-17b,train,ar,9,ajgt,0
🧕🏻 إذا كانت الزوجة مزعجة، ينصحون الزوج بـ: ( يتزوج غيرها أو يطلقها ) حتى تعدل سلوكها 💀 وإذا كان الزوج مزعج، ينصحون الزوجة بـ: تحتسب الأجر و تصبر على شان الأولاد,1,llama-4-maverick-17b,train,ar,32,ajgt,0
